[{"id":0,"text":"Đơn","label":"","box":[173,56,197,71],"words":[{"text":"Đơn","box":[173,56,197,71]}],"linking":[]},{"id":1,"text":"vị","label":"","box":[203,56,211,71],"words":[{"text":"vị","box":[203,56,211,71]}],"linking":[]},{"id":2,"text":"hỗ","label":"","box":[215,56,229,71],"words":[{"text":"hỗ","box":[215,56,229,71]}],"linking":[]},{"id":3,"text":"trợ","label":"","box":[234,56,250,71],"words":[{"text":"trợ","box":[234,56,250,71]}],"linking":[]},{"id":4,"text":"cung","label":"","box":[254,56,282,71],"words":[{"text":"cung","box":[254,56,282,71]}],"linking":[]},{"id":5,"text":"cấp","label":"","box":[287,56,307,71],"words":[{"text":"cấp","box":[287,56,307,71]}],"linking":[]},{"id":6,"text":"công","label":"","box":[312,56,339,71],"words":[{"text":"công","box":[312,56,339,71]}],"linking":[]},{"id":7,"text":"cụ","label":"","box":[344,56,357,71],"words":[{"text":"cụ","box":[344,56,357,71]}],"linking":[]},{"id":8,"text":"phát","label":"","box":[361,56,387,71],"words":[{"text":"phát","box":[361,56,387,71]}],"linking":[]},{"id":9,"text":"hành","label":"","box":[392,56,420,71],"words":[{"text":"hành","box":[392,56,420,71]}],"linking":[]},{"id":10,"text":"hóa","label":"","box":[425,56,446,71],"words":[{"text":"hóa","box":[425,56,446,71]}],"linking":[]},{"id":11,"text":"đơn","label":"","box":[451,56,473,71],"words":[{"text":"đơn","box":[451,56,473,71]}],"linking":[]},{"id":12,"text":"điện","label":"","box":[478,56,502,71],"words":[{"text":"điện","box":[478,56,502,71]}],"linking":[]},{"id":13,"text":"tử","label":"","box":[507,56,514,71],"words":[{"text":"tử","box":[507,56,514,71]}],"linking":[]},{"id":14,"text":":","label":"","box":[518,56,521,71],"words":[{"text":":","box":[518,56,521,71]}],"linking":[]},{"id":15,"text":"Công","label":"","box":[527,56,557,71],"words":[{"text":"Công","box":[527,56,557,71]}],"linking":[]},{"id":16,"text":"ty","label":"","box":[562,56,572,71],"words":[{"text":"ty","box":[562,56,572,71]}],"linking":[]},{"id":17,"text":"Cổ","label":"","box":[576,56,592,71],"words":[{"text":"Cổ","box":[576,56,592,71]}],"linking":[]},{"id":18,"text":"phần","label":"","box":[596,56,625,71],"words":[{"text":"phần","box":[596,56,625,71]}],"linking":[]},{"id":19,"text":"Định","label":"","box":[630,56,656,71],"words":[{"text":"Định","box":[630,56,656,71]}],"linking":[]},{"id":20,"text":"Gia","label":"","box":[661,56,680,71],"words":[{"text":"Gia","box":[661,56,680,71]}],"linking":[]},{"id":21,"text":"Nét","label":"","box":[686,56,706,71],"words":[{"text":"Nét","box":[686,56,706,71]}],"linking":[]},{"id":22,"text":"-","label":"","box":[710,56,713,71],"words":[{"text":"-","box":[710,56,713,71]}],"linking":[]},{"id":23,"text":"DigiNet","label":"","box":[718,56,761,71],"words":[{"text":"DigiNet","box":[718,56,761,71]}],"linking":[]},{"id":24,"text":"Corp","label":"","box":[765,56,791,71],"words":[{"text":"Corp","box":[765,56,791,71]}],"linking":[]},{"id":25,"text":",","label":"","box":[793,56,795,71],"words":[{"text":",","box":[793,56,795,71]}],"linking":[]},{"id":26,"text":"MST","label":"","box":[801,56,825,71],"words":[{"text":"MST","box":[801,56,825,71]}],"linking":[]},{"id":27,"text":":","label":"","box":[828,56,832,71],"words":[{"text":":","box":[828,56,832,71]}],"linking":[]},{"id":28,"text":"0303359278","label":"","box":[837,56,907,71],"words":[{"text":"0303359278","box":[837,56,907,71]}],"linking":[]},{"id":29,"text":",","label":"","box":[910,56,912,71],"words":[{"text":",","box":[910,56,912,71]}],"linking":[]},{"id":30,"text":"Điện","label":"","box":[918,56,944,71],"words":[{"text":"Điện","box":[918,56,944,71]}],"linking":[]},{"id":31,"text":"thoại","label":"","box":[949,56,977,71],"words":[{"text":"thoại","box":[949,56,977,71]}],"linking":[]},{"id":32,"text":":","label":"","box":[979,56,980,71],"words":[{"text":":","box":[979,56,980,71]}],"linking":[]},{"id":33,"text":"028","label":"","box":[985,56,1006,71],"words":[{"text":"028","box":[985,56,1006,71]}],"linking":[]},{"id":34,"text":"35123878","label":"","box":[1011,56,1069,71],"words":[{"text":"35123878","box":[1011,56,1069,71]}],"linking":[]},{"id":35,"text":"HÓA","label":"","box":[389,94,453,128],"words":[{"text":"HÓA","box":[389,94,453,128]}],"linking":[]},{"id":36,"text":"ĐƠN","label":"","box":[462,94,532,128],"words":[{"text":"ĐƠN","box":[462,94,532,128]}],"linking":[]},{"id":37,"text":"GIÁ","label":"","box":[545,94,597,128],"words":[{"text":"GIÁ","box":[545,94,597,128]}],"linking":[]},{"id":38,"text":"TRỊ","label":"","box":[606,94,654,128],"words":[{"text":"TRỊ","box":[606,94,654,128]}],"linking":[]},{"id":39,"text":"GIA","label":"","box":[666,94,718,128],"words":[{"text":"GIA","box":[666,94,718,128]}],"linking":[]},{"id":40,"text":"TĂNG","label":"","box":[728,94,811,128],"words":[{"text":"TĂNG","box":[728,94,811,128]}],"linking":[]},{"id":41,"text":"VAT","label":"","box":[522,144,572,162],"words":[{"text":"VAT","box":[522,144,572,162]}],"linking":[]},{"id":42,"text":"INVOICE","label":"","box":[578,144,681,162],"words":[{"text":"INVOICE","box":[578,144,681,162]}],"linking":[]},{"id":43,"text":"Ngày","label":"","box":[431,177,466,194],"words":[{"text":"Ngày","box":[431,177,466,194]}],"linking":[]},{"id":44,"text":"(","label":"","box":[473,177,476,193],"words":[{"text":"(","box":[473,177,476,193]}],"linking":[]},{"id":45,"text":"Date","label":"","box":[477,177,503,193],"words":[{"text":"Date","box":[477,177,503,193]}],"linking":[]},{"id":46,"text":")","label":"","box":[506,177,509,193],"words":[{"text":")","box":[506,177,509,193]}],"linking":[]},{"id":47,"text":"25","label":"","box":[514,177,531,193],"words":[{"text":"25","box":[514,177,531,193]}],"linking":[]},{"id":48,"text":"tháng","label":"","box":[537,177,576,193],"words":[{"text":"tháng","box":[537,177,576,193]}],"linking":[]},{"id":49,"text":"(","label":"","box":[584,177,587,193],"words":[{"text":"(","box":[584,177,587,193]}],"linking":[]},{"id":50,"text":"month","label":"","box":[586,177,623,193],"words":[{"text":"month","box":[586,177,623,193]}],"linking":[]},{"id":51,"text":")","label":"","box":[626,177,629,193],"words":[{"text":")","box":[626,177,629,193]}],"linking":[]},{"id":52,"text":"03","label":"","box":[634,176,651,193],"words":[{"text":"03","box":[634,176,651,193]}],"linking":[]},{"id":53,"text":"năm","label":"","box":[658,176,686,192],"words":[{"text":"năm","box":[658,176,686,192]}],"linking":[]},{"id":54,"text":"(","label":"","box":[695,176,699,192],"words":[{"text":"(","box":[695,176,699,192]}],"linking":[]},{"id":55,"text":"year","label":"","box":[699,176,723,192],"words":[{"text":"year","box":[699,176,723,192]}],"linking":[]},{"id":56,"text":")","label":"","box":[726,176,729,192],"words":[{"text":")","box":[726,176,729,192]}],"linking":[]},{"id":57,"text":"2022","label":"","box":[734,176,768,192],"words":[{"text":"2022","box":[734,176,768,192]}],"linking":[]},{"id":58,"text":"BINH","label":"","box":[161,172,189,185],"words":[{"text":"BINH","box":[161,172,189,185]}],"linking":[]},{"id":59,"text":"MINH","label":"","box":[196,172,229,184],"words":[{"text":"MINH","box":[196,172,229,184]}],"linking":[]},{"id":60,"text":"0303880297","label":"answer","box":[330,254,419,265],"words":[{"text":"0303880297","box":[330,254,419,265]}],"linking":[[99,60]]},{"id":61,"text":"112002622316","label":"answer","box":[331,311,439,323],"words":[{"text":"112002622316","box":[331,311,439,323]}],"linking":[[102,61]]},{"id":62,"text":"Người","label":"","box":[255,606,298,621],"words":[{"text":"Người","box":[255,606,298,621]}],"linking":[]},{"id":63,"text":"mua","label":"","box":[306,606,336,621],"words":[{"text":"mua","box":[306,606,336,621]}],"linking":[]},{"id":64,"text":"hàng","label":"","box":[342,606,376,622],"words":[{"text":"hàng","box":[342,606,376,622]}],"linking":[]},{"id":65,"text":"(","label":"","box":[384,607,387,622],"words":[{"text":"(","box":[384,607,387,622]}],"linking":[]},{"id":66,"text":"Buyer","label":"","box":[388,607,421,622],"words":[{"text":"Buyer","box":[388,607,421,622]}],"linking":[]},{"id":67,"text":")","label":"","box":[424,607,427,622],"words":[{"text":")","box":[424,607,427,622]}],"linking":[]},{"id":68,"text":"Người","label":"","box":[817,605,861,621],"words":[{"text":"Người","box":[817,605,861,621]}],"linking":[]},{"id":69,"text":"bán","label":"","box":[868,605,893,621],"words":[{"text":"bán","box":[868,605,893,621]}],"linking":[]},{"id":70,"text":"hàng","label":"","box":[900,605,934,622],"words":[{"text":"hàng","box":[900,605,934,622]}],"linking":[]},{"id":71,"text":"(","label":"","box":[942,606,945,622],"words":[{"text":"(","box":[942,606,945,622]}],"linking":[]},{"id":72,"text":"Seller","label":"","box":[947,606,978,622],"words":[{"text":"Seller","box":[947,606,978,622]}],"linking":[]},{"id":73,"text":")","label":"","box":[981,606,984,622],"words":[{"text":")","box":[981,606,984,622]}],"linking":[]},{"id":74,"text":"2/2","label":"","box":[603,1715,638,1731],"words":[{"text":"2/2","box":[603,1715,638,1731]}],"linking":[]},{"id":75,"text":"BINH","label":"","box":[396,1062,600,1140],"words":[{"text":"BINH","box":[396,1062,600,1140]}],"linking":[]},{"id":76,"text":"MINH","label":"","box":[632,1062,839,1136],"words":[{"text":"MINH","box":[632,1062,839,1136]}],"linking":[]},{"id":77,"text":"0000554","label":"answer","box":[1039,173,1115,187],"words":[{"text":"0000554","box":[1039,173,1115,187]}],"linking":[[119,77]]},{"id":78,"text":"Signature","label":"","box":[777,653,844,670],"words":[{"text":"Signature","box":[777,653,844,670]}],"linking":[]},{"id":79,"text":"Valid","label":"","box":[850,652,890,668],"words":[{"text":"Valid","box":[850,652,890,668]}],"linking":[]},{"id":80,"text":"|","label":"","box":[772,674,773,695],"words":[{"text":"|","box":[772,674,773,695]}],"linking":[]},{"id":81,"text":"Ký","label":"","box":[776,674,796,695],"words":[{"text":"Ký","box":[776,674,796,695]}],"linking":[]},{"id":82,"text":"bởi","label":"","box":[804,674,827,695],"words":[{"text":"bởi","box":[804,674,827,695]}],"linking":[]},{"id":83,"text":":","label":"","box":[830,674,830,695],"words":[{"text":":","box":[830,674,830,695]}],"linking":[]},{"id":84,"text":"CÔNG","label":"","box":[839,674,888,695],"words":[{"text":"CÔNG","box":[839,674,888,695]}],"linking":[]},{"id":85,"text":"TY","label":"","box":[895,674,913,695],"words":[{"text":"TY","box":[895,674,913,695]}],"linking":[]},{"id":86,"text":"CỔ","label":"","box":[923,674,941,695],"words":[{"text":"CỔ","box":[923,674,941,695]}],"linking":[]},{"id":87,"text":"PHẦN","label":"","box":[953,674,1001,695],"words":[{"text":"PHẦN","box":[953,674,1001,695]}],"linking":[]},{"id":88,"text":"THỦY","label":"","box":[1008,674,1056,695],"words":[{"text":"THỦY","box":[1008,674,1056,695]}],"linking":[]},{"id":89,"text":"SẢN","label":"","box":[778,700,813,715],"words":[{"text":"SẢN","box":[778,700,813,715]}],"linking":[]},{"id":90,"text":"BÌNH","label":"","box":[818,700,862,715],"words":[{"text":"BÌNH","box":[818,700,862,715]}],"linking":[]},{"id":91,"text":"MINH","label":"","box":[867,700,915,715],"words":[{"text":"MINH","box":[867,700,915,715]}],"linking":[]},{"id":92,"text":"|","label":"","box":[772,723,773,744],"words":[{"text":"|","box":[772,723,773,744]}],"linking":[]},{"id":93,"text":"Ngày","label":"","box":[775,722,809,743],"words":[{"text":"Ngày","box":[775,722,809,743]}],"linking":[]},{"id":94,"text":"ký","label":"","box":[820,722,833,743],"words":[{"text":"ký","box":[820,722,833,743]}],"linking":[]},{"id":95,"text":":","label":"","box":[838,722,841,743],"words":[{"text":":","box":[838,722,841,743]}],"linking":[]},{"id":96,"text":"25/03/2022","label":"","box":[848,720,929,743],"words":[{"text":"25/03/2022","box":[848,720,929,743]}],"linking":[]},{"id":97,"text":"Đơn vị bán hàng ( ComName ) :","label":"question","box":[68,221,277,240],"words":[{"text":"Đơn","box":[68,221,97,239]},{"text":"vị","box":[104,221,119,239]},{"text":"bán","box":[124,221,148,239]},{"text":"hàng","box":[156,221,189,239]},{"text":"(","box":[196,221,201,239]},{"text":"ComName","box":[203,221,264,240]},{"text":")","box":[267,222,271,240]},{"text":":","box":[274,222,277,240]}],"linking":[[97,98]]},{"id":98,"text":"CÔNG TY CỔ PHẦN THUỶ SẢN BÌNH MINH","label":"answer","box":[330,222,660,236],"words":[{"text":"CÔNG","box":[330,222,378,236]},{"text":"TY","box":[384,222,404,236]},{"text":"CỔ","box":[410,222,432,236]},{"text":"PHẦN","box":[440,222,483,236]},{"text":"THUỶ","box":[489,222,533,236]},{"text":"SẢN","box":[538,222,570,236]},{"text":"BÌNH","box":[578,222,614,236]},{"text":"MINH","box":[621,222,660,236]}],"linking":[[97,98]]},{"id":99,"text":"Mã số thuế ( Tax code )","label":"question","box":[70,249,221,271],"words":[{"text":"Mã","box":[70,250,92,267]},{"text":"số","box":[97,249,114,268]},{"text":"thuế","box":[118,251,149,268]},{"text":"(","box":[156,251,162,269]},{"text":"Tax","box":[162,252,183,270]},{"text":"code","box":[187,253,215,270]},{"text":")","box":[217,253,221,271]}],"linking":[[99,60]]},{"id":100,"text":"Dia chỉ ( Address ) :","label":"question","box":[70,283,193,298],"words":[{"text":"Dia","box":[70,283,94,296]},{"text":"chỉ","box":[99,283,119,297]},{"text":"(","box":[126,283,131,297]},{"text":"Address","box":[129,284,179,297]},{"text":")","box":[180,284,185,298]},{"text":":","box":[189,284,193,298]}],"linking":[[100,101]]},{"id":101,"text":"Số 86/28/1 , Phổ Quang , Phường 2 , Quận Tân Bình , TP.HCM","label":"answer","box":[331,281,770,298],"words":[{"text":"Số","box":[331,281,348,298]},{"text":"86/28/1","box":[356,281,406,298]},{"text":",","box":[411,281,412,298]},{"text":"Phổ","box":[420,281,446,298]},{"text":"Quang","box":[454,281,500,298]},{"text":",","box":[503,281,504,298]},{"text":"Phường","box":[512,281,569,298]},{"text":"2","box":[576,281,583,298]},{"text":",","box":[586,281,587,298]},{"text":"Quận","box":[595,281,632,298]},{"text":"Tân","box":[639,281,665,298]},{"text":"Bình","box":[672,281,703,298]},{"text":",","box":[706,281,707,298]},{"text":"TP.HCM","box":[710,281,770,298]}],"linking":[[100,101]]},{"id":102,"text":"Số tài khoản ( BankNo ) .","label":"question","box":[71,309,230,328],"words":[{"text":"Số","box":[71,309,88,325]},{"text":"tài","box":[95,309,110,325]},{"text":"khoản","box":[118,310,159,326]},{"text":"(","box":[167,311,171,327]},{"text":"BankNo","box":[172,311,216,327]},{"text":")","box":[219,312,223,328]},{"text":".","box":[229,312,230,328]}],"linking":[[102,61]]},{"id":103,"text":"Ngân hàng ( BankName ) :","label":"question","box":[71,338,238,357],"words":[{"text":"Ngân","box":[71,338,107,356]},{"text":"hàng","box":[115,338,148,356]},{"text":"(","box":[155,338,160,356]},{"text":"BankName","box":[162,339,224,357]},{"text":")","box":[228,339,232,357]},{"text":":","box":[235,339,238,357]}],"linking":[[103,104]]},{"id":104,"text":"NH TMCP Công Thương Việt Nam ( Vietinbank ) - CN Tây Sài Gòn , TP.HCM","label":"answer","box":[331,342,880,356],"words":[{"text":"NH","box":[331,342,351,356]},{"text":"TMCP","box":[358,342,403,356]},{"text":"Công","box":[411,342,447,356]},{"text":"Thương","box":[453,342,510,356]},{"text":"Việt","box":[517,342,544,356]},{"text":"Nam","box":[551,342,582,356]},{"text":"(","box":[590,342,593,356]},{"text":"Vietinbank","box":[596,342,667,356]},{"text":")","box":[670,342,675,356]},{"text":"-","box":[681,342,685,356]},{"text":"CN","box":[692,342,712,356]},{"text":"Tây","box":[720,342,746,356]},{"text":"Sài","box":[753,342,774,356]},{"text":"Gòn","box":[781,342,809,356]},{"text":",","box":[812,342,813,356]},{"text":"TP.HCM","box":[820,342,880,356]}],"linking":[[103,104]]},{"id":105,"text":"Họ tên người mua hàng ( Buyer ) :","label":"question","box":[71,391,300,407],"words":[{"text":"Họ","box":[71,391,89,406]},{"text":"tên","box":[96,391,116,406]},{"text":"người","box":[124,391,165,406]},{"text":"mua","box":[172,391,201,406]},{"text":"hàng","box":[209,391,242,407]},{"text":"(","box":[250,392,254,407]},{"text":"Buyer","box":[255,392,289,407]},{"text":")","box":[289,392,293,407]},{"text":":","box":[297,392,300,407]}],"linking":[[105,106]]},{"id":106,"text":"TIÊN ĐẠT","label":"answer","box":[432,389,505,405],"words":[{"text":"TIÊN","box":[432,389,467,404]},{"text":"ĐẠT","box":[474,390,505,405]}],"linking":[[105,106]]},{"id":107,"text":"Tên đơn vị ( CusName ) -","label":"question","box":[70,419,229,436],"words":[{"text":"Tên","box":[70,419,96,434]},{"text":"đơn","box":[103,420,130,434]},{"text":"vị","box":[136,420,146,435]},{"text":"(","box":[154,420,158,435]},{"text":"CusName","box":[161,421,218,436]},{"text":")","box":[220,421,222,436]},{"text":"-","box":[228,421,229,436]}],"linking":[]},{"id":108,"text":"Mã số thuế ( Tax code ) .","label":"question","box":[71,444,228,465],"words":[{"text":"Mã","box":[71,444,92,462]},{"text":"số","box":[98,444,114,462]},{"text":"thuế","box":[119,445,150,463]},{"text":"(","box":[157,445,162,463]},{"text":"Tax","box":[163,446,183,464]},{"text":"code","box":[188,447,215,465]},{"text":")","box":[218,447,221,465]},{"text":".","box":[227,447,228,465]}],"linking":[]},{"id":109,"text":"Địa chỉ ( Address )","label":"question","box":[70,474,183,492],"words":[{"text":"Địa","box":[70,474,93,491]},{"text":"chỉ","box":[100,474,121,491]},{"text":"(","box":[125,474,130,491]},{"text":"Address","box":[131,475,179,492]},{"text":")","box":[181,475,183,492]}],"linking":[[109,110]]},{"id":110,"text":"Số 68A , Nguyễn Huệ , Khu 1 , TT Vĩnh Châu , Sóc Trăng","label":"answer","box":[433,473,828,492],"words":[{"text":"Số","box":[433,473,450,491]},{"text":"68A","box":[456,473,485,491]},{"text":",","box":[487,473,488,491]},{"text":"Nguyễn","box":[491,473,545,491]},{"text":"Huệ","box":[552,473,579,491]},{"text":",","box":[582,473,583,491]},{"text":"Khu","box":[592,473,618,491]},{"text":"1","box":[626,473,629,491]},{"text":",","box":[634,473,635,491]},{"text":"TT","box":[643,473,662,491]},{"text":"Vĩnh","box":[667,473,699,492]},{"text":"Châu","box":[707,474,743,492]},{"text":",","box":[746,474,747,492]},{"text":"Sóc","box":[755,474,781,492]},{"text":"Trăng","box":[787,474,828,492]}],"linking":[[109,110]]},{"id":111,"text":"Hình thức thanh toán ( Method of payment ) :","label":"question","box":[71,502,361,522],"words":[{"text":"Hình","box":[71,502,103,520]},{"text":"thức","box":[109,502,141,520]},{"text":"thanh","box":[147,502,186,520]},{"text":"toán","box":[192,503,222,521]},{"text":"(","box":[230,503,234,521]},{"text":"Method","box":[235,503,279,521]},{"text":"of","box":[283,503,295,521]},{"text":"payment","box":[297,503,349,522]},{"text":")","box":[351,504,352,522]},{"text":":","box":[360,504,361,522]}],"linking":[[111,112]]},{"id":112,"text":"Chuyển khoản / Tiền mặt","label":"answer","box":[433,503,605,520],"words":[{"text":"Chuyển","box":[433,503,486,520]},{"text":"khoản","box":[494,503,534,520]},{"text":"/","box":[537,503,542,520]},{"text":"Tiền","box":[544,503,572,520]},{"text":"mặt","box":[580,503,605,520]}],"linking":[[111,112]]},{"id":113,"text":"Số tài khoản ( A / C No ) .","label":"question","box":[685,502,840,521],"words":[{"text":"Số","box":[685,502,702,517]},{"text":"tài","box":[709,502,725,518]},{"text":"khoản","box":[732,504,775,518]},{"text":"(","box":[782,504,786,519]},{"text":"A","box":[789,504,792,519]},{"text":"/","box":[793,505,797,520]},{"text":"C","box":[800,505,808,520]},{"text":"No","box":[813,505,827,520]},{"text":")","box":[831,506,833,521]},{"text":".","box":[840,506,840,521]}],"linking":[]},{"id":114,"text":"Ngân hàng ( Bank Name ) .","label":"question","box":[71,535,241,549],"words":[{"text":"Ngân","box":[71,535,107,549]},{"text":"hàng","box":[114,535,148,549]},{"text":"(","box":[156,535,159,549]},{"text":"Bank","box":[161,535,191,549]},{"text":"Name","box":[195,535,230,549]},{"text":")","box":[233,535,235,549]},{"text":".","box":[241,535,241,549]}],"linking":[]},{"id":115,"text":"Mẫu số ( Fom ) :","label":"question","box":[874,91,981,111],"words":[{"text":"Mẫu","box":[874,91,905,108]},{"text":"số","box":[910,92,927,109]},{"text":"(","box":[932,92,937,109]},{"text":"Fom","box":[937,93,959,110]},{"text":")","box":[966,93,974,110]},{"text":":","box":[978,94,981,111]}],"linking":[[115,116]]},{"id":116,"text":"01GTKT0 / 002","label":"answer","box":[1038,96,1140,107],"words":[{"text":"01GTKT0","box":[1038,96,1108,107]},{"text":"/","box":[1109,96,1114,107]},{"text":"002","box":[1114,96,1140,107]}],"linking":[[115,116]]},{"id":117,"text":"Ki hiệu ( Series ) .","label":"question","box":[875,132,984,149],"words":[{"text":"Ki","box":[875,132,887,146]},{"text":"hiệu","box":[895,133,924,147]},{"text":"(","box":[931,133,936,147]},{"text":"Series","box":[937,134,973,148]},{"text":")","box":[974,135,978,149]},{"text":".","box":[981,135,984,149]}],"linking":[[117,118]]},{"id":118,"text":"BM / 21E","label":"answer","box":[1040,133,1094,145],"words":[{"text":"BM","box":[1040,133,1060,145]},{"text":"/","box":[1063,133,1068,145]},{"text":"21E","box":[1068,133,1094,145]}],"linking":[[117,118]]},{"id":119,"text":"Số ( No. ) .","label":"question","box":[875,167,939,188],"words":[{"text":"Số","box":[875,167,894,184]},{"text":"(","box":[901,168,905,185]},{"text":"No.","box":[905,170,927,186]},{"text":")","box":[928,170,932,187]},{"text":".","box":[938,171,939,188]}],"linking":[[119,77]]}]