[{"id":0,"text":"STT","label":"","box":[62,621,90,632],"words":[{"text":"STT","box":[62,621,90,632]}],"linking":[]},{"id":1,"text":"No.","label":"","box":[64,645,88,655],"words":[{"text":"No.","box":[64,645,88,655]}],"linking":[]},{"id":2,"text":"Đơn","label":"","box":[173,56,197,71],"words":[{"text":"Đơn","box":[173,56,197,71]}],"linking":[]},{"id":3,"text":"vị","label":"","box":[203,56,211,71],"words":[{"text":"vị","box":[203,56,211,71]}],"linking":[]},{"id":4,"text":"hỗ","label":"","box":[215,56,229,71],"words":[{"text":"hỗ","box":[215,56,229,71]}],"linking":[]},{"id":5,"text":"trợ","label":"","box":[234,56,250,71],"words":[{"text":"trợ","box":[234,56,250,71]}],"linking":[]},{"id":6,"text":"cung","label":"","box":[254,56,282,71],"words":[{"text":"cung","box":[254,56,282,71]}],"linking":[]},{"id":7,"text":"cấp","label":"","box":[287,56,307,71],"words":[{"text":"cấp","box":[287,56,307,71]}],"linking":[]},{"id":8,"text":"công","label":"","box":[312,56,339,71],"words":[{"text":"công","box":[312,56,339,71]}],"linking":[]},{"id":9,"text":"cụ","label":"","box":[344,56,357,71],"words":[{"text":"cụ","box":[344,56,357,71]}],"linking":[]},{"id":10,"text":"phát","label":"","box":[361,56,387,71],"words":[{"text":"phát","box":[361,56,387,71]}],"linking":[]},{"id":11,"text":"hành","label":"","box":[392,56,420,71],"words":[{"text":"hành","box":[392,56,420,71]}],"linking":[]},{"id":12,"text":"hóa","label":"","box":[425,56,446,71],"words":[{"text":"hóa","box":[425,56,446,71]}],"linking":[]},{"id":13,"text":"đơn","label":"","box":[451,56,473,71],"words":[{"text":"đơn","box":[451,56,473,71]}],"linking":[]},{"id":14,"text":"điện","label":"","box":[478,56,502,71],"words":[{"text":"điện","box":[478,56,502,71]}],"linking":[]},{"id":15,"text":"tử","label":"","box":[507,56,514,71],"words":[{"text":"tử","box":[507,56,514,71]}],"linking":[]},{"id":16,"text":":","label":"","box":[518,56,521,71],"words":[{"text":":","box":[518,56,521,71]}],"linking":[]},{"id":17,"text":"Công","label":"","box":[527,56,557,71],"words":[{"text":"Công","box":[527,56,557,71]}],"linking":[]},{"id":18,"text":"ty","label":"","box":[562,56,572,71],"words":[{"text":"ty","box":[562,56,572,71]}],"linking":[]},{"id":19,"text":"Cổ","label":"","box":[576,56,592,71],"words":[{"text":"Cổ","box":[576,56,592,71]}],"linking":[]},{"id":20,"text":"phần","label":"","box":[596,56,625,71],"words":[{"text":"phần","box":[596,56,625,71]}],"linking":[]},{"id":21,"text":"Định","label":"","box":[630,56,656,71],"words":[{"text":"Định","box":[630,56,656,71]}],"linking":[]},{"id":22,"text":"Gia","label":"","box":[661,56,680,71],"words":[{"text":"Gia","box":[661,56,680,71]}],"linking":[]},{"id":23,"text":"Nét","label":"","box":[686,56,706,71],"words":[{"text":"Nét","box":[686,56,706,71]}],"linking":[]},{"id":24,"text":"-","label":"","box":[710,56,713,71],"words":[{"text":"-","box":[710,56,713,71]}],"linking":[]},{"id":25,"text":"DigiNet","label":"","box":[718,56,761,71],"words":[{"text":"DigiNet","box":[718,56,761,71]}],"linking":[]},{"id":26,"text":"Corp","label":"","box":[765,56,791,71],"words":[{"text":"Corp","box":[765,56,791,71]}],"linking":[]},{"id":27,"text":",","label":"","box":[793,56,795,71],"words":[{"text":",","box":[793,56,795,71]}],"linking":[]},{"id":28,"text":"MST","label":"","box":[801,56,825,71],"words":[{"text":"MST","box":[801,56,825,71]}],"linking":[]},{"id":29,"text":":","label":"","box":[828,56,832,71],"words":[{"text":":","box":[828,56,832,71]}],"linking":[]},{"id":30,"text":"0303359278","label":"","box":[837,56,907,71],"words":[{"text":"0303359278","box":[837,56,907,71]}],"linking":[]},{"id":31,"text":",","label":"","box":[910,56,912,71],"words":[{"text":",","box":[910,56,912,71]}],"linking":[]},{"id":32,"text":"Điện","label":"","box":[918,56,944,71],"words":[{"text":"Điện","box":[918,56,944,71]}],"linking":[]},{"id":33,"text":"thoại","label":"","box":[949,56,977,71],"words":[{"text":"thoại","box":[949,56,977,71]}],"linking":[]},{"id":34,"text":":","label":"","box":[979,56,980,71],"words":[{"text":":","box":[979,56,980,71]}],"linking":[]},{"id":35,"text":"028","label":"","box":[985,56,1006,71],"words":[{"text":"028","box":[985,56,1006,71]}],"linking":[]},{"id":36,"text":"35123878","label":"","box":[1011,56,1069,71],"words":[{"text":"35123878","box":[1011,56,1069,71]}],"linking":[]},{"id":37,"text":"HÓA","label":"","box":[389,94,453,128],"words":[{"text":"HÓA","box":[389,94,453,128]}],"linking":[]},{"id":38,"text":"ĐƠN","label":"","box":[462,94,532,128],"words":[{"text":"ĐƠN","box":[462,94,532,128]}],"linking":[]},{"id":39,"text":"GIÁ","label":"","box":[545,94,597,128],"words":[{"text":"GIÁ","box":[545,94,597,128]}],"linking":[]},{"id":40,"text":"TRỊ","label":"","box":[606,94,654,128],"words":[{"text":"TRỊ","box":[606,94,654,128]}],"linking":[]},{"id":41,"text":"GIA","label":"","box":[666,94,718,128],"words":[{"text":"GIA","box":[666,94,718,128]}],"linking":[]},{"id":42,"text":"TĂNG","label":"","box":[728,94,811,128],"words":[{"text":"TĂNG","box":[728,94,811,128]}],"linking":[]},{"id":43,"text":"VAT","label":"","box":[522,144,572,162],"words":[{"text":"VAT","box":[522,144,572,162]}],"linking":[]},{"id":44,"text":"INVOICE","label":"","box":[578,144,681,162],"words":[{"text":"INVOICE","box":[578,144,681,162]}],"linking":[]},{"id":45,"text":"Ngày","label":"","box":[431,177,466,194],"words":[{"text":"Ngày","box":[431,177,466,194]}],"linking":[]},{"id":46,"text":"(","label":"","box":[473,177,476,193],"words":[{"text":"(","box":[473,177,476,193]}],"linking":[]},{"id":47,"text":"Date","label":"","box":[477,177,503,193],"words":[{"text":"Date","box":[477,177,503,193]}],"linking":[]},{"id":48,"text":")","label":"","box":[506,177,509,193],"words":[{"text":")","box":[506,177,509,193]}],"linking":[]},{"id":49,"text":"22","label":"","box":[514,177,530,193],"words":[{"text":"22","box":[514,177,530,193]}],"linking":[]},{"id":50,"text":"tháng","label":"","box":[537,177,576,193],"words":[{"text":"tháng","box":[537,177,576,193]}],"linking":[]},{"id":51,"text":"(","label":"","box":[584,177,587,193],"words":[{"text":"(","box":[584,177,587,193]}],"linking":[]},{"id":52,"text":"month","label":"","box":[586,177,623,193],"words":[{"text":"month","box":[586,177,623,193]}],"linking":[]},{"id":53,"text":")","label":"","box":[626,177,629,193],"words":[{"text":")","box":[626,177,629,193]}],"linking":[]},{"id":54,"text":"03","label":"","box":[634,177,651,193],"words":[{"text":"03","box":[634,177,651,193]}],"linking":[]},{"id":55,"text":"năm","label":"","box":[658,176,686,192],"words":[{"text":"năm","box":[658,176,686,192]}],"linking":[]},{"id":56,"text":"(","label":"","box":[695,176,699,192],"words":[{"text":"(","box":[695,176,699,192]}],"linking":[]},{"id":57,"text":"year","label":"","box":[699,176,723,192],"words":[{"text":"year","box":[699,176,723,192]}],"linking":[]},{"id":58,"text":")","label":"","box":[726,176,729,192],"words":[{"text":")","box":[726,176,729,192]}],"linking":[]},{"id":59,"text":"2022","label":"","box":[734,176,768,192],"words":[{"text":"2022","box":[734,176,768,192]}],"linking":[]},{"id":60,"text":"1","label":"","box":[72,700,79,712],"words":[{"text":"1","box":[72,700,79,712]}],"linking":[]},{"id":61,"text":"BINH","label":"","box":[161,172,189,185],"words":[{"text":"BINH","box":[161,172,189,185]}],"linking":[]},{"id":62,"text":"MINH","label":"","box":[196,172,229,184],"words":[{"text":"MINH","box":[196,172,229,184]}],"linking":[]},{"id":63,"text":"5","label":"","box":[71,854,82,866],"words":[{"text":"5","box":[71,854,82,866]}],"linking":[]},{"id":64,"text":"TÊN","label":"","box":[170,617,200,634],"words":[{"text":"TÊN","box":[170,617,200,634]}],"linking":[]},{"id":65,"text":"HÀNG","label":"","box":[206,617,250,634],"words":[{"text":"HÀNG","box":[206,617,250,634]}],"linking":[]},{"id":66,"text":"HÓA","label":"","box":[256,617,284,635],"words":[{"text":"HÓA","box":[256,617,284,635]}],"linking":[]},{"id":67,"text":",","label":"","box":[288,618,290,635],"words":[{"text":",","box":[288,618,290,635]}],"linking":[]},{"id":68,"text":"DỊCH","label":"","box":[299,618,335,635],"words":[{"text":"DỊCH","box":[299,618,335,635]}],"linking":[]},{"id":69,"text":"VỤ","label":"","box":[340,618,360,636],"words":[{"text":"VỤ","box":[340,618,360,636]}],"linking":[]},{"id":70,"text":"Description","label":"","box":[227,645,305,658],"words":[{"text":"Description","box":[227,645,305,658]}],"linking":[]},{"id":71,"text":"FANTAI","label":"","box":[102,700,158,713],"words":[{"text":"FANTAI","box":[102,700,158,713]}],"linking":[]},{"id":72,"text":"TCCA","label":"","box":[164,700,207,712],"words":[{"text":"TCCA","box":[164,700,207,712]}],"linking":[]},{"id":73,"text":"90","label":"","box":[214,700,231,712],"words":[{"text":"90","box":[214,700,231,712]}],"linking":[]},{"id":74,"text":"%","label":"","box":[232,700,244,712],"words":[{"text":"%","box":[232,700,244,712]}],"linking":[]},{"id":75,"text":"0303880297","label":"answer","box":[330,254,419,265],"words":[{"text":"0303880297","box":[330,254,419,265]}],"linking":[[263,75]]},{"id":76,"text":"112002622316","label":"answer","box":[331,311,439,323],"words":[{"text":"112002622316","box":[331,311,439,323]}],"linking":[[266,76]]},{"id":77,"text":"2","label":"","box":[70,739,81,750],"words":[{"text":"2","box":[70,739,81,750]}],"linking":[]},{"id":78,"text":"CHITA","label":"","box":[102,739,151,750],"words":[{"text":"CHITA","box":[102,739,151,750]}],"linking":[]},{"id":79,"text":"TCCA","label":"","box":[155,739,200,750],"words":[{"text":"TCCA","box":[155,739,200,750]}],"linking":[]},{"id":80,"text":"10","label":"","box":[206,739,223,750],"words":[{"text":"10","box":[206,739,223,750]}],"linking":[]},{"id":81,"text":"KG","label":"","box":[228,739,250,750],"words":[{"text":"KG","box":[228,739,250,750]}],"linking":[]},{"id":82,"text":"3","label":"","box":[73,774,79,794],"words":[{"text":"3","box":[73,774,79,794]}],"linking":[]},{"id":83,"text":"|","label":"","box":[92,773,93,793],"words":[{"text":"|","box":[92,773,93,793]}],"linking":[]},{"id":84,"text":"Hàng","label":"","box":[102,773,139,793],"words":[{"text":"Hàng","box":[102,773,139,793]}],"linking":[]},{"id":85,"text":"khuyến","label":"","box":[146,773,196,793],"words":[{"text":"khuyến","box":[146,773,196,793]}],"linking":[]},{"id":86,"text":"mại","label":"","box":[204,772,228,793],"words":[{"text":"mại","box":[204,772,228,793]}],"linking":[]},{"id":87,"text":"không","label":"","box":[235,772,276,792],"words":[{"text":"không","box":[235,772,276,792]}],"linking":[]},{"id":88,"text":"tính","label":"","box":[283,772,308,792],"words":[{"text":"tính","box":[283,772,308,792]}],"linking":[]},{"id":89,"text":"tiền","label":"","box":[315,772,336,792],"words":[{"text":"tiền","box":[315,772,336,792]}],"linking":[]},{"id":90,"text":":","label":"","box":[340,772,342,792],"words":[{"text":":","box":[340,772,342,792]}],"linking":[]},{"id":91,"text":"4","label":"","box":[71,817,80,828],"words":[{"text":"4","box":[71,817,80,828]}],"linking":[]},{"id":92,"text":"FANTAI","label":"","box":[102,817,159,828],"words":[{"text":"FANTAI","box":[102,817,159,828]}],"linking":[]},{"id":93,"text":"TCCA","label":"","box":[165,817,209,828],"words":[{"text":"TCCA","box":[165,817,209,828]}],"linking":[]},{"id":94,"text":"90","label":"","box":[215,817,232,828],"words":[{"text":"90","box":[215,817,232,828]}],"linking":[]},{"id":95,"text":"%","label":"","box":[232,817,244,828],"words":[{"text":"%","box":[232,817,244,828]}],"linking":[]},{"id":96,"text":"CHITA","label":"","box":[102,853,150,867],"words":[{"text":"CHITA","box":[102,853,150,867]}],"linking":[]},{"id":97,"text":"TCCA","label":"","box":[155,853,199,866],"words":[{"text":"TCCA","box":[155,853,199,866]}],"linking":[]},{"id":98,"text":"10","label":"","box":[204,853,221,866],"words":[{"text":"10","box":[204,853,221,866]}],"linking":[]},{"id":99,"text":"KG","label":"","box":[227,853,249,866],"words":[{"text":"KG","box":[227,853,249,866]}],"linking":[]},{"id":100,"text":"TỔNG","label":"","box":[205,1060,250,1076],"words":[{"text":"TỔNG","box":[205,1060,250,1076]}],"linking":[]},{"id":101,"text":"HỢP","label":"","box":[257,1061,291,1077],"words":[{"text":"HỢP","box":[257,1061,291,1077]}],"linking":[]},{"id":102,"text":"Tổng","label":"","box":[76,1099,111,1118],"words":[{"text":"Tổng","box":[76,1099,111,1118]}],"linking":[]},{"id":103,"text":"tiền","label":"","box":[117,1099,142,1118],"words":[{"text":"tiền","box":[117,1099,142,1118]}],"linking":[]},{"id":104,"text":"không","label":"","box":[150,1099,191,1118],"words":[{"text":"không","box":[150,1099,191,1118]}],"linking":[]},{"id":105,"text":"kê","label":"","box":[199,1099,213,1118],"words":[{"text":"kê","box":[199,1099,213,1118]}],"linking":[]},{"id":106,"text":"khai","label":"","box":[221,1099,248,1118],"words":[{"text":"khai","box":[221,1099,248,1118]}],"linking":[]},{"id":107,"text":"và","label":"","box":[254,1099,270,1118],"words":[{"text":"và","box":[254,1099,270,1118]}],"linking":[]},{"id":108,"text":"nộp","label":"","box":[277,1099,302,1118],"words":[{"text":"nộp","box":[277,1099,302,1118]}],"linking":[]},{"id":109,"text":"thuế","label":"","box":[306,1099,337,1118],"words":[{"text":"thuế","box":[306,1099,337,1118]}],"linking":[]},{"id":110,"text":"Tổng","label":"","box":[76,1125,110,1144],"words":[{"text":"Tổng","box":[76,1125,110,1144]}],"linking":[]},{"id":111,"text":"tiền","label":"","box":[116,1125,141,1143],"words":[{"text":"tiền","box":[116,1125,141,1143]}],"linking":[]},{"id":112,"text":"không","label":"","box":[149,1125,190,1143],"words":[{"text":"không","box":[149,1125,190,1143]}],"linking":[]},{"id":113,"text":"chịu","label":"","box":[197,1125,225,1143],"words":[{"text":"chịu","box":[197,1125,225,1143]}],"linking":[]},{"id":114,"text":"thuế","label":"","box":[231,1124,261,1143],"words":[{"text":"thuế","box":[231,1124,261,1143]}],"linking":[]},{"id":115,"text":"GTGT","label":"","box":[269,1124,311,1142],"words":[{"text":"GTGT","box":[269,1124,311,1142]}],"linking":[]},{"id":116,"text":":","label":"","box":[313,1124,314,1142],"words":[{"text":":","box":[313,1124,314,1142]}],"linking":[]},{"id":117,"text":"Tổng","label":"","box":[76,1151,110,1172],"words":[{"text":"Tổng","box":[76,1151,110,1172]}],"linking":[]},{"id":118,"text":"tiền","label":"","box":[116,1151,141,1171],"words":[{"text":"tiền","box":[116,1151,141,1171]}],"linking":[]},{"id":119,"text":"chịu","label":"","box":[148,1151,176,1171],"words":[{"text":"chịu","box":[148,1151,176,1171]}],"linking":[]},{"id":120,"text":"thuế","label":"","box":[182,1150,212,1171],"words":[{"text":"thuế","box":[182,1150,212,1171]}],"linking":[]},{"id":121,"text":"suất","label":"","box":[217,1150,248,1170],"words":[{"text":"suất","box":[217,1150,248,1170]}],"linking":[]},{"id":122,"text":":","label":"","box":[251,1150,254,1170],"words":[{"text":":","box":[251,1150,254,1170]}],"linking":[]},{"id":123,"text":"Tổng","label":"","box":[76,1177,111,1197],"words":[{"text":"Tổng","box":[76,1177,111,1197]}],"linking":[]},{"id":124,"text":"tiền","label":"","box":[117,1177,142,1197],"words":[{"text":"tiền","box":[117,1177,142,1197]}],"linking":[]},{"id":125,"text":"chịu","label":"","box":[149,1177,177,1197],"words":[{"text":"chịu","box":[149,1177,177,1197]}],"linking":[]},{"id":126,"text":"thuế","label":"","box":[183,1177,213,1197],"words":[{"text":"thuế","box":[183,1177,213,1197]}],"linking":[]},{"id":127,"text":"suất","label":"","box":[220,1177,249,1197],"words":[{"text":"suất","box":[220,1177,249,1197]}],"linking":[]},{"id":128,"text":"Tổng","label":"","box":[76,1204,110,1225],"words":[{"text":"Tổng","box":[76,1204,110,1225]}],"linking":[]},{"id":129,"text":"tiền","label":"","box":[116,1204,141,1224],"words":[{"text":"tiền","box":[116,1204,141,1224]}],"linking":[]},{"id":130,"text":"chịu","label":"","box":[148,1204,176,1224],"words":[{"text":"chịu","box":[148,1204,176,1224]}],"linking":[]},{"id":131,"text":"thuế","label":"","box":[182,1203,212,1224],"words":[{"text":"thuế","box":[182,1203,212,1224]}],"linking":[]},{"id":132,"text":"suất","label":"","box":[219,1203,248,1223],"words":[{"text":"suất","box":[219,1203,248,1223]}],"linking":[]},{"id":133,"text":":","label":"","box":[251,1203,254,1223],"words":[{"text":":","box":[251,1203,254,1223]}],"linking":[]},{"id":134,"text":"Tổng","label":"","box":[76,1230,110,1252],"words":[{"text":"Tổng","box":[76,1230,110,1252]}],"linking":[]},{"id":135,"text":"cộng","label":"","box":[116,1230,150,1251],"words":[{"text":"cộng","box":[116,1230,150,1251]}],"linking":[]},{"id":136,"text":"tiền","label":"","box":[157,1230,181,1251],"words":[{"text":"tiền","box":[157,1230,181,1251]}],"linking":[]},{"id":137,"text":"thanh","label":"","box":[188,1229,227,1251],"words":[{"text":"thanh","box":[188,1229,227,1251]}],"linking":[]},{"id":138,"text":"toán","label":"","box":[232,1229,261,1250],"words":[{"text":"toán","box":[232,1229,261,1250]}],"linking":[]},{"id":139,"text":":","label":"","box":[265,1229,270,1250],"words":[{"text":":","box":[265,1229,270,1250]}],"linking":[]},{"id":140,"text":"Người","label":"","box":[255,1314,298,1330],"words":[{"text":"Người","box":[255,1314,298,1330]}],"linking":[]},{"id":141,"text":"mua","label":"","box":[306,1314,335,1330],"words":[{"text":"mua","box":[306,1314,335,1330]}],"linking":[]},{"id":142,"text":"hàng","label":"","box":[341,1314,376,1330],"words":[{"text":"hàng","box":[341,1314,376,1330]}],"linking":[]},{"id":143,"text":"(","label":"","box":[384,1314,387,1330],"words":[{"text":"(","box":[384,1314,387,1330]}],"linking":[]},{"id":144,"text":"Buyer","label":"","box":[388,1314,421,1330],"words":[{"text":"Buyer","box":[388,1314,421,1330]}],"linking":[]},{"id":145,"text":")","label":"","box":[424,1314,427,1330],"words":[{"text":")","box":[424,1314,427,1330]}],"linking":[]},{"id":146,"text":"ĐƠN","label":"","box":[454,607,487,622],"words":[{"text":"ĐƠN","box":[454,607,487,622]}],"linking":[]},{"id":147,"text":"VỊ","label":"","box":[494,607,506,621],"words":[{"text":"VỊ","box":[494,607,506,621]}],"linking":[]},{"id":148,"text":"ΤΙΝΗ","label":"","box":[466,629,500,643],"words":[{"text":"ΤΙΝΗ","box":[466,629,500,643]}],"linking":[]},{"id":149,"text":"Unit","label":"","box":[471,657,499,667],"words":[{"text":"Unit","box":[471,657,499,667]}],"linking":[]},{"id":150,"text":"Xô","label":"","box":[473,700,492,711],"words":[{"text":"Xô","box":[473,700,492,711]}],"linking":[]},{"id":151,"text":"Thùng","label":"","box":[461,740,504,753],"words":[{"text":"Thùng","box":[461,740,504,753]}],"linking":[]},{"id":152,"text":"Xô","label":"","box":[473,817,492,828],"words":[{"text":"Xô","box":[473,817,492,828]}],"linking":[]},{"id":153,"text":"Thùng","label":"","box":[460,854,505,869],"words":[{"text":"Thùng","box":[460,854,505,869]}],"linking":[]},{"id":154,"text":"SÓ","label":"","box":[550,607,572,620],"words":[{"text":"SÓ","box":[550,607,572,620]}],"linking":[]},{"id":155,"text":"|","label":"","box":[529,629,530,645],"words":[{"text":"|","box":[529,629,530,645]}],"linking":[]},{"id":156,"text":"LƯỢNG","label":"","box":[532,628,587,644],"words":[{"text":"LƯỢNG","box":[532,628,587,644]}],"linking":[]},{"id":157,"text":"Quantity","label":"","box":[534,657,594,670],"words":[{"text":"Quantity","box":[534,657,594,670]}],"linking":[]},{"id":158,"text":"477","label":"","box":[549,700,575,711],"words":[{"text":"477","box":[549,700,575,711]}],"linking":[]},{"id":159,"text":"X","label":"","box":[513,1105,521,1114],"words":[{"text":"X","box":[513,1105,521,1114]}],"linking":[]},{"id":160,"text":"X","label":"","box":[512,1132,521,1141],"words":[{"text":"X","box":[512,1132,521,1141]}],"linking":[]},{"id":161,"text":"0","label":"","box":[505,1155,514,1166],"words":[{"text":"0","box":[505,1155,514,1166]}],"linking":[]},{"id":162,"text":"%","label":"","box":[515,1155,527,1166],"words":[{"text":"%","box":[515,1155,527,1166]}],"linking":[]},{"id":163,"text":"5","label":"","box":[505,1182,515,1192],"words":[{"text":"5","box":[505,1182,515,1192]}],"linking":[]},{"id":164,"text":"%","label":"","box":[513,1182,525,1192],"words":[{"text":"%","box":[513,1182,525,1192]}],"linking":[]},{"id":165,"text":"10","label":"","box":[502,1209,519,1220],"words":[{"text":"10","box":[502,1209,519,1220]}],"linking":[]},{"id":166,"text":"%","label":"","box":[520,1209,532,1220],"words":[{"text":"%","box":[520,1209,532,1220]}],"linking":[]},{"id":167,"text":"50","label":"","box":[553,739,570,749],"words":[{"text":"50","box":[553,739,570,749]}],"linking":[]},{"id":168,"text":"23","label":"","box":[553,817,570,828],"words":[{"text":"23","box":[553,817,570,828]}],"linking":[]},{"id":169,"text":"2","label":"","box":[558,855,568,866],"words":[{"text":"2","box":[558,855,568,866]}],"linking":[]},{"id":170,"text":"THUÉ","label":"","box":[471,1061,512,1075],"words":[{"text":"THUÉ","box":[471,1061,512,1075]}],"linking":[]},{"id":171,"text":"SUÅT","label":"","box":[521,1061,563,1075],"words":[{"text":"SUÅT","box":[521,1061,563,1075]}],"linking":[]},{"id":172,"text":"THUÊ","label":"","box":[867,594,907,607],"words":[{"text":"THUÊ","box":[867,594,907,607]}],"linking":[]},{"id":173,"text":"SUÁT","label":"","box":[868,619,909,632],"words":[{"text":"SUÁT","box":[868,619,909,632]}],"linking":[]},{"id":174,"text":"GTGT","label":"","box":[869,643,913,655],"words":[{"text":"GTGT","box":[869,643,913,655]}],"linking":[]},{"id":175,"text":"VAT","label":"","box":[861,668,890,678],"words":[{"text":"VAT","box":[861,668,890,678]}],"linking":[]},{"id":176,"text":"rate","label":"","box":[896,667,921,678],"words":[{"text":"rate","box":[896,667,921,678]}],"linking":[]},{"id":177,"text":"419,047.619","label":"","box":[625,698,717,714],"words":[{"text":"419,047.619","box":[625,698,717,714]}],"linking":[]},{"id":178,"text":"199,885,714","label":"","box":[759,698,846,714],"words":[{"text":"199,885,714","box":[759,698,846,714]}],"linking":[]},{"id":179,"text":"5","label":"","box":[878,701,887,711],"words":[{"text":"5","box":[878,701,887,711]}],"linking":[]},{"id":180,"text":"%","label":"","box":[887,701,899,711],"words":[{"text":"%","box":[887,701,899,711]}],"linking":[]},{"id":181,"text":"800,000.000","label":"","box":[627,737,716,752],"words":[{"text":"800,000.000","box":[627,737,716,752]}],"linking":[]},{"id":182,"text":"40,000,000","label":"","box":[767,738,846,751],"words":[{"text":"40,000,000","box":[767,738,846,751]}],"linking":[]},{"id":183,"text":"5","label":"","box":[878,739,887,749],"words":[{"text":"5","box":[878,739,887,749]}],"linking":[]},{"id":184,"text":"%","label":"","box":[886,739,898,749],"words":[{"text":"%","box":[886,739,898,749]}],"linking":[]},{"id":185,"text":"ĐƠN","label":"","box":[629,617,662,635],"words":[{"text":"ĐƠN","box":[629,617,662,635]}],"linking":[]},{"id":186,"text":"GIÁ","label":"","box":[669,616,693,633],"words":[{"text":"GIÁ","box":[669,616,693,633]}],"linking":[]},{"id":187,"text":"Price","label":"","box":[645,645,680,655],"words":[{"text":"Price","box":[645,645,680,655]}],"linking":[]},{"id":188,"text":"THÀNH","label":"","box":[746,616,796,633],"words":[{"text":"THÀNH","box":[746,616,796,633]}],"linking":[]},{"id":189,"text":"TIÊN","label":"","box":[804,616,836,632],"words":[{"text":"TIÊN","box":[804,616,836,632]}],"linking":[]},{"id":190,"text":"Total","label":"","box":[776,644,811,656],"words":[{"text":"Total","box":[776,644,811,656]}],"linking":[]},{"id":191,"text":"Cộng","label":"","box":[612,1025,648,1039],"words":[{"text":"Cộng","box":[612,1025,648,1039]}],"linking":[]},{"id":192,"text":"(","label":"","box":[656,1025,660,1039],"words":[{"text":"(","box":[656,1025,660,1039]}],"linking":[]},{"id":193,"text":"Sub","label":"","box":[661,1025,683,1039],"words":[{"text":"Sub","box":[661,1025,683,1039]}],"linking":[]},{"id":194,"text":"total","label":"","box":[688,1025,714,1039],"words":[{"text":"total","box":[688,1025,714,1039]}],"linking":[]},{"id":195,"text":")","label":"","box":[716,1025,717,1039],"words":[{"text":")","box":[716,1025,717,1039]}],"linking":[]},{"id":196,"text":"239,885,714","label":"","box":[757,1025,848,1038],"words":[{"text":"239,885,714","box":[757,1025,848,1038]}],"linking":[]},{"id":197,"text":"TRỊ","label":"","box":[621,1061,645,1077],"words":[{"text":"TRỊ","box":[621,1061,645,1077]}],"linking":[]},{"id":198,"text":"GIÁ","label":"","box":[653,1061,680,1077],"words":[{"text":"GIÁ","box":[653,1061,680,1077]}],"linking":[]},{"id":199,"text":"CHƯA","label":"","box":[686,1061,733,1077],"words":[{"text":"CHƯA","box":[686,1061,733,1077]}],"linking":[]},{"id":200,"text":"THUẾ","label":"","box":[738,1061,781,1077],"words":[{"text":"THUẾ","box":[738,1061,781,1077]}],"linking":[]},{"id":201,"text":"GTGT","label":"","box":[789,1061,831,1077],"words":[{"text":"GTGT","box":[789,1061,831,1077]}],"linking":[]},{"id":202,"text":"THICK","label":"","box":[613,1070,685,1108],"words":[{"text":"THICK","box":[613,1070,685,1108]}],"linking":[]},{"id":203,"text":"1/1","label":"","box":[606,1716,635,1731],"words":[{"text":"1/1","box":[606,1716,635,1731]}],"linking":[]},{"id":204,"text":"239,885,714","label":"","box":[749,1182,839,1196],"words":[{"text":"239,885,714","box":[749,1182,839,1196]}],"linking":[]},{"id":205,"text":"X","label":"","box":[886,781,895,789],"words":[{"text":"X","box":[886,781,895,789]}],"linking":[]},{"id":206,"text":"X","label":"","box":[886,820,894,828],"words":[{"text":"X","box":[886,820,894,828]}],"linking":[]},{"id":207,"text":"X","label":"","box":[886,858,895,866],"words":[{"text":"X","box":[886,858,895,866]}],"linking":[]},{"id":208,"text":"239,885,714","label":"","box":[749,1235,839,1248],"words":[{"text":"239,885,714","box":[749,1235,839,1248]}],"linking":[]},{"id":209,"text":"TIÊN","label":"","box":[940,605,975,620],"words":[{"text":"TIÊN","box":[940,605,975,620]}],"linking":[]},{"id":210,"text":"THUÊ","label":"","box":[980,606,1020,621],"words":[{"text":"THUÊ","box":[980,606,1020,621]}],"linking":[]},{"id":211,"text":"GTGT","label":"","box":[962,632,1004,643],"words":[{"text":"GTGT","box":[962,632,1004,643]}],"linking":[]},{"id":212,"text":"VAT","label":"","box":[942,657,971,667],"words":[{"text":"VAT","box":[942,657,971,667]}],"linking":[]},{"id":213,"text":"amount","label":"","box":[976,657,1028,668],"words":[{"text":"amount","box":[976,657,1028,668]}],"linking":[]},{"id":214,"text":"9,994,286","label":"","box":[962,699,1032,715],"words":[{"text":"9,994,286","box":[962,699,1032,715]}],"linking":[]},{"id":215,"text":"2,000,000","label":"","box":[961,739,1034,751],"words":[{"text":"2,000,000","box":[961,739,1034,751]}],"linking":[]},{"id":216,"text":"11,994,286","label":"","box":[954,1024,1033,1039],"words":[{"text":"11,994,286","box":[954,1024,1033,1039]}],"linking":[]},{"id":217,"text":"TIÊN","label":"","box":[882,1060,918,1076],"words":[{"text":"TIÊN","box":[882,1060,918,1076]}],"linking":[]},{"id":218,"text":"THUẾ","label":"","box":[924,1061,967,1076],"words":[{"text":"THUẾ","box":[924,1061,967,1076]}],"linking":[]},{"id":219,"text":"GTGT","label":"","box":[974,1061,1016,1077],"words":[{"text":"GTGT","box":[974,1061,1016,1077]}],"linking":[]},{"id":220,"text":"11,994,286","label":"","box":[946,1182,1025,1195],"words":[{"text":"11,994,286","box":[946,1182,1025,1195]}],"linking":[]},{"id":221,"text":"11,994,286","label":"","box":[945,1235,1025,1248],"words":[{"text":"11,994,286","box":[945,1235,1025,1248]}],"linking":[]},{"id":222,"text":"Người","label":"","box":[817,1315,861,1329],"words":[{"text":"Người","box":[817,1315,861,1329]}],"linking":[]},{"id":223,"text":"bán","label":"","box":[868,1315,893,1329],"words":[{"text":"bán","box":[868,1315,893,1329]}],"linking":[]},{"id":224,"text":"hàng","label":"","box":[900,1315,934,1329],"words":[{"text":"hàng","box":[900,1315,934,1329]}],"linking":[]},{"id":225,"text":"(","label":"","box":[942,1315,946,1329],"words":[{"text":"(","box":[942,1315,946,1329]}],"linking":[]},{"id":226,"text":"Seller","label":"","box":[947,1315,979,1329],"words":[{"text":"Seller","box":[947,1315,979,1329]}],"linking":[]},{"id":227,"text":")","label":"","box":[982,1315,984,1329],"words":[{"text":")","box":[982,1315,984,1329]}],"linking":[]},{"id":228,"text":"0000547","label":"answer","box":[1039,173,1115,186],"words":[{"text":"0000547","box":[1039,173,1115,186]}],"linking":[[273,228]]},{"id":229,"text":"THÀNH","label":"","box":[1062,606,1114,620],"words":[{"text":"THÀNH","box":[1062,606,1114,620]}],"linking":[]},{"id":230,"text":"TIỀN","label":"","box":[1120,606,1153,620],"words":[{"text":"TIỀN","box":[1120,606,1153,620]}],"linking":[]},{"id":231,"text":"SAU","label":"","box":[1072,629,1100,646],"words":[{"text":"SAU","box":[1072,629,1100,646]}],"linking":[]},{"id":232,"text":"THUÊ","label":"","box":[1107,628,1147,645],"words":[{"text":"THUÊ","box":[1107,628,1147,645]}],"linking":[]},{"id":233,"text":"Amount","label":"","box":[1083,657,1140,668],"words":[{"text":"Amount","box":[1083,657,1140,668]}],"linking":[]},{"id":234,"text":"Signature","label":"","box":[776,1363,846,1380],"words":[{"text":"Signature","box":[776,1363,846,1380]}],"linking":[]},{"id":235,"text":"Valid","label":"","box":[850,1362,891,1378],"words":[{"text":"Valid","box":[850,1362,891,1378]}],"linking":[]},{"id":236,"text":"|","label":"","box":[772,1383,773,1403],"words":[{"text":"|","box":[772,1383,773,1403]}],"linking":[]},{"id":237,"text":"Ký","label":"","box":[776,1382,794,1402],"words":[{"text":"Ký","box":[776,1382,794,1402]}],"linking":[]},{"id":238,"text":"bởi","label":"","box":[803,1382,825,1402],"words":[{"text":"bởi","box":[803,1382,825,1402]}],"linking":[]},{"id":239,"text":":","label":"","box":[828,1382,829,1402],"words":[{"text":":","box":[828,1382,829,1402]}],"linking":[]},{"id":240,"text":"CÔNG","label":"","box":[837,1382,887,1402],"words":[{"text":"CÔNG","box":[837,1382,887,1402]}],"linking":[]},{"id":241,"text":"TY","label":"","box":[893,1381,912,1402],"words":[{"text":"TY","box":[893,1381,912,1402]}],"linking":[]},{"id":242,"text":"CỔ","label":"","box":[920,1381,943,1401],"words":[{"text":"CỔ","box":[920,1381,943,1401]}],"linking":[]},{"id":243,"text":"PHẦN","label":"","box":[952,1381,1000,1401],"words":[{"text":"PHẦN","box":[952,1381,1000,1401]}],"linking":[]},{"id":244,"text":"THỦY","label":"","box":[1006,1380,1055,1401],"words":[{"text":"THỦY","box":[1006,1380,1055,1401]}],"linking":[]},{"id":245,"text":"SẢN","label":"","box":[778,1408,813,1423],"words":[{"text":"SẢN","box":[778,1408,813,1423]}],"linking":[]},{"id":246,"text":"BÌNH","label":"","box":[818,1408,862,1423],"words":[{"text":"BÌNH","box":[818,1408,862,1423]}],"linking":[]},{"id":247,"text":"MINH","label":"","box":[867,1408,915,1423],"words":[{"text":"MINH","box":[867,1408,915,1423]}],"linking":[]},{"id":248,"text":"Ngày","label":"","box":[777,1433,815,1452],"words":[{"text":"Ngày","box":[777,1433,815,1452]}],"linking":[]},{"id":249,"text":"ký","label":"","box":[820,1434,835,1451],"words":[{"text":"ký","box":[820,1434,835,1451]}],"linking":[]},{"id":250,"text":":","label":"","box":[838,1434,841,1451],"words":[{"text":":","box":[838,1434,841,1451]}],"linking":[]},{"id":251,"text":"22/03/2022","label":"","box":[848,1432,929,1451],"words":[{"text":"22/03/2022","box":[848,1432,929,1451]}],"linking":[]},{"id":252,"text":"209,880,000","label":"","box":[1078,700,1168,714],"words":[{"text":"209,880,000","box":[1078,700,1168,714]}],"linking":[]},{"id":253,"text":"42,000,000","label":"","box":[1087,739,1167,751],"words":[{"text":"42,000,000","box":[1087,739,1167,751]}],"linking":[]},{"id":254,"text":"251,880,000","label":"","box":[1078,1025,1169,1038],"words":[{"text":"251,880,000","box":[1078,1025,1169,1038]}],"linking":[]},{"id":255,"text":"GIÁ","label":"","box":[1050,1048,1075,1064],"words":[{"text":"GIÁ","box":[1050,1048,1075,1064]}],"linking":[]},{"id":256,"text":"TRỊ","label":"","box":[1081,1048,1105,1065],"words":[{"text":"TRỊ","box":[1081,1048,1105,1065]}],"linking":[]},{"id":257,"text":"THANH","label":"","box":[1112,1049,1167,1065],"words":[{"text":"THANH","box":[1112,1049,1167,1065]}],"linking":[]},{"id":258,"text":"TOÁN","label":"","box":[1087,1072,1130,1087],"words":[{"text":"TOÁN","box":[1087,1072,1130,1087]}],"linking":[]},{"id":259,"text":"251,880,000","label":"","box":[1070,1182,1160,1194],"words":[{"text":"251,880,000","box":[1070,1182,1160,1194]}],"linking":[]},{"id":260,"text":"251,880,000","label":"","box":[1071,1235,1160,1247],"words":[{"text":"251,880,000","box":[1071,1235,1160,1247]}],"linking":[]},{"id":261,"text":"Đơn vị bán hàng ( ComName ) :","label":"question","box":[68,221,277,240],"words":[{"text":"Đơn","box":[68,221,97,239]},{"text":"vị","box":[104,221,119,239]},{"text":"bán","box":[124,221,148,239]},{"text":"hàng","box":[156,221,189,239]},{"text":"(","box":[196,221,201,239]},{"text":"ComName","box":[203,221,264,240]},{"text":")","box":[267,222,271,240]},{"text":":","box":[274,222,277,240]}],"linking":[[261,262]]},{"id":262,"text":"CÔNG TY CỔ PHẦN THUỶ SẢN BÌNH MINH","label":"answer","box":[330,221,660,236],"words":[{"text":"CÔNG","box":[330,221,378,236]},{"text":"TY","box":[384,221,404,236]},{"text":"CỔ","box":[410,221,432,236]},{"text":"PHẦN","box":[440,221,483,236]},{"text":"THUỶ","box":[489,221,533,236]},{"text":"SẢN","box":[538,221,570,236]},{"text":"BÌNH","box":[578,221,614,236]},{"text":"MINH","box":[621,221,660,236]}],"linking":[[261,262]]},{"id":263,"text":"Mã số thuế ( Tax code )","label":"question","box":[70,249,221,271],"words":[{"text":"Mã","box":[70,250,92,267]},{"text":"số","box":[97,249,114,268]},{"text":"thuế","box":[118,251,149,268]},{"text":"(","box":[156,251,162,269]},{"text":"Tax","box":[162,252,183,270]},{"text":"code","box":[187,253,215,270]},{"text":")","box":[217,253,221,271]}],"linking":[[263,75]]},{"id":264,"text":"Dia chỉ ( Address ) :","label":"question","box":[70,283,193,298],"words":[{"text":"Dia","box":[70,283,94,296]},{"text":"chỉ","box":[99,283,119,297]},{"text":"(","box":[126,283,131,297]},{"text":"Address","box":[129,284,179,297]},{"text":")","box":[180,284,185,298]},{"text":":","box":[189,284,193,298]}],"linking":[[264,265]]},{"id":265,"text":"Số 86/28/1 , Phổ Quang , Phường 2 , Quận Tân Bình , TP.HCM","label":"answer","box":[331,281,770,298],"words":[{"text":"Số","box":[331,281,348,298]},{"text":"86/28/1","box":[356,281,406,298]},{"text":",","box":[411,281,412,298]},{"text":"Phổ","box":[420,281,446,298]},{"text":"Quang","box":[454,281,500,298]},{"text":",","box":[503,281,504,298]},{"text":"Phường","box":[512,281,569,298]},{"text":"2","box":[576,281,583,298]},{"text":",","box":[586,281,587,298]},{"text":"Quận","box":[595,281,632,298]},{"text":"Tân","box":[639,281,665,298]},{"text":"Bình","box":[672,281,703,298]},{"text":",","box":[706,281,707,298]},{"text":"TP.HCM","box":[710,281,770,298]}],"linking":[[264,265]]},{"id":266,"text":"Số tài khoản ( BankNo ) .","label":"question","box":[71,309,230,328],"words":[{"text":"Số","box":[71,309,88,325]},{"text":"tài","box":[95,309,110,325]},{"text":"khoản","box":[118,310,159,326]},{"text":"(","box":[167,311,171,327]},{"text":"BankNo","box":[172,311,216,327]},{"text":")","box":[219,312,223,328]},{"text":".","box":[229,312,230,328]}],"linking":[[266,76]]},{"id":267,"text":"Ngân hàng ( BankName ) :","label":"question","box":[71,338,238,357],"words":[{"text":"Ngân","box":[71,338,107,356]},{"text":"hàng","box":[115,338,148,356]},{"text":"(","box":[155,338,160,356]},{"text":"BankName","box":[162,339,224,357]},{"text":")","box":[228,339,232,357]},{"text":":","box":[235,339,238,357]}],"linking":[[267,268]]},{"id":268,"text":"NH TMCP Công Thương Việt Nam ( Vietinbank ) - CN Tây Sài Gòn , TP.HCM","label":"answer","box":[331,342,880,356],"words":[{"text":"NH","box":[331,342,351,356]},{"text":"TMCP","box":[358,342,403,356]},{"text":"Công","box":[411,342,447,356]},{"text":"Thương","box":[453,342,510,356]},{"text":"Việt","box":[517,342,544,356]},{"text":"Nam","box":[551,342,582,356]},{"text":"(","box":[590,342,593,356]},{"text":"Vietinbank","box":[596,342,667,356]},{"text":")","box":[670,342,675,356]},{"text":"-","box":[681,342,685,356]},{"text":"CN","box":[692,342,712,356]},{"text":"Tây","box":[720,342,746,356]},{"text":"Sài","box":[753,342,774,356]},{"text":"Gòn","box":[781,342,809,356]},{"text":",","box":[812,342,813,356]},{"text":"TP.HCM","box":[820,342,880,356]}],"linking":[[267,268]]},{"id":269,"text":"Mẫu số ( Fom ) :","label":"question","box":[874,91,981,111],"words":[{"text":"Mẫu","box":[874,91,905,108]},{"text":"số","box":[910,92,927,109]},{"text":"(","box":[932,92,937,109]},{"text":"Fom","box":[937,93,959,110]},{"text":")","box":[966,93,974,110]},{"text":":","box":[978,94,981,111]}],"linking":[[269,270]]},{"id":270,"text":"01GTKT0 / 002","label":"answer","box":[1039,95,1141,107],"words":[{"text":"01GTKT0","box":[1039,95,1108,107]},{"text":"/","box":[1109,95,1115,107]},{"text":"002","box":[1114,95,1141,107]}],"linking":[[269,270]]},{"id":271,"text":"Ki hiệu ( Series )","label":"question","box":[875,132,977,149],"words":[{"text":"Ki","box":[875,132,887,146]},{"text":"hiệu","box":[895,133,923,147]},{"text":"(","box":[931,133,935,147]},{"text":"Series","box":[936,134,972,148]},{"text":")","box":[974,135,977,149]}],"linking":[[271,272]]},{"id":272,"text":"BM / 21E","label":"answer","box":[1040,133,1094,145],"words":[{"text":"BM","box":[1040,133,1060,145]},{"text":"/","box":[1062,133,1067,145]},{"text":"21E","box":[1068,133,1094,145]}],"linking":[[271,272]]},{"id":273,"text":"Số ( No. ) .","label":"question","box":[875,167,939,188],"words":[{"text":"Số","box":[875,167,894,184]},{"text":"(","box":[901,168,905,185]},{"text":"No.","box":[905,170,927,186]},{"text":")","box":[928,170,932,187]},{"text":".","box":[938,171,939,188]}],"linking":[[273,228]]},{"id":274,"text":"Họ tên người mua hàng ( Buyer ) :","label":"question","box":[71,391,300,407],"words":[{"text":"Họ","box":[71,391,89,406]},{"text":"tên","box":[96,391,116,406]},{"text":"người","box":[124,391,165,406]},{"text":"mua","box":[172,391,201,406]},{"text":"hàng","box":[209,391,242,407]},{"text":"(","box":[250,392,254,407]},{"text":"Buyer","box":[255,392,289,407]},{"text":")","box":[289,392,293,407]},{"text":":","box":[297,392,300,407]}],"linking":[[274,275]]},{"id":275,"text":"TÁM NHÂN","label":"answer","box":[432,388,514,403],"words":[{"text":"TÁM","box":[432,388,463,403]},{"text":"NHÂN","box":[471,388,514,402]}],"linking":[[274,275]]},{"id":276,"text":"Tên đơn vị ( CusName ) -","label":"question","box":[70,419,229,436],"words":[{"text":"Tên","box":[70,419,96,434]},{"text":"đơn","box":[103,420,130,434]},{"text":"vị","box":[136,420,146,435]},{"text":"(","box":[154,420,158,435]},{"text":"CusName","box":[161,421,218,436]},{"text":")","box":[220,421,222,436]},{"text":"-","box":[228,421,229,436]}],"linking":[]},{"id":277,"text":"Mã số thuế ( Tax code ) .","label":"question","box":[71,444,228,465],"words":[{"text":"Mã","box":[71,444,92,462]},{"text":"số","box":[98,444,114,462]},{"text":"thuế","box":[119,445,150,463]},{"text":"(","box":[157,445,162,463]},{"text":"Tax","box":[163,446,183,464]},{"text":"code","box":[188,447,215,465]},{"text":")","box":[218,447,221,465]},{"text":".","box":[227,447,228,465]}],"linking":[]},{"id":278,"text":"Địa chỉ ( Address )","label":"question","box":[70,474,183,492],"words":[{"text":"Địa","box":[70,474,93,491]},{"text":"chỉ","box":[100,474,121,491]},{"text":"(","box":[125,474,130,491]},{"text":"Address","box":[131,475,179,492]},{"text":")","box":[181,475,183,492]}],"linking":[[278,279]]},{"id":279,"text":"Ấp 9 , xã An Đức , Huyện Ba Trị , Tỉnh Bến Tre","label":"answer","box":[432,474,759,491],"words":[{"text":"Ấp","box":[432,474,450,491]},{"text":"9","box":[457,474,463,491]},{"text":",","box":[467,474,468,491]},{"text":"xã","box":[475,474,490,491]},{"text":"An","box":[497,474,515,491]},{"text":"Đức","box":[521,474,551,491]},{"text":",","box":[553,474,554,491]},{"text":"Huyện","box":[562,474,607,491]},{"text":"Ba","box":[614,474,631,491]},{"text":"Trị","box":[638,474,656,491]},{"text":",","box":[658,474,659,491]},{"text":"Tỉnh","box":[666,474,696,491]},{"text":"Bến","box":[704,474,730,491]},{"text":"Tre","box":[737,474,759,491]}],"linking":[[278,279]]},{"id":280,"text":"Hình thức thanh toán ( Method of payment ) :","label":"question","box":[71,503,361,522],"words":[{"text":"Hình","box":[71,503,103,520]},{"text":"thức","box":[109,503,141,520]},{"text":"thanh","box":[147,503,186,520]},{"text":"toán","box":[192,503,222,521]},{"text":"(","box":[230,504,234,521]},{"text":"Method","box":[235,504,279,521]},{"text":"of","box":[286,504,293,521]},{"text":"payment","box":[297,504,349,522]},{"text":")","box":[351,505,353,522]},{"text":":","box":[360,505,361,522]}],"linking":[[280,281]]},{"id":281,"text":"Chuyển khoản / Tiền mặt","label":"answer","box":[433,503,605,520],"words":[{"text":"Chuyển","box":[433,503,486,520]},{"text":"khoản","box":[494,503,533,520]},{"text":"/","box":[537,503,542,520]},{"text":"Tiền","box":[544,503,572,520]},{"text":"mặt","box":[580,503,605,520]}],"linking":[[280,281]]},{"id":282,"text":"Số tài khoản ( A / C No )","label":"question","box":[684,502,834,522],"words":[{"text":"Số","box":[684,502,703,518]},{"text":"tài","box":[708,502,725,519]},{"text":"khoản","box":[731,503,775,519]},{"text":"(","box":[781,504,785,521]},{"text":"A","box":[786,504,791,521]},{"text":"/","box":[793,504,799,521]},{"text":"C","box":[801,504,808,521]},{"text":"No","box":[812,506,828,522]},{"text":")","box":[829,505,834,522]}],"linking":[]},{"id":283,"text":"Ngân hàng ( Bank Name ) :","label":"question","box":[71,535,242,549],"words":[{"text":"Ngân","box":[71,535,107,549]},{"text":"hàng","box":[115,535,148,549]},{"text":"(","box":[156,535,159,549]},{"text":"Bank","box":[161,535,191,549]},{"text":"Name","box":[195,535,228,549]},{"text":")","box":[231,535,235,549]},{"text":":","box":[241,535,242,549]}],"linking":[]},{"id":284,"text":"Số tiền viết bằng chữ ( Total amount in words )","label":"question","box":[77,1266,378,1287],"words":[{"text":"Số","box":[77,1266,94,1284]},{"text":"tiền","box":[99,1266,124,1284]},{"text":"viết","box":[131,1266,156,1284]},{"text":"bằng","box":[162,1267,196,1285]},{"text":"chữ","box":[203,1267,229,1285]},{"text":"(","box":[236,1267,240,1285]},{"text":"Total","box":[243,1268,270,1286]},{"text":"amount","box":[275,1268,319,1286]},{"text":"in","box":[324,1269,333,1287]},{"text":"words","box":[339,1269,372,1287]},{"text":")","box":[375,1269,378,1287]}],"linking":[[284,285]]},{"id":285,"text":"Hai trăm năm mươi mốt triệu tám trăm tám mươi nghìn đồng chẵn","label":"answer","box":[448,1267,927,1284],"words":[{"text":"Hai","box":[448,1267,470,1284]},{"text":"trăm","box":[476,1267,506,1284]},{"text":"năm","box":[514,1267,542,1284]},{"text":"mươi","box":[551,1267,587,1284]},{"text":"mốt","box":[594,1267,619,1284]},{"text":"triệu","box":[625,1267,655,1284]},{"text":"tám","box":[662,1267,686,1284]},{"text":"trăm","box":[694,1267,724,1284]},{"text":"tám","box":[731,1267,756,1284]},{"text":"mươi","box":[764,1267,800,1284]},{"text":"nghìn","box":[808,1267,846,1284]},{"text":"đồng","box":[852,1267,887,1284]},{"text":"chẵn","box":[894,1267,927,1284]}],"linking":[[284,285]]}]