[{"id":0,"text":"STT","label":"","box":[62,621,90,632],"words":[{"text":"STT","box":[62,621,90,632]}],"linking":[]},{"id":1,"text":"No.","label":"","box":[64,645,88,655],"words":[{"text":"No.","box":[64,645,88,655]}],"linking":[]},{"id":2,"text":"1","label":"","box":[72,701,79,713],"words":[{"text":"1","box":[72,701,79,713]}],"linking":[]},{"id":3,"text":"Đơn","label":"","box":[173,56,197,71],"words":[{"text":"Đơn","box":[173,56,197,71]}],"linking":[]},{"id":4,"text":"vị","label":"","box":[203,56,211,71],"words":[{"text":"vị","box":[203,56,211,71]}],"linking":[]},{"id":5,"text":"hỗ","label":"","box":[215,56,229,71],"words":[{"text":"hỗ","box":[215,56,229,71]}],"linking":[]},{"id":6,"text":"trợ","label":"","box":[234,56,250,71],"words":[{"text":"trợ","box":[234,56,250,71]}],"linking":[]},{"id":7,"text":"cung","label":"","box":[254,56,282,71],"words":[{"text":"cung","box":[254,56,282,71]}],"linking":[]},{"id":8,"text":"cấp","label":"","box":[287,56,307,71],"words":[{"text":"cấp","box":[287,56,307,71]}],"linking":[]},{"id":9,"text":"công","label":"","box":[312,56,339,71],"words":[{"text":"công","box":[312,56,339,71]}],"linking":[]},{"id":10,"text":"cụ","label":"","box":[344,56,357,71],"words":[{"text":"cụ","box":[344,56,357,71]}],"linking":[]},{"id":11,"text":"phát","label":"","box":[361,56,387,71],"words":[{"text":"phát","box":[361,56,387,71]}],"linking":[]},{"id":12,"text":"hành","label":"","box":[392,56,420,71],"words":[{"text":"hành","box":[392,56,420,71]}],"linking":[]},{"id":13,"text":"hóa","label":"","box":[425,56,446,71],"words":[{"text":"hóa","box":[425,56,446,71]}],"linking":[]},{"id":14,"text":"đơn","label":"","box":[451,56,473,71],"words":[{"text":"đơn","box":[451,56,473,71]}],"linking":[]},{"id":15,"text":"điện","label":"","box":[478,56,502,71],"words":[{"text":"điện","box":[478,56,502,71]}],"linking":[]},{"id":16,"text":"tử","label":"","box":[507,56,514,71],"words":[{"text":"tử","box":[507,56,514,71]}],"linking":[]},{"id":17,"text":":","label":"","box":[518,56,521,71],"words":[{"text":":","box":[518,56,521,71]}],"linking":[]},{"id":18,"text":"Công","label":"","box":[527,56,557,71],"words":[{"text":"Công","box":[527,56,557,71]}],"linking":[]},{"id":19,"text":"ty","label":"","box":[562,56,572,71],"words":[{"text":"ty","box":[562,56,572,71]}],"linking":[]},{"id":20,"text":"Cổ","label":"","box":[576,56,592,71],"words":[{"text":"Cổ","box":[576,56,592,71]}],"linking":[]},{"id":21,"text":"phần","label":"","box":[596,56,625,71],"words":[{"text":"phần","box":[596,56,625,71]}],"linking":[]},{"id":22,"text":"Định","label":"","box":[630,56,656,71],"words":[{"text":"Định","box":[630,56,656,71]}],"linking":[]},{"id":23,"text":"Gia","label":"","box":[661,56,680,71],"words":[{"text":"Gia","box":[661,56,680,71]}],"linking":[]},{"id":24,"text":"Nét","label":"","box":[686,56,706,71],"words":[{"text":"Nét","box":[686,56,706,71]}],"linking":[]},{"id":25,"text":"-","label":"","box":[710,56,713,71],"words":[{"text":"-","box":[710,56,713,71]}],"linking":[]},{"id":26,"text":"DigiNet","label":"","box":[718,56,761,71],"words":[{"text":"DigiNet","box":[718,56,761,71]}],"linking":[]},{"id":27,"text":"Corp","label":"","box":[765,56,791,71],"words":[{"text":"Corp","box":[765,56,791,71]}],"linking":[]},{"id":28,"text":",","label":"","box":[793,56,795,71],"words":[{"text":",","box":[793,56,795,71]}],"linking":[]},{"id":29,"text":"MST","label":"","box":[801,56,825,71],"words":[{"text":"MST","box":[801,56,825,71]}],"linking":[]},{"id":30,"text":":","label":"","box":[828,56,832,71],"words":[{"text":":","box":[828,56,832,71]}],"linking":[]},{"id":31,"text":"0303359278","label":"","box":[837,56,907,71],"words":[{"text":"0303359278","box":[837,56,907,71]}],"linking":[]},{"id":32,"text":",","label":"","box":[910,56,912,71],"words":[{"text":",","box":[910,56,912,71]}],"linking":[]},{"id":33,"text":"Điện","label":"","box":[918,56,944,71],"words":[{"text":"Điện","box":[918,56,944,71]}],"linking":[]},{"id":34,"text":"thoại","label":"","box":[949,56,977,71],"words":[{"text":"thoại","box":[949,56,977,71]}],"linking":[]},{"id":35,"text":":","label":"","box":[979,56,980,71],"words":[{"text":":","box":[979,56,980,71]}],"linking":[]},{"id":36,"text":"028","label":"","box":[985,56,1006,71],"words":[{"text":"028","box":[985,56,1006,71]}],"linking":[]},{"id":37,"text":"35123878","label":"","box":[1011,56,1069,71],"words":[{"text":"35123878","box":[1011,56,1069,71]}],"linking":[]},{"id":38,"text":"HÓA","label":"","box":[389,94,453,128],"words":[{"text":"HÓA","box":[389,94,453,128]}],"linking":[]},{"id":39,"text":"ĐƠN","label":"","box":[462,94,532,128],"words":[{"text":"ĐƠN","box":[462,94,532,128]}],"linking":[]},{"id":40,"text":"GIÁ","label":"","box":[545,94,597,128],"words":[{"text":"GIÁ","box":[545,94,597,128]}],"linking":[]},{"id":41,"text":"TRỊ","label":"","box":[606,94,654,128],"words":[{"text":"TRỊ","box":[606,94,654,128]}],"linking":[]},{"id":42,"text":"GIA","label":"","box":[666,94,718,128],"words":[{"text":"GIA","box":[666,94,718,128]}],"linking":[]},{"id":43,"text":"TĂNG","label":"","box":[728,94,811,128],"words":[{"text":"TĂNG","box":[728,94,811,128]}],"linking":[]},{"id":44,"text":"VAT","label":"","box":[522,144,572,162],"words":[{"text":"VAT","box":[522,144,572,162]}],"linking":[]},{"id":45,"text":"INVOICE","label":"","box":[578,144,681,162],"words":[{"text":"INVOICE","box":[578,144,681,162]}],"linking":[]},{"id":46,"text":"Ngày","label":"","box":[431,177,466,194],"words":[{"text":"Ngày","box":[431,177,466,194]}],"linking":[]},{"id":47,"text":"(","label":"","box":[473,177,476,193],"words":[{"text":"(","box":[473,177,476,193]}],"linking":[]},{"id":48,"text":"Date","label":"","box":[477,177,503,193],"words":[{"text":"Date","box":[477,177,503,193]}],"linking":[]},{"id":49,"text":")","label":"","box":[506,177,509,193],"words":[{"text":")","box":[506,177,509,193]}],"linking":[]},{"id":50,"text":"28","label":"","box":[514,177,531,193],"words":[{"text":"28","box":[514,177,531,193]}],"linking":[]},{"id":51,"text":"tháng","label":"","box":[537,177,576,193],"words":[{"text":"tháng","box":[537,177,576,193]}],"linking":[]},{"id":52,"text":"(","label":"","box":[584,177,587,193],"words":[{"text":"(","box":[584,177,587,193]}],"linking":[]},{"id":53,"text":"month","label":"","box":[586,177,623,193],"words":[{"text":"month","box":[586,177,623,193]}],"linking":[]},{"id":54,"text":")","label":"","box":[626,177,629,193],"words":[{"text":")","box":[626,177,629,193]}],"linking":[]},{"id":55,"text":"03","label":"","box":[634,176,651,193],"words":[{"text":"03","box":[634,176,651,193]}],"linking":[]},{"id":56,"text":"năm","label":"","box":[658,176,686,192],"words":[{"text":"năm","box":[658,176,686,192]}],"linking":[]},{"id":57,"text":"(","label":"","box":[695,176,699,192],"words":[{"text":"(","box":[695,176,699,192]}],"linking":[]},{"id":58,"text":"year","label":"","box":[699,176,723,192],"words":[{"text":"year","box":[699,176,723,192]}],"linking":[]},{"id":59,"text":")","label":"","box":[726,176,729,192],"words":[{"text":")","box":[726,176,729,192]}],"linking":[]},{"id":60,"text":"2022","label":"","box":[734,176,768,192],"words":[{"text":"2022","box":[734,176,768,192]}],"linking":[]},{"id":61,"text":"-","label":"","box":[228,421,229,436],"words":[{"text":"-","box":[228,421,229,436]}],"linking":[]},{"id":62,"text":".","label":"","box":[227,447,228,465],"words":[{"text":".","box":[227,447,228,465]}],"linking":[]},{"id":63,"text":":","label":"","box":[360,505,361,522],"words":[{"text":":","box":[360,505,361,522]}],"linking":[]},{"id":64,"text":"2","label":"","box":[71,740,81,750],"words":[{"text":"2","box":[71,740,81,750]}],"linking":[]},{"id":65,"text":"BINH","label":"","box":[161,172,189,185],"words":[{"text":"BINH","box":[161,172,189,185]}],"linking":[]},{"id":66,"text":"MINH","label":"","box":[196,172,229,184],"words":[{"text":"MINH","box":[196,172,229,184]}],"linking":[]},{"id":67,"text":"3","label":"","box":[71,778,81,789],"words":[{"text":"3","box":[71,778,81,789]}],"linking":[]},{"id":68,"text":"0303880297","label":"answer","box":[330,254,419,265],"words":[{"text":"0303880297","box":[330,254,419,265]}],"linking":[[282,68]]},{"id":69,"text":"112002622316","label":"answer","box":[331,311,439,323],"words":[{"text":"112002622316","box":[331,311,439,323]}],"linking":[[285,69]]},{"id":70,"text":"TÊN","label":"","box":[174,617,203,636],"words":[{"text":"TÊN","box":[174,617,203,636]}],"linking":[]},{"id":71,"text":"HÀNG","label":"","box":[210,617,253,636],"words":[{"text":"HÀNG","box":[210,617,253,636]}],"linking":[]},{"id":72,"text":"HÓA","label":"","box":[256,617,289,636],"words":[{"text":"HÓA","box":[256,617,289,636]}],"linking":[]},{"id":73,"text":",","label":"","box":[292,617,295,636],"words":[{"text":",","box":[292,617,295,636]}],"linking":[]},{"id":74,"text":"DỊCH","label":"","box":[303,617,338,636],"words":[{"text":"DỊCH","box":[303,617,338,636]}],"linking":[]},{"id":75,"text":"VỤ","label":"","box":[344,617,364,636],"words":[{"text":"VỤ","box":[344,617,364,636]}],"linking":[]},{"id":76,"text":"Description","label":"","box":[232,644,308,659],"words":[{"text":"Description","box":[232,644,308,659]}],"linking":[]},{"id":77,"text":"AQUA","label":"","box":[102,700,148,712],"words":[{"text":"AQUA","box":[102,700,148,712]}],"linking":[]},{"id":78,"text":"OMNICIDE","label":"","box":[154,700,233,712],"words":[{"text":"OMNICIDE","box":[154,700,233,712]}],"linking":[]},{"id":79,"text":"1LIT","label":"","box":[241,700,271,712],"words":[{"text":"1LIT","box":[241,700,271,712]}],"linking":[]},{"id":80,"text":"MERABAC","label":"","box":[104,735,181,751],"words":[{"text":"MERABAC","box":[104,735,181,751]}],"linking":[]},{"id":81,"text":"250GR","label":"","box":[187,735,238,750],"words":[{"text":"250GR","box":[187,735,238,750]}],"linking":[]},{"id":82,"text":"TÚI","label":"","box":[244,735,267,749],"words":[{"text":"TÚI","box":[244,735,267,749]}],"linking":[]},{"id":83,"text":"ECO","label":"","box":[103,777,137,789],"words":[{"text":"ECO","box":[103,777,137,789]}],"linking":[]},{"id":84,"text":"PRO","label":"","box":[143,777,177,789],"words":[{"text":"PRO","box":[143,777,177,789]}],"linking":[]},{"id":85,"text":"20LIT","label":"","box":[183,777,223,789],"words":[{"text":"20LIT","box":[183,777,223,789]}],"linking":[]},{"id":86,"text":"TỔNG","label":"","box":[208,1051,254,1067],"words":[{"text":"TỔNG","box":[208,1051,254,1067]}],"linking":[]},{"id":87,"text":"HỢP","label":"","box":[261,1053,295,1068],"words":[{"text":"HỢP","box":[261,1053,295,1068]}],"linking":[]},{"id":88,"text":"Tổng","label":"","box":[76,1091,111,1108],"words":[{"text":"Tổng","box":[76,1091,111,1108]}],"linking":[]},{"id":89,"text":"tiền","label":"","box":[117,1091,142,1108],"words":[{"text":"tiền","box":[117,1091,142,1108]}],"linking":[]},{"id":90,"text":"không","label":"","box":[150,1091,191,1108],"words":[{"text":"không","box":[150,1091,191,1108]}],"linking":[]},{"id":91,"text":"kê","label":"","box":[199,1091,213,1108],"words":[{"text":"kê","box":[199,1091,213,1108]}],"linking":[]},{"id":92,"text":"khai","label":"","box":[221,1091,248,1108],"words":[{"text":"khai","box":[221,1091,248,1108]}],"linking":[]},{"id":93,"text":"và","label":"","box":[254,1091,270,1108],"words":[{"text":"và","box":[254,1091,270,1108]}],"linking":[]},{"id":94,"text":"nộp","label":"","box":[277,1091,302,1108],"words":[{"text":"nộp","box":[277,1091,302,1108]}],"linking":[]},{"id":95,"text":"thuế","label":"","box":[308,1091,338,1108],"words":[{"text":"thuế","box":[308,1091,338,1108]}],"linking":[]},{"id":96,"text":":","label":"","box":[341,1091,341,1108],"words":[{"text":":","box":[341,1091,341,1108]}],"linking":[]},{"id":97,"text":"Tổng","label":"","box":[77,1114,109,1134],"words":[{"text":"Tổng","box":[77,1114,109,1134]}],"linking":[]},{"id":98,"text":"tiền","label":"","box":[117,1114,139,1134],"words":[{"text":"tiền","box":[117,1114,139,1134]}],"linking":[]},{"id":99,"text":"không","label":"","box":[146,1114,190,1134],"words":[{"text":"không","box":[146,1114,190,1134]}],"linking":[]},{"id":100,"text":"chịu","label":"","box":[198,1114,222,1134],"words":[{"text":"chịu","box":[198,1114,222,1134]}],"linking":[]},{"id":101,"text":"thuế","label":"","box":[231,1114,261,1134],"words":[{"text":"thuế","box":[231,1114,261,1134]}],"linking":[]},{"id":102,"text":"GTGT","label":"","box":[269,1114,311,1134],"words":[{"text":"GTGT","box":[269,1114,311,1134]}],"linking":[]},{"id":103,"text":":","label":"","box":[314,1114,317,1134],"words":[{"text":":","box":[314,1114,317,1134]}],"linking":[]},{"id":104,"text":"Tổng","label":"","box":[76,1142,110,1161],"words":[{"text":"Tổng","box":[76,1142,110,1161]}],"linking":[]},{"id":105,"text":"tiền","label":"","box":[116,1142,141,1160],"words":[{"text":"tiền","box":[116,1142,141,1160]}],"linking":[]},{"id":106,"text":"chịu","label":"","box":[148,1142,176,1160],"words":[{"text":"chịu","box":[148,1142,176,1160]}],"linking":[]},{"id":107,"text":"thuế","label":"","box":[182,1142,212,1160],"words":[{"text":"thuế","box":[182,1142,212,1160]}],"linking":[]},{"id":108,"text":"suất","label":"","box":[220,1142,248,1160],"words":[{"text":"suất","box":[220,1142,248,1160]}],"linking":[]},{"id":109,"text":":","label":"","box":[251,1142,251,1160],"words":[{"text":":","box":[251,1142,251,1160]}],"linking":[]},{"id":110,"text":"Tổng","label":"","box":[76,1169,110,1189],"words":[{"text":"Tổng","box":[76,1169,110,1189]}],"linking":[]},{"id":111,"text":"tiền","label":"","box":[116,1169,141,1188],"words":[{"text":"tiền","box":[116,1169,141,1188]}],"linking":[]},{"id":112,"text":"chịu","label":"","box":[148,1169,176,1188],"words":[{"text":"chịu","box":[148,1169,176,1188]}],"linking":[]},{"id":113,"text":"thuế","label":"","box":[182,1168,212,1187],"words":[{"text":"thuế","box":[182,1168,212,1187]}],"linking":[]},{"id":114,"text":"suất","label":"","box":[220,1168,248,1187],"words":[{"text":"suất","box":[220,1168,248,1187]}],"linking":[]},{"id":115,"text":":","label":"","box":[250,1168,250,1187],"words":[{"text":":","box":[250,1168,250,1187]}],"linking":[]},{"id":116,"text":"Tổng","label":"","box":[76,1197,111,1214],"words":[{"text":"Tổng","box":[76,1197,111,1214]}],"linking":[]},{"id":117,"text":"tiền","label":"","box":[117,1197,142,1214],"words":[{"text":"tiền","box":[117,1197,142,1214]}],"linking":[]},{"id":118,"text":"chịu","label":"","box":[149,1197,177,1214],"words":[{"text":"chịu","box":[149,1197,177,1214]}],"linking":[]},{"id":119,"text":"thuế","label":"","box":[183,1197,213,1214],"words":[{"text":"thuế","box":[183,1197,213,1214]}],"linking":[]},{"id":120,"text":"suất","label":"","box":[221,1197,249,1214],"words":[{"text":"suất","box":[221,1197,249,1214]}],"linking":[]},{"id":121,"text":":","label":"","box":[252,1197,252,1214],"words":[{"text":":","box":[252,1197,252,1214]}],"linking":[]},{"id":122,"text":"Tổng","label":"","box":[76,1224,111,1241],"words":[{"text":"Tổng","box":[76,1224,111,1241]}],"linking":[]},{"id":123,"text":"cộng","label":"","box":[118,1224,151,1241],"words":[{"text":"cộng","box":[118,1224,151,1241]}],"linking":[]},{"id":124,"text":"tiền","label":"","box":[158,1224,182,1241],"words":[{"text":"tiền","box":[158,1224,182,1241]}],"linking":[]},{"id":125,"text":"thanh","label":"","box":[189,1224,228,1241],"words":[{"text":"thanh","box":[189,1224,228,1241]}],"linking":[]},{"id":126,"text":"toán","label":"","box":[234,1224,264,1241],"words":[{"text":"toán","box":[234,1224,264,1241]}],"linking":[]},{"id":127,"text":":","label":"","box":[267,1224,267,1241],"words":[{"text":":","box":[267,1224,267,1241]}],"linking":[]},{"id":128,"text":"Số","label":"","box":[77,1257,94,1275],"words":[{"text":"Số","box":[77,1257,94,1275]}],"linking":[]},{"id":129,"text":"tiền","label":"","box":[99,1257,124,1275],"words":[{"text":"tiền","box":[99,1257,124,1275]}],"linking":[]},{"id":130,"text":"viết","label":"","box":[131,1257,156,1275],"words":[{"text":"viết","box":[131,1257,156,1275]}],"linking":[]},{"id":131,"text":"bằng","label":"","box":[162,1258,196,1276],"words":[{"text":"bằng","box":[162,1258,196,1276]}],"linking":[]},{"id":132,"text":"chữ","label":"","box":[202,1258,230,1276],"words":[{"text":"chữ","box":[202,1258,230,1276]}],"linking":[]},{"id":133,"text":"(","label":"","box":[236,1259,240,1277],"words":[{"text":"(","box":[236,1259,240,1277]}],"linking":[]},{"id":134,"text":"Total","label":"","box":[241,1259,270,1277],"words":[{"text":"Total","box":[241,1259,270,1277]}],"linking":[]},{"id":135,"text":"amount","label":"","box":[275,1260,319,1277],"words":[{"text":"amount","box":[275,1260,319,1277]}],"linking":[]},{"id":136,"text":"in","label":"","box":[324,1260,333,1278],"words":[{"text":"in","box":[324,1260,333,1278]}],"linking":[]},{"id":137,"text":"words","label":"","box":[339,1260,372,1278],"words":[{"text":"words","box":[339,1260,372,1278]}],"linking":[]},{"id":138,"text":")","label":"","box":[375,1260,378,1278],"words":[{"text":")","box":[375,1260,378,1278]}],"linking":[]},{"id":139,"text":"Người","label":"","box":[255,1305,298,1320],"words":[{"text":"Người","box":[255,1305,298,1320]}],"linking":[]},{"id":140,"text":"mua","label":"","box":[306,1305,335,1320],"words":[{"text":"mua","box":[306,1305,335,1320]}],"linking":[]},{"id":141,"text":"hàng","label":"","box":[342,1305,376,1320],"words":[{"text":"hàng","box":[342,1305,376,1320]}],"linking":[]},{"id":142,"text":"(","label":"","box":[384,1305,387,1320],"words":[{"text":"(","box":[384,1305,387,1320]}],"linking":[]},{"id":143,"text":"Buyer","label":"","box":[388,1305,422,1320],"words":[{"text":"Buyer","box":[388,1305,422,1320]}],"linking":[]},{"id":144,"text":")","label":"","box":[424,1306,427,1321],"words":[{"text":")","box":[424,1306,427,1321]}],"linking":[]},{"id":145,"text":".","label":"","box":[839,506,840,522],"words":[{"text":".","box":[839,506,840,522]}],"linking":[]},{"id":146,"text":"ĐƠN","label":"","box":[457,609,490,622],"words":[{"text":"ĐƠN","box":[457,609,490,622]}],"linking":[]},{"id":147,"text":"VỊ","label":"","box":[497,609,509,622],"words":[{"text":"VỊ","box":[497,609,509,622]}],"linking":[]},{"id":148,"text":"SÓ","label":"","box":[549,607,571,620],"words":[{"text":"SÓ","box":[549,607,571,620]}],"linking":[]},{"id":149,"text":"ΤΙΝΗ","label":"","box":[468,629,504,644],"words":[{"text":"ΤΙΝΗ","box":[468,629,504,644]}],"linking":[]},{"id":150,"text":"Unit","label":"","box":[474,656,503,667],"words":[{"text":"Unit","box":[474,656,503,667]}],"linking":[]},{"id":151,"text":"Can","label":"","box":[472,700,501,711],"words":[{"text":"Can","box":[472,700,501,711]}],"linking":[]},{"id":152,"text":"Túi","label":"","box":[476,738,498,749],"words":[{"text":"Túi","box":[476,738,498,749]}],"linking":[]},{"id":153,"text":"Can","label":"","box":[472,778,501,789],"words":[{"text":"Can","box":[472,778,501,789]}],"linking":[]},{"id":154,"text":"|","label":"","box":[529,629,530,645],"words":[{"text":"|","box":[529,629,530,645]}],"linking":[]},{"id":155,"text":"LƯỢNG","label":"","box":[532,629,587,645],"words":[{"text":"LƯỢNG","box":[532,629,587,645]}],"linking":[]},{"id":156,"text":"Quantity","label":"","box":[535,657,592,669],"words":[{"text":"Quantity","box":[535,657,592,669]}],"linking":[]},{"id":157,"text":"X","label":"","box":[516,1123,525,1131],"words":[{"text":"X","box":[516,1123,525,1131]}],"linking":[]},{"id":158,"text":"0","label":"","box":[509,1146,518,1157],"words":[{"text":"0","box":[509,1146,518,1157]}],"linking":[]},{"id":159,"text":"%","label":"","box":[517,1145,530,1156],"words":[{"text":"%","box":[517,1145,530,1156]}],"linking":[]},{"id":160,"text":"40","label":"","box":[553,701,569,712],"words":[{"text":"40","box":[553,701,569,712]}],"linking":[]},{"id":161,"text":"48","label":"","box":[553,738,569,750],"words":[{"text":"48","box":[553,738,569,750]}],"linking":[]},{"id":162,"text":"THUẾ","label":"","box":[475,1052,518,1066],"words":[{"text":"THUẾ","box":[475,1052,518,1066]}],"linking":[]},{"id":163,"text":"SUẤT","label":"","box":[525,1052,567,1066],"words":[{"text":"SUẤT","box":[525,1052,567,1066]}],"linking":[]},{"id":164,"text":"5","label":"","box":[509,1174,518,1185],"words":[{"text":"5","box":[509,1174,518,1185]}],"linking":[]},{"id":165,"text":"%","label":"","box":[518,1174,531,1185],"words":[{"text":"%","box":[518,1174,531,1185]}],"linking":[]},{"id":166,"text":"10","label":"","box":[505,1200,521,1211],"words":[{"text":"10","box":[505,1200,521,1211]}],"linking":[]},{"id":167,"text":"%","label":"","box":[522,1200,535,1211],"words":[{"text":"%","box":[522,1200,535,1211]}],"linking":[]},{"id":168,"text":"20","label":"","box":[553,778,570,789],"words":[{"text":"20","box":[553,778,570,789]}],"linking":[]},{"id":169,"text":"ĐƠN","label":"","box":[629,617,662,634],"words":[{"text":"ĐƠN","box":[629,617,662,634]}],"linking":[]},{"id":170,"text":"GIẢ","label":"","box":[669,616,693,633],"words":[{"text":"GIẢ","box":[669,616,693,633]}],"linking":[]},{"id":171,"text":"Price","label":"","box":[646,644,680,655],"words":[{"text":"Price","box":[646,644,680,655]}],"linking":[]},{"id":172,"text":"304,761.905","label":"","box":[629,699,718,715],"words":[{"text":"304,761.905","box":[629,699,718,715]}],"linking":[]},{"id":173,"text":"240,909.091","label":"","box":[628,737,715,752],"words":[{"text":"240,909.091","box":[628,737,715,752]}],"linking":[]},{"id":174,"text":"304,761.905","label":"","box":[628,778,719,790],"words":[{"text":"304,761.905","box":[628,778,719,790]}],"linking":[]},{"id":175,"text":"THÀNH","label":"","box":[745,616,796,633],"words":[{"text":"THÀNH","box":[745,616,796,633]}],"linking":[]},{"id":176,"text":"TIÊN","label":"","box":[802,616,835,632],"words":[{"text":"TIÊN","box":[802,616,835,632]}],"linking":[]},{"id":177,"text":"Total","label":"","box":[776,644,810,656],"words":[{"text":"Total","box":[776,644,810,656]}],"linking":[]},{"id":178,"text":"Cộng","label":"","box":[613,1017,649,1031],"words":[{"text":"Cộng","box":[613,1017,649,1031]}],"linking":[]},{"id":179,"text":"(","label":"","box":[657,1017,661,1031],"words":[{"text":"(","box":[657,1017,661,1031]}],"linking":[]},{"id":180,"text":"Sub","label":"","box":[664,1017,684,1031],"words":[{"text":"Sub","box":[664,1017,684,1031]}],"linking":[]},{"id":181,"text":"total","label":"","box":[690,1017,714,1031],"words":[{"text":"total","box":[690,1017,714,1031]}],"linking":[]},{"id":182,"text":")","label":"","box":[716,1017,718,1031],"words":[{"text":")","box":[716,1017,718,1031]}],"linking":[]},{"id":183,"text":"29,849,350","label":"","box":[764,1016,844,1029],"words":[{"text":"29,849,350","box":[764,1016,844,1029]}],"linking":[]},{"id":184,"text":"TRỊ","label":"","box":[620,1052,644,1068],"words":[{"text":"TRỊ","box":[620,1052,644,1068]}],"linking":[]},{"id":185,"text":"GIÁ","label":"","box":[652,1052,678,1068],"words":[{"text":"GIÁ","box":[652,1052,678,1068]}],"linking":[]},{"id":186,"text":"CHƯA","label":"","box":[685,1052,732,1068],"words":[{"text":"CHƯA","box":[685,1052,732,1068]}],"linking":[]},{"id":187,"text":"THUẾ","label":"","box":[737,1052,780,1068],"words":[{"text":"THUẾ","box":[737,1052,780,1068]}],"linking":[]},{"id":188,"text":"GTGT","label":"","box":[787,1052,830,1068],"words":[{"text":"GTGT","box":[787,1052,830,1068]}],"linking":[]},{"id":189,"text":"18,285,714","label":"","box":[757,1170,836,1186],"words":[{"text":"18,285,714","box":[757,1170,836,1186]}],"linking":[]},{"id":190,"text":"11,563,636","label":"","box":[758,1198,836,1213],"words":[{"text":"11,563,636","box":[758,1198,836,1213]}],"linking":[]},{"id":191,"text":"29,849,350","label":"","box":[756,1225,837,1239],"words":[{"text":"29,849,350","box":[756,1225,837,1239]}],"linking":[]},{"id":192,"text":"Ba","label":"","box":[455,1258,472,1275],"words":[{"text":"Ba","box":[455,1258,472,1275]}],"linking":[]},{"id":193,"text":"mươi","label":"","box":[479,1258,516,1275],"words":[{"text":"mươi","box":[479,1258,516,1275]}],"linking":[]},{"id":194,"text":"mốt","label":"","box":[523,1258,548,1275],"words":[{"text":"mốt","box":[523,1258,548,1275]}],"linking":[]},{"id":195,"text":"triệu","label":"","box":[554,1258,584,1275],"words":[{"text":"triệu","box":[554,1258,584,1275]}],"linking":[]},{"id":196,"text":"chín","label":"","box":[591,1258,619,1275],"words":[{"text":"chín","box":[591,1258,619,1275]}],"linking":[]},{"id":197,"text":"trăm","label":"","box":[626,1258,656,1275],"words":[{"text":"trăm","box":[626,1258,656,1275]}],"linking":[]},{"id":198,"text":"hai","label":"","box":[664,1258,684,1275],"words":[{"text":"hai","box":[664,1258,684,1275]}],"linking":[]},{"id":199,"text":"mươi","label":"","box":[691,1258,727,1275],"words":[{"text":"mươi","box":[691,1258,727,1275]}],"linking":[]},{"id":200,"text":"nghìn","label":"","box":[734,1258,772,1275],"words":[{"text":"nghìn","box":[734,1258,772,1275]}],"linking":[]},{"id":201,"text":"đồng","label":"","box":[779,1258,813,1275],"words":[{"text":"đồng","box":[779,1258,813,1275]}],"linking":[]},{"id":202,"text":"chẵn","label":"","box":[821,1258,854,1275],"words":[{"text":"chẵn","box":[821,1258,854,1275]}],"linking":[]},{"id":203,"text":"1/1","label":"","box":[606,1716,635,1731],"words":[{"text":"1/1","box":[606,1716,635,1731]}],"linking":[]},{"id":204,"text":"12,190,476","label":"","box":[764,699,843,714],"words":[{"text":"12,190,476","box":[764,699,843,714]}],"linking":[]},{"id":205,"text":"11,563,636","label":"","box":[765,738,844,750],"words":[{"text":"11,563,636","box":[765,738,844,750]}],"linking":[]},{"id":206,"text":"10","label":"","box":[875,739,891,750],"words":[{"text":"10","box":[875,739,891,750]}],"linking":[]},{"id":207,"text":"%","label":"","box":[891,739,903,750],"words":[{"text":"%","box":[891,739,903,750]}],"linking":[]},{"id":208,"text":"6,095,238","label":"","box":[772,777,844,790],"words":[{"text":"6,095,238","box":[772,777,844,790]}],"linking":[]},{"id":209,"text":"THUÊ","label":"","box":[867,594,907,609],"words":[{"text":"THUÊ","box":[867,594,907,609]}],"linking":[]},{"id":210,"text":"SUÁT","label":"","box":[868,618,908,632],"words":[{"text":"SUÁT","box":[868,618,908,632]}],"linking":[]},{"id":211,"text":"GTGT","label":"","box":[869,643,913,655],"words":[{"text":"GTGT","box":[869,643,913,655]}],"linking":[]},{"id":212,"text":"VAT","label":"","box":[862,668,890,678],"words":[{"text":"VAT","box":[862,668,890,678]}],"linking":[]},{"id":213,"text":"rate","label":"","box":[895,668,921,678],"words":[{"text":"rate","box":[895,668,921,678]}],"linking":[]},{"id":214,"text":"5","label":"","box":[878,701,887,711],"words":[{"text":"5","box":[878,701,887,711]}],"linking":[]},{"id":215,"text":"%","label":"","box":[887,701,899,711],"words":[{"text":"%","box":[887,701,899,711]}],"linking":[]},{"id":216,"text":"5","label":"","box":[877,778,887,789],"words":[{"text":"5","box":[877,778,887,789]}],"linking":[]},{"id":217,"text":"%","label":"","box":[887,778,900,789],"words":[{"text":"%","box":[887,778,900,789]}],"linking":[]},{"id":218,"text":"TIÊN","label":"","box":[944,606,977,620],"words":[{"text":"TIÊN","box":[944,606,977,620]}],"linking":[]},{"id":219,"text":"THUÊ","label":"","box":[985,606,1024,620],"words":[{"text":"THUÊ","box":[985,606,1024,620]}],"linking":[]},{"id":220,"text":"GTGT","label":"","box":[965,632,1007,643],"words":[{"text":"GTGT","box":[965,632,1007,643]}],"linking":[]},{"id":221,"text":"VAT","label":"","box":[945,657,974,668],"words":[{"text":"VAT","box":[945,657,974,668]}],"linking":[]},{"id":222,"text":"amount","label":"","box":[979,657,1032,668],"words":[{"text":"amount","box":[979,657,1032,668]}],"linking":[]},{"id":223,"text":"2,070,650","label":"","box":[965,1015,1037,1029],"words":[{"text":"2,070,650","box":[965,1015,1037,1029]}],"linking":[]},{"id":224,"text":"609,524","label":"","box":[980,700,1038,714],"words":[{"text":"609,524","box":[980,700,1038,714]}],"linking":[]},{"id":225,"text":"1,156,364","label":"","box":[967,739,1036,751],"words":[{"text":"1,156,364","box":[967,739,1036,751]}],"linking":[]},{"id":226,"text":"304,762","label":"","box":[980,777,1037,792],"words":[{"text":"304,762","box":[980,777,1037,792]}],"linking":[]},{"id":227,"text":"TIÊN","label":"","box":[883,1051,917,1066],"words":[{"text":"TIÊN","box":[883,1051,917,1066]}],"linking":[]},{"id":228,"text":"THUÊ","label":"","box":[926,1051,968,1066],"words":[{"text":"THUÊ","box":[926,1051,968,1066]}],"linking":[]},{"id":229,"text":"GIGT","label":"","box":[975,1051,1017,1067],"words":[{"text":"GIGT","box":[975,1051,1017,1067]}],"linking":[]},{"id":230,"text":"914,286","label":"","box":[972,1172,1029,1185],"words":[{"text":"914,286","box":[972,1172,1029,1185]}],"linking":[]},{"id":231,"text":"1,156,364","label":"","box":[958,1200,1029,1213],"words":[{"text":"1,156,364","box":[958,1200,1029,1213]}],"linking":[]},{"id":232,"text":"2,070,650","label":"","box":[957,1225,1029,1239],"words":[{"text":"2,070,650","box":[957,1225,1029,1239]}],"linking":[]},{"id":233,"text":"Người","label":"","box":[817,1305,860,1320],"words":[{"text":"Người","box":[817,1305,860,1320]}],"linking":[]},{"id":234,"text":"bán","label":"","box":[867,1305,893,1320],"words":[{"text":"bán","box":[867,1305,893,1320]}],"linking":[]},{"id":235,"text":"hàng","label":"","box":[900,1305,934,1320],"words":[{"text":"hàng","box":[900,1305,934,1320]}],"linking":[]},{"id":236,"text":"(","label":"","box":[942,1306,945,1321],"words":[{"text":"(","box":[942,1306,945,1321]}],"linking":[]},{"id":237,"text":"Seller","label":"","box":[947,1306,978,1321],"words":[{"text":"Seller","box":[947,1306,978,1321]}],"linking":[]},{"id":238,"text":")","label":"","box":[981,1306,984,1321],"words":[{"text":")","box":[981,1306,984,1321]}],"linking":[]},{"id":239,"text":"0000566","label":"answer","box":[1039,173,1115,186],"words":[{"text":"0000566","box":[1039,173,1115,186]}],"linking":[[279,239]]},{"id":240,"text":"THÀNH","label":"","box":[1064,606,1115,621],"words":[{"text":"THÀNH","box":[1064,606,1115,621]}],"linking":[]},{"id":241,"text":"TIÊN","label":"","box":[1123,606,1156,621],"words":[{"text":"TIÊN","box":[1123,606,1156,621]}],"linking":[]},{"id":242,"text":"SAU","label":"","box":[1075,628,1102,644],"words":[{"text":"SAU","box":[1075,628,1102,644]}],"linking":[]},{"id":243,"text":"THUẾ","label":"","box":[1109,627,1150,643],"words":[{"text":"THUẾ","box":[1109,627,1150,643]}],"linking":[]},{"id":244,"text":"Amount","label":"","box":[1086,656,1141,667],"words":[{"text":"Amount","box":[1086,656,1141,667]}],"linking":[]},{"id":245,"text":"Signature","label":"","box":[777,1353,846,1370],"words":[{"text":"Signature","box":[777,1353,846,1370]}],"linking":[]},{"id":246,"text":"Valid","label":"","box":[850,1352,890,1368],"words":[{"text":"Valid","box":[850,1352,890,1368]}],"linking":[]},{"id":247,"text":"|","label":"","box":[771,1376,772,1399],"words":[{"text":"|","box":[771,1376,772,1399]}],"linking":[]},{"id":248,"text":"Ký","label":"","box":[774,1375,796,1398],"words":[{"text":"Ký","box":[774,1375,796,1398]}],"linking":[]},{"id":249,"text":"bởi","label":"","box":[803,1375,825,1398],"words":[{"text":"bởi","box":[803,1375,825,1398]}],"linking":[]},{"id":250,"text":":","label":"","box":[829,1375,829,1398],"words":[{"text":":","box":[829,1375,829,1398]}],"linking":[]},{"id":251,"text":"CÔNG","label":"","box":[837,1373,887,1398],"words":[{"text":"CÔNG","box":[837,1373,887,1398]}],"linking":[]},{"id":252,"text":"TY","label":"","box":[893,1374,912,1397],"words":[{"text":"TY","box":[893,1374,912,1397]}],"linking":[]},{"id":253,"text":"CỔ","label":"","box":[923,1374,942,1397],"words":[{"text":"CỔ","box":[923,1374,942,1397]}],"linking":[]},{"id":254,"text":"PHẦN","label":"","box":[951,1372,1000,1397],"words":[{"text":"PHẦN","box":[951,1372,1000,1397]}],"linking":[]},{"id":255,"text":"THỦY","label":"","box":[1007,1373,1054,1396],"words":[{"text":"THỦY","box":[1007,1373,1054,1396]}],"linking":[]},{"id":256,"text":"SẢN","label":"","box":[778,1398,812,1415],"words":[{"text":"SẢN","box":[778,1398,812,1415]}],"linking":[]},{"id":257,"text":"BÌNH","label":"","box":[817,1398,860,1414],"words":[{"text":"BÌNH","box":[817,1398,860,1414]}],"linking":[]},{"id":258,"text":"MINH","label":"","box":[866,1398,914,1414],"words":[{"text":"MINH","box":[866,1398,914,1414]}],"linking":[]},{"id":259,"text":"|","label":"","box":[773,1425,774,1443],"words":[{"text":"|","box":[773,1425,774,1443]}],"linking":[]},{"id":260,"text":"Ngày","label":"","box":[775,1424,813,1442],"words":[{"text":"Ngày","box":[775,1424,813,1442]}],"linking":[]},{"id":261,"text":"ký","label":"","box":[820,1424,834,1442],"words":[{"text":"ký","box":[820,1424,834,1442]}],"linking":[]},{"id":262,"text":":","label":"","box":[838,1424,841,1442],"words":[{"text":":","box":[838,1424,841,1442]}],"linking":[]},{"id":263,"text":"28/03/2022","label":"","box":[848,1422,929,1442],"words":[{"text":"28/03/2022","box":[848,1422,929,1442]}],"linking":[]},{"id":264,"text":"12,800,000","label":"","box":[1089,700,1168,715],"words":[{"text":"12,800,000","box":[1089,700,1168,715]}],"linking":[]},{"id":265,"text":"12,720,000","label":"","box":[1088,739,1169,751],"words":[{"text":"12,720,000","box":[1088,739,1169,751]}],"linking":[]},{"id":266,"text":"6,400,000","label":"","box":[1097,778,1168,790],"words":[{"text":"6,400,000","box":[1097,778,1168,790]}],"linking":[]},{"id":267,"text":"31,920,000","label":"","box":[1088,1017,1168,1030],"words":[{"text":"31,920,000","box":[1088,1017,1168,1030]}],"linking":[]},{"id":268,"text":"GIÁ","label":"","box":[1052,1040,1078,1056],"words":[{"text":"GIÁ","box":[1052,1040,1078,1056]}],"linking":[]},{"id":269,"text":"TRỊ","label":"","box":[1083,1040,1107,1056],"words":[{"text":"TRỊ","box":[1083,1040,1107,1056]}],"linking":[]},{"id":270,"text":"THANH","label":"","box":[1114,1040,1168,1056],"words":[{"text":"THANH","box":[1114,1040,1168,1056]}],"linking":[]},{"id":271,"text":"TOÁN","label":"","box":[1090,1065,1133,1079],"words":[{"text":"TOÁN","box":[1090,1065,1133,1079]}],"linking":[]},{"id":272,"text":"19,200,000","label":"","box":[1080,1173,1161,1185],"words":[{"text":"19,200,000","box":[1080,1173,1161,1185]}],"linking":[]},{"id":273,"text":"12,720,000","label":"","box":[1081,1201,1160,1212],"words":[{"text":"12,720,000","box":[1081,1201,1160,1212]}],"linking":[]},{"id":274,"text":"31,920,000","label":"","box":[1080,1227,1160,1240],"words":[{"text":"31,920,000","box":[1080,1227,1160,1240]}],"linking":[]},{"id":275,"text":"Mẫu số ( Fom ) :","label":"question","box":[874,89.09,981,109.09],"words":[{"text":"Mẫu","box":[874,91,905,108]},{"text":"số","box":[910,92,927,109]},{"text":"(","box":[932,92,937,109]},{"text":"Fom","box":[937,93,959,110]},{"text":")","box":[966,93,974,110]},{"text":":","box":[978,94,981,111]}],"linking":[[275,276]]},{"id":276,"text":"01GTKT0 / 002","label":"answer","box":[1039,95,1141,107],"words":[{"text":"01GTKT0","box":[1039,95,1108,107]},{"text":"/","box":[1109,95,1115,107]},{"text":"002","box":[1114,95,1141,107]}],"linking":[[275,276]]},{"id":277,"text":"Ki hiệu ( Series ) .","label":"question","box":[880.72,132,989.72,149],"words":[{"text":"Ki","box":[875,132,887,146]},{"text":"hiệu","box":[895,133,924,147]},{"text":"(","box":[931,133,936,147]},{"text":"Series","box":[937,134,973,148]},{"text":")","box":[974,135,978,149]},{"text":".","box":[981,135,984,149]}],"linking":[[277,278]]},{"id":278,"text":"BM / 21E","label":"answer","box":[1040,133,1094,145],"words":[{"text":"BM","box":[1040,133,1060,145]},{"text":"/","box":[1063,133,1068,145]},{"text":"21E","box":[1068,133,1094,145]}],"linking":[[277,278]]},{"id":279,"text":"Số ( No. ) .","label":"question","box":[875,167,939,188],"words":[{"text":"Số","box":[875,167,894,184]},{"text":"(","box":[901,168,905,185]},{"text":"No.","box":[905,170,927,186]},{"text":")","box":[928,170,932,187]},{"text":".","box":[938,171,939,188]}],"linking":[[279,239]]},{"id":280,"text":"Đơn vị bán hàng ( ComName ) :","label":"question","box":[68,221,277,240],"words":[{"text":"Đơn","box":[68,221,97,239]},{"text":"vị","box":[104,221,119,239]},{"text":"bán","box":[124,221,148,239]},{"text":"hàng","box":[156,221,189,239]},{"text":"(","box":[196,221,201,239]},{"text":"ComName","box":[203,221,264,240]},{"text":")","box":[267,222,271,240]},{"text":":","box":[274,222,277,240]}],"linking":[[280,281]]},{"id":281,"text":"CÔNG TY CỔ PHẦN THUỶ SẢN BÌNH MINH","label":"answer","box":[330,222,660,236],"words":[{"text":"CÔNG","box":[330,222,378,236]},{"text":"TY","box":[384,222,404,236]},{"text":"CỔ","box":[410,222,432,236]},{"text":"PHẦN","box":[440,222,483,236]},{"text":"THUỶ","box":[489,222,533,236]},{"text":"SẢN","box":[538,222,570,236]},{"text":"BÌNH","box":[578,222,614,236]},{"text":"MINH","box":[621,222,660,236]}],"linking":[[280,281]]},{"id":282,"text":"Mã số thuế ( Tax code )","label":"question","box":[70,249,221,271],"words":[{"text":"Mã","box":[70,250,92,267]},{"text":"số","box":[97,249,114,268]},{"text":"thuế","box":[118,251,149,268]},{"text":"(","box":[156,251,162,269]},{"text":"Tax","box":[162,252,183,270]},{"text":"code","box":[187,253,215,270]},{"text":")","box":[217,253,221,271]}],"linking":[[282,68]]},{"id":283,"text":"Dia chỉ ( Address ) :","label":"question","box":[70,283,193,298],"words":[{"text":"Dia","box":[70,283,94,296]},{"text":"chỉ","box":[99,283,119,297]},{"text":"(","box":[126,283,131,297]},{"text":"Address","box":[129,284,179,297]},{"text":")","box":[180,284,185,298]},{"text":":","box":[189,284,193,298]}],"linking":[[283,284]]},{"id":284,"text":"Số 86/28/1 , Phổ Quang , Phường 2 , Quận Tân Bình , TP.HCM","label":"answer","box":[331,281,770,298],"words":[{"text":"Số","box":[331,281,348,298]},{"text":"86/28/1","box":[356,281,406,298]},{"text":",","box":[411,281,412,298]},{"text":"Phổ","box":[420,281,446,298]},{"text":"Quang","box":[454,281,500,298]},{"text":",","box":[503,281,504,298]},{"text":"Phường","box":[512,281,569,298]},{"text":"2","box":[576,281,583,298]},{"text":",","box":[586,281,587,298]},{"text":"Quận","box":[595,281,632,298]},{"text":"Tân","box":[639,281,665,298]},{"text":"Bình","box":[672,281,703,298]},{"text":",","box":[706,281,707,298]},{"text":"TP.HCM","box":[710,281,770,298]}],"linking":[[283,284]]},{"id":285,"text":"Số tài khoản ( BankNo ) .","label":"question","box":[71,309,230,328],"words":[{"text":"Số","box":[71,309,88,325]},{"text":"tài","box":[95,309,110,325]},{"text":"khoản","box":[118,310,159,326]},{"text":"(","box":[167,311,171,327]},{"text":"BankNo","box":[172,311,216,327]},{"text":")","box":[219,312,223,328]},{"text":".","box":[229,312,230,328]}],"linking":[[285,69]]},{"id":286,"text":"Ngân hàng ( BankName ) :","label":"question","box":[71,338,238,357],"words":[{"text":"Ngân","box":[71,338,107,356]},{"text":"hàng","box":[115,338,148,356]},{"text":"(","box":[155,338,160,356]},{"text":"BankName","box":[162,339,224,357]},{"text":")","box":[228,339,232,357]},{"text":":","box":[235,339,238,357]}],"linking":[[286,287]]},{"id":287,"text":"NH TMCP Công Thương Việt Nam ( Vietinbank ) - CN Tây Sài Gòn , TP.HCM","label":"answer","box":[331,342,880,356],"words":[{"text":"NH","box":[331,342,351,356]},{"text":"TMCP","box":[358,342,403,356]},{"text":"Công","box":[411,342,447,356]},{"text":"Thương","box":[453,342,510,356]},{"text":"Việt","box":[517,342,544,356]},{"text":"Nam","box":[551,342,582,356]},{"text":"(","box":[590,342,594,356]},{"text":"Vietinbank","box":[595,342,668,356]},{"text":")","box":[671,342,675,356]},{"text":"-","box":[681,342,685,356]},{"text":"CN","box":[692,342,712,356]},{"text":"Tây","box":[720,342,746,356]},{"text":"Sài","box":[753,342,774,356]},{"text":"Gòn","box":[781,342,809,356]},{"text":",","box":[812,342,813,356]},{"text":"TP.HCM","box":[820,342,880,356]}],"linking":[[286,287]]},{"id":288,"text":"Họ tên người mua hàng ( Buyer ) :","label":"question","box":[71,391,300,407],"words":[{"text":"Họ","box":[71,391,89,406]},{"text":"tên","box":[96,391,116,406]},{"text":"người","box":[124,391,165,406]},{"text":"mua","box":[172,391,201,406]},{"text":"hàng","box":[209,391,242,407]},{"text":"(","box":[250,392,254,407]},{"text":"Buyer","box":[255,392,289,407]},{"text":")","box":[289,392,293,407]},{"text":":","box":[297,392,300,407]}],"linking":[[288,289]]},{"id":289,"text":"HOÀNG TỰ","label":"answer","box":[433,388,519,405],"words":[{"text":"HOÀNG","box":[433,388,490,404]},{"text":"TỰ","box":[497,388,519,405]}],"linking":[[288,289]]},{"id":290,"text":"Tên đơn vị ( CusName )","label":"question","box":[70,419,222,436],"words":[{"text":"Tên","box":[70,419,96,434]},{"text":"đơn","box":[103,420,130,434]},{"text":"vị","box":[136,420,146,435]},{"text":"(","box":[154,420,158,435]},{"text":"CusName","box":[161,421,218,436]},{"text":")","box":[220,421,222,436]}],"linking":[]},{"id":291,"text":"Mã số thuế ( Tax code )","label":"question","box":[71,444,221,465],"words":[{"text":"Mã","box":[71,444,92,462]},{"text":"số","box":[98,444,114,462]},{"text":"thuế","box":[119,445,150,463]},{"text":"(","box":[157,445,162,463]},{"text":"Tax","box":[163,446,183,464]},{"text":"code","box":[188,447,215,465]},{"text":")","box":[218,447,221,465]}],"linking":[]},{"id":292,"text":"Địa chỉ ( Address )","label":"question","box":[70,474,183,492],"words":[{"text":"Địa","box":[70,474,93,491]},{"text":"chỉ","box":[100,474,121,491]},{"text":"(","box":[125,474,130,491]},{"text":"Address","box":[131,475,179,492]},{"text":")","box":[181,475,183,492]}],"linking":[[292,293]]},{"id":293,"text":"Xóm Hồng Phong , Xã An Hòa , Quỳnh Lưu , Nghệ An","label":"answer","box":[432,474,812,491],"words":[{"text":"Xóm","box":[432,474,463,491]},{"text":"Hồng","box":[471,474,507,491]},{"text":"Phong","box":[515,474,559,491]},{"text":",","box":[562,474,563,491]},{"text":"Xã","box":[570,474,588,491]},{"text":"An","box":[595,474,613,491]},{"text":"Hòa","box":[621,474,648,491]},{"text":",","box":[651,474,652,491]},{"text":"Quỳnh","box":[660,474,705,491]},{"text":"Lưu","box":[713,474,739,491]},{"text":",","box":[742,474,743,491]},{"text":"Nghệ","box":[751,474,787,491]},{"text":"An","box":[794,474,812,491]}],"linking":[[292,293]]},{"id":294,"text":"Hình thức thanh toán ( Method of payment )","label":"question","box":[71,503,353,522],"words":[{"text":"Hình","box":[71,503,103,520]},{"text":"thức","box":[109,503,141,520]},{"text":"thanh","box":[147,503,186,520]},{"text":"toán","box":[192,503,222,521]},{"text":"(","box":[230,504,234,521]},{"text":"Method","box":[235,504,279,521]},{"text":"of","box":[286,504,293,521]},{"text":"payment","box":[297,504,349,522]},{"text":")","box":[351,505,353,522]}],"linking":[[294,295]]},{"id":295,"text":"Chuyển khoản / Tiền mặt","label":"answer","box":[433,503,605,520],"words":[{"text":"Chuyển","box":[433,503,486,520]},{"text":"khoản","box":[494,503,533,520]},{"text":"/","box":[537,503,542,520]},{"text":"Tiền","box":[544,503,572,520]},{"text":"mặt","box":[580,503,605,520]}],"linking":[[294,295]]},{"id":296,"text":"Số tài khoản ( A / C No )","label":"question","box":[684,502,834,522],"words":[{"text":"Số","box":[684,502,703,517]},{"text":"tài","box":[708,502,726,518]},{"text":"khoản","box":[731,503,775,518]},{"text":"(","box":[782,504,785,520]},{"text":"A","box":[786,504,791,520]},{"text":"/","box":[793,504,799,520]},{"text":"C","box":[801,505,808,521]},{"text":"No","box":[812,506,828,521]},{"text":")","box":[829,506,834,522]}],"linking":[]},{"id":297,"text":"Ngân hàng ( Bank Name )","label":"question","box":[71,535,235,549],"words":[{"text":"Ngân","box":[71,535,107,549]},{"text":"hàng","box":[115,535,148,549]},{"text":"(","box":[156,535,159,549]},{"text":"Bank","box":[162,535,191,549]},{"text":"Name","box":[195,535,230,549]},{"text":")","box":[233,535,235,549]}],"linking":[]}]