[{"id":0,"text":"STT","label":"","box":[63,621,92,632],"words":[{"text":"STT","box":[63,621,92,632]}],"linking":[]},{"id":1,"text":"No.","label":"","box":[66,644,89,656],"words":[{"text":"No.","box":[66,644,89,656]}],"linking":[]},{"id":2,"text":"1","label":"","box":[73,701,80,712],"words":[{"text":"1","box":[73,701,80,712]}],"linking":[]},{"id":3,"text":"2","label":"","box":[72,739,82,749],"words":[{"text":"2","box":[72,739,82,749]}],"linking":[]},{"id":4,"text":"3","label":"","box":[72,778,82,789],"words":[{"text":"3","box":[72,778,82,789]}],"linking":[]},{"id":5,"text":"4","label":"","box":[72,817,80,828],"words":[{"text":"4","box":[72,817,80,828]}],"linking":[]},{"id":6,"text":"5","label":"","box":[72,854,83,866],"words":[{"text":"5","box":[72,854,83,866]}],"linking":[]},{"id":7,"text":"6","label":"","box":[73,894,81,904],"words":[{"text":"6","box":[73,894,81,904]}],"linking":[]},{"id":8,"text":"7","label":"","box":[72,932,82,944],"words":[{"text":"7","box":[72,932,82,944]}],"linking":[]},{"id":9,"text":"Đơn","label":"","box":[173,56,197,71],"words":[{"text":"Đơn","box":[173,56,197,71]}],"linking":[]},{"id":10,"text":"vị","label":"","box":[203,56,211,71],"words":[{"text":"vị","box":[203,56,211,71]}],"linking":[]},{"id":11,"text":"hỗ","label":"","box":[215,56,229,71],"words":[{"text":"hỗ","box":[215,56,229,71]}],"linking":[]},{"id":12,"text":"trợ","label":"","box":[234,56,250,71],"words":[{"text":"trợ","box":[234,56,250,71]}],"linking":[]},{"id":13,"text":"cung","label":"","box":[254,56,282,71],"words":[{"text":"cung","box":[254,56,282,71]}],"linking":[]},{"id":14,"text":"cấp","label":"","box":[287,56,307,71],"words":[{"text":"cấp","box":[287,56,307,71]}],"linking":[]},{"id":15,"text":"công","label":"","box":[312,56,339,71],"words":[{"text":"công","box":[312,56,339,71]}],"linking":[]},{"id":16,"text":"cụ","label":"","box":[344,56,357,71],"words":[{"text":"cụ","box":[344,56,357,71]}],"linking":[]},{"id":17,"text":"phát","label":"","box":[361,56,387,71],"words":[{"text":"phát","box":[361,56,387,71]}],"linking":[]},{"id":18,"text":"hành","label":"","box":[392,56,420,71],"words":[{"text":"hành","box":[392,56,420,71]}],"linking":[]},{"id":19,"text":"hóa","label":"","box":[425,56,446,71],"words":[{"text":"hóa","box":[425,56,446,71]}],"linking":[]},{"id":20,"text":"đơn","label":"","box":[451,56,473,71],"words":[{"text":"đơn","box":[451,56,473,71]}],"linking":[]},{"id":21,"text":"điện","label":"","box":[478,56,502,71],"words":[{"text":"điện","box":[478,56,502,71]}],"linking":[]},{"id":22,"text":"tử","label":"","box":[507,56,514,71],"words":[{"text":"tử","box":[507,56,514,71]}],"linking":[]},{"id":23,"text":":","label":"","box":[518,56,521,71],"words":[{"text":":","box":[518,56,521,71]}],"linking":[]},{"id":24,"text":"Công","label":"","box":[527,56,557,71],"words":[{"text":"Công","box":[527,56,557,71]}],"linking":[]},{"id":25,"text":"ty","label":"","box":[562,56,572,71],"words":[{"text":"ty","box":[562,56,572,71]}],"linking":[]},{"id":26,"text":"Cổ","label":"","box":[576,56,592,71],"words":[{"text":"Cổ","box":[576,56,592,71]}],"linking":[]},{"id":27,"text":"phần","label":"","box":[596,56,625,71],"words":[{"text":"phần","box":[596,56,625,71]}],"linking":[]},{"id":28,"text":"Định","label":"","box":[630,56,656,71],"words":[{"text":"Định","box":[630,56,656,71]}],"linking":[]},{"id":29,"text":"Gia","label":"","box":[661,56,680,71],"words":[{"text":"Gia","box":[661,56,680,71]}],"linking":[]},{"id":30,"text":"Nét","label":"","box":[686,56,706,71],"words":[{"text":"Nét","box":[686,56,706,71]}],"linking":[]},{"id":31,"text":"-","label":"","box":[710,56,713,71],"words":[{"text":"-","box":[710,56,713,71]}],"linking":[]},{"id":32,"text":"DigiNet","label":"","box":[718,56,761,71],"words":[{"text":"DigiNet","box":[718,56,761,71]}],"linking":[]},{"id":33,"text":"Corp","label":"","box":[765,56,791,71],"words":[{"text":"Corp","box":[765,56,791,71]}],"linking":[]},{"id":34,"text":",","label":"","box":[793,56,795,71],"words":[{"text":",","box":[793,56,795,71]}],"linking":[]},{"id":35,"text":"MST","label":"","box":[801,56,825,71],"words":[{"text":"MST","box":[801,56,825,71]}],"linking":[]},{"id":36,"text":":","label":"","box":[828,56,832,71],"words":[{"text":":","box":[828,56,832,71]}],"linking":[]},{"id":37,"text":"0303359278","label":"","box":[837,56,907,71],"words":[{"text":"0303359278","box":[837,56,907,71]}],"linking":[]},{"id":38,"text":",","label":"","box":[910,56,912,71],"words":[{"text":",","box":[910,56,912,71]}],"linking":[]},{"id":39,"text":"Điện","label":"","box":[918,56,944,71],"words":[{"text":"Điện","box":[918,56,944,71]}],"linking":[]},{"id":40,"text":"thoại","label":"","box":[949,56,977,71],"words":[{"text":"thoại","box":[949,56,977,71]}],"linking":[]},{"id":41,"text":":","label":"","box":[979,56,980,71],"words":[{"text":":","box":[979,56,980,71]}],"linking":[]},{"id":42,"text":"028","label":"","box":[985,56,1006,71],"words":[{"text":"028","box":[985,56,1006,71]}],"linking":[]},{"id":43,"text":"35123878","label":"","box":[1011,56,1069,71],"words":[{"text":"35123878","box":[1011,56,1069,71]}],"linking":[]},{"id":44,"text":"HÓA","label":"","box":[389,94,453,128],"words":[{"text":"HÓA","box":[389,94,453,128]}],"linking":[]},{"id":45,"text":"ĐƠN","label":"","box":[462,94,532,128],"words":[{"text":"ĐƠN","box":[462,94,532,128]}],"linking":[]},{"id":46,"text":"GIÁ","label":"","box":[545,94,597,128],"words":[{"text":"GIÁ","box":[545,94,597,128]}],"linking":[]},{"id":47,"text":"TRỊ","label":"","box":[606,94,654,128],"words":[{"text":"TRỊ","box":[606,94,654,128]}],"linking":[]},{"id":48,"text":"GIA","label":"","box":[666,94,718,128],"words":[{"text":"GIA","box":[666,94,718,128]}],"linking":[]},{"id":49,"text":"TĂNG","label":"","box":[728,94,811,128],"words":[{"text":"TĂNG","box":[728,94,811,128]}],"linking":[]},{"id":50,"text":"VAT","label":"","box":[522,144,572,162],"words":[{"text":"VAT","box":[522,144,572,162]}],"linking":[]},{"id":51,"text":"INVOICE","label":"","box":[578,144,681,162],"words":[{"text":"INVOICE","box":[578,144,681,162]}],"linking":[]},{"id":52,"text":"Ngày","label":"","box":[431,177,466,194],"words":[{"text":"Ngày","box":[431,177,466,194]}],"linking":[]},{"id":53,"text":"(","label":"","box":[473,177,476,193],"words":[{"text":"(","box":[473,177,476,193]}],"linking":[]},{"id":54,"text":"Date","label":"","box":[477,177,503,193],"words":[{"text":"Date","box":[477,177,503,193]}],"linking":[]},{"id":55,"text":")","label":"","box":[506,177,509,193],"words":[{"text":")","box":[506,177,509,193]}],"linking":[]},{"id":56,"text":"25","label":"","box":[514,177,531,193],"words":[{"text":"25","box":[514,177,531,193]}],"linking":[]},{"id":57,"text":"tháng","label":"","box":[537,177,576,193],"words":[{"text":"tháng","box":[537,177,576,193]}],"linking":[]},{"id":58,"text":"(","label":"","box":[584,177,587,193],"words":[{"text":"(","box":[584,177,587,193]}],"linking":[]},{"id":59,"text":"month","label":"","box":[586,177,623,193],"words":[{"text":"month","box":[586,177,623,193]}],"linking":[]},{"id":60,"text":")","label":"","box":[626,177,629,193],"words":[{"text":")","box":[626,177,629,193]}],"linking":[]},{"id":61,"text":"03","label":"","box":[634,176,651,193],"words":[{"text":"03","box":[634,176,651,193]}],"linking":[]},{"id":62,"text":"năm","label":"","box":[658,176,686,192],"words":[{"text":"năm","box":[658,176,686,192]}],"linking":[]},{"id":63,"text":"(","label":"","box":[695,176,699,192],"words":[{"text":"(","box":[695,176,699,192]}],"linking":[]},{"id":64,"text":"year","label":"","box":[699,176,723,192],"words":[{"text":"year","box":[699,176,723,192]}],"linking":[]},{"id":65,"text":")","label":"","box":[726,176,729,192],"words":[{"text":")","box":[726,176,729,192]}],"linking":[]},{"id":66,"text":"2022","label":"","box":[734,176,768,192],"words":[{"text":"2022","box":[734,176,768,192]}],"linking":[]},{"id":67,"text":"8","label":"","box":[72,971,82,982],"words":[{"text":"8","box":[72,971,82,982]}],"linking":[]},{"id":68,"text":"BINH","label":"","box":[161,172,189,185],"words":[{"text":"BINH","box":[161,172,189,185]}],"linking":[]},{"id":69,"text":"MINH","label":"","box":[196,172,229,184],"words":[{"text":"MINH","box":[196,172,229,184]}],"linking":[]},{"id":70,"text":"10","label":"","box":[70,1049,85,1060],"words":[{"text":"10","box":[70,1049,85,1060]}],"linking":[]},{"id":71,"text":"TÊN","label":"","box":[177,616,207,634],"words":[{"text":"TÊN","box":[177,616,207,634]}],"linking":[]},{"id":72,"text":"HÀNG","label":"","box":[214,617,257,634],"words":[{"text":"HÀNG","box":[214,617,257,634]}],"linking":[]},{"id":73,"text":"HÓA","label":"","box":[262,617,292,635],"words":[{"text":"HÓA","box":[262,617,292,635]}],"linking":[]},{"id":74,"text":",","label":"","box":[295,617,298,635],"words":[{"text":",","box":[295,617,298,635]}],"linking":[]},{"id":75,"text":"DỊCH","label":"","box":[306,617,342,636],"words":[{"text":"DỊCH","box":[306,617,342,636]}],"linking":[]},{"id":76,"text":"VỤ","label":"","box":[347,618,368,636],"words":[{"text":"VỤ","box":[347,618,368,636]}],"linking":[]},{"id":77,"text":"Description","label":"","box":[234,645,312,659],"words":[{"text":"Description","box":[234,645,312,659]}],"linking":[]},{"id":78,"text":"PL","label":"","box":[105,701,124,712],"words":[{"text":"PL","box":[105,701,124,712]}],"linking":[]},{"id":79,"text":"FEED","label":"","box":[131,701,171,712],"words":[{"text":"FEED","box":[131,701,171,712]}],"linking":[]},{"id":80,"text":"RACEWAY","label":"","box":[178,701,260,712],"words":[{"text":"RACEWAY","box":[178,701,260,712]}],"linking":[]},{"id":81,"text":"1","label":"","box":[268,701,272,712],"words":[{"text":"1","box":[268,701,272,712]}],"linking":[]},{"id":82,"text":"2KG","label":"","box":[280,701,311,712],"words":[{"text":"2KG","box":[280,701,311,712]}],"linking":[]},{"id":83,"text":"PL","label":"","box":[105,739,124,750],"words":[{"text":"PL","box":[105,739,124,750]}],"linking":[]},{"id":84,"text":"FEED","label":"","box":[130,739,171,750],"words":[{"text":"FEED","box":[130,739,171,750]}],"linking":[]},{"id":85,"text":"RACEWAY","label":"","box":[178,739,260,750],"words":[{"text":"RACEWAY","box":[178,739,260,750]}],"linking":[]},{"id":86,"text":"2","label":"","box":[266,739,273,750],"words":[{"text":"2","box":[266,739,273,750]}],"linking":[]},{"id":87,"text":"2KG","label":"","box":[280,739,311,750],"words":[{"text":"2KG","box":[280,739,311,750]}],"linking":[]},{"id":88,"text":"PL","label":"","box":[105,777,124,789],"words":[{"text":"PL","box":[105,777,124,789]}],"linking":[]},{"id":89,"text":"FEED","label":"","box":[130,777,172,789],"words":[{"text":"FEED","box":[130,777,172,789]}],"linking":[]},{"id":90,"text":"RACEWAY","label":"","box":[178,777,260,789],"words":[{"text":"RACEWAY","box":[178,777,260,789]}],"linking":[]},{"id":91,"text":"0","label":"","box":[266,777,273,789],"words":[{"text":"0","box":[266,777,273,789]}],"linking":[]},{"id":92,"text":"2KG","label":"","box":[280,777,311,789],"words":[{"text":"2KG","box":[280,777,311,789]}],"linking":[]},{"id":93,"text":"AMINA","label":"","box":[104,816,155,828],"words":[{"text":"AMINA","box":[104,816,155,828]}],"linking":[]},{"id":94,"text":"5","label":"","box":[161,816,168,827],"words":[{"text":"5","box":[161,816,168,827]}],"linking":[]},{"id":95,"text":"KG","label":"","box":[175,816,196,827],"words":[{"text":"KG","box":[175,816,196,827]}],"linking":[]},{"id":96,"text":"RACEWAY","label":"","box":[105,854,187,867],"words":[{"text":"RACEWAY","box":[105,854,187,867]}],"linking":[]},{"id":97,"text":"AQUACLEAR","label":"","box":[192,854,292,867],"words":[{"text":"AQUACLEAR","box":[192,854,292,867]}],"linking":[]},{"id":98,"text":"100ML","label":"","box":[300,854,348,867],"words":[{"text":"100ML","box":[300,854,348,867]}],"linking":[]},{"id":99,"text":"RACEWAY","label":"","box":[105,893,186,905],"words":[{"text":"RACEWAY","box":[105,893,186,905]}],"linking":[]},{"id":100,"text":"DINE","label":"","box":[193,893,230,905],"words":[{"text":"DINE","box":[193,893,230,905]}],"linking":[]},{"id":101,"text":"MAX","label":"","box":[238,893,270,905],"words":[{"text":"MAX","box":[238,893,270,905]}],"linking":[]},{"id":102,"text":"500ML","label":"","box":[277,893,326,905],"words":[{"text":"500ML","box":[277,893,326,905]}],"linking":[]},{"id":103,"text":"RACEWAY","label":"","box":[105,933,186,945],"words":[{"text":"RACEWAY","box":[105,933,186,945]}],"linking":[]},{"id":104,"text":"ETROVIT","label":"","box":[193,933,263,945],"words":[{"text":"ETROVIT","box":[193,933,263,945]}],"linking":[]},{"id":105,"text":"500GR","label":"","box":[269,933,319,945],"words":[{"text":"500GR","box":[269,933,319,945]}],"linking":[]},{"id":106,"text":"RACEWAY","label":"","box":[105,970,187,982],"words":[{"text":"RACEWAY","box":[105,970,187,982]}],"linking":[]},{"id":107,"text":"HEPATOS","label":"","box":[193,970,269,982],"words":[{"text":"HEPATOS","box":[193,970,269,982]}],"linking":[]},{"id":108,"text":"250ML","label":"","box":[276,970,325,982],"words":[{"text":"250ML","box":[276,970,325,982]}],"linking":[]},{"id":109,"text":"9","label":"","box":[72,1010,81,1021],"words":[{"text":"9","box":[72,1010,81,1021]}],"linking":[]},{"id":110,"text":"RACEWAY","label":"","box":[105,1009,187,1022],"words":[{"text":"RACEWAY","box":[105,1009,187,1022]}],"linking":[]},{"id":111,"text":"DIGEST","label":"","box":[193,1009,252,1022],"words":[{"text":"DIGEST","box":[193,1009,252,1022]}],"linking":[]},{"id":112,"text":"250ML","label":"","box":[258,1009,307,1022],"words":[{"text":"250ML","box":[258,1009,307,1022]}],"linking":[]},{"id":113,"text":"0303880297","label":"answer","box":[330,254,419,265],"words":[{"text":"0303880297","box":[330,254,419,265]}],"linking":[[307,113]]},{"id":114,"text":"112002622316","label":"answer","box":[331,311,439,323],"words":[{"text":"112002622316","box":[331,311,439,323]}],"linking":[[310,114]]},{"id":115,"text":"RACEWAY","label":"","box":[105,1048,186,1060],"words":[{"text":"RACEWAY","box":[105,1048,186,1060]}],"linking":[]},{"id":116,"text":"LIVER","label":"","box":[193,1048,239,1060],"words":[{"text":"LIVER","box":[193,1048,239,1060]}],"linking":[]},{"id":117,"text":"250GR","label":"","box":[244,1048,295,1060],"words":[{"text":"250GR","box":[244,1048,295,1060]}],"linking":[]},{"id":118,"text":"11","label":"","box":[70,1087,85,1099],"words":[{"text":"11","box":[70,1087,85,1099]}],"linking":[]},{"id":119,"text":"RACEWAY","label":"","box":[105,1087,186,1099],"words":[{"text":"RACEWAY","box":[105,1087,186,1099]}],"linking":[]},{"id":120,"text":"PROBIO","label":"","box":[193,1087,255,1099],"words":[{"text":"PROBIO","box":[193,1087,255,1099]}],"linking":[]},{"id":121,"text":"250GR","label":"","box":[260,1087,311,1100],"words":[{"text":"250GR","box":[260,1087,311,1100]}],"linking":[]},{"id":122,"text":"TỔNG","label":"","box":[210,1154,255,1169],"words":[{"text":"TỔNG","box":[210,1154,255,1169]}],"linking":[]},{"id":123,"text":"HỢP","label":"","box":[262,1156,297,1171],"words":[{"text":"HỢP","box":[262,1156,297,1171]}],"linking":[]},{"id":124,"text":"Tổng","label":"","box":[76,1194,111,1211],"words":[{"text":"Tổng","box":[76,1194,111,1211]}],"linking":[]},{"id":125,"text":"tiền","label":"","box":[117,1194,142,1211],"words":[{"text":"tiền","box":[117,1194,142,1211]}],"linking":[]},{"id":126,"text":"không","label":"","box":[150,1194,191,1211],"words":[{"text":"không","box":[150,1194,191,1211]}],"linking":[]},{"id":127,"text":"kê","label":"","box":[199,1194,213,1211],"words":[{"text":"kê","box":[199,1194,213,1211]}],"linking":[]},{"id":128,"text":"khai","label":"","box":[221,1194,248,1211],"words":[{"text":"khai","box":[221,1194,248,1211]}],"linking":[]},{"id":129,"text":"và","label":"","box":[254,1194,270,1211],"words":[{"text":"và","box":[254,1194,270,1211]}],"linking":[]},{"id":130,"text":"nộp","label":"","box":[277,1194,302,1211],"words":[{"text":"nộp","box":[277,1194,302,1211]}],"linking":[]},{"id":131,"text":"thuế","label":"","box":[308,1194,338,1211],"words":[{"text":"thuế","box":[308,1194,338,1211]}],"linking":[]},{"id":132,"text":":","label":"","box":[341,1194,342,1211],"words":[{"text":":","box":[341,1194,342,1211]}],"linking":[]},{"id":133,"text":"Tổng","label":"","box":[76,1221,111,1238],"words":[{"text":"Tổng","box":[76,1221,111,1238]}],"linking":[]},{"id":134,"text":"tiền","label":"","box":[117,1221,142,1238],"words":[{"text":"tiền","box":[117,1221,142,1238]}],"linking":[]},{"id":135,"text":"không","label":"","box":[150,1221,191,1238],"words":[{"text":"không","box":[150,1221,191,1238]}],"linking":[]},{"id":136,"text":"chịu","label":"","box":[198,1221,226,1238],"words":[{"text":"chịu","box":[198,1221,226,1238]}],"linking":[]},{"id":137,"text":"thuế","label":"","box":[232,1221,262,1238],"words":[{"text":"thuế","box":[232,1221,262,1238]}],"linking":[]},{"id":138,"text":"GTGT","label":"","box":[270,1221,314,1238],"words":[{"text":"GTGT","box":[270,1221,314,1238]}],"linking":[]},{"id":139,"text":":","label":"","box":[316,1221,317,1238],"words":[{"text":":","box":[316,1221,317,1238]}],"linking":[]},{"id":140,"text":"Tổng","label":"","box":[76,1246,110,1267],"words":[{"text":"Tổng","box":[76,1246,110,1267]}],"linking":[]},{"id":141,"text":"tiền","label":"","box":[116,1246,141,1266],"words":[{"text":"tiền","box":[116,1246,141,1266]}],"linking":[]},{"id":142,"text":"chịu","label":"","box":[148,1245,176,1266],"words":[{"text":"chịu","box":[148,1245,176,1266]}],"linking":[]},{"id":143,"text":"thuế","label":"","box":[182,1245,212,1265],"words":[{"text":"thuế","box":[182,1245,212,1265]}],"linking":[]},{"id":144,"text":"suất","label":"","box":[220,1244,248,1265],"words":[{"text":"suất","box":[220,1244,248,1265]}],"linking":[]},{"id":145,"text":":","label":"","box":[251,1244,254,1264],"words":[{"text":":","box":[251,1244,254,1264]}],"linking":[]},{"id":146,"text":"Tổng","label":"","box":[76,1273,110,1291],"words":[{"text":"Tổng","box":[76,1273,110,1291]}],"linking":[]},{"id":147,"text":"tiền","label":"","box":[116,1273,141,1290],"words":[{"text":"tiền","box":[116,1273,141,1290]}],"linking":[]},{"id":148,"text":"chịu","label":"","box":[149,1273,176,1290],"words":[{"text":"chịu","box":[149,1273,176,1290]}],"linking":[]},{"id":149,"text":"thuế","label":"","box":[182,1273,212,1290],"words":[{"text":"thuế","box":[182,1273,212,1290]}],"linking":[]},{"id":150,"text":"suất","label":"","box":[220,1272,248,1290],"words":[{"text":"suất","box":[220,1272,248,1290]}],"linking":[]},{"id":151,"text":"Tổng","label":"","box":[77,1297,108,1319],"words":[{"text":"Tổng","box":[77,1297,108,1319]}],"linking":[]},{"id":152,"text":"tiền","label":"","box":[116,1297,140,1319],"words":[{"text":"tiền","box":[116,1297,140,1319]}],"linking":[]},{"id":153,"text":"chịu","label":"","box":[149,1297,172,1319],"words":[{"text":"chịu","box":[149,1297,172,1319]}],"linking":[]},{"id":154,"text":"thuế","label":"","box":[181,1297,211,1319],"words":[{"text":"thuế","box":[181,1297,211,1319]}],"linking":[]},{"id":155,"text":"suất","label":"","box":[218,1297,247,1319],"words":[{"text":"suất","box":[218,1297,247,1319]}],"linking":[]},{"id":156,"text":"Tổng","label":"","box":[76,1325,110,1345],"words":[{"text":"Tổng","box":[76,1325,110,1345]}],"linking":[]},{"id":157,"text":"cộng","label":"","box":[116,1325,150,1344],"words":[{"text":"cộng","box":[116,1325,150,1344]}],"linking":[]},{"id":158,"text":"tiền","label":"","box":[157,1325,181,1344],"words":[{"text":"tiền","box":[157,1325,181,1344]}],"linking":[]},{"id":159,"text":"thanh","label":"","box":[188,1325,227,1344],"words":[{"text":"thanh","box":[188,1325,227,1344]}],"linking":[]},{"id":160,"text":"toán","label":"","box":[233,1324,261,1344],"words":[{"text":"toán","box":[233,1324,261,1344]}],"linking":[]},{"id":161,"text":":","label":"","box":[264,1324,266,1343],"words":[{"text":":","box":[264,1324,266,1343]}],"linking":[]},{"id":162,"text":"ĐƠN","label":"","box":[463,609,497,622],"words":[{"text":"ĐƠN","box":[463,609,497,622]}],"linking":[]},{"id":163,"text":"VỊ","label":"","box":[503,609,516,622],"words":[{"text":"VỊ","box":[503,609,516,622]}],"linking":[]},{"id":164,"text":"ΤΙΝΗ","label":"","box":[475,627,508,644],"words":[{"text":"ΤΙΝΗ","box":[475,627,508,644]}],"linking":[]},{"id":165,"text":"Unit","label":"","box":[480,657,508,667],"words":[{"text":"Unit","box":[480,657,508,667]}],"linking":[]},{"id":166,"text":"Túi","label":"","box":[480,700,503,711],"words":[{"text":"Túi","box":[480,700,503,711]}],"linking":[]},{"id":167,"text":"Túi","label":"","box":[480,738,504,749],"words":[{"text":"Túi","box":[480,738,504,749]}],"linking":[]},{"id":168,"text":"Túi","label":"","box":[480,777,504,789],"words":[{"text":"Túi","box":[480,777,504,789]}],"linking":[]},{"id":169,"text":"Bao","label":"","box":[478,817,506,827],"words":[{"text":"Bao","box":[478,817,506,827]}],"linking":[]},{"id":170,"text":"Chai","label":"","box":[476,854,510,866],"words":[{"text":"Chai","box":[476,854,510,866]}],"linking":[]},{"id":171,"text":"Chai","label":"","box":[476,893,510,905],"words":[{"text":"Chai","box":[476,893,510,905]}],"linking":[]},{"id":172,"text":"Hũ","label":"","box":[482,933,499,944],"words":[{"text":"Hũ","box":[482,933,499,944]}],"linking":[]},{"id":173,"text":"Chai","label":"","box":[476,970,509,982],"words":[{"text":"Chai","box":[476,970,509,982]}],"linking":[]},{"id":174,"text":"Chai","label":"","box":[475,1010,510,1020],"words":[{"text":"Chai","box":[475,1010,510,1020]}],"linking":[]},{"id":175,"text":"Hũ","label":"","box":[482,1049,499,1060],"words":[{"text":"Hũ","box":[482,1049,499,1060]}],"linking":[]},{"id":176,"text":"Hũ","label":"","box":[482,1087,501,1099],"words":[{"text":"Hũ","box":[482,1087,501,1099]}],"linking":[]},{"id":177,"text":"SÓ","label":"","box":[556,606,577,619],"words":[{"text":"SÓ","box":[556,606,577,619]}],"linking":[]},{"id":178,"text":"|","label":"","box":[536,630,537,646],"words":[{"text":"|","box":[536,630,537,646]}],"linking":[]},{"id":179,"text":"LƯỢNG","label":"","box":[539,628,595,646],"words":[{"text":"LƯỢNG","box":[539,628,595,646]}],"linking":[]},{"id":180,"text":"Quantity","label":"","box":[542,657,601,670],"words":[{"text":"Quantity","box":[542,657,601,670]}],"linking":[]},{"id":181,"text":"X","label":"","box":[521,1200,530,1208],"words":[{"text":"X","box":[521,1200,530,1208]}],"linking":[]},{"id":182,"text":"20","label":"","box":[561,701,576,711],"words":[{"text":"20","box":[561,701,576,711]}],"linking":[]},{"id":183,"text":"X","label":"","box":[521,1227,532,1236],"words":[{"text":"X","box":[521,1227,532,1236]}],"linking":[]},{"id":184,"text":"0","label":"","box":[514,1250,523,1261],"words":[{"text":"0","box":[514,1250,523,1261]}],"linking":[]},{"id":185,"text":"%","label":"","box":[523,1250,536,1261],"words":[{"text":"%","box":[523,1250,536,1261]}],"linking":[]},{"id":186,"text":"5","label":"","box":[514,1277,524,1288],"words":[{"text":"5","box":[514,1277,524,1288]}],"linking":[]},{"id":187,"text":"%","label":"","box":[523,1277,536,1288],"words":[{"text":"%","box":[523,1277,536,1288]}],"linking":[]},{"id":188,"text":"10","label":"","box":[512,1303,527,1314],"words":[{"text":"10","box":[512,1303,527,1314]}],"linking":[]},{"id":189,"text":"%","label":"","box":[527,1303,540,1314],"words":[{"text":"%","box":[527,1303,540,1314]}],"linking":[]},{"id":190,"text":"60","label":"","box":[561,739,577,750],"words":[{"text":"60","box":[561,739,577,750]}],"linking":[]},{"id":191,"text":"5","label":"","box":[565,778,575,788],"words":[{"text":"5","box":[565,778,575,788]}],"linking":[]},{"id":192,"text":"10","label":"","box":[562,817,577,828],"words":[{"text":"10","box":[562,817,577,828]}],"linking":[]},{"id":193,"text":"2","label":"","box":[564,855,575,866],"words":[{"text":"2","box":[564,855,575,866]}],"linking":[]},{"id":194,"text":"2","label":"","box":[565,894,576,905],"words":[{"text":"2","box":[565,894,576,905]}],"linking":[]},{"id":195,"text":"6","label":"","box":[565,933,573,943],"words":[{"text":"6","box":[565,933,573,943]}],"linking":[]},{"id":196,"text":"4","label":"","box":[565,971,574,982],"words":[{"text":"4","box":[565,971,574,982]}],"linking":[]},{"id":197,"text":"4","label":"","box":[566,1010,574,1019],"words":[{"text":"4","box":[566,1010,574,1019]}],"linking":[]},{"id":198,"text":"2","label":"","box":[564,1049,575,1060],"words":[{"text":"2","box":[564,1049,575,1060]}],"linking":[]},{"id":199,"text":"THUÊ","label":"","box":[481,1155,523,1169],"words":[{"text":"THUÊ","box":[481,1155,523,1169]}],"linking":[]},{"id":200,"text":"SUẤT","label":"","box":[531,1155,572,1169],"words":[{"text":"SUẤT","box":[531,1155,572,1169]}],"linking":[]},{"id":201,"text":"10","label":"","box":[562,1088,577,1099],"words":[{"text":"10","box":[562,1088,577,1099]}],"linking":[]},{"id":202,"text":"ĐƠN","label":"","box":[637,618,671,632],"words":[{"text":"ĐƠN","box":[637,618,671,632]}],"linking":[]},{"id":203,"text":"GIÁ","label":"","box":[679,618,704,632],"words":[{"text":"GIÁ","box":[679,618,704,632]}],"linking":[]},{"id":204,"text":"Price","label":"","box":[654,645,689,655],"words":[{"text":"Price","box":[654,645,689,655]}],"linking":[]},{"id":205,"text":"THÀNH","label":"","box":[752,618,803,632],"words":[{"text":"THÀNH","box":[752,618,803,632]}],"linking":[]},{"id":206,"text":"TIÊN","label":"","box":[810,618,843,632],"words":[{"text":"TIÊN","box":[810,618,843,632]}],"linking":[]},{"id":207,"text":"Total","label":"","box":[782,644,816,656],"words":[{"text":"Total","box":[782,644,816,656]}],"linking":[]},{"id":208,"text":"180,000.000","label":"","box":[637,699,725,714],"words":[{"text":"180,000.000","box":[637,699,725,714]}],"linking":[]},{"id":209,"text":"162,000.000","label":"","box":[638,739,727,751],"words":[{"text":"162,000.000","box":[638,739,727,751]}],"linking":[]},{"id":210,"text":"198,000.000","label":"","box":[638,776,726,791],"words":[{"text":"198,000.000","box":[638,776,726,791]}],"linking":[]},{"id":211,"text":"165,000.000","label":"","box":[638,816,726,829],"words":[{"text":"165,000.000","box":[638,816,726,829]}],"linking":[]},{"id":212,"text":"109,523.810","label":"","box":[637,855,726,867],"words":[{"text":"109,523.810","box":[637,855,726,867]}],"linking":[]},{"id":213,"text":"1,650,000","label":"","box":[779,817,850,830],"words":[{"text":"1,650,000","box":[779,817,850,830]}],"linking":[]},{"id":214,"text":"219,048","label":"","box":[791,854,848,867],"words":[{"text":"219,048","box":[791,854,848,867]}],"linking":[]},{"id":215,"text":"180,000.000","label":"","box":[637,892,726,907],"words":[{"text":"180,000.000","box":[637,892,726,907]}],"linking":[]},{"id":216,"text":"66,000.000","label":"","box":[645,933,726,945],"words":[{"text":"66,000.000","box":[645,933,726,945]}],"linking":[]},{"id":217,"text":"100,000.000","label":"","box":[637,968,726,984],"words":[{"text":"100,000.000","box":[637,968,726,984]}],"linking":[]},{"id":218,"text":"360,000","label":"","box":[792,895,850,907],"words":[{"text":"360,000","box":[792,895,850,907]}],"linking":[]},{"id":219,"text":"396,000","label":"","box":[792,932,848,944],"words":[{"text":"396,000","box":[792,932,848,944]}],"linking":[]},{"id":220,"text":"400,000","label":"","box":[791,971,849,982],"words":[{"text":"400,000","box":[791,971,849,982]}],"linking":[]},{"id":221,"text":"102,500.000","label":"","box":[638,1010,727,1023],"words":[{"text":"102,500.000","box":[638,1010,727,1023]}],"linking":[]},{"id":222,"text":"157,500.000","label":"","box":[637,1049,726,1061],"words":[{"text":"157,500.000","box":[637,1049,726,1061]}],"linking":[]},{"id":223,"text":"240,909.091","label":"","box":[637,1088,725,1101],"words":[{"text":"240,909.091","box":[637,1088,725,1101]}],"linking":[]},{"id":224,"text":"Cộng","label":"","box":[622,1120,658,1134],"words":[{"text":"Cộng","box":[622,1120,658,1134]}],"linking":[]},{"id":225,"text":"(","label":"","box":[666,1120,670,1134],"words":[{"text":"(","box":[666,1120,670,1134]}],"linking":[]},{"id":226,"text":"Sub","label":"","box":[672,1120,693,1134],"words":[{"text":"Sub","box":[672,1120,693,1134]}],"linking":[]},{"id":227,"text":"total","label":"","box":[698,1120,723,1134],"words":[{"text":"total","box":[698,1120,723,1134]}],"linking":[]},{"id":228,"text":")","label":"","box":[725,1120,726,1134],"words":[{"text":")","box":[725,1120,726,1134]}],"linking":[]},{"id":229,"text":"410,000","label":"","box":[791,1010,850,1022],"words":[{"text":"410,000","box":[791,1010,850,1022]}],"linking":[]},{"id":230,"text":"315,000","label":"","box":[792,1048,851,1062],"words":[{"text":"315,000","box":[792,1048,851,1062]}],"linking":[]},{"id":231,"text":"2,409,091","label":"","box":[777,1088,847,1100],"words":[{"text":"2,409,091","box":[777,1088,847,1100]}],"linking":[]},{"id":232,"text":"20,469,139","label":"","box":[768,1119,848,1133],"words":[{"text":"20,469,139","box":[768,1119,848,1133]}],"linking":[]},{"id":233,"text":"TRỊ","label":"","box":[626,1155,650,1171],"words":[{"text":"TRỊ","box":[626,1155,650,1171]}],"linking":[]},{"id":234,"text":"GIÁ","label":"","box":[658,1155,685,1171],"words":[{"text":"GIÁ","box":[658,1155,685,1171]}],"linking":[]},{"id":235,"text":"CHƯA","label":"","box":[691,1155,738,1171],"words":[{"text":"CHƯA","box":[691,1155,738,1171]}],"linking":[]},{"id":236,"text":"THUẾ","label":"","box":[743,1155,786,1171],"words":[{"text":"THUẾ","box":[743,1155,786,1171]}],"linking":[]},{"id":237,"text":"GTGT","label":"","box":[794,1155,836,1171],"words":[{"text":"GTGT","box":[794,1155,836,1171]}],"linking":[]},{"id":238,"text":"1/2","label":"","box":[606,1716,636,1731],"words":[{"text":"1/2","box":[606,1716,636,1731]}],"linking":[]},{"id":239,"text":"3,600,000","label":"","box":[777,701,849,714],"words":[{"text":"3,600,000","box":[777,701,849,714]}],"linking":[]},{"id":240,"text":"X","label":"","box":[891,703,900,711],"words":[{"text":"X","box":[891,703,900,711]}],"linking":[]},{"id":241,"text":"9,720,000","label":"","box":[778,738,849,751],"words":[{"text":"9,720,000","box":[778,738,849,751]}],"linking":[]},{"id":242,"text":"990,000","label":"","box":[792,778,849,790],"words":[{"text":"990,000","box":[792,778,849,790]}],"linking":[]},{"id":243,"text":"17,84","label":"","box":[763,1223,799,1235],"words":[{"text":"17,84","box":[763,1223,799,1235]}],"linking":[]},{"id":244,"text":"1,000","label":"","box":[804,1223,842,1235],"words":[{"text":"1,000","box":[804,1223,842,1235]}],"linking":[]},{"id":245,"text":"219,048","label":"","box":[783,1277,843,1290],"words":[{"text":"219,048","box":[783,1277,843,1290]}],"linking":[]},{"id":246,"text":"2,409,091","label":"","box":[770,1302,840,1316],"words":[{"text":"2,409,091","box":[770,1302,840,1316]}],"linking":[]},{"id":247,"text":"20,469,139","label":"","box":[761,1330,843,1343],"words":[{"text":"20,469,139","box":[761,1330,843,1343]}],"linking":[]},{"id":248,"text":"THUÊ","label":"","box":[873,595,913,608],"words":[{"text":"THUÊ","box":[873,595,913,608]}],"linking":[]},{"id":249,"text":"SUÅT","label":"","box":[873,617,913,632],"words":[{"text":"SUÅT","box":[873,617,913,632]}],"linking":[]},{"id":250,"text":"GTGT","label":"","box":[875,644,917,655],"words":[{"text":"GTGT","box":[875,644,917,655]}],"linking":[]},{"id":251,"text":"VAT","label":"","box":[866,667,896,679],"words":[{"text":"VAT","box":[866,667,896,679]}],"linking":[]},{"id":252,"text":"rate","label":"","box":[900,667,927,679],"words":[{"text":"rate","box":[900,667,927,679]}],"linking":[]},{"id":253,"text":"X","label":"","box":[890,741,900,749],"words":[{"text":"X","box":[890,741,900,749]}],"linking":[]},{"id":254,"text":"X","label":"","box":[890,781,899,789],"words":[{"text":"X","box":[890,781,899,789]}],"linking":[]},{"id":255,"text":"8x","label":"","box":[885,820,898,868],"words":[{"text":"8x","box":[885,820,898,868]}],"linking":[]},{"id":256,"text":"5","label":"","box":[882,854,892,865],"words":[{"text":"5","box":[882,854,892,865]}],"linking":[]},{"id":257,"text":"%","label":"","box":[892,854,905,865],"words":[{"text":"%","box":[892,854,905,865]}],"linking":[]},{"id":258,"text":"X","label":"","box":[891,896,901,904],"words":[{"text":"X","box":[891,896,901,904]}],"linking":[]},{"id":259,"text":"X","label":"","box":[891,936,900,944],"words":[{"text":"X","box":[891,936,900,944]}],"linking":[]},{"id":260,"text":"X","label":"","box":[891,974,900,982],"words":[{"text":"X","box":[891,974,900,982]}],"linking":[]},{"id":261,"text":"X","label":"","box":[890,1013,899,1021],"words":[{"text":"X","box":[890,1013,899,1021]}],"linking":[]},{"id":262,"text":"X","label":"","box":[890,1052,899,1060],"words":[{"text":"X","box":[890,1052,899,1060]}],"linking":[]},{"id":263,"text":"10","label":"","box":[881,1088,895,1099],"words":[{"text":"10","box":[881,1088,895,1099]}],"linking":[]},{"id":264,"text":"%","label":"","box":[896,1088,908,1099],"words":[{"text":"%","box":[896,1088,908,1099]}],"linking":[]},{"id":265,"text":"TIÊN","label":"","box":[946,604,978,621],"words":[{"text":"TIÊN","box":[946,604,978,621]}],"linking":[]},{"id":266,"text":"THUÊ","label":"","box":[985,604,1025,620],"words":[{"text":"THUÊ","box":[985,604,1025,620]}],"linking":[]},{"id":267,"text":"GTGT","label":"","box":[968,631,1012,642],"words":[{"text":"GTGT","box":[968,631,1012,642]}],"linking":[]},{"id":268,"text":"VAT","label":"","box":[947,656,978,667],"words":[{"text":"VAT","box":[947,656,978,667]}],"linking":[]},{"id":269,"text":"amount","label":"","box":[982,656,1035,667],"words":[{"text":"amount","box":[982,656,1035,667]}],"linking":[]},{"id":270,"text":"10,952","label":"","box":[989,854,1037,867],"words":[{"text":"10,952","box":[989,854,1037,867]}],"linking":[]},{"id":271,"text":"240,909","label":"","box":[978,1088,1036,1100],"words":[{"text":"240,909","box":[978,1088,1036,1100]}],"linking":[]},{"id":272,"text":"251,861","label":"","box":[978,1120,1035,1133],"words":[{"text":"251,861","box":[978,1120,1035,1133]}],"linking":[]},{"id":273,"text":"TIÊN","label":"","box":[886,1154,920,1169],"words":[{"text":"TIÊN","box":[886,1154,920,1169]}],"linking":[]},{"id":274,"text":"THUÊ","label":"","box":[928,1154,970,1169],"words":[{"text":"THUÊ","box":[928,1154,970,1169]}],"linking":[]},{"id":275,"text":"GIGT","label":"","box":[977,1154,1020,1170],"words":[{"text":"GIGT","box":[977,1154,1020,1170]}],"linking":[]},{"id":276,"text":"10,952","label":"","box":[981,1274,1028,1290],"words":[{"text":"10,952","box":[981,1274,1028,1290]}],"linking":[]},{"id":277,"text":"240,909","label":"","box":[971,1303,1028,1315],"words":[{"text":"240,909","box":[971,1303,1028,1315]}],"linking":[]},{"id":278,"text":"251,861","label":"","box":[971,1329,1028,1343],"words":[{"text":"251,861","box":[971,1329,1028,1343]}],"linking":[]},{"id":279,"text":"0000554","label":"answer","box":[1039,173,1115,187],"words":[{"text":"0000554","box":[1039,173,1115,187]}],"linking":[[317,279]]},{"id":280,"text":"THÀNH","label":"","box":[1064,606,1115,620],"words":[{"text":"THÀNH","box":[1064,606,1115,620]}],"linking":[]},{"id":281,"text":"TIỀN","label":"","box":[1122,606,1155,620],"words":[{"text":"TIỀN","box":[1122,606,1155,620]}],"linking":[]},{"id":282,"text":"SAU","label":"","box":[1073,629,1102,645],"words":[{"text":"SAU","box":[1073,629,1102,645]}],"linking":[]},{"id":283,"text":"THUÊ","label":"","box":[1109,628,1150,644],"words":[{"text":"THUÊ","box":[1109,628,1150,644]}],"linking":[]},{"id":284,"text":"Amount","label":"","box":[1086,656,1141,668],"words":[{"text":"Amount","box":[1086,656,1141,668]}],"linking":[]},{"id":285,"text":"3,600,000","label":"","box":[1097,699,1168,715],"words":[{"text":"3,600,000","box":[1097,699,1168,715]}],"linking":[]},{"id":286,"text":"9,720,000","label":"","box":[1097,738,1168,751],"words":[{"text":"9,720,000","box":[1097,738,1168,751]}],"linking":[]},{"id":287,"text":"990,000","label":"","box":[1111,778,1169,790],"words":[{"text":"990,000","box":[1111,778,1169,790]}],"linking":[]},{"id":288,"text":"1,650,000","label":"","box":[1098,817,1168,829],"words":[{"text":"1,650,000","box":[1098,817,1168,829]}],"linking":[]},{"id":289,"text":"230,000","label":"","box":[1110,854,1167,867],"words":[{"text":"230,000","box":[1110,854,1167,867]}],"linking":[]},{"id":290,"text":"360,000","label":"","box":[1111,894,1169,906],"words":[{"text":"360,000","box":[1111,894,1169,906]}],"linking":[]},{"id":291,"text":"396,000","label":"","box":[1111,933,1169,946],"words":[{"text":"396,000","box":[1111,933,1169,946]}],"linking":[]},{"id":292,"text":"400,000","label":"","box":[1110,971,1169,983],"words":[{"text":"400,000","box":[1110,971,1169,983]}],"linking":[]},{"id":293,"text":"410,000","label":"","box":[1110,1009,1169,1022],"words":[{"text":"410,000","box":[1110,1009,1169,1022]}],"linking":[]},{"id":294,"text":"315,000","label":"","box":[1111,1049,1169,1062],"words":[{"text":"315,000","box":[1111,1049,1169,1062]}],"linking":[]},{"id":295,"text":"2,650,000","label":"","box":[1096,1088,1169,1100],"words":[{"text":"2,650,000","box":[1096,1088,1169,1100]}],"linking":[]},{"id":296,"text":"20,721,000","label":"","box":[1087,1120,1169,1132],"words":[{"text":"20,721,000","box":[1087,1120,1169,1132]}],"linking":[]},{"id":297,"text":"GIÁ","label":"","box":[1051,1143,1077,1159],"words":[{"text":"GIÁ","box":[1051,1143,1077,1159]}],"linking":[]},{"id":298,"text":"TRỊ","label":"","box":[1083,1143,1107,1159],"words":[{"text":"TRỊ","box":[1083,1143,1107,1159]}],"linking":[]},{"id":299,"text":"THANH","label":"","box":[1115,1143,1168,1159],"words":[{"text":"THANH","box":[1115,1143,1168,1159]}],"linking":[]},{"id":300,"text":"TOÁN","label":"","box":[1090,1168,1133,1182],"words":[{"text":"TOÁN","box":[1090,1168,1133,1182]}],"linking":[]},{"id":301,"text":"17,841,000","label":"","box":[1081,1223,1160,1236],"words":[{"text":"17,841,000","box":[1081,1223,1160,1236]}],"linking":[]},{"id":302,"text":"230,000","label":"","box":[1102,1275,1160,1289],"words":[{"text":"230,000","box":[1102,1275,1160,1289]}],"linking":[]},{"id":303,"text":"2,650,000","label":"","box":[1088,1303,1160,1315],"words":[{"text":"2,650,000","box":[1088,1303,1160,1315]}],"linking":[]},{"id":304,"text":"20,721,000","label":"","box":[1079,1328,1159,1343],"words":[{"text":"20,721,000","box":[1079,1328,1159,1343]}],"linking":[]},{"id":305,"text":"Đơn vị bán hàng ( ComName ) :","label":"question","box":[68,221,277,240],"words":[{"text":"Đơn","box":[68,221,97,239]},{"text":"vị","box":[104,221,119,239]},{"text":"bán","box":[124,221,148,239]},{"text":"hàng","box":[156,221,189,239]},{"text":"(","box":[196,221,201,239]},{"text":"ComName","box":[203,221,264,240]},{"text":")","box":[267,222,271,240]},{"text":":","box":[274,222,277,240]}],"linking":[[305,306]]},{"id":306,"text":"CÔNG TY CỔ PHẦN THUỶ SẢN BÌNH MINH","label":"answer","box":[330,222,660,236],"words":[{"text":"CÔNG","box":[330,222,378,236]},{"text":"TY","box":[384,222,404,236]},{"text":"CỔ","box":[410,222,432,236]},{"text":"PHẦN","box":[440,222,483,236]},{"text":"THUỶ","box":[489,222,533,236]},{"text":"SẢN","box":[538,222,570,236]},{"text":"BÌNH","box":[578,222,614,236]},{"text":"MINH","box":[621,222,660,236]}],"linking":[[305,306]]},{"id":307,"text":"Mã số thuế ( Tax code )","label":"question","box":[70,249,221,271],"words":[{"text":"Mã","box":[70,250,92,267]},{"text":"số","box":[97,249,114,268]},{"text":"thuế","box":[118,251,149,268]},{"text":"(","box":[156,251,162,269]},{"text":"Tax","box":[162,252,183,270]},{"text":"code","box":[187,253,215,270]},{"text":")","box":[217,253,221,271]}],"linking":[[307,113]]},{"id":308,"text":"Dia chỉ ( Address ) :","label":"question","box":[70,283,193,298],"words":[{"text":"Dia","box":[70,283,94,296]},{"text":"chỉ","box":[99,283,119,297]},{"text":"(","box":[126,283,131,297]},{"text":"Address","box":[129,284,179,297]},{"text":")","box":[180,284,185,298]},{"text":":","box":[189,284,193,298]}],"linking":[[308,309]]},{"id":309,"text":"Số 86/28/1 , Phổ Quang , Phường 2 , Quận Tân Bình , TP.HCM","label":"answer","box":[331,281,770,298],"words":[{"text":"Số","box":[331,281,348,298]},{"text":"86/28/1","box":[356,281,406,298]},{"text":",","box":[411,281,412,298]},{"text":"Phổ","box":[420,281,446,298]},{"text":"Quang","box":[454,281,500,298]},{"text":",","box":[503,281,504,298]},{"text":"Phường","box":[512,281,569,298]},{"text":"2","box":[576,281,583,298]},{"text":",","box":[586,281,587,298]},{"text":"Quận","box":[595,281,632,298]},{"text":"Tân","box":[639,281,665,298]},{"text":"Bình","box":[672,281,703,298]},{"text":",","box":[706,281,707,298]},{"text":"TP.HCM","box":[710,281,770,298]}],"linking":[[308,309]]},{"id":310,"text":"Số tài khoản ( BankNo ) .","label":"question","box":[71,309,230,328],"words":[{"text":"Số","box":[71,309,88,325]},{"text":"tài","box":[95,309,110,325]},{"text":"khoản","box":[118,310,159,326]},{"text":"(","box":[167,311,171,327]},{"text":"BankNo","box":[172,311,216,327]},{"text":")","box":[219,312,223,328]},{"text":".","box":[229,312,230,328]}],"linking":[[310,114]]},{"id":311,"text":"Ngân hàng ( BankName ) :","label":"question","box":[71,338,238,357],"words":[{"text":"Ngân","box":[71,338,107,356]},{"text":"hàng","box":[115,338,148,356]},{"text":"(","box":[155,338,160,356]},{"text":"BankName","box":[162,339,224,357]},{"text":")","box":[228,339,232,357]},{"text":":","box":[235,339,238,357]}],"linking":[[311,312]]},{"id":312,"text":"NH TMCP Công Thương Việt Nam ( Vietinbank ) - CN Tây Sài Gòn , TP.HCM","label":"answer","box":[331,342,880,356],"words":[{"text":"NH","box":[331,342,351,356]},{"text":"TMCP","box":[358,342,403,356]},{"text":"Công","box":[411,342,447,356]},{"text":"Thương","box":[453,342,510,356]},{"text":"Việt","box":[517,342,544,356]},{"text":"Nam","box":[551,342,582,356]},{"text":"(","box":[590,342,593,356]},{"text":"Vietinbank","box":[596,342,667,356]},{"text":")","box":[670,342,675,356]},{"text":"-","box":[681,342,685,356]},{"text":"CN","box":[692,342,712,356]},{"text":"Tây","box":[720,342,746,356]},{"text":"Sài","box":[753,342,774,356]},{"text":"Gòn","box":[781,342,809,356]},{"text":",","box":[812,342,813,356]},{"text":"TP.HCM","box":[820,342,880,356]}],"linking":[[311,312]]},{"id":313,"text":"Mẫu số ( Fom ) :","label":"question","box":[874,91,981,111],"words":[{"text":"Mẫu","box":[874,91,905,108]},{"text":"số","box":[910,92,927,109]},{"text":"(","box":[932,92,937,109]},{"text":"Fom","box":[937,93,959,110]},{"text":")","box":[966,93,974,110]},{"text":":","box":[978,94,981,111]}],"linking":[[313,314]]},{"id":314,"text":"01GTKT0 / 002","label":"answer","box":[1038,96,1140,107],"words":[{"text":"01GTKT0","box":[1038,96,1108,107]},{"text":"/","box":[1109,96,1114,107]},{"text":"002","box":[1114,96,1140,107]}],"linking":[[313,314]]},{"id":315,"text":"Ki hiệu ( Series ) .","label":"question","box":[875,132,984,149],"words":[{"text":"Ki","box":[875,132,887,146]},{"text":"hiệu","box":[895,133,924,147]},{"text":"(","box":[931,133,936,147]},{"text":"Series","box":[937,134,973,148]},{"text":")","box":[974,135,978,149]},{"text":".","box":[981,135,984,149]}],"linking":[[315,316]]},{"id":316,"text":"BM / 21E","label":"answer","box":[1040,133,1094,145],"words":[{"text":"BM","box":[1040,133,1060,145]},{"text":"/","box":[1063,133,1068,145]},{"text":"21E","box":[1068,133,1094,145]}],"linking":[[315,316]]},{"id":317,"text":"Số ( No. ) .","label":"question","box":[875,167,939,188],"words":[{"text":"Số","box":[875,167,894,184]},{"text":"(","box":[901,168,905,185]},{"text":"No.","box":[905,170,927,186]},{"text":")","box":[928,170,932,187]},{"text":".","box":[938,171,939,188]}],"linking":[[317,279]]},{"id":318,"text":"Họ tên người mua hàng ( Buyer ) :","label":"question","box":[71,391,300,407],"words":[{"text":"Họ","box":[71,391,89,406]},{"text":"tên","box":[96,391,116,406]},{"text":"người","box":[124,391,165,406]},{"text":"mua","box":[172,391,201,406]},{"text":"hàng","box":[209,391,242,407]},{"text":"(","box":[250,392,254,407]},{"text":"Buyer","box":[255,392,289,407]},{"text":")","box":[289,392,293,407]},{"text":":","box":[297,392,300,407]}],"linking":[[318,319]]},{"id":319,"text":"TIÊN ĐẠT","label":"answer","box":[432,389,505,405],"words":[{"text":"TIÊN","box":[432,389,467,404]},{"text":"ĐẠT","box":[474,390,505,405]}],"linking":[[318,319]]},{"id":320,"text":"Tên đơn vị ( CusName ) -","label":"question","box":[70,419,229,436],"words":[{"text":"Tên","box":[70,419,96,434]},{"text":"đơn","box":[103,420,130,434]},{"text":"vị","box":[136,420,146,435]},{"text":"(","box":[154,420,158,435]},{"text":"CusName","box":[161,421,218,436]},{"text":")","box":[220,421,222,436]},{"text":"-","box":[228,421,229,436]}],"linking":[]},{"id":321,"text":"Mã số thuế ( Tax code ) .","label":"question","box":[71,444,228,465],"words":[{"text":"Mã","box":[71,444,92,462]},{"text":"số","box":[98,444,114,462]},{"text":"thuế","box":[119,445,150,463]},{"text":"(","box":[157,445,162,463]},{"text":"Tax","box":[163,446,183,464]},{"text":"code","box":[188,447,215,465]},{"text":")","box":[218,447,221,465]},{"text":".","box":[227,447,228,465]}],"linking":[]},{"id":322,"text":"Địa chỉ ( Address )","label":"question","box":[68.09,475.23,181.09,493.23],"words":[{"text":"Địa","box":[70,474,93,491]},{"text":"chỉ","box":[100,474,121,491]},{"text":"(","box":[125,474,130,491]},{"text":"Address","box":[131,475,179,492]},{"text":")","box":[181,475,183,492]}],"linking":[[322,323]]},{"id":323,"text":"Số 68A , Nguyễn Huệ , Khu 1 , TT Vĩnh Châu , Sóc Trăng","label":"answer","box":[433,473,828,492],"words":[{"text":"Số","box":[433,473,450,491]},{"text":"68A","box":[456,473,485,491]},{"text":",","box":[487,473,488,491]},{"text":"Nguyễn","box":[491,473,545,491]},{"text":"Huệ","box":[552,473,579,491]},{"text":",","box":[582,473,583,491]},{"text":"Khu","box":[592,473,618,491]},{"text":"1","box":[626,473,629,491]},{"text":",","box":[634,473,635,491]},{"text":"TT","box":[643,473,662,491]},{"text":"Vĩnh","box":[667,473,699,491]},{"text":"Châu","box":[707,474,743,492]},{"text":",","box":[746,474,747,492]},{"text":"Sóc","box":[755,474,781,492]},{"text":"Trăng","box":[787,474,828,492]}],"linking":[[322,323]]},{"id":324,"text":"Hình thức thanh toán ( Method of payment ) :","label":"question","box":[71,503,361,522],"words":[{"text":"Hình","box":[71,503,103,520]},{"text":"thức","box":[109,503,141,520]},{"text":"thanh","box":[147,503,186,520]},{"text":"toán","box":[192,504,222,521]},{"text":"(","box":[230,504,234,521]},{"text":"Method","box":[235,504,279,521]},{"text":"of","box":[286,504,292,522]},{"text":"payment","box":[296,505,350,522]},{"text":")","box":[352,505,354,522]},{"text":":","box":[360,505,361,522]}],"linking":[[324,325]]},{"id":325,"text":"Chuyển khoản / Tiền mặt","label":"answer","box":[433,503,605,520],"words":[{"text":"Chuyển","box":[433,503,486,520]},{"text":"khoản","box":[494,503,534,520]},{"text":"/","box":[538,503,543,520]},{"text":"Tiền","box":[544,503,572,520]},{"text":"mặt","box":[580,503,605,520]}],"linking":[[324,325]]},{"id":326,"text":"Số tài khoản ( A / C No ) :","label":"question","box":[685,501,841,522],"words":[{"text":"Số","box":[685,502,703,518]},{"text":"tài","box":[708,501,725,519]},{"text":"khoản","box":[732,503,774,519]},{"text":"(","box":[782,503,786,520]},{"text":"A","box":[788,503,792,520]},{"text":"/","box":[794,504,798,521]},{"text":"C","box":[801,504,808,521]},{"text":"No","box":[813,504,827,521]},{"text":")","box":[830,505,833,522]},{"text":":","box":[837,505,841,522]}],"linking":[]},{"id":327,"text":"Ngân hàng ( Bank Name ) :","label":"question","box":[71,535,241,549],"words":[{"text":"Ngân","box":[71,535,107,549]},{"text":"hàng","box":[115,535,148,549]},{"text":"(","box":[156,535,158,549]},{"text":"Bank","box":[161,535,191,549]},{"text":"Name","box":[195,535,230,549]},{"text":")","box":[232,535,235,549]},{"text":":","box":[241,535,241,549]}],"linking":[]},{"id":328,"text":"Số tiền viết bằng chữ ( Total amount in words )","label":"question","box":[77,1360,378,1381],"words":[{"text":"Số","box":[77,1360,94,1377]},{"text":"tiền","box":[99,1360,124,1377]},{"text":"viết","box":[131,1360,155,1378]},{"text":"bằng","box":[162,1361,196,1378]},{"text":"chữ","box":[203,1361,229,1378]},{"text":"(","box":[236,1362,240,1379]},{"text":"Total","box":[243,1362,270,1379]},{"text":"amount","box":[275,1363,319,1380]},{"text":"in","box":[324,1363,333,1380]},{"text":"words","box":[339,1363,372,1380]},{"text":")","box":[375,1364,378,1381]}],"linking":[[328,329]]},{"id":329,"text":"Hai mươi triệu bảy trăm hai mươi mốt nghìn đồng chẵn","label":"answer","box":[458,1361,857,1378],"words":[{"text":"Hai","box":[458,1361,480,1378]},{"text":"mươi","box":[488,1361,524,1378]},{"text":"triệu","box":[530,1361,560,1378]},{"text":"bảy","box":[568,1361,592,1378]},{"text":"trăm","box":[598,1361,628,1378]},{"text":"hai","box":[636,1361,655,1378]},{"text":"mươi","box":[663,1361,699,1378]},{"text":"mốt","box":[706,1361,731,1378]},{"text":"nghìn","box":[738,1361,776,1378]},{"text":"đồng","box":[783,1361,817,1378]},{"text":"chẵn","box":[825,1361,857,1378]}],"linking":[[328,329]]}]