[{"id":0,"text":"STT","label":"","box":[62,621,90,632],"words":[{"text":"STT","box":[62,621,90,632]}],"linking":[]},{"id":1,"text":"No.","label":"","box":[66,645,88,656],"words":[{"text":"No.","box":[66,645,88,656]}],"linking":[]},{"id":2,"text":"1","label":"","box":[72,700,79,712],"words":[{"text":"1","box":[72,700,79,712]}],"linking":[]},{"id":3,"text":"Đơn","label":"","box":[173,56,197,71],"words":[{"text":"Đơn","box":[173,56,197,71]}],"linking":[]},{"id":4,"text":"vị","label":"","box":[203,56,211,71],"words":[{"text":"vị","box":[203,56,211,71]}],"linking":[]},{"id":5,"text":"hỗ","label":"","box":[215,56,229,71],"words":[{"text":"hỗ","box":[215,56,229,71]}],"linking":[]},{"id":6,"text":"trợ","label":"","box":[234,56,250,71],"words":[{"text":"trợ","box":[234,56,250,71]}],"linking":[]},{"id":7,"text":"cung","label":"","box":[254,56,282,71],"words":[{"text":"cung","box":[254,56,282,71]}],"linking":[]},{"id":8,"text":"cấp","label":"","box":[287,56,307,71],"words":[{"text":"cấp","box":[287,56,307,71]}],"linking":[]},{"id":9,"text":"công","label":"","box":[312,56,339,71],"words":[{"text":"công","box":[312,56,339,71]}],"linking":[]},{"id":10,"text":"cụ","label":"","box":[344,56,357,71],"words":[{"text":"cụ","box":[344,56,357,71]}],"linking":[]},{"id":11,"text":"phát","label":"","box":[361,56,387,71],"words":[{"text":"phát","box":[361,56,387,71]}],"linking":[]},{"id":12,"text":"hành","label":"","box":[392,56,420,71],"words":[{"text":"hành","box":[392,56,420,71]}],"linking":[]},{"id":13,"text":"hóa","label":"","box":[425,56,446,71],"words":[{"text":"hóa","box":[425,56,446,71]}],"linking":[]},{"id":14,"text":"đơn","label":"","box":[451,56,473,71],"words":[{"text":"đơn","box":[451,56,473,71]}],"linking":[]},{"id":15,"text":"điện","label":"","box":[478,56,502,71],"words":[{"text":"điện","box":[478,56,502,71]}],"linking":[]},{"id":16,"text":"tử","label":"","box":[507,56,514,71],"words":[{"text":"tử","box":[507,56,514,71]}],"linking":[]},{"id":17,"text":":","label":"","box":[518,56,521,71],"words":[{"text":":","box":[518,56,521,71]}],"linking":[]},{"id":18,"text":"Công","label":"","box":[527,56,557,71],"words":[{"text":"Công","box":[527,56,557,71]}],"linking":[]},{"id":19,"text":"ty","label":"","box":[562,56,572,71],"words":[{"text":"ty","box":[562,56,572,71]}],"linking":[]},{"id":20,"text":"Cổ","label":"","box":[576,56,592,71],"words":[{"text":"Cổ","box":[576,56,592,71]}],"linking":[]},{"id":21,"text":"phần","label":"","box":[596,56,625,71],"words":[{"text":"phần","box":[596,56,625,71]}],"linking":[]},{"id":22,"text":"Định","label":"","box":[630,56,656,71],"words":[{"text":"Định","box":[630,56,656,71]}],"linking":[]},{"id":23,"text":"Gia","label":"","box":[661,56,680,71],"words":[{"text":"Gia","box":[661,56,680,71]}],"linking":[]},{"id":24,"text":"Nét","label":"","box":[686,56,706,71],"words":[{"text":"Nét","box":[686,56,706,71]}],"linking":[]},{"id":25,"text":"-","label":"","box":[710,56,713,71],"words":[{"text":"-","box":[710,56,713,71]}],"linking":[]},{"id":26,"text":"DigiNet","label":"","box":[718,56,761,71],"words":[{"text":"DigiNet","box":[718,56,761,71]}],"linking":[]},{"id":27,"text":"Corp","label":"","box":[765,56,791,71],"words":[{"text":"Corp","box":[765,56,791,71]}],"linking":[]},{"id":28,"text":",","label":"","box":[793,56,795,71],"words":[{"text":",","box":[793,56,795,71]}],"linking":[]},{"id":29,"text":"MST","label":"","box":[801,56,825,71],"words":[{"text":"MST","box":[801,56,825,71]}],"linking":[]},{"id":30,"text":":","label":"","box":[828,56,832,71],"words":[{"text":":","box":[828,56,832,71]}],"linking":[]},{"id":31,"text":"0303359278","label":"","box":[837,56,907,71],"words":[{"text":"0303359278","box":[837,56,907,71]}],"linking":[]},{"id":32,"text":",","label":"","box":[910,56,912,71],"words":[{"text":",","box":[910,56,912,71]}],"linking":[]},{"id":33,"text":"Điện","label":"","box":[918,56,944,71],"words":[{"text":"Điện","box":[918,56,944,71]}],"linking":[]},{"id":34,"text":"thoại","label":"","box":[949,56,977,71],"words":[{"text":"thoại","box":[949,56,977,71]}],"linking":[]},{"id":35,"text":":","label":"","box":[979,56,980,71],"words":[{"text":":","box":[979,56,980,71]}],"linking":[]},{"id":36,"text":"028","label":"","box":[985,56,1006,71],"words":[{"text":"028","box":[985,56,1006,71]}],"linking":[]},{"id":37,"text":"35123878","label":"","box":[1011,56,1069,71],"words":[{"text":"35123878","box":[1011,56,1069,71]}],"linking":[]},{"id":38,"text":"HÓA","label":"","box":[389,94,453,128],"words":[{"text":"HÓA","box":[389,94,453,128]}],"linking":[]},{"id":39,"text":"ĐƠN","label":"","box":[462,94,532,128],"words":[{"text":"ĐƠN","box":[462,94,532,128]}],"linking":[]},{"id":40,"text":"GIÁ","label":"","box":[545,94,597,128],"words":[{"text":"GIÁ","box":[545,94,597,128]}],"linking":[]},{"id":41,"text":"TRỊ","label":"","box":[606,94,654,128],"words":[{"text":"TRỊ","box":[606,94,654,128]}],"linking":[]},{"id":42,"text":"GIA","label":"","box":[666,94,718,128],"words":[{"text":"GIA","box":[666,94,718,128]}],"linking":[]},{"id":43,"text":"TĂNG","label":"","box":[728,94,811,128],"words":[{"text":"TĂNG","box":[728,94,811,128]}],"linking":[]},{"id":44,"text":"VAT","label":"","box":[522,144,572,162],"words":[{"text":"VAT","box":[522,144,572,162]}],"linking":[]},{"id":45,"text":"INVOICE","label":"","box":[578,144,681,162],"words":[{"text":"INVOICE","box":[578,144,681,162]}],"linking":[]},{"id":46,"text":"Ngày","label":"","box":[431,177,466,194],"words":[{"text":"Ngày","box":[431,177,466,194]}],"linking":[]},{"id":47,"text":"(","label":"","box":[473,177,476,193],"words":[{"text":"(","box":[473,177,476,193]}],"linking":[]},{"id":48,"text":"Date","label":"","box":[477,177,503,193],"words":[{"text":"Date","box":[477,177,503,193]}],"linking":[]},{"id":49,"text":")","label":"","box":[506,177,509,193],"words":[{"text":")","box":[506,177,509,193]}],"linking":[]},{"id":50,"text":"16","label":"","box":[515,177,531,193],"words":[{"text":"16","box":[515,177,531,193]}],"linking":[]},{"id":51,"text":"tháng","label":"","box":[537,177,576,193],"words":[{"text":"tháng","box":[537,177,576,193]}],"linking":[]},{"id":52,"text":"(","label":"","box":[584,177,587,193],"words":[{"text":"(","box":[584,177,587,193]}],"linking":[]},{"id":53,"text":"month","label":"","box":[586,177,623,193],"words":[{"text":"month","box":[586,177,623,193]}],"linking":[]},{"id":54,"text":")","label":"","box":[626,177,629,193],"words":[{"text":")","box":[626,177,629,193]}],"linking":[]},{"id":55,"text":"03","label":"","box":[634,177,651,193],"words":[{"text":"03","box":[634,177,651,193]}],"linking":[]},{"id":56,"text":"năm","label":"","box":[658,177,687,193],"words":[{"text":"năm","box":[658,177,687,193]}],"linking":[]},{"id":57,"text":"(","label":"","box":[695,176,699,192],"words":[{"text":"(","box":[695,176,699,192]}],"linking":[]},{"id":58,"text":"year","label":"","box":[699,176,723,192],"words":[{"text":"year","box":[699,176,723,192]}],"linking":[]},{"id":59,"text":")","label":"","box":[726,176,729,192],"words":[{"text":")","box":[726,176,729,192]}],"linking":[]},{"id":60,"text":"2022","label":"","box":[734,176,768,192],"words":[{"text":"2022","box":[734,176,768,192]}],"linking":[]},{"id":61,"text":".","label":"","box":[361,505,361,521],"words":[{"text":".","box":[361,505,361,521]}],"linking":[]},{"id":62,"text":"2","label":"","box":[71,740,81,750],"words":[{"text":"2","box":[71,740,81,750]}],"linking":[]},{"id":63,"text":"BINH","label":"","box":[161,172,189,185],"words":[{"text":"BINH","box":[161,172,189,185]}],"linking":[]},{"id":64,"text":"MINH","label":"","box":[196,172,229,184],"words":[{"text":"MINH","box":[196,172,229,184]}],"linking":[]},{"id":65,"text":"3","label":"","box":[71,778,80,790],"words":[{"text":"3","box":[71,778,80,790]}],"linking":[]},{"id":66,"text":"0303880297","label":"answer","box":[330,254,419,265],"words":[{"text":"0303880297","box":[330,254,419,265]}],"linking":[[268,66]]},{"id":67,"text":"112002622316","label":"answer","box":[331,311,439,323],"words":[{"text":"112002622316","box":[331,311,439,323]}],"linking":[[270,67]]},{"id":68,"text":"TÊN","label":"","box":[177,617,206,633],"words":[{"text":"TÊN","box":[177,617,206,633]}],"linking":[]},{"id":69,"text":"HÀNG","label":"","box":[213,617,257,633],"words":[{"text":"HÀNG","box":[213,617,257,633]}],"linking":[]},{"id":70,"text":"HÓA","label":"","box":[263,617,292,634],"words":[{"text":"HÓA","box":[263,617,292,634]}],"linking":[]},{"id":71,"text":",","label":"","box":[294,618,297,634],"words":[{"text":",","box":[294,618,297,634]}],"linking":[]},{"id":72,"text":"DỊCH","label":"","box":[306,618,341,634],"words":[{"text":"DỊCH","box":[306,618,341,634]}],"linking":[]},{"id":73,"text":"VỤ","label":"","box":[347,618,367,634],"words":[{"text":"VỤ","box":[347,618,367,634]}],"linking":[]},{"id":74,"text":"Description","label":"","box":[234,645,312,659],"words":[{"text":"Description","box":[234,645,312,659]}],"linking":[]},{"id":75,"text":"FANTAI","label":"","box":[102,701,161,712],"words":[{"text":"FANTAI","box":[102,701,161,712]}],"linking":[]},{"id":76,"text":"TCCA","label":"","box":[165,701,210,712],"words":[{"text":"TCCA","box":[165,701,210,712]}],"linking":[]},{"id":77,"text":"90","label":"","box":[215,701,232,712],"words":[{"text":"90","box":[215,701,232,712]}],"linking":[]},{"id":78,"text":"%","label":"","box":[233,701,245,712],"words":[{"text":"%","box":[233,701,245,712]}],"linking":[]},{"id":79,"text":"Hàng","label":"","box":[104,735,139,755],"words":[{"text":"Hàng","box":[104,735,139,755]}],"linking":[]},{"id":80,"text":"khuyến","label":"","box":[147,734,197,754],"words":[{"text":"khuyến","box":[147,734,197,754]}],"linking":[]},{"id":81,"text":"mại","label":"","box":[204,734,228,753],"words":[{"text":"mại","box":[204,734,228,753]}],"linking":[]},{"id":82,"text":"không","label":"","box":[235,734,277,753],"words":[{"text":"không","box":[235,734,277,753]}],"linking":[]},{"id":83,"text":"tính","label":"","box":[284,733,309,753],"words":[{"text":"tính","box":[284,733,309,753]}],"linking":[]},{"id":84,"text":"tiền","label":"","box":[316,733,337,752],"words":[{"text":"tiền","box":[316,733,337,752]}],"linking":[]},{"id":85,"text":":","label":"","box":[341,733,343,752],"words":[{"text":":","box":[341,733,343,752]}],"linking":[]},{"id":86,"text":"FANTAI","label":"","box":[102,778,161,789],"words":[{"text":"FANTAI","box":[102,778,161,789]}],"linking":[]},{"id":87,"text":"TCCA","label":"","box":[166,778,210,789],"words":[{"text":"TCCA","box":[166,778,210,789]}],"linking":[]},{"id":88,"text":"90","label":"","box":[215,778,232,789],"words":[{"text":"90","box":[215,778,232,789]}],"linking":[]},{"id":89,"text":"%","label":"","box":[233,778,245,789],"words":[{"text":"%","box":[233,778,245,789]}],"linking":[]},{"id":90,"text":"TỔNG","label":"","box":[212,1051,257,1066],"words":[{"text":"TỔNG","box":[212,1051,257,1066]}],"linking":[]},{"id":91,"text":"HỢP","label":"","box":[264,1053,298,1067],"words":[{"text":"HỢP","box":[264,1053,298,1067]}],"linking":[]},{"id":92,"text":"Tổng","label":"","box":[76,1091,111,1108],"words":[{"text":"Tổng","box":[76,1091,111,1108]}],"linking":[]},{"id":93,"text":"tiền","label":"","box":[117,1091,142,1108],"words":[{"text":"tiền","box":[117,1091,142,1108]}],"linking":[]},{"id":94,"text":"không","label":"","box":[150,1091,191,1108],"words":[{"text":"không","box":[150,1091,191,1108]}],"linking":[]},{"id":95,"text":"kê","label":"","box":[199,1091,213,1108],"words":[{"text":"kê","box":[199,1091,213,1108]}],"linking":[]},{"id":96,"text":"khai","label":"","box":[221,1091,248,1108],"words":[{"text":"khai","box":[221,1091,248,1108]}],"linking":[]},{"id":97,"text":"và","label":"","box":[254,1091,270,1108],"words":[{"text":"và","box":[254,1091,270,1108]}],"linking":[]},{"id":98,"text":"nộp","label":"","box":[277,1091,302,1108],"words":[{"text":"nộp","box":[277,1091,302,1108]}],"linking":[]},{"id":99,"text":"thuế","label":"","box":[308,1091,338,1108],"words":[{"text":"thuế","box":[308,1091,338,1108]}],"linking":[]},{"id":100,"text":":","label":"","box":[341,1091,341,1108],"words":[{"text":":","box":[341,1091,341,1108]}],"linking":[]},{"id":101,"text":"Tổng","label":"","box":[76,1117,111,1134],"words":[{"text":"Tổng","box":[76,1117,111,1134]}],"linking":[]},{"id":102,"text":"tiền","label":"","box":[117,1117,142,1134],"words":[{"text":"tiền","box":[117,1117,142,1134]}],"linking":[]},{"id":103,"text":"không","label":"","box":[150,1117,191,1134],"words":[{"text":"không","box":[150,1117,191,1134]}],"linking":[]},{"id":104,"text":"chịu","label":"","box":[199,1117,226,1134],"words":[{"text":"chịu","box":[199,1117,226,1134]}],"linking":[]},{"id":105,"text":"thuế","label":"","box":[232,1117,262,1134],"words":[{"text":"thuế","box":[232,1117,262,1134]}],"linking":[]},{"id":106,"text":"GTGT","label":"","box":[270,1117,314,1134],"words":[{"text":"GTGT","box":[270,1117,314,1134]}],"linking":[]},{"id":107,"text":":","label":"","box":[316,1117,316,1134],"words":[{"text":":","box":[316,1117,316,1134]}],"linking":[]},{"id":108,"text":"Tổng","label":"","box":[76,1142,110,1163],"words":[{"text":"Tổng","box":[76,1142,110,1163]}],"linking":[]},{"id":109,"text":"tiền","label":"","box":[116,1142,141,1162],"words":[{"text":"tiền","box":[116,1142,141,1162]}],"linking":[]},{"id":110,"text":"chịu","label":"","box":[148,1142,176,1162],"words":[{"text":"chịu","box":[148,1142,176,1162]}],"linking":[]},{"id":111,"text":"thuế","label":"","box":[182,1142,212,1162],"words":[{"text":"thuế","box":[182,1142,212,1162]}],"linking":[]},{"id":112,"text":"suất","label":"","box":[220,1142,249,1162],"words":[{"text":"suất","box":[220,1142,249,1162]}],"linking":[]},{"id":113,"text":"Tổng","label":"","box":[76,1169,110,1189],"words":[{"text":"Tổng","box":[76,1169,110,1189]}],"linking":[]},{"id":114,"text":"tiền","label":"","box":[116,1169,141,1188],"words":[{"text":"tiền","box":[116,1169,141,1188]}],"linking":[]},{"id":115,"text":"chịu","label":"","box":[148,1169,176,1188],"words":[{"text":"chịu","box":[148,1169,176,1188]}],"linking":[]},{"id":116,"text":"thuế","label":"","box":[182,1168,212,1187],"words":[{"text":"thuế","box":[182,1168,212,1187]}],"linking":[]},{"id":117,"text":"suất","label":"","box":[220,1168,248,1187],"words":[{"text":"suất","box":[220,1168,248,1187]}],"linking":[]},{"id":118,"text":":","label":"","box":[250,1168,250,1187],"words":[{"text":":","box":[250,1168,250,1187]}],"linking":[]},{"id":119,"text":"Tổng","label":"","box":[76,1197,111,1214],"words":[{"text":"Tổng","box":[76,1197,111,1214]}],"linking":[]},{"id":120,"text":"tiền","label":"","box":[117,1197,142,1214],"words":[{"text":"tiền","box":[117,1197,142,1214]}],"linking":[]},{"id":121,"text":"chịu","label":"","box":[150,1197,177,1214],"words":[{"text":"chịu","box":[150,1197,177,1214]}],"linking":[]},{"id":122,"text":"thuế","label":"","box":[183,1197,213,1214],"words":[{"text":"thuế","box":[183,1197,213,1214]}],"linking":[]},{"id":123,"text":"suất","label":"","box":[221,1197,249,1214],"words":[{"text":"suất","box":[221,1197,249,1214]}],"linking":[]},{"id":124,"text":":","label":"","box":[252,1197,253,1214],"words":[{"text":":","box":[252,1197,253,1214]}],"linking":[]},{"id":125,"text":"Tổng","label":"","box":[76,1224,111,1241],"words":[{"text":"Tổng","box":[76,1224,111,1241]}],"linking":[]},{"id":126,"text":"cộng","label":"","box":[118,1224,151,1241],"words":[{"text":"cộng","box":[118,1224,151,1241]}],"linking":[]},{"id":127,"text":"tiền","label":"","box":[158,1224,182,1241],"words":[{"text":"tiền","box":[158,1224,182,1241]}],"linking":[]},{"id":128,"text":"thanh","label":"","box":[189,1224,228,1241],"words":[{"text":"thanh","box":[189,1224,228,1241]}],"linking":[]},{"id":129,"text":"toán","label":"","box":[234,1224,264,1241],"words":[{"text":"toán","box":[234,1224,264,1241]}],"linking":[]},{"id":130,"text":":","label":"","box":[267,1224,267,1241],"words":[{"text":":","box":[267,1224,267,1241]}],"linking":[]},{"id":131,"text":"Số","label":"","box":[77,1257,94,1275],"words":[{"text":"Số","box":[77,1257,94,1275]}],"linking":[]},{"id":132,"text":"tiền","label":"","box":[99,1257,124,1275],"words":[{"text":"tiền","box":[99,1257,124,1275]}],"linking":[]},{"id":133,"text":"viết","label":"","box":[131,1257,156,1275],"words":[{"text":"viết","box":[131,1257,156,1275]}],"linking":[]},{"id":134,"text":"bằng","label":"","box":[162,1258,196,1276],"words":[{"text":"bằng","box":[162,1258,196,1276]}],"linking":[]},{"id":135,"text":"chữ","label":"","box":[202,1258,230,1276],"words":[{"text":"chữ","box":[202,1258,230,1276]}],"linking":[]},{"id":136,"text":"(","label":"","box":[236,1259,240,1277],"words":[{"text":"(","box":[236,1259,240,1277]}],"linking":[]},{"id":137,"text":"Total","label":"","box":[241,1259,270,1277],"words":[{"text":"Total","box":[241,1259,270,1277]}],"linking":[]},{"id":138,"text":"amount","label":"","box":[275,1260,319,1277],"words":[{"text":"amount","box":[275,1260,319,1277]}],"linking":[]},{"id":139,"text":"in","label":"","box":[324,1260,333,1278],"words":[{"text":"in","box":[324,1260,333,1278]}],"linking":[]},{"id":140,"text":"words","label":"","box":[339,1260,372,1278],"words":[{"text":"words","box":[339,1260,372,1278]}],"linking":[]},{"id":141,"text":")","label":"","box":[375,1260,378,1278],"words":[{"text":")","box":[375,1260,378,1278]}],"linking":[]},{"id":142,"text":"Người","label":"","box":[255,1305,299,1320],"words":[{"text":"Người","box":[255,1305,299,1320]}],"linking":[]},{"id":143,"text":"mua","label":"","box":[306,1305,336,1320],"words":[{"text":"mua","box":[306,1305,336,1320]}],"linking":[]},{"id":144,"text":"hàng","label":"","box":[342,1305,376,1320],"words":[{"text":"hàng","box":[342,1305,376,1320]}],"linking":[]},{"id":145,"text":"(","label":"","box":[384,1305,388,1320],"words":[{"text":"(","box":[384,1305,388,1320]}],"linking":[]},{"id":146,"text":"Buyer","label":"","box":[389,1305,421,1320],"words":[{"text":"Buyer","box":[389,1305,421,1320]}],"linking":[]},{"id":147,"text":")","label":"","box":[424,1305,427,1320],"words":[{"text":")","box":[424,1305,427,1320]}],"linking":[]},{"id":148,"text":"ĐƠN","label":"","box":[462,609,496,622],"words":[{"text":"ĐƠN","box":[462,609,496,622]}],"linking":[]},{"id":149,"text":"VỊ","label":"","box":[502,609,515,622],"words":[{"text":"VỊ","box":[502,609,515,622]}],"linking":[]},{"id":150,"text":"SÓ","label":"","box":[552,607,573,620],"words":[{"text":"SÓ","box":[552,607,573,620]}],"linking":[]},{"id":151,"text":"ΤΙΝΗ","label":"","box":[474,628,507,644],"words":[{"text":"ΤΙΝΗ","box":[474,628,507,644]}],"linking":[]},{"id":152,"text":"Unit","label":"","box":[479,657,507,668],"words":[{"text":"Unit","box":[479,657,507,668]}],"linking":[]},{"id":153,"text":"Xô","label":"","box":[481,701,500,712],"words":[{"text":"Xô","box":[481,701,500,712]}],"linking":[]},{"id":154,"text":"Xô","label":"","box":[481,778,501,789],"words":[{"text":"Xô","box":[481,778,501,789]}],"linking":[]},{"id":155,"text":"|","label":"","box":[532,630,533,647],"words":[{"text":"|","box":[532,630,533,647]}],"linking":[]},{"id":156,"text":"LƯỢNG","label":"","box":[537,628,592,646],"words":[{"text":"LƯỢNG","box":[537,628,592,646]}],"linking":[]},{"id":157,"text":"Quantity","label":"","box":[538,656,596,670],"words":[{"text":"Quantity","box":[538,656,596,670]}],"linking":[]},{"id":158,"text":"29","label":"","box":[556,701,573,712],"words":[{"text":"29","box":[556,701,573,712]}],"linking":[]},{"id":159,"text":"0","label":"","box":[513,1146,522,1157],"words":[{"text":"0","box":[513,1146,522,1157]}],"linking":[]},{"id":160,"text":"%","label":"","box":[522,1145,535,1156],"words":[{"text":"%","box":[522,1145,535,1156]}],"linking":[]},{"id":161,"text":"5","label":"","box":[513,1174,523,1185],"words":[{"text":"5","box":[513,1174,523,1185]}],"linking":[]},{"id":162,"text":"%","label":"","box":[522,1174,535,1185],"words":[{"text":"%","box":[522,1174,535,1185]}],"linking":[]},{"id":163,"text":"10","label":"","box":[511,1200,526,1211],"words":[{"text":"10","box":[511,1200,526,1211]}],"linking":[]},{"id":164,"text":"%","label":"","box":[526,1200,538,1211],"words":[{"text":"%","box":[526,1200,538,1211]}],"linking":[]},{"id":165,"text":"1","label":"","box":[562,778,569,788],"words":[{"text":"1","box":[562,778,569,788]}],"linking":[]},{"id":166,"text":"THUẾ","label":"","box":[480,1052,523,1066],"words":[{"text":"THUẾ","box":[480,1052,523,1066]}],"linking":[]},{"id":167,"text":"SUẤT","label":"","box":[530,1052,572,1066],"words":[{"text":"SUẤT","box":[530,1052,572,1066]}],"linking":[]},{"id":168,"text":"ĐƠN","label":"","box":[634,617,666,634],"words":[{"text":"ĐƠN","box":[634,617,666,634]}],"linking":[]},{"id":169,"text":"GIẢ","label":"","box":[674,617,698,633],"words":[{"text":"GIẢ","box":[674,617,698,633]}],"linking":[]},{"id":170,"text":"Price","label":"","box":[650,644,685,655],"words":[{"text":"Price","box":[650,644,685,655]}],"linking":[]},{"id":171,"text":"428,571.429","label":"","box":[632,700,724,714],"words":[{"text":"428,571.429","box":[632,700,724,714]}],"linking":[]},{"id":172,"text":"THÀNH","label":"","box":[751,617,801,633],"words":[{"text":"THÀNH","box":[751,617,801,633]}],"linking":[]},{"id":173,"text":"TIÊN","label":"","box":[808,617,841,632],"words":[{"text":"TIÊN","box":[808,617,841,632]}],"linking":[]},{"id":174,"text":"Total","label":"","box":[781,644,816,656],"words":[{"text":"Total","box":[781,644,816,656]}],"linking":[]},{"id":175,"text":"1/1","label":"","box":[606,1716,635,1731],"words":[{"text":"1/1","box":[606,1716,635,1731]}],"linking":[]},{"id":176,"text":"Cộng","label":"","box":[618,1017,654,1031],"words":[{"text":"Cộng","box":[618,1017,654,1031]}],"linking":[]},{"id":177,"text":"(","label":"","box":[662,1017,666,1031],"words":[{"text":"(","box":[662,1017,666,1031]}],"linking":[]},{"id":178,"text":"Sub","label":"","box":[669,1017,689,1031],"words":[{"text":"Sub","box":[669,1017,689,1031]}],"linking":[]},{"id":179,"text":"total","label":"","box":[695,1017,719,1031],"words":[{"text":"total","box":[695,1017,719,1031]}],"linking":[]},{"id":180,"text":")","label":"","box":[721,1017,723,1031],"words":[{"text":")","box":[721,1017,723,1031]}],"linking":[]},{"id":181,"text":"12,428,571","label":"","box":[771,1016,849,1030],"words":[{"text":"12,428,571","box":[771,1016,849,1030]}],"linking":[]},{"id":182,"text":"TRỊ","label":"","box":[625,1052,649,1068],"words":[{"text":"TRỊ","box":[625,1052,649,1068]}],"linking":[]},{"id":183,"text":"GIÁ","label":"","box":[657,1052,683,1068],"words":[{"text":"GIÁ","box":[657,1052,683,1068]}],"linking":[]},{"id":184,"text":"CHƯA","label":"","box":[690,1052,737,1068],"words":[{"text":"CHƯA","box":[690,1052,737,1068]}],"linking":[]},{"id":185,"text":"THUẾ","label":"","box":[742,1052,785,1068],"words":[{"text":"THUẾ","box":[742,1052,785,1068]}],"linking":[]},{"id":186,"text":"GTGT","label":"","box":[792,1052,835,1068],"words":[{"text":"GTGT","box":[792,1052,835,1068]}],"linking":[]},{"id":187,"text":"THICH","label":"","box":[620,1046,681,1132],"words":[{"text":"THICH","box":[620,1046,681,1132]}],"linking":[]},{"id":188,"text":"12,428,571","label":"","box":[771,700,850,714],"words":[{"text":"12,428,571","box":[771,700,850,714]}],"linking":[]},{"id":189,"text":"5","label":"","box":[883,701,893,711],"words":[{"text":"5","box":[883,701,893,711]}],"linking":[]},{"id":190,"text":"%","label":"","box":[892,701,905,711],"words":[{"text":"%","box":[892,701,905,711]}],"linking":[]},{"id":191,"text":"12,428,571","label":"","box":[764,1171,842,1186],"words":[{"text":"12,428,571","box":[764,1171,842,1186]}],"linking":[]},{"id":192,"text":"12,428,571","label":"","box":[763,1225,842,1240],"words":[{"text":"12,428,571","box":[763,1225,842,1240]}],"linking":[]},{"id":193,"text":"Mười","label":"","box":[461,1258,497,1275],"words":[{"text":"Mười","box":[461,1258,497,1275]}],"linking":[]},{"id":194,"text":"ba","label":"","box":[505,1258,520,1275],"words":[{"text":"ba","box":[505,1258,520,1275]}],"linking":[]},{"id":195,"text":"triệu","label":"","box":[526,1258,556,1275],"words":[{"text":"triệu","box":[526,1258,556,1275]}],"linking":[]},{"id":196,"text":"không","label":"","box":[564,1258,605,1275],"words":[{"text":"không","box":[564,1258,605,1275]}],"linking":[]},{"id":197,"text":"trăm","label":"","box":[612,1258,642,1275],"words":[{"text":"trăm","box":[612,1258,642,1275]}],"linking":[]},{"id":198,"text":"năm","label":"","box":[651,1258,679,1275],"words":[{"text":"năm","box":[651,1258,679,1275]}],"linking":[]},{"id":199,"text":"mươi","label":"","box":[687,1258,723,1275],"words":[{"text":"mươi","box":[687,1258,723,1275]}],"linking":[]},{"id":200,"text":"nghìn","label":"","box":[731,1258,769,1275],"words":[{"text":"nghìn","box":[731,1258,769,1275]}],"linking":[]},{"id":201,"text":"đồng","label":"","box":[775,1258,810,1275],"words":[{"text":"đồng","box":[775,1258,810,1275]}],"linking":[]},{"id":202,"text":"chẵn","label":"","box":[817,1258,850,1275],"words":[{"text":"chẵn","box":[817,1258,850,1275]}],"linking":[]},{"id":203,"text":"THUÊ","label":"","box":[873,595,913,608],"words":[{"text":"THUÊ","box":[873,595,913,608]}],"linking":[]},{"id":204,"text":"SUÁT","label":"","box":[873,619,914,631],"words":[{"text":"SUÁT","box":[873,619,914,631]}],"linking":[]},{"id":205,"text":"GTGT","label":"","box":[875,644,918,655],"words":[{"text":"GTGT","box":[875,644,918,655]}],"linking":[]},{"id":206,"text":"VAT","label":"","box":[866,667,895,679],"words":[{"text":"VAT","box":[866,667,895,679]}],"linking":[]},{"id":207,"text":"rate","label":"","box":[899,667,925,678],"words":[{"text":"rate","box":[899,667,925,678]}],"linking":[]},{"id":208,"text":"X","label":"","box":[891,742,899,750],"words":[{"text":"X","box":[891,742,899,750]}],"linking":[]},{"id":209,"text":"X","label":"","box":[890,781,899,789],"words":[{"text":"X","box":[890,781,899,789]}],"linking":[]},{"id":210,"text":"TIÊN","label":"","box":[945,606,980,621],"words":[{"text":"TIÊN","box":[945,606,980,621]}],"linking":[]},{"id":211,"text":"THUÊ","label":"","box":[985,606,1025,621],"words":[{"text":"THUÊ","box":[985,606,1025,621]}],"linking":[]},{"id":212,"text":"GTGT","label":"","box":[967,632,1010,643],"words":[{"text":"GTGT","box":[967,632,1010,643]}],"linking":[]},{"id":213,"text":"VAT","label":"","box":[946,657,975,668],"words":[{"text":"VAT","box":[946,657,975,668]}],"linking":[]},{"id":214,"text":"amount","label":"","box":[980,657,1033,668],"words":[{"text":"amount","box":[980,657,1033,668]}],"linking":[]},{"id":215,"text":"621,429","label":"","box":[977,701,1037,714],"words":[{"text":"621,429","box":[977,701,1037,714]}],"linking":[]},{"id":216,"text":"621,429","label":"","box":[977,1017,1036,1029],"words":[{"text":"621,429","box":[977,1017,1036,1029]}],"linking":[]},{"id":217,"text":"TIÊN","label":"","box":[886,1051,920,1066],"words":[{"text":"TIÊN","box":[886,1051,920,1066]}],"linking":[]},{"id":218,"text":"THUÊ","label":"","box":[927,1051,969,1066],"words":[{"text":"THUÊ","box":[927,1051,969,1066]}],"linking":[]},{"id":219,"text":"GTGT","label":"","box":[978,1051,1018,1066],"words":[{"text":"GTGT","box":[978,1051,1018,1066]}],"linking":[]},{"id":220,"text":"621,429","label":"","box":[971,1172,1029,1186],"words":[{"text":"621,429","box":[971,1172,1029,1186]}],"linking":[]},{"id":221,"text":"621,429","label":"","box":[970,1225,1027,1239],"words":[{"text":"621,429","box":[970,1225,1027,1239]}],"linking":[]},{"id":222,"text":"Người","label":"","box":[817,1305,860,1320],"words":[{"text":"Người","box":[817,1305,860,1320]}],"linking":[]},{"id":223,"text":"bán","label":"","box":[867,1305,893,1320],"words":[{"text":"bán","box":[867,1305,893,1320]}],"linking":[]},{"id":224,"text":"hàng","label":"","box":[900,1305,934,1320],"words":[{"text":"hàng","box":[900,1305,934,1320]}],"linking":[]},{"id":225,"text":"(","label":"","box":[942,1306,946,1321],"words":[{"text":"(","box":[942,1306,946,1321]}],"linking":[]},{"id":226,"text":"Seller","label":"","box":[947,1306,979,1321],"words":[{"text":"Seller","box":[947,1306,979,1321]}],"linking":[]},{"id":227,"text":")","label":"","box":[981,1306,984,1321],"words":[{"text":")","box":[981,1306,984,1321]}],"linking":[]},{"id":228,"text":"0000501","label":"answer","box":[1039,173,1114,187],"words":[{"text":"0000501","box":[1039,173,1114,187]}],"linking":[[264,228]]},{"id":229,"text":"THÀNH","label":"","box":[1063,604,1114,621],"words":[{"text":"THÀNH","box":[1063,604,1114,621]}],"linking":[]},{"id":230,"text":"TIỀN","label":"","box":[1120,605,1154,620],"words":[{"text":"TIỀN","box":[1120,605,1154,620]}],"linking":[]},{"id":231,"text":"SAU","label":"","box":[1073,629,1102,645],"words":[{"text":"SAU","box":[1073,629,1102,645]}],"linking":[]},{"id":232,"text":"THUẾ","label":"","box":[1108,628,1150,644],"words":[{"text":"THUẾ","box":[1108,628,1150,644]}],"linking":[]},{"id":233,"text":"Amount","label":"","box":[1085,657,1141,667],"words":[{"text":"Amount","box":[1085,657,1141,667]}],"linking":[]},{"id":234,"text":"Signature","label":"","box":[777,1353,846,1370],"words":[{"text":"Signature","box":[777,1353,846,1370]}],"linking":[]},{"id":235,"text":"Valid","label":"","box":[850,1352,890,1368],"words":[{"text":"Valid","box":[850,1352,890,1368]}],"linking":[]},{"id":236,"text":"|","label":"","box":[771,1376,772,1399],"words":[{"text":"|","box":[771,1376,772,1399]}],"linking":[]},{"id":237,"text":"Ký","label":"","box":[774,1375,796,1398],"words":[{"text":"Ký","box":[774,1375,796,1398]}],"linking":[]},{"id":238,"text":"bởi","label":"","box":[803,1375,826,1398],"words":[{"text":"bởi","box":[803,1375,826,1398]}],"linking":[]},{"id":239,"text":":","label":"","box":[828,1375,829,1398],"words":[{"text":":","box":[828,1375,829,1398]}],"linking":[]},{"id":240,"text":"CÔNG","label":"","box":[832,1374,887,1398],"words":[{"text":"CÔNG","box":[832,1374,887,1398]}],"linking":[]},{"id":241,"text":"TY","label":"","box":[893,1374,912,1397],"words":[{"text":"TY","box":[893,1374,912,1397]}],"linking":[]},{"id":242,"text":"CỔ","label":"","box":[923,1374,942,1397],"words":[{"text":"CỔ","box":[923,1374,942,1397]}],"linking":[]},{"id":243,"text":"PHẦN","label":"","box":[951,1372,1000,1397],"words":[{"text":"PHẦN","box":[951,1372,1000,1397]}],"linking":[]},{"id":244,"text":"THỦY","label":"","box":[1006,1373,1054,1396],"words":[{"text":"THỦY","box":[1006,1373,1054,1396]}],"linking":[]},{"id":245,"text":"|","label":"","box":[773,1399,774,1417],"words":[{"text":"|","box":[773,1399,774,1417]}],"linking":[]},{"id":246,"text":"SẢN","label":"","box":[776,1398,805,1416],"words":[{"text":"SẢN","box":[776,1398,805,1416]}],"linking":[]},{"id":247,"text":"BÌNH","label":"","box":[817,1398,861,1416],"words":[{"text":"BÌNH","box":[817,1398,861,1416]}],"linking":[]},{"id":248,"text":"MINH","label":"","box":[866,1397,913,1416],"words":[{"text":"MINH","box":[866,1397,913,1416]}],"linking":[]},{"id":249,"text":"|","label":"","box":[772,1425,773,1444],"words":[{"text":"|","box":[772,1425,773,1444]}],"linking":[]},{"id":250,"text":"Ngày","label":"","box":[774,1424,811,1443],"words":[{"text":"Ngày","box":[774,1424,811,1443]}],"linking":[]},{"id":251,"text":"ký","label":"","box":[820,1424,834,1443],"words":[{"text":"ký","box":[820,1424,834,1443]}],"linking":[]},{"id":252,"text":":","label":"","box":[839,1424,841,1443],"words":[{"text":":","box":[839,1424,841,1443]}],"linking":[]},{"id":253,"text":"16/03/2022","label":"","box":[850,1423,929,1443],"words":[{"text":"16/03/2022","box":[850,1423,929,1443]}],"linking":[]},{"id":254,"text":"13,050,000","label":"","box":[1089,699,1168,714],"words":[{"text":"13,050,000","box":[1089,699,1168,714]}],"linking":[]},{"id":255,"text":"13,050,000","label":"","box":[1088,1017,1168,1030],"words":[{"text":"13,050,000","box":[1088,1017,1168,1030]}],"linking":[]},{"id":256,"text":"GIÁ","label":"","box":[1051,1040,1077,1056],"words":[{"text":"GIÁ","box":[1051,1040,1077,1056]}],"linking":[]},{"id":257,"text":"TRỊ","label":"","box":[1083,1040,1107,1056],"words":[{"text":"TRỊ","box":[1083,1040,1107,1056]}],"linking":[]},{"id":258,"text":"THANH","label":"","box":[1114,1040,1167,1056],"words":[{"text":"THANH","box":[1114,1040,1167,1056]}],"linking":[]},{"id":259,"text":"TOÁN","label":"","box":[1090,1066,1132,1079],"words":[{"text":"TOÁN","box":[1090,1066,1132,1079]}],"linking":[]},{"id":260,"text":"13,050,000","label":"","box":[1081,1173,1159,1186],"words":[{"text":"13,050,000","box":[1081,1173,1159,1186]}],"linking":[]},{"id":261,"text":"13,050,000","label":"","box":[1081,1227,1161,1240],"words":[{"text":"13,050,000","box":[1081,1227,1161,1240]}],"linking":[]},{"id":262,"text":"Mẫu số ( Fom ) :","label":"question","box":[874,91,981,111],"words":[{"text":"Mẫu","box":[874,91,905,108]},{"text":"số","box":[910,92,927,109]},{"text":"(","box":[932,92,937,109]},{"text":"Fom","box":[937,93,959,110]},{"text":")","box":[966,93,974,110]},{"text":":","box":[978,94,981,111]}],"linking":[[262,265]]},{"id":263,"text":"Ki hiệu ( Series ) .","label":"question","box":[875,132,984,149],"words":[{"text":"Ki","box":[875,132,887,146]},{"text":"hiệu","box":[895,133,924,147]},{"text":"(","box":[931,133,936,147]},{"text":"Series","box":[937,134,973,148]},{"text":")","box":[974,135,978,149]},{"text":".","box":[981,135,984,149]}],"linking":[[263,266]]},{"id":264,"text":"Số ( No. ) .","label":"question","box":[875,167,939,188],"words":[{"text":"Số","box":[875,167,894,184]},{"text":"(","box":[901,168,905,185]},{"text":"No.","box":[905,170,927,186]},{"text":")","box":[928,170,932,187]},{"text":".","box":[938,171,939,188]}],"linking":[[264,228]]},{"id":265,"text":"01GTKT0 / 002","label":"answer","box":[1039,96,1140,107],"words":[{"text":"01GTKT0","box":[1039,96,1108,107]},{"text":"/","box":[1109,96,1114,107]},{"text":"002","box":[1114,96,1140,107]}],"linking":[[262,265]]},{"id":266,"text":"BM / 21E","label":"answer","box":[1039,134,1095,145],"words":[{"text":"BM","box":[1039,134,1060,145]},{"text":"/","box":[1062,134,1067,145]},{"text":"21E","box":[1067,134,1095,145]}],"linking":[[263,266]]},{"id":267,"text":"Đơn vị bán hàng ( ComName ) :","label":"question","box":[68,221,277,240],"words":[{"text":"Đơn","box":[68,221,97,239]},{"text":"vị","box":[104,221,119,239]},{"text":"bán","box":[124,221,148,239]},{"text":"hàng","box":[156,221,189,239]},{"text":"(","box":[196,221,201,239]},{"text":"ComName","box":[203,221,264,240]},{"text":")","box":[267,222,271,240]},{"text":":","box":[274,222,277,240]}],"linking":[[267,279]]},{"id":268,"text":"Mã số thuế ( Tax code )","label":"question","box":[70,249,221,271],"words":[{"text":"Mã","box":[70,250,92,267]},{"text":"số","box":[97,249,114,268]},{"text":"thuế","box":[118,251,149,268]},{"text":"(","box":[156,251,162,269]},{"text":"Tax","box":[162,252,183,270]},{"text":"code","box":[187,253,215,270]},{"text":")","box":[217,253,221,271]}],"linking":[[268,66]]},{"id":269,"text":"Dia chỉ ( Address ) :","label":"question","box":[70,283,193,298],"words":[{"text":"Dia","box":[70,283,94,296]},{"text":"chỉ","box":[99,283,119,297]},{"text":"(","box":[126,283,131,297]},{"text":"Address","box":[129,284,179,297]},{"text":")","box":[180,284,185,298]},{"text":":","box":[189,284,193,298]}],"linking":[[269,280]]},{"id":270,"text":"Số tài khoản ( BankNo ) .","label":"question","box":[71,309,230,328],"words":[{"text":"Số","box":[71,309,88,325]},{"text":"tài","box":[95,309,110,325]},{"text":"khoản","box":[118,310,159,326]},{"text":"(","box":[167,311,171,327]},{"text":"BankNo","box":[172,311,216,327]},{"text":")","box":[219,312,223,328]},{"text":".","box":[229,312,230,328]}],"linking":[[270,67]]},{"id":271,"text":"Ngân hàng ( BankName ) :","label":"question","box":[71,338,238,357],"words":[{"text":"Ngân","box":[71,338,107,356]},{"text":"hàng","box":[115,338,148,356]},{"text":"(","box":[155,338,160,356]},{"text":"BankName","box":[162,339,224,357]},{"text":")","box":[228,339,232,357]},{"text":":","box":[235,339,238,357]}],"linking":[[271,281]]},{"id":272,"text":"Họ tên người mua hàng ( Buyer ) :","label":"question","box":[71,391,300,407],"words":[{"text":"Họ","box":[71,391,89,406]},{"text":"tên","box":[96,391,116,406]},{"text":"người","box":[124,391,165,406]},{"text":"mua","box":[172,391,201,406]},{"text":"hàng","box":[209,391,242,407]},{"text":"(","box":[250,392,254,407]},{"text":"Buyer","box":[255,392,289,407]},{"text":")","box":[289,392,293,407]},{"text":":","box":[297,392,300,407]}],"linking":[[272,282]]},{"id":273,"text":"Tên đơn vị ( CusName ) -","label":"question","box":[70,419,229,436],"words":[{"text":"Tên","box":[70,419,96,434]},{"text":"đơn","box":[103,420,130,434]},{"text":"vị","box":[136,420,146,435]},{"text":"(","box":[154,420,158,435]},{"text":"CusName","box":[161,421,218,436]},{"text":")","box":[220,421,222,436]},{"text":"-","box":[228,421,229,436]}],"linking":[]},{"id":274,"text":"Mã số thuế ( Tax code ) .","label":"question","box":[71,444,228,465],"words":[{"text":"Mã","box":[71,444,92,462]},{"text":"số","box":[98,444,114,462]},{"text":"thuế","box":[119,445,150,463]},{"text":"(","box":[157,445,162,463]},{"text":"Tax","box":[163,446,183,464]},{"text":"code","box":[188,447,215,465]},{"text":")","box":[218,447,221,465]},{"text":".","box":[227,447,228,465]}],"linking":[]},{"id":275,"text":"Địa chỉ ( Address )","label":"question","box":[70,474,183,492],"words":[{"text":"Địa","box":[70,474,93,491]},{"text":"chỉ","box":[100,474,121,491]},{"text":"(","box":[125,474,130,491]},{"text":"Address","box":[131,475,179,492]},{"text":")","box":[181,475,183,492]}],"linking":[[275,283]]},{"id":276,"text":"Hình thức thanh toán ( Method of payment )","label":"question","box":[71,503,353,521],"words":[{"text":"Hình","box":[71,503,103,519]},{"text":"thức","box":[109,503,141,519]},{"text":"thanh","box":[147,503,186,519]},{"text":"toán","box":[192,504,222,520]},{"text":"(","box":[230,504,234,520]},{"text":"Method","box":[234,504,279,520]},{"text":"of","box":[284,504,295,520]},{"text":"payment","box":[299,504,349,521]},{"text":")","box":[351,505,353,521]}],"linking":[[276,284]]},{"id":277,"text":"Ngân hàng ( Bank Name ) :","label":"question","box":[71,535,242,549],"words":[{"text":"Ngân","box":[71,535,107,549]},{"text":"hàng","box":[115,535,148,549]},{"text":"(","box":[156,535,159,549]},{"text":"Bank","box":[161,535,191,549]},{"text":"Name","box":[195,535,228,549]},{"text":")","box":[231,535,235,549]},{"text":":","box":[241,535,242,549]}],"linking":[]},{"id":278,"text":"Số tài khoản ( A / C No ) .","label":"question","box":[684,502,840,522],"words":[{"text":"Số","box":[684,502,703,517]},{"text":"tài","box":[708,502,726,518]},{"text":"khoản","box":[731,504,775,518]},{"text":"(","box":[781,504,785,520]},{"text":"A","box":[786,504,791,520]},{"text":"/","box":[793,504,799,520]},{"text":"C","box":[801,505,808,521]},{"text":"No","box":[812,506,828,521]},{"text":")","box":[829,506,834,522]},{"text":".","box":[838,506,840,522]}],"linking":[]},{"id":279,"text":"CÔNG TY CỔ PHẦN THUỶ SẢN BÌNH MINH","label":"answer","box":[330,222,660,236],"words":[{"text":"CÔNG","box":[330,222,378,236]},{"text":"TY","box":[384,222,404,236]},{"text":"CỔ","box":[410,222,432,236]},{"text":"PHẦN","box":[440,222,483,236]},{"text":"THUỶ","box":[489,222,533,236]},{"text":"SẢN","box":[538,222,570,236]},{"text":"BÌNH","box":[578,222,614,236]},{"text":"MINH","box":[621,222,660,236]}],"linking":[[267,279]]},{"id":280,"text":"Số 86/28/1 , Phổ Quang , Phường 2 , Quận Tân Bình , TP.HCM","label":"answer","box":[331,281,770,298],"words":[{"text":"Số","box":[331,281,348,298]},{"text":"86/28/1","box":[356,281,406,298]},{"text":",","box":[411,281,412,298]},{"text":"Phổ","box":[420,281,446,298]},{"text":"Quang","box":[454,281,500,298]},{"text":",","box":[503,281,504,298]},{"text":"Phường","box":[512,281,569,298]},{"text":"2","box":[576,281,583,298]},{"text":",","box":[586,281,587,298]},{"text":"Quận","box":[595,281,632,298]},{"text":"Tân","box":[639,281,665,298]},{"text":"Bình","box":[672,281,703,298]},{"text":",","box":[706,281,707,298]},{"text":"TP.HCM","box":[710,281,770,298]}],"linking":[[269,280]]},{"id":281,"text":"NH TMCP Công Thương Việt Nam ( Vietinbank ) - CN Tây Sài Gòn , TP.HCM","label":"answer","box":[331,342,880,356],"words":[{"text":"NH","box":[331,342,351,356]},{"text":"TMCP","box":[358,342,403,356]},{"text":"Công","box":[411,342,447,356]},{"text":"Thương","box":[453,342,510,356]},{"text":"Việt","box":[517,342,544,356]},{"text":"Nam","box":[551,342,582,356]},{"text":"(","box":[590,342,594,356]},{"text":"Vietinbank","box":[595,342,668,356]},{"text":")","box":[671,342,675,356]},{"text":"-","box":[681,342,685,356]},{"text":"CN","box":[692,342,712,356]},{"text":"Tây","box":[720,342,746,356]},{"text":"Sài","box":[753,342,774,356]},{"text":"Gòn","box":[781,342,809,356]},{"text":",","box":[812,342,813,356]},{"text":"TP.HCM","box":[820,342,880,356]}],"linking":[[271,281]]},{"id":282,"text":"LIÊM TRANG","label":"answer","box":[433,389,529,404],"words":[{"text":"LIÊM","box":[433,389,467,404]},{"text":"TRANG","box":[475,389,529,404]}],"linking":[[272,282]]},{"id":283,"text":"Xã Vinh Kim , huyện Cầu Ngang , tỉnh Trà Vinh","label":"answer","box":[432,474,764,491],"words":[{"text":"Xã","box":[432,474,450,491]},{"text":"Vinh","box":[456,474,487,491]},{"text":"Kim","box":[495,474,519,491]},{"text":",","box":[523,474,524,491]},{"text":"huyện","box":[532,474,574,491]},{"text":"Cầu","box":[582,474,609,491]},{"text":"Ngang","box":[616,474,661,491]},{"text":",","box":[665,474,666,491]},{"text":"tỉnh","box":[673,474,697,491]},{"text":"Trà","box":[704,474,726,491]},{"text":"Vinh","box":[733,474,764,491]}],"linking":[[275,283]]},{"id":284,"text":"Chuyển khoản / Tiền mặt","label":"answer","box":[433,503,605,520],"words":[{"text":"Chuyển","box":[433,503,486,520]},{"text":"khoản","box":[494,503,534,520]},{"text":"/","box":[537,503,541,520]},{"text":"Tiền","box":[543,503,572,520]},{"text":"mặt","box":[580,503,605,520]}],"linking":[[276,284]]}]