[{"id":0,"text":":","label":"","box":[228,421,229,435],"words":[{"text":":","box":[228,421,229,435]}],"linking":[]},{"id":1,"text":"STT","label":"","box":[62,621,90,632],"words":[{"text":"STT","box":[62,621,90,632]}],"linking":[]},{"id":2,"text":"No.","label":"","box":[64,645,88,655],"words":[{"text":"No.","box":[64,645,88,655]}],"linking":[]},{"id":3,"text":"1","label":"","box":[72,701,79,713],"words":[{"text":"1","box":[72,701,79,713]}],"linking":[]},{"id":4,"text":"2","label":"","box":[70,739,81,750],"words":[{"text":"2","box":[70,739,81,750]}],"linking":[]},{"id":5,"text":"3","label":"","box":[71,778,80,789],"words":[{"text":"3","box":[71,778,80,789]}],"linking":[]},{"id":6,"text":"4","label":"","box":[71,817,80,827],"words":[{"text":"4","box":[71,817,80,827]}],"linking":[]},{"id":7,"text":"5","label":"","box":[71,854,82,866],"words":[{"text":"5","box":[71,854,82,866]}],"linking":[]},{"id":8,"text":"6","label":"","box":[72,894,80,904],"words":[{"text":"6","box":[72,894,80,904]}],"linking":[]},{"id":9,"text":"Đơn","label":"","box":[173,56,197,71],"words":[{"text":"Đơn","box":[173,56,197,71]}],"linking":[]},{"id":10,"text":"vị","label":"","box":[203,56,211,71],"words":[{"text":"vị","box":[203,56,211,71]}],"linking":[]},{"id":11,"text":"hỗ","label":"","box":[215,56,229,71],"words":[{"text":"hỗ","box":[215,56,229,71]}],"linking":[]},{"id":12,"text":"trợ","label":"","box":[234,56,250,71],"words":[{"text":"trợ","box":[234,56,250,71]}],"linking":[]},{"id":13,"text":"cung","label":"","box":[254,56,282,71],"words":[{"text":"cung","box":[254,56,282,71]}],"linking":[]},{"id":14,"text":"cấp","label":"","box":[287,56,307,71],"words":[{"text":"cấp","box":[287,56,307,71]}],"linking":[]},{"id":15,"text":"công","label":"","box":[312,56,339,71],"words":[{"text":"công","box":[312,56,339,71]}],"linking":[]},{"id":16,"text":"cụ","label":"","box":[344,56,357,71],"words":[{"text":"cụ","box":[344,56,357,71]}],"linking":[]},{"id":17,"text":"phát","label":"","box":[361,56,387,71],"words":[{"text":"phát","box":[361,56,387,71]}],"linking":[]},{"id":18,"text":"hành","label":"","box":[392,56,420,71],"words":[{"text":"hành","box":[392,56,420,71]}],"linking":[]},{"id":19,"text":"hóa","label":"","box":[425,56,446,71],"words":[{"text":"hóa","box":[425,56,446,71]}],"linking":[]},{"id":20,"text":"đơn","label":"","box":[451,56,473,71],"words":[{"text":"đơn","box":[451,56,473,71]}],"linking":[]},{"id":21,"text":"điện","label":"","box":[478,56,502,71],"words":[{"text":"điện","box":[478,56,502,71]}],"linking":[]},{"id":22,"text":"tử","label":"","box":[507,56,514,71],"words":[{"text":"tử","box":[507,56,514,71]}],"linking":[]},{"id":23,"text":":","label":"","box":[518,56,521,71],"words":[{"text":":","box":[518,56,521,71]}],"linking":[]},{"id":24,"text":"Công","label":"","box":[527,56,557,71],"words":[{"text":"Công","box":[527,56,557,71]}],"linking":[]},{"id":25,"text":"ty","label":"","box":[562,56,572,71],"words":[{"text":"ty","box":[562,56,572,71]}],"linking":[]},{"id":26,"text":"Cổ","label":"","box":[576,56,592,71],"words":[{"text":"Cổ","box":[576,56,592,71]}],"linking":[]},{"id":27,"text":"phần","label":"","box":[596,56,625,71],"words":[{"text":"phần","box":[596,56,625,71]}],"linking":[]},{"id":28,"text":"Định","label":"","box":[630,56,656,71],"words":[{"text":"Định","box":[630,56,656,71]}],"linking":[]},{"id":29,"text":"Gia","label":"","box":[661,56,680,71],"words":[{"text":"Gia","box":[661,56,680,71]}],"linking":[]},{"id":30,"text":"Nét","label":"","box":[686,56,706,71],"words":[{"text":"Nét","box":[686,56,706,71]}],"linking":[]},{"id":31,"text":"-","label":"","box":[710,56,713,71],"words":[{"text":"-","box":[710,56,713,71]}],"linking":[]},{"id":32,"text":"DigiNet","label":"","box":[718,56,761,71],"words":[{"text":"DigiNet","box":[718,56,761,71]}],"linking":[]},{"id":33,"text":"Corp","label":"","box":[765,56,789,71],"words":[{"text":"Corp","box":[765,56,789,71]}],"linking":[]},{"id":34,"text":",","label":"","box":[792,56,795,71],"words":[{"text":",","box":[792,56,795,71]}],"linking":[]},{"id":35,"text":"MST","label":"","box":[801,56,825,71],"words":[{"text":"MST","box":[801,56,825,71]}],"linking":[]},{"id":36,"text":":","label":"","box":[828,56,832,71],"words":[{"text":":","box":[828,56,832,71]}],"linking":[]},{"id":37,"text":"0303359278","label":"","box":[837,56,907,71],"words":[{"text":"0303359278","box":[837,56,907,71]}],"linking":[]},{"id":38,"text":",","label":"","box":[910,56,912,71],"words":[{"text":",","box":[910,56,912,71]}],"linking":[]},{"id":39,"text":"Điện","label":"","box":[918,56,944,71],"words":[{"text":"Điện","box":[918,56,944,71]}],"linking":[]},{"id":40,"text":"thoại","label":"","box":[949,56,977,71],"words":[{"text":"thoại","box":[949,56,977,71]}],"linking":[]},{"id":41,"text":":","label":"","box":[979,56,980,71],"words":[{"text":":","box":[979,56,980,71]}],"linking":[]},{"id":42,"text":"028","label":"","box":[985,56,1006,71],"words":[{"text":"028","box":[985,56,1006,71]}],"linking":[]},{"id":43,"text":"35123878","label":"","box":[1011,56,1069,71],"words":[{"text":"35123878","box":[1011,56,1069,71]}],"linking":[]},{"id":44,"text":"HÓA","label":"","box":[389,93,453,127],"words":[{"text":"HÓA","box":[389,93,453,127]}],"linking":[]},{"id":45,"text":"ĐƠN","label":"","box":[462,93,532,127],"words":[{"text":"ĐƠN","box":[462,93,532,127]}],"linking":[]},{"id":46,"text":"GIÁ","label":"","box":[545,93,597,127],"words":[{"text":"GIÁ","box":[545,93,597,127]}],"linking":[]},{"id":47,"text":"TRỊ","label":"","box":[606,93,654,127],"words":[{"text":"TRỊ","box":[606,93,654,127]}],"linking":[]},{"id":48,"text":"GIA","label":"","box":[666,93,718,127],"words":[{"text":"GIA","box":[666,93,718,127]}],"linking":[]},{"id":49,"text":"TĂNG","label":"","box":[728,93,811,127],"words":[{"text":"TĂNG","box":[728,93,811,127]}],"linking":[]},{"id":50,"text":"VAT","label":"","box":[523,143,573,161],"words":[{"text":"VAT","box":[523,143,573,161]}],"linking":[]},{"id":51,"text":"INVOICE","label":"","box":[579,143,682,161],"words":[{"text":"INVOICE","box":[579,143,682,161]}],"linking":[]},{"id":52,"text":"Ngày","label":"","box":[431,177,467,192],"words":[{"text":"Ngày","box":[431,177,467,192]}],"linking":[]},{"id":53,"text":"(","label":"","box":[474,177,477,192],"words":[{"text":"(","box":[474,177,477,192]}],"linking":[]},{"id":54,"text":"Date","label":"","box":[477,177,504,192],"words":[{"text":"Date","box":[477,177,504,192]}],"linking":[]},{"id":55,"text":")","label":"","box":[507,177,510,192],"words":[{"text":")","box":[507,177,510,192]}],"linking":[]},{"id":56,"text":"25","label":"","box":[515,177,532,192],"words":[{"text":"25","box":[515,177,532,192]}],"linking":[]},{"id":57,"text":"tháng","label":"","box":[538,177,577,192],"words":[{"text":"tháng","box":[538,177,577,192]}],"linking":[]},{"id":58,"text":"(","label":"","box":[585,177,588,192],"words":[{"text":"(","box":[585,177,588,192]}],"linking":[]},{"id":59,"text":"month","label":"","box":[587,177,623,192],"words":[{"text":"month","box":[587,177,623,192]}],"linking":[]},{"id":60,"text":")","label":"","box":[626,177,630,192],"words":[{"text":")","box":[626,177,630,192]}],"linking":[]},{"id":61,"text":"02","label":"","box":[635,177,652,192],"words":[{"text":"02","box":[635,177,652,192]}],"linking":[]},{"id":62,"text":"năm","label":"","box":[659,177,687,192],"words":[{"text":"năm","box":[659,177,687,192]}],"linking":[]},{"id":63,"text":"(","label":"","box":[696,177,699,192],"words":[{"text":"(","box":[696,177,699,192]}],"linking":[]},{"id":64,"text":"year","label":"","box":[699,177,724,192],"words":[{"text":"year","box":[699,177,724,192]}],"linking":[]},{"id":65,"text":")","label":"","box":[727,177,730,192],"words":[{"text":")","box":[727,177,730,192]}],"linking":[]},{"id":66,"text":"2022","label":"","box":[735,177,769,192],"words":[{"text":"2022","box":[735,177,769,192]}],"linking":[]},{"id":67,"text":"7","label":"","box":[71,932,81,944],"words":[{"text":"7","box":[71,932,81,944]}],"linking":[]},{"id":68,"text":"BINH","label":"","box":[162,172,193,184],"words":[{"text":"BINH","box":[162,172,193,184]}],"linking":[]},{"id":69,"text":"MINH","label":"","box":[199,172,231,183],"words":[{"text":"MINH","box":[199,172,231,183]}],"linking":[]},{"id":70,"text":"8","label":"","box":[71,970,82,981],"words":[{"text":"8","box":[71,970,82,981]}],"linking":[]},{"id":71,"text":"9","label":"","box":[71,1010,80,1022],"words":[{"text":"9","box":[71,1010,80,1022]}],"linking":[]},{"id":72,"text":"TÊN","label":"","box":[175,617,204,633],"words":[{"text":"TÊN","box":[175,617,204,633]}],"linking":[]},{"id":73,"text":"HÀNG","label":"","box":[212,617,255,633],"words":[{"text":"HÀNG","box":[212,617,255,633]}],"linking":[]},{"id":74,"text":"HÓA","label":"","box":[261,617,290,634],"words":[{"text":"HÓA","box":[261,617,290,634]}],"linking":[]},{"id":75,"text":",","label":"","box":[292,618,295,634],"words":[{"text":",","box":[292,618,295,634]}],"linking":[]},{"id":76,"text":"DỊCH","label":"","box":[304,618,339,634],"words":[{"text":"DỊCH","box":[304,618,339,634]}],"linking":[]},{"id":77,"text":"VỤ","label":"","box":[345,618,365,634],"words":[{"text":"VỤ","box":[345,618,365,634]}],"linking":[]},{"id":78,"text":"Description","label":"","box":[232,645,310,658],"words":[{"text":"Description","box":[232,645,310,658]}],"linking":[]},{"id":79,"text":"AQUA","label":"","box":[102,700,147,712],"words":[{"text":"AQUA","box":[102,700,147,712]}],"linking":[]},{"id":80,"text":"OMNICIDE","label":"","box":[154,700,233,712],"words":[{"text":"OMNICIDE","box":[154,700,233,712]}],"linking":[]},{"id":81,"text":"1LIT","label":"","box":[242,700,271,712],"words":[{"text":"1LIT","box":[242,700,271,712]}],"linking":[]},{"id":82,"text":"POLYZYMES","label":"","box":[103,739,201,750],"words":[{"text":"POLYZYMES","box":[103,739,201,750]}],"linking":[]},{"id":83,"text":"100ML","label":"","box":[209,739,256,750],"words":[{"text":"100ML","box":[209,739,256,750]}],"linking":[]},{"id":84,"text":"PROBAC","label":"","box":[103,778,168,789],"words":[{"text":"PROBAC","box":[103,778,168,789]}],"linking":[]},{"id":85,"text":"250GR","label":"","box":[177,778,226,789],"words":[{"text":"250GR","box":[177,778,226,789]}],"linking":[]},{"id":86,"text":"CLINZEX","label":"","box":[103,815,171,829],"words":[{"text":"CLINZEX","box":[103,815,171,829]}],"linking":[]},{"id":87,"text":"10KG","label":"","box":[177,816,216,828],"words":[{"text":"10KG","box":[177,816,216,828]}],"linking":[]},{"id":88,"text":"0303880297","label":"answer","box":[330,254,419,265],"words":[{"text":"0303880297","box":[330,254,419,265]}],"linking":[[330,88]]},{"id":89,"text":"112002622316","label":"answer","box":[331,311,439,323],"words":[{"text":"112002622316","box":[331,311,439,323]}],"linking":[[333,89]]},{"id":90,"text":"ANTI","label":"","box":[102,854,140,866],"words":[{"text":"ANTI","box":[102,854,140,866]}],"linking":[]},{"id":91,"text":"PARASITE","label":"","box":[145,854,224,866],"words":[{"text":"PARASITE","box":[145,854,224,866]}],"linking":[]},{"id":92,"text":"250GR","label":"","box":[230,854,281,866],"words":[{"text":"250GR","box":[230,854,281,866]}],"linking":[]},{"id":93,"text":"MERACID","label":"","box":[103,893,176,905],"words":[{"text":"MERACID","box":[103,893,176,905]}],"linking":[]},{"id":94,"text":"500GR","label":"","box":[183,893,232,906],"words":[{"text":"500GR","box":[183,893,232,906]}],"linking":[]},{"id":95,"text":"LACTOCEL","label":"","box":[103,931,186,944],"words":[{"text":"LACTOCEL","box":[103,931,186,944]}],"linking":[]},{"id":96,"text":"500GR","label":"","box":[193,931,243,943],"words":[{"text":"500GR","box":[193,931,243,943]}],"linking":[]},{"id":97,"text":"Hàng","label":"","box":[104,967,139,986],"words":[{"text":"Hàng","box":[104,967,139,986]}],"linking":[]},{"id":98,"text":"khuyến","label":"","box":[147,967,196,985],"words":[{"text":"khuyến","box":[147,967,196,985]}],"linking":[]},{"id":99,"text":"mại","label":"","box":[204,967,228,985],"words":[{"text":"mại","box":[204,967,228,985]}],"linking":[]},{"id":100,"text":"không","label":"","box":[235,966,277,985],"words":[{"text":"không","box":[235,966,277,985]}],"linking":[]},{"id":101,"text":"tính","label":"","box":[283,966,309,984],"words":[{"text":"tính","box":[283,966,309,984]}],"linking":[]},{"id":102,"text":"tiền","label":"","box":[315,966,340,984],"words":[{"text":"tiền","box":[315,966,340,984]}],"linking":[]},{"id":103,"text":"CLINZEX","label":"","box":[103,1008,169,1021],"words":[{"text":"CLINZEX","box":[103,1008,169,1021]}],"linking":[]},{"id":104,"text":"10KG","label":"","box":[177,1008,216,1020],"words":[{"text":"10KG","box":[177,1008,216,1020]}],"linking":[]},{"id":105,"text":"TỔNG","label":"","box":[209,1077,255,1093],"words":[{"text":"TỔNG","box":[209,1077,255,1093]}],"linking":[]},{"id":106,"text":"HỢP","label":"","box":[262,1078,296,1094],"words":[{"text":"HỢP","box":[262,1078,296,1094]}],"linking":[]},{"id":107,"text":"Tổng","label":"","box":[76,1116,111,1135],"words":[{"text":"Tổng","box":[76,1116,111,1135]}],"linking":[]},{"id":108,"text":"tiền","label":"","box":[117,1116,142,1135],"words":[{"text":"tiền","box":[117,1116,142,1135]}],"linking":[]},{"id":109,"text":"không","label":"","box":[150,1116,191,1135],"words":[{"text":"không","box":[150,1116,191,1135]}],"linking":[]},{"id":110,"text":"kê","label":"","box":[199,1116,213,1135],"words":[{"text":"kê","box":[199,1116,213,1135]}],"linking":[]},{"id":111,"text":"khai","label":"","box":[221,1116,248,1135],"words":[{"text":"khai","box":[221,1116,248,1135]}],"linking":[]},{"id":112,"text":"và","label":"","box":[254,1116,270,1135],"words":[{"text":"và","box":[254,1116,270,1135]}],"linking":[]},{"id":113,"text":"nộp","label":"","box":[277,1116,302,1136],"words":[{"text":"nộp","box":[277,1116,302,1136]}],"linking":[]},{"id":114,"text":"thuế","label":"","box":[308,1117,337,1136],"words":[{"text":"thuế","box":[308,1117,337,1136]}],"linking":[]},{"id":115,"text":":","label":"","box":[341,1117,342,1136],"words":[{"text":":","box":[341,1117,342,1136]}],"linking":[]},{"id":116,"text":"Tổng","label":"","box":[76,1143,111,1160],"words":[{"text":"Tổng","box":[76,1143,111,1160]}],"linking":[]},{"id":117,"text":"tiền","label":"","box":[117,1143,142,1160],"words":[{"text":"tiền","box":[117,1143,142,1160]}],"linking":[]},{"id":118,"text":"không","label":"","box":[150,1143,191,1160],"words":[{"text":"không","box":[150,1143,191,1160]}],"linking":[]},{"id":119,"text":"chịu","label":"","box":[198,1143,226,1160],"words":[{"text":"chịu","box":[198,1143,226,1160]}],"linking":[]},{"id":120,"text":"thuế","label":"","box":[232,1143,262,1160],"words":[{"text":"thuế","box":[232,1143,262,1160]}],"linking":[]},{"id":121,"text":"GTGT","label":"","box":[270,1143,312,1160],"words":[{"text":"GTGT","box":[270,1143,312,1160]}],"linking":[]},{"id":122,"text":":","label":"","box":[315,1143,316,1160],"words":[{"text":":","box":[315,1143,316,1160]}],"linking":[]},{"id":123,"text":"Tổng","label":"","box":[76,1169,110,1188],"words":[{"text":"Tổng","box":[76,1169,110,1188]}],"linking":[]},{"id":124,"text":"tiền","label":"","box":[116,1169,141,1187],"words":[{"text":"tiền","box":[116,1169,141,1187]}],"linking":[]},{"id":125,"text":"chịu","label":"","box":[148,1168,176,1187],"words":[{"text":"chịu","box":[148,1168,176,1187]}],"linking":[]},{"id":126,"text":"thuế","label":"","box":[182,1168,212,1186],"words":[{"text":"thuế","box":[182,1168,212,1186]}],"linking":[]},{"id":127,"text":"suất","label":"","box":[219,1167,248,1186],"words":[{"text":"suất","box":[219,1167,248,1186]}],"linking":[]},{"id":128,"text":"Tổng","label":"","box":[76,1193,110,1212],"words":[{"text":"Tổng","box":[76,1193,110,1212]}],"linking":[]},{"id":129,"text":"tiền","label":"","box":[115,1193,140,1212],"words":[{"text":"tiền","box":[115,1193,140,1212]}],"linking":[]},{"id":130,"text":"chịu","label":"","box":[149,1193,172,1212],"words":[{"text":"chịu","box":[149,1193,172,1212]}],"linking":[]},{"id":131,"text":"thuế","label":"","box":[181,1193,212,1212],"words":[{"text":"thuế","box":[181,1193,212,1212]}],"linking":[]},{"id":132,"text":"suất","label":"","box":[221,1193,249,1212],"words":[{"text":"suất","box":[221,1193,249,1212]}],"linking":[]},{"id":133,"text":"Tổng","label":"","box":[76,1221,110,1242],"words":[{"text":"Tổng","box":[76,1221,110,1242]}],"linking":[]},{"id":134,"text":"tiền","label":"","box":[116,1221,141,1241],"words":[{"text":"tiền","box":[116,1221,141,1241]}],"linking":[]},{"id":135,"text":"chịu","label":"","box":[148,1221,176,1241],"words":[{"text":"chịu","box":[148,1221,176,1241]}],"linking":[]},{"id":136,"text":"thuế","label":"","box":[182,1221,212,1241],"words":[{"text":"thuế","box":[182,1221,212,1241]}],"linking":[]},{"id":137,"text":"suất","label":"","box":[219,1220,248,1240],"words":[{"text":"suất","box":[219,1220,248,1240]}],"linking":[]},{"id":138,"text":":","label":"","box":[251,1220,254,1240],"words":[{"text":":","box":[251,1220,254,1240]}],"linking":[]},{"id":139,"text":"Tổng","label":"","box":[76,1249,111,1269],"words":[{"text":"Tổng","box":[76,1249,111,1269]}],"linking":[]},{"id":140,"text":"cộng","label":"","box":[117,1249,151,1269],"words":[{"text":"cộng","box":[117,1249,151,1269]}],"linking":[]},{"id":141,"text":"tiền","label":"","box":[158,1249,182,1269],"words":[{"text":"tiền","box":[158,1249,182,1269]}],"linking":[]},{"id":142,"text":"thanh","label":"","box":[189,1249,228,1269],"words":[{"text":"thanh","box":[189,1249,228,1269]}],"linking":[]},{"id":143,"text":"toán","label":"","box":[232,1249,261,1269],"words":[{"text":"toán","box":[232,1249,261,1269]}],"linking":[]},{"id":144,"text":"Số","label":"","box":[77,1283,94,1301],"words":[{"text":"Số","box":[77,1283,94,1301]}],"linking":[]},{"id":145,"text":"tiền","label":"","box":[99,1283,124,1301],"words":[{"text":"tiền","box":[99,1283,124,1301]}],"linking":[]},{"id":146,"text":"viết","label":"","box":[131,1283,156,1301],"words":[{"text":"viết","box":[131,1283,156,1301]}],"linking":[]},{"id":147,"text":"bằng","label":"","box":[162,1284,196,1302],"words":[{"text":"bằng","box":[162,1284,196,1302]}],"linking":[]},{"id":148,"text":"chữ","label":"","box":[203,1284,229,1302],"words":[{"text":"chữ","box":[203,1284,229,1302]}],"linking":[]},{"id":149,"text":"(","label":"","box":[236,1284,241,1302],"words":[{"text":"(","box":[236,1284,241,1302]}],"linking":[]},{"id":150,"text":"Total","label":"","box":[242,1285,270,1303],"words":[{"text":"Total","box":[242,1285,270,1303]}],"linking":[]},{"id":151,"text":"amount","label":"","box":[275,1286,319,1303],"words":[{"text":"amount","box":[275,1286,319,1303]}],"linking":[]},{"id":152,"text":"in","label":"","box":[324,1286,333,1304],"words":[{"text":"in","box":[324,1286,333,1304]}],"linking":[]},{"id":153,"text":"words","label":"","box":[339,1286,371,1304],"words":[{"text":"words","box":[339,1286,371,1304]}],"linking":[]},{"id":154,"text":")","label":"","box":[374,1286,378,1304],"words":[{"text":")","box":[374,1286,378,1304]}],"linking":[]},{"id":155,"text":"Người","label":"","box":[255,1331,298,1346],"words":[{"text":"Người","box":[255,1331,298,1346]}],"linking":[]},{"id":156,"text":"mua","label":"","box":[306,1331,336,1346],"words":[{"text":"mua","box":[306,1331,336,1346]}],"linking":[]},{"id":157,"text":"hàng","label":"","box":[342,1331,376,1346],"words":[{"text":"hàng","box":[342,1331,376,1346]}],"linking":[]},{"id":158,"text":"(","label":"","box":[384,1332,386,1347],"words":[{"text":"(","box":[384,1332,386,1347]}],"linking":[]},{"id":159,"text":"Buyer","label":"","box":[387,1332,422,1347],"words":[{"text":"Buyer","box":[387,1332,422,1347]}],"linking":[]},{"id":160,"text":")","label":"","box":[424,1332,427,1347],"words":[{"text":")","box":[424,1332,427,1347]}],"linking":[]},{"id":161,"text":"4400621577","label":"answer","box":[432,447,520,459],"words":[{"text":"4400621577","box":[432,447,520,459]}],"linking":[[339,161]]},{"id":162,"text":"ĐƠN","label":"","box":[462,609,495,621],"words":[{"text":"ĐƠN","box":[462,609,495,621]}],"linking":[]},{"id":163,"text":"VỊ","label":"","box":[502,608,514,621],"words":[{"text":"VỊ","box":[502,608,514,621]}],"linking":[]},{"id":164,"text":"SÓ","label":"","box":[554,606,576,620],"words":[{"text":"SÓ","box":[554,606,576,620]}],"linking":[]},{"id":165,"text":"ΤΙΝΗ","label":"","box":[473,629,507,643],"words":[{"text":"ΤΙΝΗ","box":[473,629,507,643]}],"linking":[]},{"id":166,"text":"Unit","label":"","box":[478,657,507,668],"words":[{"text":"Unit","box":[478,657,507,668]}],"linking":[]},{"id":167,"text":"Can","label":"","box":[476,700,505,711],"words":[{"text":"Can","box":[476,700,505,711]}],"linking":[]},{"id":168,"text":"Chai","label":"","box":[474,739,508,750],"words":[{"text":"Chai","box":[474,739,508,750]}],"linking":[]},{"id":169,"text":"Túi","label":"","box":[479,778,502,789],"words":[{"text":"Túi","box":[479,778,502,789]}],"linking":[]},{"id":170,"text":"Bao","label":"","box":[477,817,505,827],"words":[{"text":"Bao","box":[477,817,505,827]}],"linking":[]},{"id":171,"text":"Hũ","label":"","box":[481,854,499,865],"words":[{"text":"Hũ","box":[481,854,499,865]}],"linking":[]},{"id":172,"text":"Hũ","label":"","box":[481,894,498,904],"words":[{"text":"Hũ","box":[481,894,498,904]}],"linking":[]},{"id":173,"text":"Hũ","label":"","box":[481,933,499,944],"words":[{"text":"Hũ","box":[481,933,499,944]}],"linking":[]},{"id":174,"text":"Bao","label":"","box":[477,1010,505,1020],"words":[{"text":"Bao","box":[477,1010,505,1020]}],"linking":[]},{"id":175,"text":"|","label":"","box":[535,630,536,646],"words":[{"text":"|","box":[535,630,536,646]}],"linking":[]},{"id":176,"text":"LƯỢNG","label":"","box":[540,630,597,646],"words":[{"text":"LƯỢNG","box":[540,630,597,646]}],"linking":[]},{"id":177,"text":"Quantity","label":"","box":[541,657,598,670],"words":[{"text":"Quantity","box":[541,657,598,670]}],"linking":[]},{"id":178,"text":"10","label":"","box":[561,701,575,710],"words":[{"text":"10","box":[561,701,575,710]}],"linking":[]},{"id":179,"text":"60","label":"","box":[560,739,576,749],"words":[{"text":"60","box":[560,739,576,749]}],"linking":[]},{"id":180,"text":"24","label":"","box":[560,778,576,788],"words":[{"text":"24","box":[560,778,576,788]}],"linking":[]},{"id":181,"text":"12","label":"","box":[561,818,576,828],"words":[{"text":"12","box":[561,818,576,828]}],"linking":[]},{"id":182,"text":"24","label":"","box":[559,855,575,866],"words":[{"text":"24","box":[559,855,575,866]}],"linking":[]},{"id":183,"text":"20","label":"","box":[559,895,576,905],"words":[{"text":"20","box":[559,895,576,905]}],"linking":[]},{"id":184,"text":"20","label":"","box":[559,933,575,943],"words":[{"text":"20","box":[559,933,575,943]}],"linking":[]},{"id":185,"text":"5","label":"","box":[563,1009,573,1021],"words":[{"text":"5","box":[563,1009,573,1021]}],"linking":[]},{"id":186,"text":"THUỘC","label":"","box":[470,1052,522,1137],"words":[{"text":"THUỘC","box":[470,1052,522,1137]}],"linking":[]},{"id":187,"text":"QUẤT","label":"","box":[531,1052,572,1136],"words":[{"text":"QUẤT","box":[531,1052,572,1136]}],"linking":[]},{"id":188,"text":"X","label":"","box":[521,1148,531,1156],"words":[{"text":"X","box":[521,1148,531,1156]}],"linking":[]},{"id":189,"text":"0","label":"","box":[513,1172,522,1183],"words":[{"text":"0","box":[513,1172,522,1183]}],"linking":[]},{"id":190,"text":"%","label":"","box":[522,1172,534,1183],"words":[{"text":"%","box":[522,1172,534,1183]}],"linking":[]},{"id":191,"text":"5","label":"","box":[513,1199,522,1209],"words":[{"text":"5","box":[513,1199,522,1209]}],"linking":[]},{"id":192,"text":"%","label":"","box":[521,1199,534,1209],"words":[{"text":"%","box":[521,1199,534,1209]}],"linking":[]},{"id":193,"text":"10","label":"","box":[509,1226,524,1237],"words":[{"text":"10","box":[509,1226,524,1237]}],"linking":[]},{"id":194,"text":"%","label":"","box":[527,1226,539,1237],"words":[{"text":"%","box":[527,1226,539,1237]}],"linking":[]},{"id":195,"text":"ĐƠN","label":"","box":[636,617,668,632],"words":[{"text":"ĐƠN","box":[636,617,668,632]}],"linking":[]},{"id":196,"text":"GIÁ","label":"","box":[676,617,700,631],"words":[{"text":"GIÁ","box":[676,617,700,631]}],"linking":[]},{"id":197,"text":"Price","label":"","box":[652,644,687,655],"words":[{"text":"Price","box":[652,644,687,655]}],"linking":[]},{"id":198,"text":"304,761.905","label":"","box":[635,701,726,713],"words":[{"text":"304,761.905","box":[635,701,726,713]}],"linking":[]},{"id":199,"text":"109,523.810","label":"","box":[636,739,726,752],"words":[{"text":"109,523.810","box":[636,739,726,752]}],"linking":[]},{"id":200,"text":"265,000.000","label":"","box":[634,778,726,790],"words":[{"text":"265,000.000","box":[634,778,726,790]}],"linking":[]},{"id":201,"text":"348,484.848","label":"","box":[634,815,724,829],"words":[{"text":"348,484.848","box":[634,815,724,829]}],"linking":[]},{"id":202,"text":"157,500.000","label":"","box":[636,853,724,867],"words":[{"text":"157,500.000","box":[636,853,724,867]}],"linking":[]},{"id":203,"text":"219,047.619","label":"","box":[634,892,724,906],"words":[{"text":"219,047.619","box":[634,892,724,906]}],"linking":[]},{"id":204,"text":"115,000.000","label":"","box":[636,933,726,946],"words":[{"text":"115,000.000","box":[636,933,726,946]}],"linking":[]},{"id":205,"text":"THÀNH","label":"","box":[750,618,801,632],"words":[{"text":"THÀNH","box":[750,618,801,632]}],"linking":[]},{"id":206,"text":"TIỀN","label":"","box":[808,618,841,632],"words":[{"text":"TIỀN","box":[808,618,841,632]}],"linking":[]},{"id":207,"text":"Total","label":"","box":[780,644,814,656],"words":[{"text":"Total","box":[780,644,814,656]}],"linking":[]},{"id":208,"text":"Cộng","label":"","box":[620,1043,656,1058],"words":[{"text":"Cộng","box":[620,1043,656,1058]}],"linking":[]},{"id":209,"text":"(","label":"","box":[664,1042,668,1058],"words":[{"text":"(","box":[664,1042,668,1058]}],"linking":[]},{"id":210,"text":"Sub","label":"","box":[669,1042,691,1058],"words":[{"text":"Sub","box":[669,1042,691,1058]}],"linking":[]},{"id":211,"text":"total","label":"","box":[696,1043,722,1059],"words":[{"text":"total","box":[696,1043,722,1059]}],"linking":[]},{"id":212,"text":")","label":"","box":[724,1043,725,1059],"words":[{"text":")","box":[724,1043,725,1059]}],"linking":[]},{"id":213,"text":"30,621,818","label":"","box":[767,1042,847,1056],"words":[{"text":"30,621,818","box":[767,1042,847,1056]}],"linking":[]},{"id":214,"text":"TRỊ","label":"","box":[624,1078,648,1094],"words":[{"text":"TRỊ","box":[624,1078,648,1094]}],"linking":[]},{"id":215,"text":"GIÁ","label":"","box":[656,1078,682,1094],"words":[{"text":"GIÁ","box":[656,1078,682,1094]}],"linking":[]},{"id":216,"text":"CHƯA","label":"","box":[689,1078,735,1094],"words":[{"text":"CHƯA","box":[689,1078,735,1094]}],"linking":[]},{"id":217,"text":"THUẾ","label":"","box":[741,1078,784,1094],"words":[{"text":"THUẾ","box":[741,1078,784,1094]}],"linking":[]},{"id":218,"text":"GTGT","label":"","box":[792,1078,834,1094],"words":[{"text":"GTGT","box":[792,1078,834,1094]}],"linking":[]},{"id":219,"text":"1/1","label":"","box":[606,1716,635,1731],"words":[{"text":"1/1","box":[606,1716,635,1731]}],"linking":[]},{"id":220,"text":"3,047,619","label":"","box":[775,701,848,714],"words":[{"text":"3,047,619","box":[775,701,848,714]}],"linking":[]},{"id":221,"text":"5","label":"","box":[881,701,890,711],"words":[{"text":"5","box":[881,701,890,711]}],"linking":[]},{"id":222,"text":"%","label":"","box":[890,701,902,711],"words":[{"text":"%","box":[890,701,902,711]}],"linking":[]},{"id":223,"text":"6,571,429","label":"","box":[775,739,847,751],"words":[{"text":"6,571,429","box":[775,739,847,751]}],"linking":[]},{"id":224,"text":"5","label":"","box":[881,739,890,749],"words":[{"text":"5","box":[881,739,890,749]}],"linking":[]},{"id":225,"text":"%","label":"","box":[890,739,902,749],"words":[{"text":"%","box":[890,739,902,749]}],"linking":[]},{"id":226,"text":"6,360,000","label":"","box":[775,775,847,790],"words":[{"text":"6,360,000","box":[775,775,847,790]}],"linking":[]},{"id":227,"text":"X","label":"","box":[888,781,898,789],"words":[{"text":"X","box":[888,781,898,789]}],"linking":[]},{"id":228,"text":"4,181,818","label":"","box":[775,817,847,830],"words":[{"text":"4,181,818","box":[775,817,847,830]}],"linking":[]},{"id":229,"text":"10","label":"","box":[877,817,895,828],"words":[{"text":"10","box":[877,817,895,828]}],"linking":[]},{"id":230,"text":"%","label":"","box":[895,817,907,828],"words":[{"text":"%","box":[895,817,907,828]}],"linking":[]},{"id":231,"text":"3,780,000","label":"","box":[776,855,848,868],"words":[{"text":"3,780,000","box":[776,855,848,868]}],"linking":[]},{"id":232,"text":"X","label":"","box":[888,858,898,866],"words":[{"text":"X","box":[888,858,898,866]}],"linking":[]},{"id":233,"text":"4,380,952","label":"","box":[774,894,848,907],"words":[{"text":"4,380,952","box":[774,894,848,907]}],"linking":[]},{"id":234,"text":"2,300,000","label":"","box":[775,931,847,946],"words":[{"text":"2,300,000","box":[775,931,847,946]}],"linking":[]},{"id":235,"text":"12,440,000","label":"","box":[760,1146,840,1158],"words":[{"text":"12,440,000","box":[760,1146,840,1158]}],"linking":[]},{"id":236,"text":"14,000,000","label":"","box":[759,1199,839,1211],"words":[{"text":"14,000,000","box":[759,1199,839,1211]}],"linking":[]},{"id":237,"text":"4,181,818","label":"","box":[766,1225,841,1238],"words":[{"text":"4,181,818","box":[766,1225,841,1238]}],"linking":[]},{"id":238,"text":"30,621,818","label":"","box":[759,1250,839,1265],"words":[{"text":"30,621,818","box":[759,1250,839,1265]}],"linking":[]},{"id":239,"text":"Ba","label":"","box":[457,1284,474,1301],"words":[{"text":"Ba","box":[457,1284,474,1301]}],"linking":[]},{"id":240,"text":"mươi","label":"","box":[482,1284,518,1301],"words":[{"text":"mươi","box":[482,1284,518,1301]}],"linking":[]},{"id":241,"text":"mốt","label":"","box":[526,1284,550,1301],"words":[{"text":"mốt","box":[526,1284,550,1301]}],"linking":[]},{"id":242,"text":"triệu","label":"","box":[556,1284,586,1301],"words":[{"text":"triệu","box":[556,1284,586,1301]}],"linking":[]},{"id":243,"text":"bảy","label":"","box":[594,1284,618,1301],"words":[{"text":"bảy","box":[594,1284,618,1301]}],"linking":[]},{"id":244,"text":"trăm","label":"","box":[624,1284,654,1301],"words":[{"text":"trăm","box":[624,1284,654,1301]}],"linking":[]},{"id":245,"text":"bốn","label":"","box":[662,1284,687,1301],"words":[{"text":"bốn","box":[662,1284,687,1301]}],"linking":[]},{"id":246,"text":"mươi","label":"","box":[694,1284,731,1301],"words":[{"text":"mươi","box":[694,1284,731,1301]}],"linking":[]},{"id":247,"text":"nghìn","label":"","box":[738,1284,776,1301],"words":[{"text":"nghìn","box":[738,1284,776,1301]}],"linking":[]},{"id":248,"text":"đồng","label":"","box":[783,1284,817,1301],"words":[{"text":"đồng","box":[783,1284,817,1301]}],"linking":[]},{"id":249,"text":"chẵn","label":"","box":[825,1284,857,1301],"words":[{"text":"chẵn","box":[825,1284,857,1301]}],"linking":[]},{"id":250,"text":"THUÉ","label":"","box":[869,594,910,607],"words":[{"text":"THUÉ","box":[869,594,910,607]}],"linking":[]},{"id":251,"text":"SUÅT","label":"","box":[871,620,912,631],"words":[{"text":"SUÅT","box":[871,620,912,631]}],"linking":[]},{"id":252,"text":"GTGT","label":"","box":[872,644,916,655],"words":[{"text":"GTGT","box":[872,644,916,655]}],"linking":[]},{"id":253,"text":"VAT","label":"","box":[864,668,894,678],"words":[{"text":"VAT","box":[864,668,894,678]}],"linking":[]},{"id":254,"text":"rate","label":"","box":[898,668,924,678],"words":[{"text":"rate","box":[898,668,924,678]}],"linking":[]},{"id":255,"text":"5","label":"","box":[881,894,890,904],"words":[{"text":"5","box":[881,894,890,904]}],"linking":[]},{"id":256,"text":"%","label":"","box":[890,894,902,904],"words":[{"text":"%","box":[890,894,902,904]}],"linking":[]},{"id":257,"text":"X","label":"","box":[889,936,898,944],"words":[{"text":"X","box":[889,936,898,944]}],"linking":[]},{"id":258,"text":"X","label":"","box":[889,974,898,982],"words":[{"text":"X","box":[889,974,898,982]}],"linking":[]},{"id":259,"text":"X","label":"","box":[888,1013,896,1021],"words":[{"text":"X","box":[888,1013,896,1021]}],"linking":[]},{"id":260,"text":"TIỀN","label":"","box":[945,606,978,620],"words":[{"text":"TIỀN","box":[945,606,978,620]}],"linking":[]},{"id":261,"text":"THUẾ","label":"","box":[985,606,1026,620],"words":[{"text":"THUẾ","box":[985,606,1026,620]}],"linking":[]},{"id":262,"text":"GTGT","label":"","box":[967,629,1008,643],"words":[{"text":"GTGT","box":[967,629,1008,643]}],"linking":[]},{"id":263,"text":"VAT","label":"","box":[946,657,976,667],"words":[{"text":"VAT","box":[946,657,976,667]}],"linking":[]},{"id":264,"text":"amount","label":"","box":[981,657,1032,667],"words":[{"text":"amount","box":[981,657,1032,667]}],"linking":[]},{"id":265,"text":"152,381","label":"","box":[979,699,1034,715],"words":[{"text":"152,381","box":[979,699,1034,715]}],"linking":[]},{"id":266,"text":"328,571","label":"","box":[979,739,1035,752],"words":[{"text":"328,571","box":[979,739,1035,752]}],"linking":[]},{"id":267,"text":"418,182","label":"","box":[978,817,1037,830],"words":[{"text":"418,182","box":[978,817,1037,830]}],"linking":[]},{"id":268,"text":"219,048","label":"","box":[978,894,1037,907],"words":[{"text":"219,048","box":[978,894,1037,907]}],"linking":[]},{"id":269,"text":"1,118,182","label":"","box":[966,1042,1036,1056],"words":[{"text":"1,118,182","box":[966,1042,1036,1056]}],"linking":[]},{"id":270,"text":"TIÊN","label":"","box":[884,1077,919,1093],"words":[{"text":"TIÊN","box":[884,1077,919,1093]}],"linking":[]},{"id":271,"text":"THUÊ","label":"","box":[926,1077,969,1093],"words":[{"text":"THUÊ","box":[926,1077,969,1093]}],"linking":[]},{"id":272,"text":"GIGI","label":"","box":[976,1077,1019,1093],"words":[{"text":"GIGI","box":[976,1077,1019,1093]}],"linking":[]},{"id":273,"text":"700,000","label":"","box":[971,1198,1029,1211],"words":[{"text":"700,000","box":[971,1198,1029,1211]}],"linking":[]},{"id":274,"text":"418,182","label":"","box":[970,1226,1030,1239],"words":[{"text":"418,182","box":[970,1226,1030,1239]}],"linking":[]},{"id":275,"text":"1,118,182","label":"","box":[958,1252,1030,1265],"words":[{"text":"1,118,182","box":[958,1252,1030,1265]}],"linking":[]},{"id":276,"text":"Người","label":"","box":[817,1330,861,1347],"words":[{"text":"Người","box":[817,1330,861,1347]}],"linking":[]},{"id":277,"text":"bán","label":"","box":[868,1330,893,1348],"words":[{"text":"bán","box":[868,1330,893,1348]}],"linking":[]},{"id":278,"text":"hàng","label":"","box":[899,1332,934,1348],"words":[{"text":"hàng","box":[899,1332,934,1348]}],"linking":[]},{"id":279,"text":"(","label":"","box":[942,1331,945,1348],"words":[{"text":"(","box":[942,1331,945,1348]}],"linking":[]},{"id":280,"text":"Seller","label":"","box":[946,1331,979,1349],"words":[{"text":"Seller","box":[946,1331,979,1349]}],"linking":[]},{"id":281,"text":")","label":"","box":[981,1332,984,1349],"words":[{"text":")","box":[981,1332,984,1349]}],"linking":[]},{"id":282,"text":"0000487","label":"answer","box":[1039,172,1115,185],"words":[{"text":"0000487","box":[1039,172,1115,185]}],"linking":[[327,282]]},{"id":283,"text":"THÀNH","label":"","box":[1064,606,1115,620],"words":[{"text":"THÀNH","box":[1064,606,1115,620]}],"linking":[]},{"id":284,"text":"TIỀN","label":"","box":[1122,606,1155,620],"words":[{"text":"TIỀN","box":[1122,606,1155,620]}],"linking":[]},{"id":285,"text":"SAU","label":"","box":[1073,629,1102,645],"words":[{"text":"SAU","box":[1073,629,1102,645]}],"linking":[]},{"id":286,"text":"THUẾ","label":"","box":[1109,628,1151,644],"words":[{"text":"THUẾ","box":[1109,628,1151,644]}],"linking":[]},{"id":287,"text":"Amount","label":"","box":[1086,656,1140,668],"words":[{"text":"Amount","box":[1086,656,1140,668]}],"linking":[]},{"id":288,"text":"Signature","label":"","box":[777,1380,846,1397],"words":[{"text":"Signature","box":[777,1380,846,1397]}],"linking":[]},{"id":289,"text":"Valid","label":"","box":[850,1379,890,1395],"words":[{"text":"Valid","box":[850,1379,890,1395]}],"linking":[]},{"id":290,"text":"|","label":"","box":[772,1400,773,1421],"words":[{"text":"|","box":[772,1400,773,1421]}],"linking":[]},{"id":291,"text":"Ký","label":"","box":[776,1399,796,1420],"words":[{"text":"Ký","box":[776,1399,796,1420]}],"linking":[]},{"id":292,"text":"bởi","label":"","box":[803,1399,825,1420],"words":[{"text":"bởi","box":[803,1399,825,1420]}],"linking":[]},{"id":293,"text":":","label":"","box":[827,1399,827,1420],"words":[{"text":":","box":[827,1399,827,1420]}],"linking":[]},{"id":294,"text":"CÔNG","label":"","box":[837,1399,887,1420],"words":[{"text":"CÔNG","box":[837,1399,887,1420]}],"linking":[]},{"id":295,"text":"TY","label":"","box":[892,1398,912,1420],"words":[{"text":"TY","box":[892,1398,912,1420]}],"linking":[]},{"id":296,"text":"CỔ","label":"","box":[921,1398,941,1419],"words":[{"text":"CỔ","box":[921,1398,941,1419]}],"linking":[]},{"id":297,"text":"PHẦN","label":"","box":[952,1398,1000,1419],"words":[{"text":"PHẦN","box":[952,1398,1000,1419]}],"linking":[]},{"id":298,"text":"THỦY","label":"","box":[1006,1397,1055,1419],"words":[{"text":"THỦY","box":[1006,1397,1055,1419]}],"linking":[]},{"id":299,"text":"SẢN","label":"","box":[778,1425,813,1441],"words":[{"text":"SẢN","box":[778,1425,813,1441]}],"linking":[]},{"id":300,"text":"BÌNH","label":"","box":[817,1425,862,1441],"words":[{"text":"BÌNH","box":[817,1425,862,1441]}],"linking":[]},{"id":301,"text":"MINH","label":"","box":[867,1425,915,1442],"words":[{"text":"MINH","box":[867,1425,915,1442]}],"linking":[]},{"id":302,"text":"|","label":"","box":[772,1450,773,1470],"words":[{"text":"|","box":[772,1450,773,1470]}],"linking":[]},{"id":303,"text":"Ngày","label":"","box":[774,1449,812,1469],"words":[{"text":"Ngày","box":[774,1449,812,1469]}],"linking":[]},{"id":304,"text":"ký","label":"","box":[820,1449,835,1469],"words":[{"text":"ký","box":[820,1449,835,1469]}],"linking":[]},{"id":305,"text":":","label":"","box":[838,1449,841,1469],"words":[{"text":":","box":[838,1449,841,1469]}],"linking":[]},{"id":306,"text":"25/02/2022","label":"","box":[848,1447,928,1469],"words":[{"text":"25/02/2022","box":[848,1447,928,1469]}],"linking":[]},{"id":307,"text":"3,200,000","label":"","box":[1096,701,1168,715],"words":[{"text":"3,200,000","box":[1096,701,1168,715]}],"linking":[]},{"id":308,"text":"6,900,000","label":"","box":[1097,737,1168,751],"words":[{"text":"6,900,000","box":[1097,737,1168,751]}],"linking":[]},{"id":309,"text":"6,360,000","label":"","box":[1096,778,1167,790],"words":[{"text":"6,360,000","box":[1096,778,1167,790]}],"linking":[]},{"id":310,"text":"4,600,000","label":"","box":[1096,817,1168,829],"words":[{"text":"4,600,000","box":[1096,817,1168,829]}],"linking":[]},{"id":311,"text":"3,780,000","label":"","box":[1097,855,1168,867],"words":[{"text":"3,780,000","box":[1097,855,1168,867]}],"linking":[]},{"id":312,"text":"4,600,000","label":"","box":[1096,894,1167,906],"words":[{"text":"4,600,000","box":[1096,894,1167,906]}],"linking":[]},{"id":313,"text":"2,300,000","label":"","box":[1096,933,1168,945],"words":[{"text":"2,300,000","box":[1096,933,1168,945]}],"linking":[]},{"id":314,"text":"31,740,000","label":"","box":[1088,1041,1167,1057],"words":[{"text":"31,740,000","box":[1088,1041,1167,1057]}],"linking":[]},{"id":315,"text":"GIÁ","label":"","box":[1051,1066,1077,1081],"words":[{"text":"GIÁ","box":[1051,1066,1077,1081]}],"linking":[]},{"id":316,"text":"TRỊ","label":"","box":[1083,1066,1107,1081],"words":[{"text":"TRỊ","box":[1083,1066,1107,1081]}],"linking":[]},{"id":317,"text":"THANH","label":"","box":[1114,1066,1168,1081],"words":[{"text":"THANH","box":[1114,1066,1168,1081]}],"linking":[]},{"id":318,"text":"TOÁN","label":"","box":[1090,1090,1133,1104],"words":[{"text":"TOÁN","box":[1090,1090,1133,1104]}],"linking":[]},{"id":319,"text":"12,440,000","label":"","box":[1080,1146,1161,1158],"words":[{"text":"12,440,000","box":[1080,1146,1161,1158]}],"linking":[]},{"id":320,"text":"14,700,000","label":"","box":[1081,1199,1160,1211],"words":[{"text":"14,700,000","box":[1081,1199,1160,1211]}],"linking":[]},{"id":321,"text":"4,600,000","label":"","box":[1087,1225,1161,1239],"words":[{"text":"4,600,000","box":[1087,1225,1161,1239]}],"linking":[]},{"id":322,"text":"31,740,000","label":"","box":[1079,1252,1161,1264],"words":[{"text":"31,740,000","box":[1079,1252,1161,1264]}],"linking":[]},{"id":323,"text":"Mẫu số ( Fom ) -","label":"question","box":[874,91,981,112],"words":[{"text":"Mẫu","box":[874,91,905,109]},{"text":"số","box":[910,93,927,110]},{"text":"(","box":[933,93,938,111]},{"text":"Fom","box":[938,94,959,111]},{"text":")","box":[966,94,974,112]},{"text":"-","box":[978,94,981,112]}],"linking":[[323,324]]},{"id":324,"text":"01GTKT0 / 002","label":"answer","box":[1038,96,1140,107],"words":[{"text":"01GTKT0","box":[1038,96,1108,107]},{"text":"/","box":[1109,96,1114,107]},{"text":"002","box":[1114,96,1140,107]}],"linking":[[323,324]]},{"id":325,"text":"Kí hiệu ( Series ) .","label":"question","box":[875,131,984,148],"words":[{"text":"Kí","box":[875,131,888,145]},{"text":"hiệu","box":[895,132,924,146]},{"text":"(","box":[931,132,935,146]},{"text":"Series","box":[936,133,971,147]},{"text":")","box":[973,134,978,148]},{"text":".","box":[981,134,984,148]}],"linking":[[325,326]]},{"id":326,"text":"BM / 21E","label":"answer","box":[1039,132,1095,144],"words":[{"text":"BM","box":[1039,132,1060,144]},{"text":"/","box":[1062,132,1067,144]},{"text":"21E","box":[1068,132,1095,144]}],"linking":[[325,326]]},{"id":327,"text":"Số ( No. ) .","label":"question","box":[875,166,942,187],"words":[{"text":"Số","box":[875,166,894,183]},{"text":"(","box":[901,168,905,185]},{"text":"No.","box":[904,170,927,185]},{"text":")","box":[928,170,932,187]},{"text":".","box":[937,170,942,187]}],"linking":[[327,282]]},{"id":328,"text":"Đơn vị bán hàng ( ComName ) :","label":"question","box":[70,222,277,240],"words":[{"text":"Đơn","box":[70,222,100,238]},{"text":"vị","box":[106,222,117,238]},{"text":"bán","box":[124,222,148,238]},{"text":"hàng","box":[156,223,189,239]},{"text":"(","box":[197,223,201,239]},{"text":"ComName","box":[203,224,265,240]},{"text":")","box":[267,224,270,240]},{"text":":","box":[276,224,277,240]}],"linking":[[328,329]]},{"id":329,"text":"CÔNG TY CỔ PHẦN THUỶ SẢN BÌNH MINH","label":"answer","box":[331,221,660,235],"words":[{"text":"CÔNG","box":[331,221,378,235]},{"text":"TY","box":[384,221,404,235]},{"text":"CỔ","box":[411,221,432,235]},{"text":"PHẦN","box":[440,221,483,235]},{"text":"THUỶ","box":[489,221,533,235]},{"text":"SẢN","box":[538,221,570,235]},{"text":"BÌNH","box":[578,221,614,235]},{"text":"MINH","box":[621,221,660,235]}],"linking":[[328,329]]},{"id":330,"text":"Mã số thuế ( Tax code ) :","label":"question","box":[71,249,228,270],"words":[{"text":"Mã","box":[71,250,92,266]},{"text":"số","box":[98,249,114,266]},{"text":"thuế","box":[119,250,150,267]},{"text":"(","box":[157,251,162,268]},{"text":"Tax","box":[165,251,183,268]},{"text":"code","box":[188,252,216,269]},{"text":")","box":[219,253,221,270]},{"text":":","box":[227,253,228,270]}],"linking":[[330,88]]},{"id":331,"text":"Địa chỉ ( Address ) .","label":"question","box":[70,281,191,298],"words":[{"text":"Địa","box":[70,282,94,296]},{"text":"chỉ","box":[100,281,119,297]},{"text":"(","box":[126,282,130,297]},{"text":"Address","box":[132,283,179,297]},{"text":")","box":[180,283,185,298]},{"text":".","box":[189,283,191,298]}],"linking":[[331,332]]},{"id":332,"text":"Số 86/28/1 , Phổ Quang , Phường 2 , Quận Tân Bình , TP.HCM","label":"answer","box":[331,280,770,297],"words":[{"text":"Số","box":[331,280,348,297]},{"text":"86/28/1","box":[356,280,406,297]},{"text":",","box":[411,280,412,297]},{"text":"Phổ","box":[420,280,446,297]},{"text":"Quang","box":[454,280,500,297]},{"text":",","box":[503,280,504,297]},{"text":"Phường","box":[512,280,569,297]},{"text":"2","box":[576,280,583,297]},{"text":",","box":[586,280,587,297]},{"text":"Quận","box":[595,280,632,297]},{"text":"Tân","box":[639,280,665,297]},{"text":"Bình","box":[672,280,703,297]},{"text":",","box":[706,280,707,297]},{"text":"TP.HCM","box":[710,280,770,297]}],"linking":[[331,332]]},{"id":333,"text":"Số tài khoản ( BankNo ) .","label":"question","box":[71,308,231,327],"words":[{"text":"Số","box":[71,308,88,323]},{"text":"tài","box":[95,308,110,324]},{"text":"khoản","box":[118,310,159,324]},{"text":"(","box":[167,310,171,325]},{"text":"BankNo","box":[172,311,216,326]},{"text":")","box":[219,312,223,327]},{"text":".","box":[229,312,231,327]}],"linking":[[333,89]]},{"id":334,"text":"Ngân hàng ( BankName ) :","label":"question","box":[71,338,238,357],"words":[{"text":"Ngân","box":[71,338,107,356]},{"text":"hàng","box":[115,338,148,356]},{"text":"(","box":[155,338,160,356]},{"text":"BankName","box":[162,339,224,357]},{"text":")","box":[228,339,232,357]},{"text":":","box":[235,339,238,357]}],"linking":[[334,335]]},{"id":335,"text":"NH TMCP Công Thương Việt Nam ( Vietinbank ) - CN Tây Sài Gòn , TP.HCM","label":"answer","box":[331,342,880,356],"words":[{"text":"NH","box":[331,342,351,356]},{"text":"TMCP","box":[358,342,403,356]},{"text":"Công","box":[411,342,447,356]},{"text":"Thương","box":[453,342,510,356]},{"text":"Việt","box":[517,342,544,356]},{"text":"Nam","box":[551,342,582,356]},{"text":"(","box":[590,342,594,356]},{"text":"Vietinbank","box":[597,342,667,356]},{"text":")","box":[670,342,675,356]},{"text":"-","box":[681,342,685,356]},{"text":"CN","box":[692,342,712,356]},{"text":"Tây","box":[720,342,746,356]},{"text":"Sài","box":[753,342,774,356]},{"text":"Gòn","box":[781,342,809,356]},{"text":",","box":[812,342,813,356]},{"text":"TP.HCM","box":[820,342,880,356]}],"linking":[[334,335]]},{"id":336,"text":"Họ tên người mua hàng ( Buyer )","label":"question","box":[69,388,293,409],"words":[{"text":"Họ","box":[69,388,86,407]},{"text":"tên","box":[94,388,111,407]},{"text":"người","box":[124,388,165,408]},{"text":"mua","box":[172,389,201,408]},{"text":"hàng","box":[209,389,242,408]},{"text":"(","box":[250,389,253,408]},{"text":"Buyer","box":[256,390,288,409]},{"text":")","box":[291,390,293,409]}],"linking":[]},{"id":337,"text":"Tên đơn vị ( CusName )","label":"question","box":[70,417,222,434],"words":[{"text":"Tên","box":[70,417,96,431]},{"text":"đơn","box":[104,418,130,432]},{"text":"vị","box":[136,418,147,432]},{"text":"(","box":[153,419,157,433]},{"text":"CusName","box":[159,419,218,433]},{"text":")","box":[220,420,222,434]}],"linking":[[337,338]]},{"id":338,"text":"Thiều Thị Nhâm","label":"answer","box":[432,416,547,432],"words":[{"text":"Thiều","box":[432,416,471,432]},{"text":"Thị","box":[477,416,499,432]},{"text":"Nhâm","box":[506,416,547,432]}],"linking":[[337,338]]},{"id":339,"text":"Mã số thuế ( Tax code ) .","label":"question","box":[65.28,439.18,222.28,460.18],"words":[{"text":"Mã","box":[71,444,92,460]},{"text":"số","box":[97,443,114,461]},{"text":"thuế","box":[119,445,149,461]},{"text":"(","box":[157,445,162,462]},{"text":"Tax","box":[162,446,183,463]},{"text":"code","box":[187,446,215,463]},{"text":")","box":[218,447,221,464]},{"text":".","box":[228,447,228,464]}],"linking":[[339,161]]},{"id":340,"text":"Địa chỉ ( Address ) .","label":"question","box":[70,475,194,495],"words":[{"text":"Địa","box":[70,476,93,493]},{"text":"chỉ","box":[100,475,120,494]},{"text":"(","box":[124,476,129,494]},{"text":"Address","box":[131,476,178,494]},{"text":")","box":[179,477,183,495]},{"text":".","box":[189,477,194,495]}],"linking":[[340,341]]},{"id":341,"text":"Thôn Phước Long , xã Hòa Tâm , Đông Hòa , Phú Yên","label":"answer","box":[432,478,816,492],"words":[{"text":"Thôn","box":[432,478,467,492]},{"text":"Phước","box":[475,478,523,492]},{"text":"Long","box":[529,478,563,492]},{"text":",","box":[566,478,567,492]},{"text":"xã","box":[574,478,589,492]},{"text":"Hòa","box":[597,478,624,492]},{"text":"Tâm","box":[631,478,661,492]},{"text":",","box":[664,478,665,492]},{"text":"Đông","box":[673,478,710,492]},{"text":"Hòa","box":[717,478,744,492]},{"text":",","box":[747,478,748,492]},{"text":"Phú","box":[757,478,783,492]},{"text":"Yên","box":[789,478,816,492]}],"linking":[[340,341]]},{"id":342,"text":"Hình thức thanh toán ( Method of payment ) -","label":"question","box":[71,504,361,523],"words":[{"text":"Hình","box":[71,504,103,521]},{"text":"thức","box":[109,504,141,521]},{"text":"thanh","box":[147,504,186,522]},{"text":"toán","box":[192,505,222,522]},{"text":"(","box":[230,505,234,522]},{"text":"Method","box":[234,505,279,522]},{"text":"of","box":[284,505,294,523]},{"text":"payment","box":[298,506,350,523]},{"text":")","box":[352,506,353,523]},{"text":"-","box":[360,506,361,523]}],"linking":[[342,343]]},{"id":343,"text":"Chuyển khoản / Tiền mặt","label":"answer","box":[433,502,604,521],"words":[{"text":"Chuyển","box":[433,503,485,521]},{"text":"khoản","box":[493,503,531,520]},{"text":"/","box":[535,503,540,520]},{"text":"Tiền","box":[543,503,571,520]},{"text":"mặt","box":[579,502,604,519]}],"linking":[[342,343]]},{"id":344,"text":"Số tài khoản ( A / C No ) :","label":"question","box":[685,503,840,522],"words":[{"text":"Số","box":[685,503,702,518]},{"text":"tài","box":[709,503,725,519]},{"text":"khoản","box":[732,505,775,519]},{"text":"(","box":[782,505,786,520]},{"text":"A","box":[787,505,791,520]},{"text":"/","box":[794,506,798,521]},{"text":"C","box":[800,506,808,521]},{"text":"No","box":[813,506,828,521]},{"text":")","box":[831,507,833,522]},{"text":":","box":[840,507,840,522]}],"linking":[]},{"id":345,"text":"Ngân hàng ( Bank Name ) .","label":"question","box":[71,535,242,552],"words":[{"text":"Ngân","box":[71,535,107,551]},{"text":"hàng","box":[114,535,148,551]},{"text":"(","box":[156,535,160,551]},{"text":"Bank","box":[162,535,191,551]},{"text":"Name","box":[195,535,229,552]},{"text":")","box":[232,536,235,552]},{"text":".","box":[241,536,242,552]}],"linking":[]}]