[{"id":0,"text":"Đơn","label":"","box":[173,56,197,71],"words":[{"text":"Đơn","box":[173,56,197,71]}],"linking":[]},{"id":1,"text":"vị","label":"","box":[203,56,211,71],"words":[{"text":"vị","box":[203,56,211,71]}],"linking":[]},{"id":2,"text":"hỗ","label":"","box":[215,56,229,71],"words":[{"text":"hỗ","box":[215,56,229,71]}],"linking":[]},{"id":3,"text":"trợ","label":"","box":[234,56,250,71],"words":[{"text":"trợ","box":[234,56,250,71]}],"linking":[]},{"id":4,"text":"cung","label":"","box":[254,56,282,71],"words":[{"text":"cung","box":[254,56,282,71]}],"linking":[]},{"id":5,"text":"cấp","label":"","box":[287,56,307,71],"words":[{"text":"cấp","box":[287,56,307,71]}],"linking":[]},{"id":6,"text":"công","label":"","box":[312,56,339,71],"words":[{"text":"công","box":[312,56,339,71]}],"linking":[]},{"id":7,"text":"cụ","label":"","box":[344,56,357,71],"words":[{"text":"cụ","box":[344,56,357,71]}],"linking":[]},{"id":8,"text":"phát","label":"","box":[361,56,387,71],"words":[{"text":"phát","box":[361,56,387,71]}],"linking":[]},{"id":9,"text":"hành","label":"","box":[392,56,420,71],"words":[{"text":"hành","box":[392,56,420,71]}],"linking":[]},{"id":10,"text":"hóa","label":"","box":[425,56,446,71],"words":[{"text":"hóa","box":[425,56,446,71]}],"linking":[]},{"id":11,"text":"đơn","label":"","box":[451,56,473,71],"words":[{"text":"đơn","box":[451,56,473,71]}],"linking":[]},{"id":12,"text":"điện","label":"","box":[478,56,502,71],"words":[{"text":"điện","box":[478,56,502,71]}],"linking":[]},{"id":13,"text":"tử","label":"","box":[507,56,514,71],"words":[{"text":"tử","box":[507,56,514,71]}],"linking":[]},{"id":14,"text":":","label":"","box":[518,56,521,71],"words":[{"text":":","box":[518,56,521,71]}],"linking":[]},{"id":15,"text":"Công","label":"","box":[527,56,557,71],"words":[{"text":"Công","box":[527,56,557,71]}],"linking":[]},{"id":16,"text":"ty","label":"","box":[562,56,572,71],"words":[{"text":"ty","box":[562,56,572,71]}],"linking":[]},{"id":17,"text":"Cổ","label":"","box":[576,56,592,71],"words":[{"text":"Cổ","box":[576,56,592,71]}],"linking":[]},{"id":18,"text":"phần","label":"","box":[596,56,625,71],"words":[{"text":"phần","box":[596,56,625,71]}],"linking":[]},{"id":19,"text":"Định","label":"","box":[630,56,656,71],"words":[{"text":"Định","box":[630,56,656,71]}],"linking":[]},{"id":20,"text":"Gia","label":"","box":[661,56,680,71],"words":[{"text":"Gia","box":[661,56,680,71]}],"linking":[]},{"id":21,"text":"Nét","label":"","box":[686,56,706,71],"words":[{"text":"Nét","box":[686,56,706,71]}],"linking":[]},{"id":22,"text":"-","label":"","box":[710,56,713,71],"words":[{"text":"-","box":[710,56,713,71]}],"linking":[]},{"id":23,"text":"DigiNet","label":"","box":[718,56,761,71],"words":[{"text":"DigiNet","box":[718,56,761,71]}],"linking":[]},{"id":24,"text":"Corp","label":"","box":[765,56,791,71],"words":[{"text":"Corp","box":[765,56,791,71]}],"linking":[]},{"id":25,"text":",","label":"","box":[793,56,795,71],"words":[{"text":",","box":[793,56,795,71]}],"linking":[]},{"id":26,"text":"MST","label":"","box":[801,56,825,71],"words":[{"text":"MST","box":[801,56,825,71]}],"linking":[]},{"id":27,"text":":","label":"","box":[828,56,832,71],"words":[{"text":":","box":[828,56,832,71]}],"linking":[]},{"id":28,"text":"0303359278","label":"","box":[837,56,907,71],"words":[{"text":"0303359278","box":[837,56,907,71]}],"linking":[]},{"id":29,"text":",","label":"","box":[910,56,912,71],"words":[{"text":",","box":[910,56,912,71]}],"linking":[]},{"id":30,"text":"Điện","label":"","box":[918,56,944,71],"words":[{"text":"Điện","box":[918,56,944,71]}],"linking":[]},{"id":31,"text":"thoại","label":"","box":[949,56,977,71],"words":[{"text":"thoại","box":[949,56,977,71]}],"linking":[]},{"id":32,"text":":","label":"","box":[979,56,980,71],"words":[{"text":":","box":[979,56,980,71]}],"linking":[]},{"id":33,"text":"028","label":"","box":[985,56,1006,71],"words":[{"text":"028","box":[985,56,1006,71]}],"linking":[]},{"id":34,"text":"35123878","label":"","box":[1011,56,1069,71],"words":[{"text":"35123878","box":[1011,56,1069,71]}],"linking":[]},{"id":35,"text":"HÓA","label":"","box":[389,93,453,127],"words":[{"text":"HÓA","box":[389,93,453,127]}],"linking":[]},{"id":36,"text":"ĐƠN","label":"","box":[462,93,532,127],"words":[{"text":"ĐƠN","box":[462,93,532,127]}],"linking":[]},{"id":37,"text":"GIÁ","label":"","box":[545,93,597,127],"words":[{"text":"GIÁ","box":[545,93,597,127]}],"linking":[]},{"id":38,"text":"TRỊ","label":"","box":[606,93,654,127],"words":[{"text":"TRỊ","box":[606,93,654,127]}],"linking":[]},{"id":39,"text":"GIA","label":"","box":[666,93,718,127],"words":[{"text":"GIA","box":[666,93,718,127]}],"linking":[]},{"id":40,"text":"TĂNG","label":"","box":[728,93,811,127],"words":[{"text":"TĂNG","box":[728,93,811,127]}],"linking":[]},{"id":41,"text":"VAT","label":"","box":[522,143,572,161],"words":[{"text":"VAT","box":[522,143,572,161]}],"linking":[]},{"id":42,"text":"INVOICE","label":"","box":[578,143,681,161],"words":[{"text":"INVOICE","box":[578,143,681,161]}],"linking":[]},{"id":43,"text":"Ngày","label":"","box":[431,177,467,192],"words":[{"text":"Ngày","box":[431,177,467,192]}],"linking":[]},{"id":44,"text":"(","label":"","box":[474,177,477,192],"words":[{"text":"(","box":[474,177,477,192]}],"linking":[]},{"id":45,"text":"Date","label":"","box":[477,177,504,192],"words":[{"text":"Date","box":[477,177,504,192]}],"linking":[]},{"id":46,"text":")","label":"","box":[507,177,510,192],"words":[{"text":")","box":[507,177,510,192]}],"linking":[]},{"id":47,"text":"22","label":"","box":[515,177,532,192],"words":[{"text":"22","box":[515,177,532,192]}],"linking":[]},{"id":48,"text":"tháng","label":"","box":[538,177,577,192],"words":[{"text":"tháng","box":[538,177,577,192]}],"linking":[]},{"id":49,"text":"(","label":"","box":[585,177,588,192],"words":[{"text":"(","box":[585,177,588,192]}],"linking":[]},{"id":50,"text":"month","label":"","box":[587,177,623,192],"words":[{"text":"month","box":[587,177,623,192]}],"linking":[]},{"id":51,"text":")","label":"","box":[626,177,630,192],"words":[{"text":")","box":[626,177,630,192]}],"linking":[]},{"id":52,"text":"03","label":"","box":[635,177,652,192],"words":[{"text":"03","box":[635,177,652,192]}],"linking":[]},{"id":53,"text":"năm","label":"","box":[659,177,687,192],"words":[{"text":"năm","box":[659,177,687,192]}],"linking":[]},{"id":54,"text":"(","label":"","box":[696,177,699,192],"words":[{"text":"(","box":[696,177,699,192]}],"linking":[]},{"id":55,"text":"year","label":"","box":[699,177,724,192],"words":[{"text":"year","box":[699,177,724,192]}],"linking":[]},{"id":56,"text":")","label":"","box":[727,177,730,192],"words":[{"text":")","box":[727,177,730,192]}],"linking":[]},{"id":57,"text":"2022","label":"","box":[735,177,769,192],"words":[{"text":"2022","box":[735,177,769,192]}],"linking":[]},{"id":58,"text":":","label":"","box":[227,253,228,270],"words":[{"text":":","box":[227,253,228,270]}],"linking":[]},{"id":59,"text":"BINH","label":"","box":[162,172,193,184],"words":[{"text":"BINH","box":[162,172,193,184]}],"linking":[]},{"id":60,"text":"MINH","label":"","box":[199,172,231,183],"words":[{"text":"MINH","box":[199,172,231,183]}],"linking":[]},{"id":61,"text":"STT","label":"","box":[62,621,90,632],"words":[{"text":"STT","box":[62,621,90,632]}],"linking":[]},{"id":62,"text":"No.","label":"","box":[66,645,89,655],"words":[{"text":"No.","box":[66,645,89,655]}],"linking":[]},{"id":63,"text":"1","label":"","box":[72,700,79,711],"words":[{"text":"1","box":[72,700,79,711]}],"linking":[]},{"id":64,"text":"0303880297","label":"answer","box":[330,254,419,265],"words":[{"text":"0303880297","box":[330,254,419,265]}],"linking":[[218,64]]},{"id":65,"text":"112002622316","label":"answer","box":[331,311,439,323],"words":[{"text":"112002622316","box":[331,311,439,323]}],"linking":[[221,65]]},{"id":66,"text":"TÊN","label":"","box":[179,617,209,634],"words":[{"text":"TÊN","box":[179,617,209,634]}],"linking":[]},{"id":67,"text":"HÀNG","label":"","box":[215,618,258,634],"words":[{"text":"HÀNG","box":[215,618,258,634]}],"linking":[]},{"id":68,"text":"HÓA","label":"","box":[264,618,294,635],"words":[{"text":"HÓA","box":[264,618,294,635]}],"linking":[]},{"id":69,"text":",","label":"","box":[298,618,300,635],"words":[{"text":",","box":[298,618,300,635]}],"linking":[]},{"id":70,"text":"DỊCH","label":"","box":[307,618,343,635],"words":[{"text":"DỊCH","box":[307,618,343,635]}],"linking":[]},{"id":71,"text":"VỤ","label":"","box":[349,619,368,636],"words":[{"text":"VỤ","box":[349,619,368,636]}],"linking":[]},{"id":72,"text":"Description","label":"","box":[236,645,313,658],"words":[{"text":"Description","box":[236,645,313,658]}],"linking":[]},{"id":73,"text":"RACEWAY","label":"","box":[103,700,184,712],"words":[{"text":"RACEWAY","box":[103,700,184,712]}],"linking":[]},{"id":74,"text":"HEPATOS","label":"","box":[192,700,267,712],"words":[{"text":"HEPATOS","box":[192,700,267,712]}],"linking":[]},{"id":75,"text":"250ML","label":"","box":[274,700,322,712],"words":[{"text":"250ML","box":[274,700,322,712]}],"linking":[]},{"id":76,"text":"TỔNG","label":"","box":[212,1044,258,1060],"words":[{"text":"TỔNG","box":[212,1044,258,1060]}],"linking":[]},{"id":77,"text":"HỢP","label":"","box":[265,1044,299,1060],"words":[{"text":"HỢP","box":[265,1044,299,1060]}],"linking":[]},{"id":78,"text":"Tổng","label":"","box":[76,1082,111,1099],"words":[{"text":"Tổng","box":[76,1082,111,1099]}],"linking":[]},{"id":79,"text":"tiền","label":"","box":[117,1082,142,1099],"words":[{"text":"tiền","box":[117,1082,142,1099]}],"linking":[]},{"id":80,"text":"không","label":"","box":[150,1082,191,1099],"words":[{"text":"không","box":[150,1082,191,1099]}],"linking":[]},{"id":81,"text":"kê","label":"","box":[199,1082,213,1099],"words":[{"text":"kê","box":[199,1082,213,1099]}],"linking":[]},{"id":82,"text":"khai","label":"","box":[221,1082,248,1099],"words":[{"text":"khai","box":[221,1082,248,1099]}],"linking":[]},{"id":83,"text":"và","label":"","box":[254,1082,270,1099],"words":[{"text":"và","box":[254,1082,270,1099]}],"linking":[]},{"id":84,"text":"nộp","label":"","box":[277,1082,302,1099],"words":[{"text":"nộp","box":[277,1082,302,1099]}],"linking":[]},{"id":85,"text":"thuế","label":"","box":[308,1082,338,1099],"words":[{"text":"thuế","box":[308,1082,338,1099]}],"linking":[]},{"id":86,"text":":","label":"","box":[341,1082,342,1099],"words":[{"text":":","box":[341,1082,342,1099]}],"linking":[]},{"id":87,"text":"Tổng","label":"","box":[76,1108,111,1127],"words":[{"text":"Tổng","box":[76,1108,111,1127]}],"linking":[]},{"id":88,"text":"tiền","label":"","box":[117,1108,142,1127],"words":[{"text":"tiền","box":[117,1108,142,1127]}],"linking":[]},{"id":89,"text":"không","label":"","box":[150,1108,191,1127],"words":[{"text":"không","box":[150,1108,191,1127]}],"linking":[]},{"id":90,"text":"chịu","label":"","box":[199,1108,226,1127],"words":[{"text":"chịu","box":[199,1108,226,1127]}],"linking":[]},{"id":91,"text":"thuế","label":"","box":[232,1108,262,1127],"words":[{"text":"thuế","box":[232,1108,262,1127]}],"linking":[]},{"id":92,"text":"GTGT","label":"","box":[267,1108,311,1127],"words":[{"text":"GTGT","box":[267,1108,311,1127]}],"linking":[]},{"id":93,"text":"Tổng","label":"","box":[76,1132,110,1154],"words":[{"text":"Tổng","box":[76,1132,110,1154]}],"linking":[]},{"id":94,"text":"tiền","label":"","box":[116,1132,141,1153],"words":[{"text":"tiền","box":[116,1132,141,1153]}],"linking":[]},{"id":95,"text":"chịu","label":"","box":[148,1132,176,1153],"words":[{"text":"chịu","box":[148,1132,176,1153]}],"linking":[]},{"id":96,"text":"thuế","label":"","box":[180,1131,210,1152],"words":[{"text":"thuế","box":[180,1131,210,1152]}],"linking":[]},{"id":97,"text":"suất","label":"","box":[220,1131,249,1152],"words":[{"text":"suất","box":[220,1131,249,1152]}],"linking":[]},{"id":98,"text":":","label":"","box":[251,1131,252,1152],"words":[{"text":":","box":[251,1131,252,1152]}],"linking":[]},{"id":99,"text":"Tổng","label":"","box":[76,1160,110,1179],"words":[{"text":"Tổng","box":[76,1160,110,1179]}],"linking":[]},{"id":100,"text":"tiền","label":"","box":[116,1160,141,1178],"words":[{"text":"tiền","box":[116,1160,141,1178]}],"linking":[]},{"id":101,"text":"chịu","label":"","box":[148,1160,176,1178],"words":[{"text":"chịu","box":[148,1160,176,1178]}],"linking":[]},{"id":102,"text":"thuế","label":"","box":[182,1160,212,1178],"words":[{"text":"thuế","box":[182,1160,212,1178]}],"linking":[]},{"id":103,"text":"suất","label":"","box":[220,1160,248,1178],"words":[{"text":"suất","box":[220,1160,248,1178]}],"linking":[]},{"id":104,"text":":","label":"","box":[251,1160,252,1178],"words":[{"text":":","box":[251,1160,252,1178]}],"linking":[]},{"id":105,"text":"Tổng","label":"","box":[76,1187,110,1207],"words":[{"text":"Tổng","box":[76,1187,110,1207]}],"linking":[]},{"id":106,"text":"tiền","label":"","box":[116,1187,141,1206],"words":[{"text":"tiền","box":[116,1187,141,1206]}],"linking":[]},{"id":107,"text":"chịu","label":"","box":[148,1187,176,1206],"words":[{"text":"chịu","box":[148,1187,176,1206]}],"linking":[]},{"id":108,"text":"thuế","label":"","box":[182,1186,212,1205],"words":[{"text":"thuế","box":[182,1186,212,1205]}],"linking":[]},{"id":109,"text":"suất","label":"","box":[220,1186,248,1205],"words":[{"text":"suất","box":[220,1186,248,1205]}],"linking":[]},{"id":110,"text":":","label":"","box":[251,1186,251,1205],"words":[{"text":":","box":[251,1186,251,1205]}],"linking":[]},{"id":111,"text":"Tổng","label":"","box":[76,1213,110,1233],"words":[{"text":"Tổng","box":[76,1213,110,1233]}],"linking":[]},{"id":112,"text":"cộng","label":"","box":[116,1213,150,1232],"words":[{"text":"cộng","box":[116,1213,150,1232]}],"linking":[]},{"id":113,"text":"tiền","label":"","box":[157,1213,181,1232],"words":[{"text":"tiền","box":[157,1213,181,1232]}],"linking":[]},{"id":114,"text":"thanh","label":"","box":[188,1213,227,1232],"words":[{"text":"thanh","box":[188,1213,227,1232]}],"linking":[]},{"id":115,"text":"toán","label":"","box":[233,1213,263,1232],"words":[{"text":"toán","box":[233,1213,263,1232]}],"linking":[]},{"id":116,"text":"Người","label":"","box":[255,1297,299,1312],"words":[{"text":"Người","box":[255,1297,299,1312]}],"linking":[]},{"id":117,"text":"mua","label":"","box":[306,1297,336,1312],"words":[{"text":"mua","box":[306,1297,336,1312]}],"linking":[]},{"id":118,"text":"hàng","label":"","box":[342,1297,376,1312],"words":[{"text":"hàng","box":[342,1297,376,1312]}],"linking":[]},{"id":119,"text":"(","label":"","box":[384,1297,387,1312],"words":[{"text":"(","box":[384,1297,387,1312]}],"linking":[]},{"id":120,"text":"Buyer","label":"","box":[387,1297,421,1312],"words":[{"text":"Buyer","box":[387,1297,421,1312]}],"linking":[]},{"id":121,"text":")","label":"","box":[424,1297,427,1312],"words":[{"text":")","box":[424,1297,427,1312]}],"linking":[]},{"id":122,"text":"8029229809","label":"answer","box":[432,446,520,460],"words":[{"text":"8029229809","box":[432,446,520,460]}],"linking":[[232,122]]},{"id":123,"text":"ĐƠN","label":"","box":[469,609,503,622],"words":[{"text":"ĐƠN","box":[469,609,503,622]}],"linking":[]},{"id":124,"text":"VỊ","label":"","box":[509,609,522,622],"words":[{"text":"VỊ","box":[509,609,522,622]}],"linking":[]},{"id":125,"text":"ΤΊΝΗ","label":"","box":[481,629,515,643],"words":[{"text":"ΤΊΝΗ","box":[481,629,515,643]}],"linking":[]},{"id":126,"text":"Unit","label":"","box":[486,657,514,668],"words":[{"text":"Unit","box":[486,657,514,668]}],"linking":[]},{"id":127,"text":"Chai","label":"","box":[482,700,515,712],"words":[{"text":"Chai","box":[482,700,515,712]}],"linking":[]},{"id":128,"text":"SÓ","label":"","box":[563,607,584,619],"words":[{"text":"SÓ","box":[563,607,584,619]}],"linking":[]},{"id":129,"text":"LƯỢNG","label":"","box":[549,632,606,645],"words":[{"text":"LƯỢNG","box":[549,632,606,645]}],"linking":[]},{"id":130,"text":"Quantity","label":"","box":[549,657,607,670],"words":[{"text":"Quantity","box":[549,657,607,670]}],"linking":[]},{"id":131,"text":"150","label":"","box":[564,701,590,711],"words":[{"text":"150","box":[564,701,590,711]}],"linking":[]},{"id":132,"text":"THUÊ","label":"","box":[487,1043,529,1059],"words":[{"text":"THUÊ","box":[487,1043,529,1059]}],"linking":[]},{"id":133,"text":"SUẤT","label":"","box":[536,1043,578,1058],"words":[{"text":"SUẤT","box":[536,1043,578,1058]}],"linking":[]},{"id":134,"text":"X","label":"","box":[527,1087,537,1095],"words":[{"text":"X","box":[527,1087,537,1095]}],"linking":[]},{"id":135,"text":"X","label":"","box":[526,1114,537,1122],"words":[{"text":"X","box":[526,1114,537,1122]}],"linking":[]},{"id":136,"text":"0","label":"","box":[521,1137,531,1148],"words":[{"text":"0","box":[521,1137,531,1148]}],"linking":[]},{"id":137,"text":"%","label":"","box":[530,1137,543,1148],"words":[{"text":"%","box":[530,1137,543,1148]}],"linking":[]},{"id":138,"text":"5","label":"","box":[521,1165,530,1175],"words":[{"text":"5","box":[521,1165,530,1175]}],"linking":[]},{"id":139,"text":"%","label":"","box":[529,1165,542,1175],"words":[{"text":"%","box":[529,1165,542,1175]}],"linking":[]},{"id":140,"text":"10","label":"","box":[518,1192,534,1202],"words":[{"text":"10","box":[518,1192,534,1202]}],"linking":[]},{"id":141,"text":"%","label":"","box":[535,1192,547,1202],"words":[{"text":"%","box":[535,1192,547,1202]}],"linking":[]},{"id":142,"text":"ĐƠN","label":"","box":[645,618,678,635],"words":[{"text":"ĐƠN","box":[645,618,678,635]}],"linking":[]},{"id":143,"text":"GIẢ","label":"","box":[687,618,710,633],"words":[{"text":"GIẢ","box":[687,618,710,633]}],"linking":[]},{"id":144,"text":"Price","label":"","box":[662,644,697,655],"words":[{"text":"Price","box":[662,644,697,655]}],"linking":[]},{"id":145,"text":"100,000.000","label":"","box":[646,699,734,714],"words":[{"text":"100,000.000","box":[646,699,734,714]}],"linking":[]},{"id":146,"text":"1/1","label":"","box":[606,1716,635,1731],"words":[{"text":"1/1","box":[606,1716,635,1731]}],"linking":[]},{"id":147,"text":"THÀNH","label":"","box":[763,617,816,632],"words":[{"text":"THÀNH","box":[763,617,816,632]}],"linking":[]},{"id":148,"text":"TIÊN","label":"","box":[821,617,856,633],"words":[{"text":"TIÊN","box":[821,617,856,633]}],"linking":[]},{"id":149,"text":"Total","label":"","box":[794,644,828,656],"words":[{"text":"Total","box":[794,644,828,656]}],"linking":[]},{"id":150,"text":"Cộng","label":"","box":[630,1008,666,1022],"words":[{"text":"Cộng","box":[630,1008,666,1022]}],"linking":[]},{"id":151,"text":"(","label":"","box":[674,1008,677,1022],"words":[{"text":"(","box":[674,1008,677,1022]}],"linking":[]},{"id":152,"text":"Sub","label":"","box":[680,1008,701,1022],"words":[{"text":"Sub","box":[680,1008,701,1022]}],"linking":[]},{"id":153,"text":"total","label":"","box":[707,1008,731,1022],"words":[{"text":"total","box":[707,1008,731,1022]}],"linking":[]},{"id":154,"text":")","label":"","box":[733,1008,735,1022],"words":[{"text":")","box":[733,1008,735,1022]}],"linking":[]},{"id":155,"text":"15,000,000","label":"","box":[784,1008,865,1021],"words":[{"text":"15,000,000","box":[784,1008,865,1021]}],"linking":[]},{"id":156,"text":"TRỊ","label":"","box":[637,1044,661,1060],"words":[{"text":"TRỊ","box":[637,1044,661,1060]}],"linking":[]},{"id":157,"text":"GIÁ","label":"","box":[669,1044,696,1060],"words":[{"text":"GIÁ","box":[669,1044,696,1060]}],"linking":[]},{"id":158,"text":"CHƯA","label":"","box":[702,1044,749,1060],"words":[{"text":"CHƯA","box":[702,1044,749,1060]}],"linking":[]},{"id":159,"text":"THUẾ","label":"","box":[754,1044,797,1060],"words":[{"text":"THUẾ","box":[754,1044,797,1060]}],"linking":[]},{"id":160,"text":"GTGT","label":"","box":[805,1044,847,1060],"words":[{"text":"GTGT","box":[805,1044,847,1060]}],"linking":[]},{"id":161,"text":"15,000,000","label":"","box":[784,700,864,713],"words":[{"text":"15,000,000","box":[784,700,864,713]}],"linking":[]},{"id":162,"text":"X","label":"","box":[904,703,913,710],"words":[{"text":"X","box":[904,703,913,710]}],"linking":[]},{"id":163,"text":"15,000,000","label":"","box":[776,1112,857,1125],"words":[{"text":"15,000,000","box":[776,1112,857,1125]}],"linking":[]},{"id":164,"text":"THUÊ","label":"","box":[886,593,927,608],"words":[{"text":"THUÊ","box":[886,593,927,608]}],"linking":[]},{"id":165,"text":"SUÁT","label":"","box":[886,618,928,631],"words":[{"text":"SUÁT","box":[886,618,928,631]}],"linking":[]},{"id":166,"text":"GTGT","label":"","box":[888,644,932,655],"words":[{"text":"GTGT","box":[888,644,932,655]}],"linking":[]},{"id":167,"text":"VAT","label":"","box":[879,669,908,678],"words":[{"text":"VAT","box":[879,669,908,678]}],"linking":[]},{"id":168,"text":"rate","label":"","box":[913,668,939,678],"words":[{"text":"rate","box":[913,668,939,678]}],"linking":[]},{"id":169,"text":"15,000,000","label":"","box":[776,1218,857,1230],"words":[{"text":"15,000,000","box":[776,1218,857,1230]}],"linking":[]},{"id":170,"text":"TIỀN","label":"","box":[892,1043,927,1059],"words":[{"text":"TIỀN","box":[892,1043,927,1059]}],"linking":[]},{"id":171,"text":"THUÊ","label":"","box":[934,1043,976,1059],"words":[{"text":"THUÊ","box":[934,1043,976,1059]}],"linking":[]},{"id":172,"text":"GIGI","label":"","box":[984,1043,1026,1059],"words":[{"text":"GIGI","box":[984,1043,1026,1059]}],"linking":[]},{"id":173,"text":"Người","label":"","box":[817,1297,860,1312],"words":[{"text":"Người","box":[817,1297,860,1312]}],"linking":[]},{"id":174,"text":"bán","label":"","box":[867,1297,892,1312],"words":[{"text":"bán","box":[867,1297,892,1312]}],"linking":[]},{"id":175,"text":"hàng","label":"","box":[900,1297,934,1312],"words":[{"text":"hàng","box":[900,1297,934,1312]}],"linking":[]},{"id":176,"text":"(","label":"","box":[942,1297,945,1312],"words":[{"text":"(","box":[942,1297,945,1312]}],"linking":[]},{"id":177,"text":"Seller","label":"","box":[948,1297,979,1313],"words":[{"text":"Seller","box":[948,1297,979,1313]}],"linking":[]},{"id":178,"text":")","label":"","box":[981,1298,984,1313],"words":[{"text":")","box":[981,1298,984,1313]}],"linking":[]},{"id":179,"text":"TIÊN","label":"","box":[952,605,984,621],"words":[{"text":"TIÊN","box":[952,605,984,621]}],"linking":[]},{"id":180,"text":"THUÊ","label":"","box":[991,605,1031,620],"words":[{"text":"THUÊ","box":[991,605,1031,620]}],"linking":[]},{"id":181,"text":"GTGT","label":"","box":[973,632,1016,644],"words":[{"text":"GTGT","box":[973,632,1016,644]}],"linking":[]},{"id":182,"text":"VAT","label":"","box":[953,657,982,667],"words":[{"text":"VAT","box":[953,657,982,667]}],"linking":[]},{"id":183,"text":"amount","label":"","box":[987,657,1038,667],"words":[{"text":"amount","box":[987,657,1038,667]}],"linking":[]},{"id":184,"text":"0000544","label":"answer","box":[1039,172,1115,185],"words":[{"text":"0000544","box":[1039,172,1115,185]}],"linking":[[228,184]]},{"id":185,"text":"THÀNH","label":"","box":[1063,605,1114,621],"words":[{"text":"THÀNH","box":[1063,605,1114,621]}],"linking":[]},{"id":186,"text":"TIÊN","label":"","box":[1120,605,1154,620],"words":[{"text":"TIÊN","box":[1120,605,1154,620]}],"linking":[]},{"id":187,"text":"SAU","label":"","box":[1074,629,1101,645],"words":[{"text":"SAU","box":[1074,629,1101,645]}],"linking":[]},{"id":188,"text":"THUÊ","label":"","box":[1108,628,1150,644],"words":[{"text":"THUÊ","box":[1108,628,1150,644]}],"linking":[]},{"id":189,"text":"Amount","label":"","box":[1085,657,1141,667],"words":[{"text":"Amount","box":[1085,657,1141,667]}],"linking":[]},{"id":190,"text":"Signature","label":"","box":[777,1344,845,1362],"words":[{"text":"Signature","box":[777,1344,845,1362]}],"linking":[]},{"id":191,"text":"Valid","label":"","box":[850,1343,890,1360],"words":[{"text":"Valid","box":[850,1343,890,1360]}],"linking":[]},{"id":192,"text":"|","label":"","box":[773,1366,774,1386],"words":[{"text":"|","box":[773,1366,774,1386]}],"linking":[]},{"id":193,"text":"Ký","label":"","box":[775,1365,796,1385],"words":[{"text":"Ký","box":[775,1365,796,1385]}],"linking":[]},{"id":194,"text":"bởi","label":"","box":[803,1365,826,1385],"words":[{"text":"bởi","box":[803,1365,826,1385]}],"linking":[]},{"id":195,"text":":","label":"","box":[828,1365,829,1385],"words":[{"text":":","box":[828,1365,829,1385]}],"linking":[]},{"id":196,"text":"CÔNG","label":"","box":[837,1365,887,1385],"words":[{"text":"CÔNG","box":[837,1365,887,1385]}],"linking":[]},{"id":197,"text":"TY","label":"","box":[895,1365,911,1385],"words":[{"text":"TY","box":[895,1365,911,1385]}],"linking":[]},{"id":198,"text":"CỔ","label":"","box":[922,1364,941,1384],"words":[{"text":"CỔ","box":[922,1364,941,1384]}],"linking":[]},{"id":199,"text":"PHẦN","label":"","box":[952,1364,1000,1384],"words":[{"text":"PHẦN","box":[952,1364,1000,1384]}],"linking":[]},{"id":200,"text":"THỦY","label":"","box":[1006,1364,1055,1384],"words":[{"text":"THỦY","box":[1006,1364,1055,1384]}],"linking":[]},{"id":201,"text":"SẢN","label":"","box":[778,1391,813,1406],"words":[{"text":"SẢN","box":[778,1391,813,1406]}],"linking":[]},{"id":202,"text":"BÌNH","label":"","box":[817,1391,861,1406],"words":[{"text":"BÌNH","box":[817,1391,861,1406]}],"linking":[]},{"id":203,"text":"MINH","label":"","box":[867,1391,915,1406],"words":[{"text":"MINH","box":[867,1391,915,1406]}],"linking":[]},{"id":204,"text":"Ngày","label":"","box":[777,1415,815,1434],"words":[{"text":"Ngày","box":[777,1415,815,1434]}],"linking":[]},{"id":205,"text":"ký","label":"","box":[820,1415,835,1433],"words":[{"text":"ký","box":[820,1415,835,1433]}],"linking":[]},{"id":206,"text":":","label":"","box":[838,1415,841,1433],"words":[{"text":":","box":[838,1415,841,1433]}],"linking":[]},{"id":207,"text":"22/03/2022","label":"","box":[848,1413,929,1433],"words":[{"text":"22/03/2022","box":[848,1413,929,1433]}],"linking":[]},{"id":208,"text":"15,000,000","label":"","box":[1088,701,1168,714],"words":[{"text":"15,000,000","box":[1088,701,1168,714]}],"linking":[]},{"id":209,"text":"15,000,000","label":"","box":[1088,1007,1168,1021],"words":[{"text":"15,000,000","box":[1088,1007,1168,1021]}],"linking":[]},{"id":210,"text":"GIÁ","label":"","box":[1051,1031,1076,1047],"words":[{"text":"GIÁ","box":[1051,1031,1076,1047]}],"linking":[]},{"id":211,"text":"TRỊ","label":"","box":[1082,1031,1106,1047],"words":[{"text":"TRỊ","box":[1082,1031,1106,1047]}],"linking":[]},{"id":212,"text":"THANH","label":"","box":[1113,1032,1168,1048],"words":[{"text":"THANH","box":[1113,1032,1168,1048]}],"linking":[]},{"id":213,"text":"TOÁN","label":"","box":[1088,1056,1132,1069],"words":[{"text":"TOÁN","box":[1088,1056,1132,1069]}],"linking":[]},{"id":214,"text":"15,000,000","label":"","box":[1081,1111,1160,1123],"words":[{"text":"15,000,000","box":[1081,1111,1160,1123]}],"linking":[]},{"id":215,"text":"15,000,000","label":"","box":[1081,1218,1161,1231],"words":[{"text":"15,000,000","box":[1081,1218,1161,1231]}],"linking":[]},{"id":216,"text":"Đơn vị bán hàng ( ComName ) :","label":"question","box":[70,222,277,240],"words":[{"text":"Đơn","box":[70,222,100,238]},{"text":"vị","box":[106,222,117,238]},{"text":"bán","box":[124,222,148,238]},{"text":"hàng","box":[156,223,189,239]},{"text":"(","box":[197,223,201,239]},{"text":"ComName","box":[203,224,265,240]},{"text":")","box":[267,224,270,240]},{"text":":","box":[276,224,277,240]}],"linking":[[216,217]]},{"id":217,"text":"CÔNG TY CỔ PHẦN THUỶ SẢN BÌNH MINH","label":"answer","box":[331,221,660,235],"words":[{"text":"CÔNG","box":[331,221,378,235]},{"text":"TY","box":[384,221,404,235]},{"text":"CỔ","box":[411,221,432,235]},{"text":"PHẦN","box":[440,221,483,235]},{"text":"THUỶ","box":[489,221,533,235]},{"text":"SẢN","box":[538,221,570,235]},{"text":"BÌNH","box":[578,221,614,235]},{"text":"MINH","box":[621,221,660,235]}],"linking":[[216,217]]},{"id":218,"text":"Mã số thuế ( Tax code )","label":"question","box":[71,249,221,270],"words":[{"text":"Mã","box":[71,250,92,266]},{"text":"số","box":[98,249,114,266]},{"text":"thuế","box":[119,250,150,267]},{"text":"(","box":[157,251,162,268]},{"text":"Tax","box":[165,251,183,268]},{"text":"code","box":[188,252,216,269]},{"text":")","box":[219,253,221,270]}],"linking":[[218,64]]},{"id":219,"text":"Địa chỉ ( Address ) .","label":"question","box":[74.52,280.84,195.52,297.84],"words":[{"text":"Địa","box":[70,282,94,296]},{"text":"chỉ","box":[100,281,119,297]},{"text":"(","box":[126,282,130,297]},{"text":"Address","box":[132,283,179,297]},{"text":")","box":[180,283,185,298]},{"text":".","box":[189,283,191,298]}],"linking":[[219,220]]},{"id":220,"text":"Số 86/28/1 , Phổ Quang , Phường 2 , Quận Tân Bình , TP.HCM","label":"answer","box":[331,280,770,297],"words":[{"text":"Số","box":[331,280,348,297]},{"text":"86/28/1","box":[356,280,406,297]},{"text":",","box":[411,280,412,297]},{"text":"Phổ","box":[420,280,446,297]},{"text":"Quang","box":[454,280,500,297]},{"text":",","box":[503,280,504,297]},{"text":"Phường","box":[512,280,569,297]},{"text":"2","box":[576,280,583,297]},{"text":",","box":[586,280,587,297]},{"text":"Quận","box":[595,280,632,297]},{"text":"Tân","box":[639,280,665,297]},{"text":"Bình","box":[672,280,703,297]},{"text":",","box":[706,280,707,297]},{"text":"TP.HCM","box":[710,280,770,297]}],"linking":[[219,220]]},{"id":221,"text":"Số tài khoản ( BankNo ) .","label":"question","box":[71,308,231,327],"words":[{"text":"Số","box":[71,308,88,323]},{"text":"tài","box":[95,308,110,324]},{"text":"khoản","box":[118,310,159,324]},{"text":"(","box":[167,310,171,325]},{"text":"BankNo","box":[172,311,216,326]},{"text":")","box":[219,312,223,327]},{"text":".","box":[229,312,231,327]}],"linking":[[221,65]]},{"id":222,"text":"Ngân hàng ( BankName ) :","label":"question","box":[71,338,238,357],"words":[{"text":"Ngân","box":[71,338,107,356]},{"text":"hàng","box":[115,338,148,356]},{"text":"(","box":[155,338,160,356]},{"text":"BankName","box":[162,339,224,357]},{"text":")","box":[228,339,232,357]},{"text":":","box":[235,339,238,357]}],"linking":[[222,223]]},{"id":223,"text":"NH TMCP Công Thương Việt Nam ( Vietinbank ) - CN Tây Sài Gòn , TP.HCM","label":"answer","box":[331,342,880,356],"words":[{"text":"NH","box":[331,342,351,356]},{"text":"TMCP","box":[358,342,403,356]},{"text":"Công","box":[411,342,447,356]},{"text":"Thương","box":[453,342,510,356]},{"text":"Việt","box":[517,342,544,356]},{"text":"Nam","box":[551,342,582,356]},{"text":"(","box":[590,342,595,356]},{"text":"Vietinbank","box":[596,342,666,356]},{"text":")","box":[671,342,675,356]},{"text":"-","box":[681,342,685,356]},{"text":"CN","box":[692,342,712,356]},{"text":"Tây","box":[720,342,746,356]},{"text":"Sài","box":[753,342,774,356]},{"text":"Gòn","box":[781,342,809,356]},{"text":",","box":[812,342,813,356]},{"text":"TP.HCM","box":[820,342,880,356]}],"linking":[[222,223]]},{"id":224,"text":"Mẫu số ( Fom ) -","label":"question","box":[874,91,981,112],"words":[{"text":"Mẫu","box":[874,91,905,109]},{"text":"số","box":[910,93,927,110]},{"text":"(","box":[933,93,938,111]},{"text":"Fom","box":[938,94,959,111]},{"text":")","box":[966,94,974,112]},{"text":"-","box":[978,94,981,112]}],"linking":[[224,225]]},{"id":225,"text":"01GTKT0 / 002","label":"answer","box":[1038,96,1140,107],"words":[{"text":"01GTKT0","box":[1038,96,1108,107]},{"text":"/","box":[1109,96,1114,107]},{"text":"002","box":[1114,96,1140,107]}],"linking":[[224,225]]},{"id":226,"text":"Kí hiệu ( Series ) .","label":"question","box":[875,131,984,148],"words":[{"text":"Kí","box":[875,131,888,145]},{"text":"hiệu","box":[895,132,924,146]},{"text":"(","box":[931,132,935,146]},{"text":"Series","box":[936,133,971,147]},{"text":")","box":[973,134,978,148]},{"text":".","box":[981,134,984,148]}],"linking":[[226,227]]},{"id":227,"text":"BM / 21E","label":"answer","box":[1039,133,1095,144],"words":[{"text":"BM","box":[1039,133,1060,144]},{"text":"/","box":[1062,133,1067,144]},{"text":"21E","box":[1068,133,1095,144]}],"linking":[[226,227]]},{"id":228,"text":"Số ( No. ) .","label":"question","box":[875,166,942,187],"words":[{"text":"Số","box":[875,166,894,183]},{"text":"(","box":[901,168,905,185]},{"text":"No.","box":[904,170,927,185]},{"text":")","box":[928,170,932,187]},{"text":".","box":[937,170,942,187]}],"linking":[[228,184]]},{"id":229,"text":"Họ tên người mua hàng ( Buyer )","label":"question","box":[69,388,293,409],"words":[{"text":"Họ","box":[69,388,86,407]},{"text":"tên","box":[94,388,111,407]},{"text":"người","box":[124,388,165,408]},{"text":"mua","box":[172,389,201,408]},{"text":"hàng","box":[209,389,242,408]},{"text":"(","box":[250,389,253,408]},{"text":"Buyer","box":[256,390,288,409]},{"text":")","box":[291,390,293,409]}],"linking":[]},{"id":230,"text":"Tên đơn vị ( CusName ) :","label":"answer","box":[70,417,229,435],"words":[{"text":"Tên","box":[70,417,96,431]},{"text":"đơn","box":[104,418,130,432]},{"text":"vị","box":[136,418,147,432]},{"text":"(","box":[153,419,157,433]},{"text":"CusName","box":[159,419,218,433]},{"text":")","box":[220,420,222,434]},{"text":":","box":[228,421,229,435]}],"linking":[[230,231]]},{"id":231,"text":"Hồ Quang Nhứt","label":"answer","box":[433,415,545,434],"words":[{"text":"Hồ","box":[433,415,450,434]},{"text":"Quang","box":[456,415,503,433]},{"text":"Nhứt","box":[511,415,545,433]}],"linking":[[230,231]]},{"id":232,"text":"Mã số thuế ( Tax code ) .","label":"question","box":[71,440.74,228,461.74],"words":[{"text":"Mã","box":[71,444,92,460]},{"text":"số","box":[97,443,114,461]},{"text":"thuế","box":[119,445,149,461]},{"text":"(","box":[157,445,162,462]},{"text":"Tax","box":[162,446,183,463]},{"text":"code","box":[187,446,215,463]},{"text":")","box":[218,447,221,464]},{"text":".","box":[228,447,228,464]}],"linking":[[232,122]]},{"id":233,"text":"Địa chỉ ( Address ) .","label":"question","box":[73.82,476.91,197.82,496.91],"words":[{"text":"Địa","box":[70,476,93,493]},{"text":"chỉ","box":[100,475,120,494]},{"text":"(","box":[124,476,129,494]},{"text":"Address","box":[131,476,178,494]},{"text":")","box":[179,477,183,495]},{"text":".","box":[189,477,194,495]}],"linking":[[233,234]]},{"id":234,"text":"Khóm 8 , thị trấn Năm Căn , huyện Năm Căn , Tỉnh Cà Mau","label":"answer","box":[433,475,850,492],"words":[{"text":"Khóm","box":[433,475,472,492]},{"text":"8","box":[480,475,486,492]},{"text":",","box":[489,475,490,492]},{"text":"thị","box":[497,475,513,492]},{"text":"trấn","box":[519,475,546,492]},{"text":"Năm","box":[553,475,584,492]},{"text":"Căn","box":[592,475,619,492]},{"text":",","box":[623,475,624,492]},{"text":"huyện","box":[632,475,673,492]},{"text":"Năm","box":[681,475,712,492]},{"text":"Căn","box":[720,475,747,492]},{"text":",","box":[750,475,751,492]},{"text":"Tỉnh","box":[758,475,788,492]},{"text":"Cà","box":[796,475,814,492]},{"text":"Mau","box":[821,475,850,492]}],"linking":[[233,234]]},{"id":235,"text":"Hình thức thanh toán ( Method of payment ) -","label":"question","box":[71,504,361,523],"words":[{"text":"Hình","box":[71,504,103,521]},{"text":"thức","box":[109,504,141,521]},{"text":"thanh","box":[147,504,186,522]},{"text":"toán","box":[192,505,222,522]},{"text":"(","box":[230,505,234,522]},{"text":"Method","box":[234,505,279,522]},{"text":"of","box":[284,505,294,523]},{"text":"payment","box":[298,506,350,523]},{"text":")","box":[352,506,353,523]},{"text":"-","box":[360,506,361,523]}],"linking":[[235,236]]},{"id":236,"text":"Chuyển khoản / Tiền mặt","label":"answer","box":[433,502,604,521],"words":[{"text":"Chuyển","box":[433,503,485,521]},{"text":"khoản","box":[493,503,533,520]},{"text":"/","box":[537,503,542,520]},{"text":"Tiền","box":[543,503,571,520]},{"text":"mặt","box":[579,502,604,520]}],"linking":[[235,236]]},{"id":237,"text":"Số tài khoản ( A / C No ) .","label":"question","box":[685,503,840,522],"words":[{"text":"Số","box":[685,504,702,518]},{"text":"tài","box":[709,503,725,519]},{"text":"khoản","box":[732,505,775,519]},{"text":"(","box":[782,505,786,520]},{"text":"A","box":[789,506,792,521]},{"text":"/","box":[793,506,797,521]},{"text":"C","box":[800,506,808,521]},{"text":"No","box":[813,506,827,522]},{"text":")","box":[831,507,833,522]},{"text":".","box":[839,507,840,522]}],"linking":[]},{"id":238,"text":"Ngân hàng ( Bank Name ) :","label":"question","box":[71,536,242,551],"words":[{"text":"Ngân","box":[71,536,107,550]},{"text":"hàng","box":[114,536,148,550]},{"text":"(","box":[156,536,159,550]},{"text":"Bank","box":[160,536,191,550]},{"text":"Name","box":[195,536,230,550]},{"text":")","box":[233,537,235,551]},{"text":":","box":[241,537,242,551]}],"linking":[]},{"id":239,"text":"Số tiền viết bằng chữ ( Total amount in words )","label":"question","box":[77,1248,378,1269],"words":[{"text":"Số","box":[77,1248,94,1265]},{"text":"tiền","box":[99,1248,124,1265]},{"text":"viết","box":[131,1248,155,1266]},{"text":"bằng","box":[162,1249,196,1266]},{"text":"chữ","box":[203,1249,229,1266]},{"text":"(","box":[236,1250,240,1267]},{"text":"Total","box":[243,1250,270,1267]},{"text":"amount","box":[275,1251,319,1268]},{"text":"in","box":[324,1251,333,1268]},{"text":"words","box":[339,1251,372,1269]},{"text":")","box":[375,1252,378,1269]}],"linking":[[239,240]]},{"id":240,"text":"Mười lăm triệu đồng chẵn","label":"answer","box":[464,1248,645,1267],"words":[{"text":"Mười","box":[464,1248,499,1267]},{"text":"lăm","box":[506,1248,529,1266]},{"text":"triệu","box":[536,1248,566,1266]},{"text":"đồng","box":[574,1248,608,1266]},{"text":"chẵn","box":[614,1248,645,1266]}],"linking":[[239,240]]}]