[{"id":0,"text":"Đơn","label":"","box":[173,56,197,71],"words":[{"text":"Đơn","box":[173,56,197,71]}],"linking":[]},{"id":1,"text":"vị","label":"","box":[203,56,211,71],"words":[{"text":"vị","box":[203,56,211,71]}],"linking":[]},{"id":2,"text":"hỗ","label":"","box":[215,56,229,71],"words":[{"text":"hỗ","box":[215,56,229,71]}],"linking":[]},{"id":3,"text":"trợ","label":"","box":[234,56,250,71],"words":[{"text":"trợ","box":[234,56,250,71]}],"linking":[]},{"id":4,"text":"cung","label":"","box":[254,56,282,71],"words":[{"text":"cung","box":[254,56,282,71]}],"linking":[]},{"id":5,"text":"cấp","label":"","box":[287,56,307,71],"words":[{"text":"cấp","box":[287,56,307,71]}],"linking":[]},{"id":6,"text":"công","label":"","box":[312,56,339,71],"words":[{"text":"công","box":[312,56,339,71]}],"linking":[]},{"id":7,"text":"cụ","label":"","box":[344,56,357,71],"words":[{"text":"cụ","box":[344,56,357,71]}],"linking":[]},{"id":8,"text":"phát","label":"","box":[361,56,387,71],"words":[{"text":"phát","box":[361,56,387,71]}],"linking":[]},{"id":9,"text":"hành","label":"","box":[392,56,420,71],"words":[{"text":"hành","box":[392,56,420,71]}],"linking":[]},{"id":10,"text":"hóa","label":"","box":[425,56,446,71],"words":[{"text":"hóa","box":[425,56,446,71]}],"linking":[]},{"id":11,"text":"đơn","label":"","box":[451,56,473,71],"words":[{"text":"đơn","box":[451,56,473,71]}],"linking":[]},{"id":12,"text":"điện","label":"","box":[478,56,502,71],"words":[{"text":"điện","box":[478,56,502,71]}],"linking":[]},{"id":13,"text":"tử","label":"","box":[507,56,514,71],"words":[{"text":"tử","box":[507,56,514,71]}],"linking":[]},{"id":14,"text":":","label":"","box":[518,56,521,71],"words":[{"text":":","box":[518,56,521,71]}],"linking":[]},{"id":15,"text":"Công","label":"","box":[527,56,557,71],"words":[{"text":"Công","box":[527,56,557,71]}],"linking":[]},{"id":16,"text":"ty","label":"","box":[562,56,572,71],"words":[{"text":"ty","box":[562,56,572,71]}],"linking":[]},{"id":17,"text":"Cổ","label":"","box":[576,56,592,71],"words":[{"text":"Cổ","box":[576,56,592,71]}],"linking":[]},{"id":18,"text":"phần","label":"","box":[596,56,625,71],"words":[{"text":"phần","box":[596,56,625,71]}],"linking":[]},{"id":19,"text":"Định","label":"","box":[630,56,656,71],"words":[{"text":"Định","box":[630,56,656,71]}],"linking":[]},{"id":20,"text":"Gia","label":"","box":[661,56,680,71],"words":[{"text":"Gia","box":[661,56,680,71]}],"linking":[]},{"id":21,"text":"Nét","label":"","box":[686,56,706,71],"words":[{"text":"Nét","box":[686,56,706,71]}],"linking":[]},{"id":22,"text":"-","label":"","box":[710,56,713,71],"words":[{"text":"-","box":[710,56,713,71]}],"linking":[]},{"id":23,"text":"DigiNet","label":"","box":[718,56,761,71],"words":[{"text":"DigiNet","box":[718,56,761,71]}],"linking":[]},{"id":24,"text":"Corp","label":"","box":[765,56,789,71],"words":[{"text":"Corp","box":[765,56,789,71]}],"linking":[]},{"id":25,"text":",","label":"","box":[792,56,795,71],"words":[{"text":",","box":[792,56,795,71]}],"linking":[]},{"id":26,"text":"MST","label":"","box":[801,56,825,71],"words":[{"text":"MST","box":[801,56,825,71]}],"linking":[]},{"id":27,"text":":","label":"","box":[828,56,832,71],"words":[{"text":":","box":[828,56,832,71]}],"linking":[]},{"id":28,"text":"0303359278","label":"","box":[837,56,907,71],"words":[{"text":"0303359278","box":[837,56,907,71]}],"linking":[]},{"id":29,"text":",","label":"","box":[910,56,912,71],"words":[{"text":",","box":[910,56,912,71]}],"linking":[]},{"id":30,"text":"Điện","label":"","box":[918,56,944,71],"words":[{"text":"Điện","box":[918,56,944,71]}],"linking":[]},{"id":31,"text":"thoại","label":"","box":[949,56,977,71],"words":[{"text":"thoại","box":[949,56,977,71]}],"linking":[]},{"id":32,"text":":","label":"","box":[979,56,980,71],"words":[{"text":":","box":[979,56,980,71]}],"linking":[]},{"id":33,"text":"028","label":"","box":[985,56,1006,71],"words":[{"text":"028","box":[985,56,1006,71]}],"linking":[]},{"id":34,"text":"35123878","label":"","box":[1011,56,1069,71],"words":[{"text":"35123878","box":[1011,56,1069,71]}],"linking":[]},{"id":35,"text":"HÓA","label":"","box":[389,93,453,127],"words":[{"text":"HÓA","box":[389,93,453,127]}],"linking":[]},{"id":36,"text":"ĐƠN","label":"","box":[462,93,532,127],"words":[{"text":"ĐƠN","box":[462,93,532,127]}],"linking":[]},{"id":37,"text":"GIÁ","label":"","box":[545,93,597,127],"words":[{"text":"GIÁ","box":[545,93,597,127]}],"linking":[]},{"id":38,"text":"TRỊ","label":"","box":[606,93,654,127],"words":[{"text":"TRỊ","box":[606,93,654,127]}],"linking":[]},{"id":39,"text":"GIA","label":"","box":[666,93,718,127],"words":[{"text":"GIA","box":[666,93,718,127]}],"linking":[]},{"id":40,"text":"TĂNG","label":"","box":[728,93,811,127],"words":[{"text":"TĂNG","box":[728,93,811,127]}],"linking":[]},{"id":41,"text":"VAT","label":"","box":[522,143,573,161],"words":[{"text":"VAT","box":[522,143,573,161]}],"linking":[]},{"id":42,"text":"INVOICE","label":"","box":[578,143,680,161],"words":[{"text":"INVOICE","box":[578,143,680,161]}],"linking":[]},{"id":43,"text":"Ngày","label":"","box":[431,177,467,192],"words":[{"text":"Ngày","box":[431,177,467,192]}],"linking":[]},{"id":44,"text":"(","label":"","box":[474,177,477,192],"words":[{"text":"(","box":[474,177,477,192]}],"linking":[]},{"id":45,"text":"Date","label":"","box":[477,177,504,192],"words":[{"text":"Date","box":[477,177,504,192]}],"linking":[]},{"id":46,"text":")","label":"","box":[507,177,510,192],"words":[{"text":")","box":[507,177,510,192]}],"linking":[]},{"id":47,"text":"14","label":"","box":[516,177,532,192],"words":[{"text":"14","box":[516,177,532,192]}],"linking":[]},{"id":48,"text":"tháng","label":"","box":[538,177,577,192],"words":[{"text":"tháng","box":[538,177,577,192]}],"linking":[]},{"id":49,"text":"(","label":"","box":[585,177,588,192],"words":[{"text":"(","box":[585,177,588,192]}],"linking":[]},{"id":50,"text":"month","label":"","box":[587,177,623,192],"words":[{"text":"month","box":[587,177,623,192]}],"linking":[]},{"id":51,"text":")","label":"","box":[626,177,630,192],"words":[{"text":")","box":[626,177,630,192]}],"linking":[]},{"id":52,"text":"03","label":"","box":[635,177,652,192],"words":[{"text":"03","box":[635,177,652,192]}],"linking":[]},{"id":53,"text":"năm","label":"","box":[659,177,687,192],"words":[{"text":"năm","box":[659,177,687,192]}],"linking":[]},{"id":54,"text":"(","label":"","box":[696,177,699,192],"words":[{"text":"(","box":[696,177,699,192]}],"linking":[]},{"id":55,"text":"year","label":"","box":[699,177,724,192],"words":[{"text":"year","box":[699,177,724,192]}],"linking":[]},{"id":56,"text":")","label":"","box":[727,177,730,192],"words":[{"text":")","box":[727,177,730,192]}],"linking":[]},{"id":57,"text":"2022","label":"","box":[735,177,769,192],"words":[{"text":"2022","box":[735,177,769,192]}],"linking":[]},{"id":58,"text":"STT","label":"","box":[62,621,90,632],"words":[{"text":"STT","box":[62,621,90,632]}],"linking":[]},{"id":59,"text":"No.","label":"","box":[65,645,87,656],"words":[{"text":"No.","box":[65,645,87,656]}],"linking":[]},{"id":60,"text":"BINH","label":"","box":[162,172,193,184],"words":[{"text":"BINH","box":[162,172,193,184]}],"linking":[]},{"id":61,"text":"MINH","label":"","box":[199,172,231,183],"words":[{"text":"MINH","box":[199,172,231,183]}],"linking":[]},{"id":62,"text":"1","label":"","box":[72,700,79,712],"words":[{"text":"1","box":[72,700,79,712]}],"linking":[]},{"id":63,"text":"2","label":"","box":[70,739,81,750],"words":[{"text":"2","box":[70,739,81,750]}],"linking":[]},{"id":64,"text":"0303880297","label":"answer","box":[330,254,419,265],"words":[{"text":"0303880297","box":[330,254,419,265]}],"linking":[[262,64]]},{"id":65,"text":"112002622316","label":"answer","box":[331,312,439,323],"words":[{"text":"112002622316","box":[331,312,439,323]}],"linking":[[265,65]]},{"id":66,"text":"TÊN","label":"","box":[170,616,200,635],"words":[{"text":"TÊN","box":[170,616,200,635]}],"linking":[]},{"id":67,"text":"HÀNG","label":"","box":[207,617,250,635],"words":[{"text":"HÀNG","box":[207,617,250,635]}],"linking":[]},{"id":68,"text":"HÓA","label":"","box":[253,616,284,636],"words":[{"text":"HÓA","box":[253,616,284,636]}],"linking":[]},{"id":69,"text":",","label":"","box":[287,617,290,636],"words":[{"text":",","box":[287,617,290,636]}],"linking":[]},{"id":70,"text":"DỊCH","label":"","box":[299,617,335,636],"words":[{"text":"DỊCH","box":[299,617,335,636]}],"linking":[]},{"id":71,"text":"VỤ","label":"","box":[341,618,360,637],"words":[{"text":"VỤ","box":[341,618,360,637]}],"linking":[]},{"id":72,"text":"Description","label":"","box":[227,645,305,658],"words":[{"text":"Description","box":[227,645,305,658]}],"linking":[]},{"id":73,"text":"ENVIRON","label":"","box":[103,699,174,713],"words":[{"text":"ENVIRON","box":[103,699,174,713]}],"linking":[]},{"id":74,"text":"-","label":"","box":[178,699,181,713],"words":[{"text":"-","box":[178,699,181,713]}],"linking":[]},{"id":75,"text":"AC","label":"","box":[183,699,204,714],"words":[{"text":"AC","box":[183,699,204,714]}],"linking":[]},{"id":76,"text":"Túi","label":"","box":[210,700,231,714],"words":[{"text":"Túi","box":[210,700,231,714]}],"linking":[]},{"id":77,"text":"5Kg","label":"","box":[238,700,264,714],"words":[{"text":"5Kg","box":[238,700,264,714]}],"linking":[]},{"id":78,"text":"ENVOMIN","label":"","box":[102,737,174,750],"words":[{"text":"ENVOMIN","box":[102,737,174,750]}],"linking":[]},{"id":79,"text":"10KG","label":"","box":[184,737,223,749],"words":[{"text":"10KG","box":[184,737,223,749]}],"linking":[]},{"id":80,"text":"TỔNG","label":"","box":[206,1047,250,1063],"words":[{"text":"TỔNG","box":[206,1047,250,1063]}],"linking":[]},{"id":81,"text":"HỢP","label":"","box":[258,1048,291,1064],"words":[{"text":"HỢP","box":[258,1048,291,1064]}],"linking":[]},{"id":82,"text":"Tổng","label":"","box":[76,1087,111,1104],"words":[{"text":"Tổng","box":[76,1087,111,1104]}],"linking":[]},{"id":83,"text":"tiền","label":"","box":[117,1087,142,1104],"words":[{"text":"tiền","box":[117,1087,142,1104]}],"linking":[]},{"id":84,"text":"không","label":"","box":[150,1087,191,1104],"words":[{"text":"không","box":[150,1087,191,1104]}],"linking":[]},{"id":85,"text":"kê","label":"","box":[199,1087,213,1104],"words":[{"text":"kê","box":[199,1087,213,1104]}],"linking":[]},{"id":86,"text":"khai","label":"","box":[221,1087,248,1104],"words":[{"text":"khai","box":[221,1087,248,1104]}],"linking":[]},{"id":87,"text":"và","label":"","box":[254,1087,270,1104],"words":[{"text":"và","box":[254,1087,270,1104]}],"linking":[]},{"id":88,"text":"nộp","label":"","box":[277,1087,302,1104],"words":[{"text":"nộp","box":[277,1087,302,1104]}],"linking":[]},{"id":89,"text":"thuế","label":"","box":[308,1087,338,1104],"words":[{"text":"thuế","box":[308,1087,338,1104]}],"linking":[]},{"id":90,"text":":","label":"","box":[341,1087,341,1104],"words":[{"text":":","box":[341,1087,341,1104]}],"linking":[]},{"id":91,"text":"Tổng","label":"","box":[76,1112,110,1131],"words":[{"text":"Tổng","box":[76,1112,110,1131]}],"linking":[]},{"id":92,"text":"tiền","label":"","box":[116,1112,141,1130],"words":[{"text":"tiền","box":[116,1112,141,1130]}],"linking":[]},{"id":93,"text":"không","label":"","box":[149,1112,190,1130],"words":[{"text":"không","box":[149,1112,190,1130]}],"linking":[]},{"id":94,"text":"chịu","label":"","box":[197,1112,225,1130],"words":[{"text":"chịu","box":[197,1112,225,1130]}],"linking":[]},{"id":95,"text":"thuế","label":"","box":[231,1112,261,1130],"words":[{"text":"thuế","box":[231,1112,261,1130]}],"linking":[]},{"id":96,"text":"GTGT","label":"","box":[269,1111,311,1130],"words":[{"text":"GTGT","box":[269,1111,311,1130]}],"linking":[]},{"id":97,"text":":","label":"","box":[314,1111,316,1129],"words":[{"text":":","box":[314,1111,316,1129]}],"linking":[]},{"id":98,"text":"Tổng","label":"","box":[76,1138,110,1158],"words":[{"text":"Tổng","box":[76,1138,110,1158]}],"linking":[]},{"id":99,"text":"tiền","label":"","box":[116,1138,141,1157],"words":[{"text":"tiền","box":[116,1138,141,1157]}],"linking":[]},{"id":100,"text":"chịu","label":"","box":[148,1137,176,1157],"words":[{"text":"chịu","box":[148,1137,176,1157]}],"linking":[]},{"id":101,"text":"thuế","label":"","box":[182,1137,212,1156],"words":[{"text":"thuế","box":[182,1137,212,1156]}],"linking":[]},{"id":102,"text":"suất","label":"","box":[220,1137,248,1156],"words":[{"text":"suất","box":[220,1137,248,1156]}],"linking":[]},{"id":103,"text":":","label":"","box":[251,1137,251,1156],"words":[{"text":":","box":[251,1137,251,1156]}],"linking":[]},{"id":104,"text":"Tổng","label":"","box":[76,1164,111,1184],"words":[{"text":"Tổng","box":[76,1164,111,1184]}],"linking":[]},{"id":105,"text":"tiền","label":"","box":[117,1164,142,1184],"words":[{"text":"tiền","box":[117,1164,142,1184]}],"linking":[]},{"id":106,"text":"chịu","label":"","box":[150,1164,177,1184],"words":[{"text":"chịu","box":[150,1164,177,1184]}],"linking":[]},{"id":107,"text":"thuế","label":"","box":[183,1164,213,1184],"words":[{"text":"thuế","box":[183,1164,213,1184]}],"linking":[]},{"id":108,"text":"suất","label":"","box":[221,1164,251,1184],"words":[{"text":"suất","box":[221,1164,251,1184]}],"linking":[]},{"id":109,"text":"Tổng","label":"","box":[76,1193,111,1210],"words":[{"text":"Tổng","box":[76,1193,111,1210]}],"linking":[]},{"id":110,"text":"tiền","label":"","box":[117,1193,142,1210],"words":[{"text":"tiền","box":[117,1193,142,1210]}],"linking":[]},{"id":111,"text":"chịu","label":"","box":[149,1193,177,1210],"words":[{"text":"chịu","box":[149,1193,177,1210]}],"linking":[]},{"id":112,"text":"thuế","label":"","box":[183,1193,213,1210],"words":[{"text":"thuế","box":[183,1193,213,1210]}],"linking":[]},{"id":113,"text":"suất","label":"","box":[221,1193,249,1210],"words":[{"text":"suất","box":[221,1193,249,1210]}],"linking":[]},{"id":114,"text":":","label":"","box":[252,1193,253,1210],"words":[{"text":":","box":[252,1193,253,1210]}],"linking":[]},{"id":115,"text":"Tổng","label":"","box":[76,1218,111,1238],"words":[{"text":"Tổng","box":[76,1218,111,1238]}],"linking":[]},{"id":116,"text":"cộng","label":"","box":[117,1218,151,1238],"words":[{"text":"cộng","box":[117,1218,151,1238]}],"linking":[]},{"id":117,"text":"tiền","label":"","box":[158,1218,182,1238],"words":[{"text":"tiền","box":[158,1218,182,1238]}],"linking":[]},{"id":118,"text":"thanh","label":"","box":[189,1218,228,1238],"words":[{"text":"thanh","box":[189,1218,228,1238]}],"linking":[]},{"id":119,"text":"toán","label":"","box":[232,1218,261,1238],"words":[{"text":"toán","box":[232,1218,261,1238]}],"linking":[]},{"id":120,"text":"Số","label":"","box":[77,1253,94,1270],"words":[{"text":"Số","box":[77,1253,94,1270]}],"linking":[]},{"id":121,"text":"tiền","label":"","box":[99,1253,123,1270],"words":[{"text":"tiền","box":[99,1253,123,1270]}],"linking":[]},{"id":122,"text":"viết","label":"","box":[131,1253,155,1270],"words":[{"text":"viết","box":[131,1253,155,1270]}],"linking":[]},{"id":123,"text":"bằng","label":"","box":[162,1253,196,1271],"words":[{"text":"bằng","box":[162,1253,196,1271]}],"linking":[]},{"id":124,"text":"chữ","label":"","box":[203,1254,229,1271],"words":[{"text":"chữ","box":[203,1254,229,1271]}],"linking":[]},{"id":125,"text":"(","label":"","box":[236,1254,240,1271],"words":[{"text":"(","box":[236,1254,240,1271]}],"linking":[]},{"id":126,"text":"Total","label":"","box":[243,1254,270,1271],"words":[{"text":"Total","box":[243,1254,270,1271]}],"linking":[]},{"id":127,"text":"amount","label":"","box":[275,1254,319,1272],"words":[{"text":"amount","box":[275,1254,319,1272]}],"linking":[]},{"id":128,"text":"in","label":"","box":[324,1255,333,1272],"words":[{"text":"in","box":[324,1255,333,1272]}],"linking":[]},{"id":129,"text":"words","label":"","box":[339,1255,372,1272],"words":[{"text":"words","box":[339,1255,372,1272]}],"linking":[]},{"id":130,"text":")","label":"","box":[375,1255,378,1272],"words":[{"text":")","box":[375,1255,378,1272]}],"linking":[]},{"id":131,"text":"Người","label":"","box":[255,1301,298,1316],"words":[{"text":"Người","box":[255,1301,298,1316]}],"linking":[]},{"id":132,"text":"mua","label":"","box":[306,1301,336,1316],"words":[{"text":"mua","box":[306,1301,336,1316]}],"linking":[]},{"id":133,"text":"hàng","label":"","box":[342,1301,376,1317],"words":[{"text":"hàng","box":[342,1301,376,1317]}],"linking":[]},{"id":134,"text":"(","label":"","box":[384,1302,387,1317],"words":[{"text":"(","box":[384,1302,387,1317]}],"linking":[]},{"id":135,"text":"Buyer","label":"","box":[387,1302,423,1317],"words":[{"text":"Buyer","box":[387,1302,423,1317]}],"linking":[]},{"id":136,"text":")","label":"","box":[425,1302,427,1317],"words":[{"text":")","box":[425,1302,427,1317]}],"linking":[]},{"id":137,"text":"0305695363","label":"answer","box":[432,446,520,460],"words":[{"text":"0305695363","box":[432,446,520,460]}],"linking":[[271,137]]},{"id":138,"text":"ĐƠN","label":"","box":[449,608,484,621],"words":[{"text":"ĐƠN","box":[449,608,484,621]}],"linking":[]},{"id":139,"text":"VỊ","label":"","box":[489,608,501,622],"words":[{"text":"VỊ","box":[489,608,501,622]}],"linking":[]},{"id":140,"text":"SÓ","label":"","box":[540,606,561,620],"words":[{"text":"SÓ","box":[540,606,561,620]}],"linking":[]},{"id":141,"text":"ΤΙΝΗ","label":"","box":[461,628,494,643],"words":[{"text":"ΤΙΝΗ","box":[461,628,494,643]}],"linking":[]},{"id":142,"text":"Unit","label":"","box":[466,657,494,667],"words":[{"text":"Unit","box":[466,657,494,667]}],"linking":[]},{"id":143,"text":"Túi","label":"","box":[466,700,489,711],"words":[{"text":"Túi","box":[466,700,489,711]}],"linking":[]},{"id":144,"text":"Bao","label":"","box":[464,739,492,750],"words":[{"text":"Bao","box":[464,739,492,750]}],"linking":[]},{"id":145,"text":"LƯỢNG","label":"","box":[525,631,581,645],"words":[{"text":"LƯỢNG","box":[525,631,581,645]}],"linking":[]},{"id":146,"text":"Quantity","label":"","box":[524,657,584,669],"words":[{"text":"Quantity","box":[524,657,584,669]}],"linking":[]},{"id":147,"text":"950","label":"","box":[540,701,565,711],"words":[{"text":"950","box":[540,701,565,711]}],"linking":[]},{"id":148,"text":"X","label":"","box":[508,1118,517,1126],"words":[{"text":"X","box":[508,1118,517,1126]}],"linking":[]},{"id":149,"text":"0","label":"","box":[501,1142,510,1153],"words":[{"text":"0","box":[501,1142,510,1153]}],"linking":[]},{"id":150,"text":"%","label":"","box":[511,1142,523,1153],"words":[{"text":"%","box":[511,1142,523,1153]}],"linking":[]},{"id":151,"text":"5","label":"","box":[501,1168,511,1179],"words":[{"text":"5","box":[501,1168,511,1179]}],"linking":[]},{"id":152,"text":"%","label":"","box":[509,1168,522,1179],"words":[{"text":"%","box":[509,1168,522,1179]}],"linking":[]},{"id":153,"text":"10","label":"","box":[498,1196,513,1206],"words":[{"text":"10","box":[498,1196,513,1206]}],"linking":[]},{"id":154,"text":"%","label":"","box":[514,1196,526,1206],"words":[{"text":"%","box":[514,1196,526,1206]}],"linking":[]},{"id":155,"text":"2,000","label":"","box":[532,739,573,751],"words":[{"text":"2,000","box":[532,739,573,751]}],"linking":[]},{"id":156,"text":"THUẾ","label":"","box":[467,1047,509,1062],"words":[{"text":"THUẾ","box":[467,1047,509,1062]}],"linking":[]},{"id":157,"text":"SUẤT","label":"","box":[516,1047,556,1061],"words":[{"text":"SUẤT","box":[516,1047,556,1061]}],"linking":[]},{"id":158,"text":"ĐƠN","label":"","box":[620,617,652,633],"words":[{"text":"ĐƠN","box":[620,617,652,633]}],"linking":[]},{"id":159,"text":"GIÁ","label":"","box":[660,617,684,632],"words":[{"text":"GIÁ","box":[660,617,684,632]}],"linking":[]},{"id":160,"text":"Price","label":"","box":[636,644,672,655],"words":[{"text":"Price","box":[636,644,672,655]}],"linking":[]},{"id":161,"text":"260,000.000","label":"","box":[618,700,709,713],"words":[{"text":"260,000.000","box":[618,700,709,713]}],"linking":[]},{"id":162,"text":"140,000.000","label":"","box":[619,737,707,751],"words":[{"text":"140,000.000","box":[619,737,707,751]}],"linking":[]},{"id":163,"text":"THUÊ","label":"","box":[860,594,901,608],"words":[{"text":"THUÊ","box":[860,594,901,608]}],"linking":[]},{"id":164,"text":"SUÁT","label":"","box":[861,619,902,632],"words":[{"text":"SUÁT","box":[861,619,902,632]}],"linking":[]},{"id":165,"text":"GTGT","label":"","box":[863,640,904,656],"words":[{"text":"GTGT","box":[863,640,904,656]}],"linking":[]},{"id":166,"text":"VAT","label":"","box":[855,668,884,678],"words":[{"text":"VAT","box":[855,668,884,678]}],"linking":[]},{"id":167,"text":"rate","label":"","box":[888,668,914,679],"words":[{"text":"rate","box":[888,668,914,679]}],"linking":[]},{"id":168,"text":"247,000,000","label":"","box":[748,701,839,714],"words":[{"text":"247,000,000","box":[748,701,839,714]}],"linking":[]},{"id":169,"text":"10","label":"","box":[868,701,883,711],"words":[{"text":"10","box":[868,701,883,711]}],"linking":[]},{"id":170,"text":"%","label":"","box":[885,701,898,711],"words":[{"text":"%","box":[885,701,898,711]}],"linking":[]},{"id":171,"text":"280,000,000","label":"","box":[748,739,839,751],"words":[{"text":"280,000,000","box":[748,739,839,751]}],"linking":[]},{"id":172,"text":"X","label":"","box":[878,742,888,750],"words":[{"text":"X","box":[878,742,888,750]}],"linking":[]},{"id":173,"text":"THÀNH","label":"","box":[737,617,787,633],"words":[{"text":"THÀNH","box":[737,617,787,633]}],"linking":[]},{"id":174,"text":"TIỀN","label":"","box":[794,617,827,632],"words":[{"text":"TIỀN","box":[794,617,827,632]}],"linking":[]},{"id":175,"text":"Total","label":"","box":[767,644,801,656],"words":[{"text":"Total","box":[767,644,801,656]}],"linking":[]},{"id":176,"text":"Cộng","label":"","box":[603,1013,639,1028],"words":[{"text":"Cộng","box":[603,1013,639,1028]}],"linking":[]},{"id":177,"text":"(","label":"","box":[647,1013,650,1028],"words":[{"text":"(","box":[647,1013,650,1028]}],"linking":[]},{"id":178,"text":"Sub","label":"","box":[652,1013,674,1028],"words":[{"text":"Sub","box":[652,1013,674,1028]}],"linking":[]},{"id":179,"text":"total","label":"","box":[679,1013,705,1029],"words":[{"text":"total","box":[679,1013,705,1029]}],"linking":[]},{"id":180,"text":")","label":"","box":[707,1014,708,1029],"words":[{"text":")","box":[707,1014,708,1029]}],"linking":[]},{"id":181,"text":"527,000,000","label":"","box":[749,1012,838,1025],"words":[{"text":"527,000,000","box":[749,1012,838,1025]}],"linking":[]},{"id":182,"text":"TRỊ","label":"","box":[612,1048,636,1064],"words":[{"text":"TRỊ","box":[612,1048,636,1064]}],"linking":[]},{"id":183,"text":"GIÁ","label":"","box":[644,1048,671,1064],"words":[{"text":"GIÁ","box":[644,1048,671,1064]}],"linking":[]},{"id":184,"text":"CHƯA","label":"","box":[677,1048,724,1064],"words":[{"text":"CHƯA","box":[677,1048,724,1064]}],"linking":[]},{"id":185,"text":"THUẾ","label":"","box":[729,1048,772,1064],"words":[{"text":"THUẾ","box":[729,1048,772,1064]}],"linking":[]},{"id":186,"text":"GTGT","label":"","box":[780,1048,823,1064],"words":[{"text":"GTGT","box":[780,1048,823,1064]}],"linking":[]},{"id":187,"text":"1/1","label":"","box":[606,1716,635,1731],"words":[{"text":"1/1","box":[606,1716,635,1731]}],"linking":[]},{"id":188,"text":"280,000,000","label":"","box":[740,1116,831,1127],"words":[{"text":"280,000,000","box":[740,1116,831,1127]}],"linking":[]},{"id":189,"text":"247,000,000","label":"","box":[741,1195,830,1208],"words":[{"text":"247,000,000","box":[741,1195,830,1208]}],"linking":[]},{"id":190,"text":"527,000,000","label":"","box":[741,1222,830,1234],"words":[{"text":"527,000,000","box":[741,1222,830,1234]}],"linking":[]},{"id":191,"text":"Năm","label":"","box":[448,1254,479,1271],"words":[{"text":"Năm","box":[448,1254,479,1271]}],"linking":[]},{"id":192,"text":"trăm","label":"","box":[486,1254,516,1271],"words":[{"text":"trăm","box":[486,1254,516,1271]}],"linking":[]},{"id":193,"text":"năm","label":"","box":[524,1254,553,1271],"words":[{"text":"năm","box":[524,1254,553,1271]}],"linking":[]},{"id":194,"text":"mươi","label":"","box":[561,1254,597,1271],"words":[{"text":"mươi","box":[561,1254,597,1271]}],"linking":[]},{"id":195,"text":"mốt","label":"","box":[604,1254,629,1271],"words":[{"text":"mốt","box":[604,1254,629,1271]}],"linking":[]},{"id":196,"text":"triệu","label":"","box":[635,1254,665,1271],"words":[{"text":"triệu","box":[635,1254,665,1271]}],"linking":[]},{"id":197,"text":"bảy","label":"","box":[673,1254,697,1271],"words":[{"text":"bảy","box":[673,1254,697,1271]}],"linking":[]},{"id":198,"text":"trăm","label":"","box":[703,1254,733,1271],"words":[{"text":"trăm","box":[703,1254,733,1271]}],"linking":[]},{"id":199,"text":"nghìn","label":"","box":[741,1254,779,1271],"words":[{"text":"nghìn","box":[741,1254,779,1271]}],"linking":[]},{"id":200,"text":"đồng","label":"","box":[786,1254,820,1271],"words":[{"text":"đồng","box":[786,1254,820,1271]}],"linking":[]},{"id":201,"text":"chẵn","label":"","box":[828,1254,861,1271],"words":[{"text":"chẵn","box":[828,1254,861,1271]}],"linking":[]},{"id":202,"text":"TIÊN","label":"","box":[938,606,970,621],"words":[{"text":"TIÊN","box":[938,606,970,621]}],"linking":[]},{"id":203,"text":"THUÊ","label":"","box":[978,606,1018,621],"words":[{"text":"THUÊ","box":[978,606,1018,621]}],"linking":[]},{"id":204,"text":"GTGT","label":"","box":[959,632,1002,643],"words":[{"text":"GTGT","box":[959,632,1002,643]}],"linking":[]},{"id":205,"text":"VAT","label":"","box":[939,657,969,667],"words":[{"text":"VAT","box":[939,657,969,667]}],"linking":[]},{"id":206,"text":"amount","label":"","box":[974,657,1025,667],"words":[{"text":"amount","box":[974,657,1025,667]}],"linking":[]},{"id":207,"text":"24,700,000","label":"","box":[952,701,1034,714],"words":[{"text":"24,700,000","box":[952,701,1034,714]}],"linking":[]},{"id":208,"text":"24,700,000","label":"","box":[952,1013,1034,1025],"words":[{"text":"24,700,000","box":[952,1013,1034,1025]}],"linking":[]},{"id":209,"text":"TIỀN","label":"","box":[878,1048,912,1062],"words":[{"text":"TIỀN","box":[878,1048,912,1062]}],"linking":[]},{"id":210,"text":"THUẾ","label":"","box":[920,1048,962,1062],"words":[{"text":"THUẾ","box":[920,1048,962,1062]}],"linking":[]},{"id":211,"text":"GTGT","label":"","box":[970,1048,1011,1062],"words":[{"text":"GTGT","box":[970,1048,1011,1062]}],"linking":[]},{"id":212,"text":"24,700,000","label":"","box":[945,1196,1025,1208],"words":[{"text":"24,700,000","box":[945,1196,1025,1208]}],"linking":[]},{"id":213,"text":"24,700,000","label":"","box":[944,1222,1026,1234],"words":[{"text":"24,700,000","box":[944,1222,1026,1234]}],"linking":[]},{"id":214,"text":"Người","label":"","box":[817,1301,861,1317],"words":[{"text":"Người","box":[817,1301,861,1317]}],"linking":[]},{"id":215,"text":"bán","label":"","box":[868,1300,893,1317],"words":[{"text":"bán","box":[868,1300,893,1317]}],"linking":[]},{"id":216,"text":"hàng","label":"","box":[900,1300,934,1318],"words":[{"text":"hàng","box":[900,1300,934,1318]}],"linking":[]},{"id":217,"text":"(","label":"","box":[942,1301,945,1318],"words":[{"text":"(","box":[942,1301,945,1318]}],"linking":[]},{"id":218,"text":"Seller","label":"","box":[946,1301,979,1318],"words":[{"text":"Seller","box":[946,1301,979,1318]}],"linking":[]},{"id":219,"text":")","label":"","box":[982,1301,984,1318],"words":[{"text":")","box":[982,1301,984,1318]}],"linking":[]},{"id":220,"text":"0000490","label":"answer","box":[1039,172,1115,185],"words":[{"text":"0000490","box":[1039,172,1115,185]}],"linking":[[259,220]]},{"id":221,"text":"THÀNH","label":"","box":[1062,606,1114,620],"words":[{"text":"THÀNH","box":[1062,606,1114,620]}],"linking":[]},{"id":222,"text":"TIỀN","label":"","box":[1120,606,1153,620],"words":[{"text":"TIỀN","box":[1120,606,1153,620]}],"linking":[]},{"id":223,"text":"SAU","label":"","box":[1073,629,1100,646],"words":[{"text":"SAU","box":[1073,629,1100,646]}],"linking":[]},{"id":224,"text":"THUÊ","label":"","box":[1108,628,1148,645],"words":[{"text":"THUÊ","box":[1108,628,1148,645]}],"linking":[]},{"id":225,"text":"Amount","label":"","box":[1084,658,1139,668],"words":[{"text":"Amount","box":[1084,658,1139,668]}],"linking":[]},{"id":226,"text":"Signature","label":"","box":[777,1349,845,1366],"words":[{"text":"Signature","box":[777,1349,845,1366]}],"linking":[]},{"id":227,"text":"Valid","label":"","box":[850,1348,890,1364],"words":[{"text":"Valid","box":[850,1348,890,1364]}],"linking":[]},{"id":228,"text":"|","label":"","box":[772,1369,773,1391],"words":[{"text":"|","box":[772,1369,773,1391]}],"linking":[]},{"id":229,"text":"Ký","label":"","box":[775,1368,795,1390],"words":[{"text":"Ký","box":[775,1368,795,1390]}],"linking":[]},{"id":230,"text":"bởi","label":"","box":[803,1368,826,1390],"words":[{"text":"bởi","box":[803,1368,826,1390]}],"linking":[]},{"id":231,"text":":","label":"","box":[828,1368,829,1390],"words":[{"text":":","box":[828,1368,829,1390]}],"linking":[]},{"id":232,"text":"CÔNG","label":"","box":[837,1368,887,1390],"words":[{"text":"CÔNG","box":[837,1368,887,1390]}],"linking":[]},{"id":233,"text":"TY","label":"","box":[892,1367,910,1390],"words":[{"text":"TY","box":[892,1367,910,1390]}],"linking":[]},{"id":234,"text":"CỔ","label":"","box":[921,1367,941,1389],"words":[{"text":"CỔ","box":[921,1367,941,1389]}],"linking":[]},{"id":235,"text":"PHẦN","label":"","box":[952,1367,1000,1389],"words":[{"text":"PHẦN","box":[952,1367,1000,1389]}],"linking":[]},{"id":236,"text":"THỦY","label":"","box":[1006,1366,1055,1389],"words":[{"text":"THỦY","box":[1006,1366,1055,1389]}],"linking":[]},{"id":237,"text":"SẢN","label":"","box":[778,1395,813,1410],"words":[{"text":"SẢN","box":[778,1395,813,1410]}],"linking":[]},{"id":238,"text":"BÌNH","label":"","box":[818,1395,862,1410],"words":[{"text":"BÌNH","box":[818,1395,862,1410]}],"linking":[]},{"id":239,"text":"MINH","label":"","box":[867,1395,915,1410],"words":[{"text":"MINH","box":[867,1395,915,1410]}],"linking":[]},{"id":240,"text":"|","label":"","box":[772,1420,773,1440],"words":[{"text":"|","box":[772,1420,773,1440]}],"linking":[]},{"id":241,"text":"Ngày","label":"","box":[774,1419,811,1439],"words":[{"text":"Ngày","box":[774,1419,811,1439]}],"linking":[]},{"id":242,"text":"ký","label":"","box":[820,1419,834,1439],"words":[{"text":"ký","box":[820,1419,834,1439]}],"linking":[]},{"id":243,"text":":","label":"","box":[839,1419,841,1439],"words":[{"text":":","box":[839,1419,841,1439]}],"linking":[]},{"id":244,"text":"14/03/2022","label":"","box":[850,1417,929,1439],"words":[{"text":"14/03/2022","box":[850,1417,929,1439]}],"linking":[]},{"id":245,"text":"271,700,000","label":"","box":[1078,700,1168,714],"words":[{"text":"271,700,000","box":[1078,700,1168,714]}],"linking":[]},{"id":246,"text":"280,000,000","label":"","box":[1079,739,1169,752],"words":[{"text":"280,000,000","box":[1079,739,1169,752]}],"linking":[]},{"id":247,"text":"551,700,000","label":"","box":[1078,1012,1169,1025],"words":[{"text":"551,700,000","box":[1078,1012,1169,1025]}],"linking":[]},{"id":248,"text":"GIÁ","label":"","box":[1050,1036,1075,1052],"words":[{"text":"GIÁ","box":[1050,1036,1075,1052]}],"linking":[]},{"id":249,"text":"TRỊ","label":"","box":[1082,1036,1105,1052],"words":[{"text":"TRỊ","box":[1082,1036,1105,1052]}],"linking":[]},{"id":250,"text":"THANH","label":"","box":[1113,1036,1166,1052],"words":[{"text":"THANH","box":[1113,1036,1166,1052]}],"linking":[]},{"id":251,"text":"TOÁN","label":"","box":[1088,1059,1130,1074],"words":[{"text":"TOÁN","box":[1088,1059,1130,1074]}],"linking":[]},{"id":252,"text":"280,000,000","label":"","box":[1071,1116,1161,1128],"words":[{"text":"280,000,000","box":[1071,1116,1161,1128]}],"linking":[]},{"id":253,"text":"271,700,000","label":"","box":[1070,1196,1161,1208],"words":[{"text":"271,700,000","box":[1070,1196,1161,1208]}],"linking":[]},{"id":254,"text":"551,700,000","label":"","box":[1071,1221,1160,1233],"words":[{"text":"551,700,000","box":[1071,1221,1160,1233]}],"linking":[]},{"id":255,"text":"Mẫu số ( Fom ) -","label":"question","box":[870.18,91,977.18,112],"words":[{"text":"Mẫu","box":[874,91,905,109]},{"text":"số","box":[910,93,927,110]},{"text":"(","box":[933,93,938,111]},{"text":"Fom","box":[938,94,959,111]},{"text":")","box":[966,94,974,112]},{"text":"-","box":[978,94,981,112]}],"linking":[[255,256]]},{"id":256,"text":"01GTKT0 / 002","label":"answer","box":[1038,96,1140,107],"words":[{"text":"01GTKT0","box":[1038,96,1108,107]},{"text":"/","box":[1109,96,1114,107]},{"text":"002","box":[1114,96,1140,107]}],"linking":[[255,256]]},{"id":257,"text":"Ki hiệu ( Series ) .","label":"question","box":[874,131,984,149],"words":[{"text":"Ki","box":[874,131,888,146]},{"text":"hiệu","box":[894,132,924,147]},{"text":"(","box":[930,132,935,147]},{"text":"Series","box":[934,133,970,148]},{"text":")","box":[972,134,978,149]},{"text":".","box":[980,134,984,149]}],"linking":[[257,258]]},{"id":258,"text":"BM / 21E","label":"answer","box":[1039,133,1095,144],"words":[{"text":"BM","box":[1039,133,1060,144]},{"text":"/","box":[1062,133,1067,144]},{"text":"21E","box":[1068,133,1095,144]}],"linking":[[257,258]]},{"id":259,"text":"Số ( No. ) .","label":"question","box":[875,166,942,187],"words":[{"text":"Số","box":[875,166,894,183]},{"text":"(","box":[901,168,905,185]},{"text":"No.","box":[904,170,927,185]},{"text":")","box":[928,170,932,187]},{"text":".","box":[937,170,942,187]}],"linking":[[259,220]]},{"id":260,"text":"Đơn vị bán hàng ( ComName ) :","label":"question","box":[70,222,277,240],"words":[{"text":"Đơn","box":[70,222,100,238]},{"text":"vị","box":[106,222,117,238]},{"text":"bán","box":[124,222,148,238]},{"text":"hàng","box":[156,223,189,239]},{"text":"(","box":[197,223,201,239]},{"text":"ComName","box":[203,224,265,240]},{"text":")","box":[267,224,270,240]},{"text":":","box":[276,224,277,240]}],"linking":[[260,261]]},{"id":261,"text":"CÔNG TY CỔ PHẦN THUỶ SẢN BÌNH MINH","label":"answer","box":[330,220,660,235],"words":[{"text":"CÔNG","box":[330,220,378,235]},{"text":"TY","box":[384,220,404,235]},{"text":"CỔ","box":[410,220,432,235]},{"text":"PHẦN","box":[440,220,483,235]},{"text":"THUỶ","box":[489,220,533,235]},{"text":"SẢN","box":[538,220,570,235]},{"text":"BÌNH","box":[578,220,614,235]},{"text":"MINH","box":[621,220,660,235]}],"linking":[[260,261]]},{"id":262,"text":"Mã số thuế ( Tax code ) :","label":"question","box":[69.09,249,226.09,270],"words":[{"text":"Mã","box":[71,250,92,266]},{"text":"số","box":[98,249,114,266]},{"text":"thuế","box":[119,250,150,267]},{"text":"(","box":[157,251,162,268]},{"text":"Tax","box":[165,251,183,268]},{"text":"code","box":[188,252,216,269]},{"text":")","box":[219,253,221,270]},{"text":":","box":[227,253,228,270]}],"linking":[[262,64]]},{"id":263,"text":"Địa chỉ ( Address ) .","label":"question","box":[70,281,191,298],"words":[{"text":"Địa chỉ ( Address )","box":[70,281,185,298]},{"text":".","box":[189,283,191,298]}],"linking":[[263,264]]},{"id":264,"text":"Số 86/28/1 , Phổ Quang , Phường 2 , Quận Tân Bình , TP.HCM","label":"answer","box":[331,283.82,770,300.82],"words":[{"text":"Số","box":[331,280,348,297]},{"text":"86/28/1","box":[356,280,406,297]},{"text":",","box":[411,280,412,297]},{"text":"Phổ","box":[420,280,446,297]},{"text":"Quang","box":[454,280,500,297]},{"text":",","box":[503,280,504,297]},{"text":"Phường","box":[512,280,569,297]},{"text":"2","box":[576,280,583,297]},{"text":",","box":[586,280,587,297]},{"text":"Quận","box":[595,280,632,297]},{"text":"Tân","box":[639,280,665,297]},{"text":"Bình","box":[672,280,703,297]},{"text":",","box":[706,280,707,297]},{"text":"TP.HCM","box":[710,280,770,297]}],"linking":[[263,264]]},{"id":265,"text":"Số tài khoản ( BankNo ) .","label":"question","box":[71,308,231,327],"words":[{"text":"Số","box":[71,308,88,323]},{"text":"tài","box":[95,308,110,324]},{"text":"khoản","box":[118,310,159,324]},{"text":"(","box":[167,310,171,325]},{"text":"BankNo","box":[172,311,216,326]},{"text":")","box":[219,312,223,327]},{"text":".","box":[229,312,231,327]}],"linking":[[265,65]]},{"id":266,"text":"Ngân hàng ( BankName ) :","label":"question","box":[71,338,238,357],"words":[{"text":"Ngân","box":[71,338,107,356]},{"text":"hàng","box":[115,338,148,356]},{"text":"(","box":[155,338,160,356]},{"text":"BankName","box":[162,339,224,357]},{"text":")","box":[228,339,232,357]},{"text":":","box":[235,339,238,357]}],"linking":[[266,267]]},{"id":267,"text":"NH TMCP Công Thương Việt Nam ( Vietinbank ) - CN Tây Sài Gòn , TP.HCM","label":"answer","box":[331,342,880,356],"words":[{"text":"NH","box":[331,342,351,356]},{"text":"TMCP","box":[358,342,403,356]},{"text":"Công","box":[411,342,447,356]},{"text":"Thương","box":[453,342,510,356]},{"text":"Việt","box":[517,342,544,356]},{"text":"Nam","box":[551,342,582,356]},{"text":"(","box":[590,342,594,356]},{"text":"Vietinbank","box":[597,342,667,356]},{"text":")","box":[670,342,675,356]},{"text":"-","box":[681,342,685,356]},{"text":"CN","box":[692,342,712,356]},{"text":"Tây","box":[720,342,746,356]},{"text":"Sài","box":[753,342,774,356]},{"text":"Gòn","box":[781,342,809,356]},{"text":",","box":[812,342,813,356]},{"text":"TP.HCM","box":[820,342,880,356]}],"linking":[[266,267]]},{"id":268,"text":"Họ tên người mua hàng ( Buyer )","label":"question","box":[69,388,293,409],"words":[{"text":"Họ","box":[69,388,86,407]},{"text":"tên","box":[94,388,111,407]},{"text":"người","box":[124,388,165,408]},{"text":"mua","box":[172,389,201,408]},{"text":"hàng","box":[209,389,242,408]},{"text":"(","box":[250,389,253,408]},{"text":"Buyer","box":[256,390,288,409]},{"text":")","box":[291,390,293,409]}],"linking":[]},{"id":269,"text":"Tên đơn vị ( CusName ) :","label":"question","box":[70,417,229,435],"words":[{"text":"Tên","box":[70,417,96,431]},{"text":"đơn","box":[104,418,130,432]},{"text":"vị","box":[136,418,147,432]},{"text":"(","box":[153,419,157,433]},{"text":"CusName","box":[159,419,218,433]},{"text":")","box":[220,420,222,434]},{"text":":","box":[228,421,229,435]}],"linking":[[269,270]]},{"id":270,"text":"Công ty Cổ Phần Thủy Sản Ánh Dương","label":"answer","box":[433,416,720,433],"words":[{"text":"Công","box":[433,416,469,433]},{"text":"ty","box":[476,416,487,433]},{"text":"Cổ","box":[494,416,512,433]},{"text":"Phần","box":[519,416,555,433]},{"text":"Thủy","box":[561,416,597,433]},{"text":"Sản","box":[603,416,629,433]},{"text":"Ánh","box":[636,416,663,433]},{"text":"Dương","box":[671,416,720,433]}],"linking":[[269,270]]},{"id":271,"text":"Mã số thuế ( Tax code ) .","label":"question","box":[71,443,228,464],"words":[{"text":"Mã","box":[71,444,92,460]},{"text":"số","box":[97,443,114,461]},{"text":"thuế","box":[119,445,149,461]},{"text":"(","box":[157,445,162,462]},{"text":"Tax","box":[162,446,183,463]},{"text":"code","box":[187,446,215,463]},{"text":")","box":[218,447,221,464]},{"text":".","box":[228,447,228,464]}],"linking":[[271,137]]},{"id":272,"text":"Địa chỉ ( Address ) .","label":"question","box":[70,475,194,495],"words":[{"text":"Địa","box":[70,476,93,493]},{"text":"chỉ","box":[100,475,120,494]},{"text":"(","box":[124,476,129,494]},{"text":"Address","box":[131,476,178,494]},{"text":")","box":[179,477,183,495]},{"text":".","box":[189,477,194,495]}],"linking":[[272,273]]},{"id":273,"text":"304/48 Trưởng Chinh , Phường 13 , Quận Tân Bình , TP.HCM","label":"answer","box":[433,478,871,492],"words":[{"text":"304/48","box":[433,478,480,492]},{"text":"Trưởng","box":[487,478,540,492]},{"text":"Chinh","box":[548,478,587,492]},{"text":",","box":[591,478,592,492]},{"text":"Phường","box":[600,478,657,492]},{"text":"13","box":[665,478,679,492]},{"text":",","box":[683,478,684,492]},{"text":"Quận","box":[692,478,729,492]},{"text":"Tân","box":[735,478,762,492]},{"text":"Bình","box":[769,478,800,492]},{"text":",","box":[803,478,804,492]},{"text":"TP.HCM","box":[811,478,871,492]}],"linking":[[272,273]]},{"id":274,"text":"Hình thức thanh toán ( Method of payment ) -","label":"question","box":[71,504,361,523],"words":[{"text":"Hình","box":[71,504,103,521]},{"text":"thức","box":[109,504,141,521]},{"text":"thanh","box":[147,504,186,522]},{"text":"toán","box":[192,505,222,522]},{"text":"(","box":[230,505,234,522]},{"text":"Method","box":[234,505,279,522]},{"text":"of","box":[284,505,294,523]},{"text":"payment","box":[298,506,350,523]},{"text":")","box":[352,506,353,523]},{"text":"-","box":[360,506,361,523]}],"linking":[[274,275]]},{"id":275,"text":"Chuyển khoản / Tiền mặt","label":"answer","box":[433,504,605,521],"words":[{"text":"Chuyển","box":[433,504,486,521]},{"text":"khoản","box":[494,504,533,521]},{"text":"/","box":[537,504,542,521]},{"text":"Tiền","box":[544,504,572,521]},{"text":"mặt","box":[580,504,605,521]}],"linking":[[274,275]]},{"id":276,"text":"Số tài khoản ( A / C No ) .","label":"question","box":[684,503,840,524],"words":[{"text":"Số","box":[684,503,703,519]},{"text":"tài","box":[708,503,725,520]},{"text":"khoản","box":[731,505,775,520]},{"text":"(","box":[782,505,786,522]},{"text":"A","box":[788,505,792,522]},{"text":"/","box":[792,505,797,522]},{"text":"C","box":[799,506,808,523]},{"text":"No","box":[812,506,827,523]},{"text":")","box":[830,507,834,524]},{"text":".","box":[839,507,840,524]}],"linking":[]},{"id":277,"text":"Ngân hàng ( Bank Name ) .","label":"question","box":[71,535,242,552],"words":[{"text":"Ngân","box":[71,535,107,551]},{"text":"hàng","box":[114,535,148,551]},{"text":"(","box":[156,535,160,551]},{"text":"Bank","box":[162,535,191,551]},{"text":"Name","box":[195,535,229,552]},{"text":")","box":[232,536,235,552]},{"text":".","box":[241,536,242,552]}],"linking":[]}]