[{"id":0,"text":"STT","label":"","box":[62,621,90,632],"words":[{"text":"STT","box":[62,621,90,632]}],"linking":[]},{"id":1,"text":"No.","label":"","box":[64,645,88,655],"words":[{"text":"No.","box":[64,645,88,655]}],"linking":[]},{"id":2,"text":"1","label":"","box":[72,700,80,711],"words":[{"text":"1","box":[72,700,80,711]}],"linking":[]},{"id":3,"text":"-","label":"","box":[228,421,229,436],"words":[{"text":"-","box":[228,421,229,436]}],"linking":[]},{"id":4,"text":"2","label":"","box":[71,740,81,750],"words":[{"text":"2","box":[71,740,81,750]}],"linking":[]},{"id":5,"text":"3","label":"","box":[71,778,80,789],"words":[{"text":"3","box":[71,778,80,789]}],"linking":[]},{"id":6,"text":"Đơn","label":"","box":[173,56,197,71],"words":[{"text":"Đơn","box":[173,56,197,71]}],"linking":[]},{"id":7,"text":"vị","label":"","box":[203,56,211,71],"words":[{"text":"vị","box":[203,56,211,71]}],"linking":[]},{"id":8,"text":"hỗ","label":"","box":[215,56,229,71],"words":[{"text":"hỗ","box":[215,56,229,71]}],"linking":[]},{"id":9,"text":"trợ","label":"","box":[234,56,250,71],"words":[{"text":"trợ","box":[234,56,250,71]}],"linking":[]},{"id":10,"text":"cung","label":"","box":[254,56,282,71],"words":[{"text":"cung","box":[254,56,282,71]}],"linking":[]},{"id":11,"text":"cấp","label":"","box":[287,56,307,71],"words":[{"text":"cấp","box":[287,56,307,71]}],"linking":[]},{"id":12,"text":"công","label":"","box":[312,56,339,71],"words":[{"text":"công","box":[312,56,339,71]}],"linking":[]},{"id":13,"text":"cụ","label":"","box":[344,56,357,71],"words":[{"text":"cụ","box":[344,56,357,71]}],"linking":[]},{"id":14,"text":"phát","label":"","box":[361,56,387,71],"words":[{"text":"phát","box":[361,56,387,71]}],"linking":[]},{"id":15,"text":"hành","label":"","box":[392,56,420,71],"words":[{"text":"hành","box":[392,56,420,71]}],"linking":[]},{"id":16,"text":"hóa","label":"","box":[425,56,446,71],"words":[{"text":"hóa","box":[425,56,446,71]}],"linking":[]},{"id":17,"text":"đơn","label":"","box":[451,56,473,71],"words":[{"text":"đơn","box":[451,56,473,71]}],"linking":[]},{"id":18,"text":"điện","label":"","box":[478,56,502,71],"words":[{"text":"điện","box":[478,56,502,71]}],"linking":[]},{"id":19,"text":"tử","label":"","box":[507,56,514,71],"words":[{"text":"tử","box":[507,56,514,71]}],"linking":[]},{"id":20,"text":":","label":"","box":[518,56,521,71],"words":[{"text":":","box":[518,56,521,71]}],"linking":[]},{"id":21,"text":"Công","label":"","box":[527,56,557,71],"words":[{"text":"Công","box":[527,56,557,71]}],"linking":[]},{"id":22,"text":"ty","label":"","box":[562,56,572,71],"words":[{"text":"ty","box":[562,56,572,71]}],"linking":[]},{"id":23,"text":"Cổ","label":"","box":[576,56,592,71],"words":[{"text":"Cổ","box":[576,56,592,71]}],"linking":[]},{"id":24,"text":"phần","label":"","box":[596,56,625,71],"words":[{"text":"phần","box":[596,56,625,71]}],"linking":[]},{"id":25,"text":"Định","label":"","box":[630,56,656,71],"words":[{"text":"Định","box":[630,56,656,71]}],"linking":[]},{"id":26,"text":"Gia","label":"","box":[661,56,680,71],"words":[{"text":"Gia","box":[661,56,680,71]}],"linking":[]},{"id":27,"text":"Nét","label":"","box":[686,56,706,71],"words":[{"text":"Nét","box":[686,56,706,71]}],"linking":[]},{"id":28,"text":"-","label":"","box":[710,56,713,71],"words":[{"text":"-","box":[710,56,713,71]}],"linking":[]},{"id":29,"text":"DigiNet","label":"","box":[718,56,761,71],"words":[{"text":"DigiNet","box":[718,56,761,71]}],"linking":[]},{"id":30,"text":"Corp","label":"","box":[765,56,791,71],"words":[{"text":"Corp","box":[765,56,791,71]}],"linking":[]},{"id":31,"text":",","label":"","box":[793,56,795,71],"words":[{"text":",","box":[793,56,795,71]}],"linking":[]},{"id":32,"text":"MST","label":"","box":[801,56,825,71],"words":[{"text":"MST","box":[801,56,825,71]}],"linking":[]},{"id":33,"text":":","label":"","box":[828,56,832,71],"words":[{"text":":","box":[828,56,832,71]}],"linking":[]},{"id":34,"text":"0303359278","label":"","box":[837,56,907,71],"words":[{"text":"0303359278","box":[837,56,907,71]}],"linking":[]},{"id":35,"text":",","label":"","box":[910,56,912,71],"words":[{"text":",","box":[910,56,912,71]}],"linking":[]},{"id":36,"text":"Điện","label":"","box":[918,56,944,71],"words":[{"text":"Điện","box":[918,56,944,71]}],"linking":[]},{"id":37,"text":"thoại","label":"","box":[949,56,977,71],"words":[{"text":"thoại","box":[949,56,977,71]}],"linking":[]},{"id":38,"text":":","label":"","box":[979,56,980,71],"words":[{"text":":","box":[979,56,980,71]}],"linking":[]},{"id":39,"text":"028","label":"","box":[985,56,1006,71],"words":[{"text":"028","box":[985,56,1006,71]}],"linking":[]},{"id":40,"text":"35123878","label":"","box":[1011,56,1069,71],"words":[{"text":"35123878","box":[1011,56,1069,71]}],"linking":[]},{"id":41,"text":":","label":"","box":[978,94,981,111],"words":[{"text":":","box":[978,94,981,111]}],"linking":[]},{"id":42,"text":"HÓA","label":"","box":[389,94,453,128],"words":[{"text":"HÓA","box":[389,94,453,128]}],"linking":[]},{"id":43,"text":"ĐƠN","label":"","box":[462,94,532,128],"words":[{"text":"ĐƠN","box":[462,94,532,128]}],"linking":[]},{"id":44,"text":"GIÁ","label":"","box":[545,94,597,128],"words":[{"text":"GIÁ","box":[545,94,597,128]}],"linking":[]},{"id":45,"text":"TRỊ","label":"","box":[606,94,654,128],"words":[{"text":"TRỊ","box":[606,94,654,128]}],"linking":[]},{"id":46,"text":"GIA","label":"","box":[666,94,718,128],"words":[{"text":"GIA","box":[666,94,718,128]}],"linking":[]},{"id":47,"text":"TĂNG","label":"","box":[728,94,811,128],"words":[{"text":"TĂNG","box":[728,94,811,128]}],"linking":[]},{"id":48,"text":"VAT","label":"","box":[522,144,572,162],"words":[{"text":"VAT","box":[522,144,572,162]}],"linking":[]},{"id":49,"text":"INVOICE","label":"","box":[578,144,681,162],"words":[{"text":"INVOICE","box":[578,144,681,162]}],"linking":[]},{"id":50,"text":"Ngày","label":"","box":[431,177,466,194],"words":[{"text":"Ngày","box":[431,177,466,194]}],"linking":[]},{"id":51,"text":"(","label":"","box":[473,177,476,193],"words":[{"text":"(","box":[473,177,476,193]}],"linking":[]},{"id":52,"text":"Date","label":"","box":[477,177,503,193],"words":[{"text":"Date","box":[477,177,503,193]}],"linking":[]},{"id":53,"text":")","label":"","box":[506,177,509,193],"words":[{"text":")","box":[506,177,509,193]}],"linking":[]},{"id":54,"text":"25","label":"","box":[514,177,531,193],"words":[{"text":"25","box":[514,177,531,193]}],"linking":[]},{"id":55,"text":"tháng","label":"","box":[537,177,576,193],"words":[{"text":"tháng","box":[537,177,576,193]}],"linking":[]},{"id":56,"text":"(","label":"","box":[584,177,587,193],"words":[{"text":"(","box":[584,177,587,193]}],"linking":[]},{"id":57,"text":"month","label":"","box":[586,177,623,193],"words":[{"text":"month","box":[586,177,623,193]}],"linking":[]},{"id":58,"text":")","label":"","box":[626,177,629,193],"words":[{"text":")","box":[626,177,629,193]}],"linking":[]},{"id":59,"text":"03","label":"","box":[634,176,651,193],"words":[{"text":"03","box":[634,176,651,193]}],"linking":[]},{"id":60,"text":"năm","label":"","box":[658,176,686,192],"words":[{"text":"năm","box":[658,176,686,192]}],"linking":[]},{"id":61,"text":"(","label":"","box":[695,176,699,192],"words":[{"text":"(","box":[695,176,699,192]}],"linking":[]},{"id":62,"text":"year","label":"","box":[699,176,723,192],"words":[{"text":"year","box":[699,176,723,192]}],"linking":[]},{"id":63,"text":")","label":"","box":[726,176,729,192],"words":[{"text":")","box":[726,176,729,192]}],"linking":[]},{"id":64,"text":"2022","label":"","box":[734,176,768,192],"words":[{"text":"2022","box":[734,176,768,192]}],"linking":[]},{"id":65,"text":"4","label":"","box":[71,817,80,827],"words":[{"text":"4","box":[71,817,80,827]}],"linking":[]},{"id":66,"text":"BINH","label":"","box":[161,172,189,185],"words":[{"text":"BINH","box":[161,172,189,185]}],"linking":[]},{"id":67,"text":"MINH","label":"","box":[196,172,229,184],"words":[{"text":"MINH","box":[196,172,229,184]}],"linking":[]},{"id":68,"text":"5","label":"","box":[71,854,81,866],"words":[{"text":"5","box":[71,854,81,866]}],"linking":[]},{"id":69,"text":"0303880297","label":"answer","box":[330,254,419,265],"words":[{"text":"0303880297","box":[330,254,419,265]}],"linking":[[279,69]]},{"id":70,"text":"112002622316","label":"answer","box":[331,311,439,323],"words":[{"text":"112002622316","box":[331,311,439,323]}],"linking":[[282,70]]},{"id":71,"text":"TÊN","label":"","box":[173,617,203,633],"words":[{"text":"TÊN","box":[173,617,203,633]}],"linking":[]},{"id":72,"text":"HÀNG","label":"","box":[209,617,253,633],"words":[{"text":"HÀNG","box":[209,617,253,633]}],"linking":[]},{"id":73,"text":"HÓA","label":"","box":[260,617,288,634],"words":[{"text":"HÓA","box":[260,617,288,634]}],"linking":[]},{"id":74,"text":",","label":"","box":[290,618,293,634],"words":[{"text":",","box":[290,618,293,634]}],"linking":[]},{"id":75,"text":"DỊCH","label":"","box":[302,618,338,634],"words":[{"text":"DỊCH","box":[302,618,338,634]}],"linking":[]},{"id":76,"text":"VỤ","label":"","box":[344,618,363,634],"words":[{"text":"VỤ","box":[344,618,363,634]}],"linking":[]},{"id":77,"text":"Description","label":"","box":[230,645,309,658],"words":[{"text":"Description","box":[230,645,309,658]}],"linking":[]},{"id":78,"text":"ABM","label":"","box":[102,699,134,712],"words":[{"text":"ABM","box":[102,699,134,712]}],"linking":[]},{"id":79,"text":"BIOMI","label":"","box":[142,699,187,711],"words":[{"text":"BIOMI","box":[142,699,187,711]}],"linking":[]},{"id":80,"text":"10KG","label":"","box":[194,699,233,711],"words":[{"text":"10KG","box":[194,699,233,711]}],"linking":[]},{"id":81,"text":"ECOSEN","label":"","box":[103,738,169,751],"words":[{"text":"ECOSEN","box":[103,738,169,751]}],"linking":[]},{"id":82,"text":"250GR","label":"","box":[176,738,227,751],"words":[{"text":"250GR","box":[176,738,227,751]}],"linking":[]},{"id":83,"text":"VITA","label":"","box":[100,775,134,791],"words":[{"text":"VITA","box":[100,775,134,791]}],"linking":[]},{"id":84,"text":"ANTLSTRESS","label":"","box":[144,775,246,791],"words":[{"text":"ANTLSTRESS","box":[144,775,246,791]}],"linking":[]},{"id":85,"text":"TÚI","label":"","box":[256,775,280,791],"words":[{"text":"TÚI","box":[256,775,280,791]}],"linking":[]},{"id":86,"text":"500GR","label":"","box":[288,775,337,791],"words":[{"text":"500GR","box":[288,775,337,791]}],"linking":[]},{"id":87,"text":"PROBAC","label":"","box":[103,816,170,828],"words":[{"text":"PROBAC","box":[103,816,170,828]}],"linking":[]},{"id":88,"text":"250GR","label":"","box":[177,816,227,828],"words":[{"text":"250GR","box":[177,816,227,828]}],"linking":[]},{"id":89,"text":"CAP","label":"","box":[103,854,134,866],"words":[{"text":"CAP","box":[103,854,134,866]}],"linking":[]},{"id":90,"text":"POWER","label":"","box":[141,854,201,866],"words":[{"text":"POWER","box":[141,854,201,866]}],"linking":[]},{"id":91,"text":"1LIT","label":"","box":[208,854,238,866],"words":[{"text":"1LIT","box":[208,854,238,866]}],"linking":[]},{"id":92,"text":"TỔNG","label":"","box":[208,1060,253,1076],"words":[{"text":"TỔNG","box":[208,1060,253,1076]}],"linking":[]},{"id":93,"text":"HỢP","label":"","box":[261,1062,294,1077],"words":[{"text":"HỢP","box":[261,1062,294,1077]}],"linking":[]},{"id":94,"text":"Tổng","label":"","box":[76,1100,111,1117],"words":[{"text":"Tổng","box":[76,1100,111,1117]}],"linking":[]},{"id":95,"text":"tiền","label":"","box":[117,1100,142,1117],"words":[{"text":"tiền","box":[117,1100,142,1117]}],"linking":[]},{"id":96,"text":"không","label":"","box":[150,1100,191,1117],"words":[{"text":"không","box":[150,1100,191,1117]}],"linking":[]},{"id":97,"text":"kê","label":"","box":[199,1100,213,1117],"words":[{"text":"kê","box":[199,1100,213,1117]}],"linking":[]},{"id":98,"text":"khai","label":"","box":[221,1100,248,1117],"words":[{"text":"khai","box":[221,1100,248,1117]}],"linking":[]},{"id":99,"text":"và","label":"","box":[254,1100,270,1117],"words":[{"text":"và","box":[254,1100,270,1117]}],"linking":[]},{"id":100,"text":"nộp","label":"","box":[277,1100,302,1117],"words":[{"text":"nộp","box":[277,1100,302,1117]}],"linking":[]},{"id":101,"text":"thuế","label":"","box":[308,1100,338,1117],"words":[{"text":"thuế","box":[308,1100,338,1117]}],"linking":[]},{"id":102,"text":".","label":"","box":[341,1100,342,1117],"words":[{"text":".","box":[341,1100,342,1117]}],"linking":[]},{"id":103,"text":"Tổng","label":"","box":[76,1125,110,1144],"words":[{"text":"Tổng","box":[76,1125,110,1144]}],"linking":[]},{"id":104,"text":"tiền","label":"","box":[116,1125,141,1143],"words":[{"text":"tiền","box":[116,1125,141,1143]}],"linking":[]},{"id":105,"text":"không","label":"","box":[149,1125,190,1143],"words":[{"text":"không","box":[149,1125,190,1143]}],"linking":[]},{"id":106,"text":"chịu","label":"","box":[197,1125,225,1143],"words":[{"text":"chịu","box":[197,1125,225,1143]}],"linking":[]},{"id":107,"text":"thuế","label":"","box":[231,1125,261,1143],"words":[{"text":"thuế","box":[231,1125,261,1143]}],"linking":[]},{"id":108,"text":"GTGT","label":"","box":[269,1124,313,1143],"words":[{"text":"GTGT","box":[269,1124,313,1143]}],"linking":[]},{"id":109,"text":":","label":"","box":[315,1124,315,1142],"words":[{"text":":","box":[315,1124,315,1142]}],"linking":[]},{"id":110,"text":"Tổng","label":"","box":[76,1151,110,1172],"words":[{"text":"Tổng","box":[76,1151,110,1172]}],"linking":[]},{"id":111,"text":"tiền","label":"","box":[116,1151,141,1171],"words":[{"text":"tiền","box":[116,1151,141,1171]}],"linking":[]},{"id":112,"text":"chịu","label":"","box":[148,1151,176,1171],"words":[{"text":"chịu","box":[148,1151,176,1171]}],"linking":[]},{"id":113,"text":"thuế","label":"","box":[182,1151,212,1171],"words":[{"text":"thuế","box":[182,1151,212,1171]}],"linking":[]},{"id":114,"text":"suất","label":"","box":[217,1150,248,1170],"words":[{"text":"suất","box":[217,1150,248,1170]}],"linking":[]},{"id":115,"text":":","label":"","box":[251,1150,254,1170],"words":[{"text":":","box":[251,1150,254,1170]}],"linking":[]},{"id":116,"text":"Tổng","label":"","box":[76,1177,111,1196],"words":[{"text":"Tổng","box":[76,1177,111,1196]}],"linking":[]},{"id":117,"text":"tiền","label":"","box":[117,1177,142,1196],"words":[{"text":"tiền","box":[117,1177,142,1196]}],"linking":[]},{"id":118,"text":"chịu","label":"","box":[149,1177,177,1196],"words":[{"text":"chịu","box":[149,1177,177,1196]}],"linking":[]},{"id":119,"text":"thuế","label":"","box":[183,1177,213,1196],"words":[{"text":"thuế","box":[183,1177,213,1196]}],"linking":[]},{"id":120,"text":"suất","label":"","box":[221,1177,249,1196],"words":[{"text":"suất","box":[221,1177,249,1196]}],"linking":[]},{"id":121,"text":"Tổng","label":"","box":[76,1204,110,1225],"words":[{"text":"Tổng","box":[76,1204,110,1225]}],"linking":[]},{"id":122,"text":"tiền","label":"","box":[116,1204,141,1224],"words":[{"text":"tiền","box":[116,1204,141,1224]}],"linking":[]},{"id":123,"text":"chịu","label":"","box":[148,1204,176,1224],"words":[{"text":"chịu","box":[148,1204,176,1224]}],"linking":[]},{"id":124,"text":"thuế","label":"","box":[182,1203,212,1224],"words":[{"text":"thuế","box":[182,1203,212,1224]}],"linking":[]},{"id":125,"text":"suất","label":"","box":[219,1203,248,1223],"words":[{"text":"suất","box":[219,1203,248,1223]}],"linking":[]},{"id":126,"text":":","label":"","box":[251,1203,254,1223],"words":[{"text":":","box":[251,1203,254,1223]}],"linking":[]},{"id":127,"text":"Tổng","label":"","box":[76,1230,110,1252],"words":[{"text":"Tổng","box":[76,1230,110,1252]}],"linking":[]},{"id":128,"text":"cộng","label":"","box":[116,1230,150,1251],"words":[{"text":"cộng","box":[116,1230,150,1251]}],"linking":[]},{"id":129,"text":"tiền","label":"","box":[157,1230,181,1251],"words":[{"text":"tiền","box":[157,1230,181,1251]}],"linking":[]},{"id":130,"text":"thanh","label":"","box":[188,1229,227,1251],"words":[{"text":"thanh","box":[188,1229,227,1251]}],"linking":[]},{"id":131,"text":"toán","label":"","box":[232,1229,261,1250],"words":[{"text":"toán","box":[232,1229,261,1250]}],"linking":[]},{"id":132,"text":":","label":"","box":[265,1229,270,1250],"words":[{"text":":","box":[265,1229,270,1250]}],"linking":[]},{"id":133,"text":"Người","label":"","box":[255,1314,298,1330],"words":[{"text":"Người","box":[255,1314,298,1330]}],"linking":[]},{"id":134,"text":"mua","label":"","box":[306,1314,335,1330],"words":[{"text":"mua","box":[306,1314,335,1330]}],"linking":[]},{"id":135,"text":"hàng","label":"","box":[341,1314,376,1330],"words":[{"text":"hàng","box":[341,1314,376,1330]}],"linking":[]},{"id":136,"text":"(","label":"","box":[384,1314,386,1330],"words":[{"text":"(","box":[384,1314,386,1330]}],"linking":[]},{"id":137,"text":"Buyer","label":"","box":[387,1314,422,1330],"words":[{"text":"Buyer","box":[387,1314,422,1330]}],"linking":[]},{"id":138,"text":")","label":"","box":[424,1314,427,1330],"words":[{"text":")","box":[424,1314,427,1330]}],"linking":[]},{"id":139,"text":"ĐƠN","label":"","box":[458,609,490,622],"words":[{"text":"ĐƠN","box":[458,609,490,622]}],"linking":[]},{"id":140,"text":"VỊ","label":"","box":[497,609,509,622],"words":[{"text":"VỊ","box":[497,609,509,622]}],"linking":[]},{"id":141,"text":"SÓ","label":"","box":[549,607,573,620],"words":[{"text":"SÓ","box":[549,607,573,620]}],"linking":[]},{"id":142,"text":"ΤΙΝΗ","label":"","box":[469,629,504,644],"words":[{"text":"ΤΙΝΗ","box":[469,629,504,644]}],"linking":[]},{"id":143,"text":"Unit","label":"","box":[474,657,503,668],"words":[{"text":"Unit","box":[474,657,503,668]}],"linking":[]},{"id":144,"text":"Bao","label":"","box":[473,701,501,712],"words":[{"text":"Bao","box":[473,701,501,712]}],"linking":[]},{"id":145,"text":"Hũ","label":"","box":[477,739,494,749],"words":[{"text":"Hũ","box":[477,739,494,749]}],"linking":[]},{"id":146,"text":"Túi","label":"","box":[476,777,497,788],"words":[{"text":"Túi","box":[476,777,497,788]}],"linking":[]},{"id":147,"text":"Túi","label":"","box":[476,816,497,827],"words":[{"text":"Túi","box":[476,816,497,827]}],"linking":[]},{"id":148,"text":"Chai","label":"","box":[470,854,504,866],"words":[{"text":"Chai","box":[470,854,504,866]}],"linking":[]},{"id":149,"text":"|","label":"","box":[529,629,530,645],"words":[{"text":"|","box":[529,629,530,645]}],"linking":[]},{"id":150,"text":"LƯỢNG","label":"","box":[532,629,589,645],"words":[{"text":"LƯỢNG","box":[532,629,589,645]}],"linking":[]},{"id":151,"text":"Quantity","label":"","box":[535,657,594,670],"words":[{"text":"Quantity","box":[535,657,594,670]}],"linking":[]},{"id":152,"text":"120","label":"","box":[551,701,574,712],"words":[{"text":"120","box":[551,701,574,712]}],"linking":[]},{"id":153,"text":"X","label":"","box":[516,1105,525,1113],"words":[{"text":"X","box":[516,1105,525,1113]}],"linking":[]},{"id":154,"text":"X","label":"","box":[515,1132,524,1141],"words":[{"text":"X","box":[515,1132,524,1141]}],"linking":[]},{"id":155,"text":"0","label":"","box":[509,1155,518,1166],"words":[{"text":"0","box":[509,1155,518,1166]}],"linking":[]},{"id":156,"text":"%","label":"","box":[519,1155,531,1166],"words":[{"text":"%","box":[519,1155,531,1166]}],"linking":[]},{"id":157,"text":"5","label":"","box":[509,1182,518,1193],"words":[{"text":"5","box":[509,1182,518,1193]}],"linking":[]},{"id":158,"text":"%","label":"","box":[518,1182,531,1193],"words":[{"text":"%","box":[518,1182,531,1193]}],"linking":[]},{"id":159,"text":"10","label":"","box":[505,1209,522,1220],"words":[{"text":"10","box":[505,1209,522,1220]}],"linking":[]},{"id":160,"text":"%","label":"","box":[523,1209,535,1220],"words":[{"text":"%","box":[523,1209,535,1220]}],"linking":[]},{"id":161,"text":"20","label":"","box":[555,739,570,750],"words":[{"text":"20","box":[555,739,570,750]}],"linking":[]},{"id":162,"text":"40","label":"","box":[554,777,571,789],"words":[{"text":"40","box":[554,777,571,789]}],"linking":[]},{"id":163,"text":"48","label":"","box":[554,816,572,828],"words":[{"text":"48","box":[554,816,572,828]}],"linking":[]},{"id":164,"text":"20","label":"","box":[554,855,570,866],"words":[{"text":"20","box":[554,855,570,866]}],"linking":[]},{"id":165,"text":"THUÊ","label":"","box":[475,1060,517,1076],"words":[{"text":"THUÊ","box":[475,1060,517,1076]}],"linking":[]},{"id":166,"text":"SUẤT","label":"","box":[524,1060,565,1075],"words":[{"text":"SUẤT","box":[524,1060,565,1075]}],"linking":[]},{"id":167,"text":"ĐƠN","label":"","box":[630,617,663,634],"words":[{"text":"ĐƠN","box":[630,617,663,634]}],"linking":[]},{"id":168,"text":"GIẢ","label":"","box":[670,616,695,633],"words":[{"text":"GIẢ","box":[670,616,695,633]}],"linking":[]},{"id":169,"text":"Price","label":"","box":[646,644,681,655],"words":[{"text":"Price","box":[646,644,681,655]}],"linking":[]},{"id":170,"text":"190,909.091","label":"","box":[630,699,718,715],"words":[{"text":"190,909.091","box":[630,699,718,715]}],"linking":[]},{"id":171,"text":"269,047.619","label":"","box":[629,738,719,752],"words":[{"text":"269,047.619","box":[629,738,719,752]}],"linking":[]},{"id":172,"text":"70,000.000","label":"","box":[639,775,718,792],"words":[{"text":"70,000.000","box":[639,775,718,792]}],"linking":[]},{"id":173,"text":"265,000.000","label":"","box":[629,817,719,830],"words":[{"text":"265,000.000","box":[629,817,719,830]}],"linking":[]},{"id":174,"text":"107,500.000","label":"","box":[631,853,718,868],"words":[{"text":"107,500.000","box":[631,853,718,868]}],"linking":[]},{"id":175,"text":"THUÊ","label":"","box":[868,594,908,608],"words":[{"text":"THUÊ","box":[868,594,908,608]}],"linking":[]},{"id":176,"text":"SUÁT","label":"","box":[868,618,909,631],"words":[{"text":"SUÁT","box":[868,618,909,631]}],"linking":[]},{"id":177,"text":"GTGT","label":"","box":[870,643,914,654],"words":[{"text":"GTGT","box":[870,643,914,654]}],"linking":[]},{"id":178,"text":"VAT","label":"","box":[863,669,892,679],"words":[{"text":"VAT","box":[863,669,892,679]}],"linking":[]},{"id":179,"text":"rate","label":"","box":[896,669,922,680],"words":[{"text":"rate","box":[896,669,922,680]}],"linking":[]},{"id":180,"text":"22,909,091","label":"","box":[765,699,844,715],"words":[{"text":"22,909,091","box":[765,699,844,715]}],"linking":[]},{"id":181,"text":"10","label":"","box":[875,701,892,711],"words":[{"text":"10","box":[875,701,892,711]}],"linking":[]},{"id":182,"text":"%","label":"","box":[893,701,905,711],"words":[{"text":"%","box":[893,701,905,711]}],"linking":[]},{"id":183,"text":"5,380,952","label":"","box":[773,738,845,751],"words":[{"text":"5,380,952","box":[773,738,845,751]}],"linking":[]},{"id":184,"text":"5","label":"","box":[879,739,889,749],"words":[{"text":"5","box":[879,739,889,749]}],"linking":[]},{"id":185,"text":"%","label":"","box":[887,739,899,749],"words":[{"text":"%","box":[887,739,899,749]}],"linking":[]},{"id":186,"text":"2,800,000","label":"","box":[773,777,846,790],"words":[{"text":"2,800,000","box":[773,777,846,790]}],"linking":[]},{"id":187,"text":"X","label":"","box":[886,781,895,789],"words":[{"text":"X","box":[886,781,895,789]}],"linking":[]},{"id":188,"text":"12,720,000","label":"","box":[765,817,846,830],"words":[{"text":"12,720,000","box":[765,817,846,830]}],"linking":[]},{"id":189,"text":"X","label":"","box":[885,820,893,828],"words":[{"text":"X","box":[885,820,893,828]}],"linking":[]},{"id":190,"text":"2,150,000","label":"","box":[773,855,845,868],"words":[{"text":"2,150,000","box":[773,855,845,868]}],"linking":[]},{"id":191,"text":"X","label":"","box":[886,858,896,866],"words":[{"text":"X","box":[886,858,896,866]}],"linking":[]},{"id":192,"text":"1/1","label":"","box":[606,1716,635,1731],"words":[{"text":"1/1","box":[606,1716,635,1731]}],"linking":[]},{"id":193,"text":"THÀNH","label":"","box":[746,617,796,633],"words":[{"text":"THÀNH","box":[746,617,796,633]}],"linking":[]},{"id":194,"text":"TIÊN","label":"","box":[803,617,836,632],"words":[{"text":"TIÊN","box":[803,617,836,632]}],"linking":[]},{"id":195,"text":"Total","label":"","box":[776,643,811,656],"words":[{"text":"Total","box":[776,643,811,656]}],"linking":[]},{"id":196,"text":"Cộng","label":"","box":[614,1024,649,1040],"words":[{"text":"Cộng","box":[614,1024,649,1040]}],"linking":[]},{"id":197,"text":"(","label":"","box":[657,1024,660,1039],"words":[{"text":"(","box":[657,1024,660,1039]}],"linking":[]},{"id":198,"text":"Sub","label":"","box":[662,1024,684,1039],"words":[{"text":"Sub","box":[662,1024,684,1039]}],"linking":[]},{"id":199,"text":"total","label":"","box":[689,1024,714,1039],"words":[{"text":"total","box":[689,1024,714,1039]}],"linking":[]},{"id":200,"text":")","label":"","box":[716,1024,718,1039],"words":[{"text":")","box":[716,1024,718,1039]}],"linking":[]},{"id":201,"text":"45,960,043","label":"","box":[764,1024,846,1037],"words":[{"text":"45,960,043","box":[764,1024,846,1037]}],"linking":[]},{"id":202,"text":"TRỊ","label":"","box":[621,1061,645,1077],"words":[{"text":"TRỊ","box":[621,1061,645,1077]}],"linking":[]},{"id":203,"text":"GIÁ","label":"","box":[653,1061,679,1077],"words":[{"text":"GIÁ","box":[653,1061,679,1077]}],"linking":[]},{"id":204,"text":"CHƯA","label":"","box":[686,1061,732,1077],"words":[{"text":"CHƯA","box":[686,1061,732,1077]}],"linking":[]},{"id":205,"text":"THUẾ","label":"","box":[738,1061,781,1077],"words":[{"text":"THUẾ","box":[738,1061,781,1077]}],"linking":[]},{"id":206,"text":"GTGT","label":"","box":[788,1061,831,1077],"words":[{"text":"GTGT","box":[788,1061,831,1077]}],"linking":[]},{"id":207,"text":"TRICHA","label":"","box":[612,1067,681,1103],"words":[{"text":"TRICHA","box":[612,1067,681,1103]}],"linking":[]},{"id":208,"text":"17,670,000","label":"","box":[758,1128,838,1142],"words":[{"text":"17,670,000","box":[758,1128,838,1142]}],"linking":[]},{"id":209,"text":"5,380,952","label":"","box":[765,1182,837,1195],"words":[{"text":"5,380,952","box":[765,1182,837,1195]}],"linking":[]},{"id":210,"text":"22,909,091","label":"","box":[756,1208,836,1221],"words":[{"text":"22,909,091","box":[756,1208,836,1221]}],"linking":[]},{"id":211,"text":"45,960,043","label":"","box":[756,1234,837,1248],"words":[{"text":"45,960,043","box":[756,1234,837,1248]}],"linking":[]},{"id":212,"text":"TIÊN","label":"","box":[944,606,977,620],"words":[{"text":"TIÊN","box":[944,606,977,620]}],"linking":[]},{"id":213,"text":"THUÊ","label":"","box":[985,606,1023,620],"words":[{"text":"THUÊ","box":[985,606,1023,620]}],"linking":[]},{"id":214,"text":"GTGT","label":"","box":[966,632,1010,643],"words":[{"text":"GTGT","box":[966,632,1010,643]}],"linking":[]},{"id":215,"text":"VAT","label":"","box":[945,657,974,668],"words":[{"text":"VAT","box":[945,657,974,668]}],"linking":[]},{"id":216,"text":"amount","label":"","box":[979,658,1033,668],"words":[{"text":"amount","box":[979,658,1033,668]}],"linking":[]},{"id":217,"text":"2,290,909","label":"","box":[965,700,1037,713],"words":[{"text":"2,290,909","box":[965,700,1037,713]}],"linking":[]},{"id":218,"text":"269,048","label":"","box":[980,739,1037,752],"words":[{"text":"269,048","box":[980,739,1037,752]}],"linking":[]},{"id":219,"text":"2,559,957","label":"","box":[965,1024,1037,1038],"words":[{"text":"2,559,957","box":[965,1024,1037,1038]}],"linking":[]},{"id":220,"text":"TIÊN","label":"","box":[883,1060,919,1075],"words":[{"text":"TIÊN","box":[883,1060,919,1075]}],"linking":[]},{"id":221,"text":"THUÊ","label":"","box":[925,1060,967,1075],"words":[{"text":"THUÊ","box":[925,1060,967,1075]}],"linking":[]},{"id":222,"text":"GTGT","label":"","box":[976,1060,1018,1075],"words":[{"text":"GTGT","box":[976,1060,1018,1075]}],"linking":[]},{"id":223,"text":"269,048","label":"","box":[972,1182,1030,1194],"words":[{"text":"269,048","box":[972,1182,1030,1194]}],"linking":[]},{"id":224,"text":"2,290,909","label":"","box":[957,1209,1029,1222],"words":[{"text":"2,290,909","box":[957,1209,1029,1222]}],"linking":[]},{"id":225,"text":"2,559,957","label":"","box":[958,1234,1028,1247],"words":[{"text":"2,559,957","box":[958,1234,1028,1247]}],"linking":[]},{"id":226,"text":"Người","label":"","box":[817,1314,860,1329],"words":[{"text":"Người","box":[817,1314,860,1329]}],"linking":[]},{"id":227,"text":"bán","label":"","box":[867,1314,892,1329],"words":[{"text":"bán","box":[867,1314,892,1329]}],"linking":[]},{"id":228,"text":"hàng","label":"","box":[899,1314,934,1329],"words":[{"text":"hàng","box":[899,1314,934,1329]}],"linking":[]},{"id":229,"text":"(","label":"","box":[942,1314,946,1329],"words":[{"text":"(","box":[942,1314,946,1329]}],"linking":[]},{"id":230,"text":"Seller","label":"","box":[947,1314,979,1329],"words":[{"text":"Seller","box":[947,1314,979,1329]}],"linking":[]},{"id":231,"text":")","label":"","box":[981,1314,984,1329],"words":[{"text":")","box":[981,1314,984,1329]}],"linking":[]},{"id":232,"text":"0000555","label":"answer","box":[1039,173,1115,187],"words":[{"text":"0000555","box":[1039,173,1115,187]}],"linking":[[278,232]]},{"id":233,"text":"THÀNH","label":"","box":[1064,605,1117,621],"words":[{"text":"THÀNH","box":[1064,605,1117,621]}],"linking":[]},{"id":234,"text":"TIÊN","label":"","box":[1122,605,1157,621],"words":[{"text":"TIÊN","box":[1122,605,1157,621]}],"linking":[]},{"id":235,"text":"SAU","label":"","box":[1075,630,1102,646],"words":[{"text":"SAU","box":[1075,630,1102,646]}],"linking":[]},{"id":236,"text":"THUÊ","label":"","box":[1109,628,1151,645],"words":[{"text":"THUÊ","box":[1109,628,1151,645]}],"linking":[]},{"id":237,"text":"Amount","label":"","box":[1086,656,1142,667],"words":[{"text":"Amount","box":[1086,656,1142,667]}],"linking":[]},{"id":238,"text":"Signature","label":"","box":[776,1363,846,1380],"words":[{"text":"Signature","box":[776,1363,846,1380]}],"linking":[]},{"id":239,"text":"Valid","label":"","box":[850,1362,891,1378],"words":[{"text":"Valid","box":[850,1362,891,1378]}],"linking":[]},{"id":240,"text":"|","label":"","box":[772,1383,773,1403],"words":[{"text":"|","box":[772,1383,773,1403]}],"linking":[]},{"id":241,"text":"Ký","label":"","box":[776,1382,794,1402],"words":[{"text":"Ký","box":[776,1382,794,1402]}],"linking":[]},{"id":242,"text":"bởi","label":"","box":[803,1382,825,1402],"words":[{"text":"bởi","box":[803,1382,825,1402]}],"linking":[]},{"id":243,"text":":","label":"","box":[828,1382,829,1402],"words":[{"text":":","box":[828,1382,829,1402]}],"linking":[]},{"id":244,"text":"CÔNG","label":"","box":[837,1382,887,1402],"words":[{"text":"CÔNG","box":[837,1382,887,1402]}],"linking":[]},{"id":245,"text":"TY","label":"","box":[893,1381,912,1402],"words":[{"text":"TY","box":[893,1381,912,1402]}],"linking":[]},{"id":246,"text":"CỔ","label":"","box":[920,1381,943,1401],"words":[{"text":"CỔ","box":[920,1381,943,1401]}],"linking":[]},{"id":247,"text":"PHẦN","label":"","box":[952,1381,1000,1401],"words":[{"text":"PHẦN","box":[952,1381,1000,1401]}],"linking":[]},{"id":248,"text":"THỦY","label":"","box":[1006,1380,1055,1401],"words":[{"text":"THỦY","box":[1006,1380,1055,1401]}],"linking":[]},{"id":249,"text":"|","label":"","box":[773,1408,774,1426],"words":[{"text":"|","box":[773,1408,774,1426]}],"linking":[]},{"id":250,"text":"SẢN","label":"","box":[777,1408,806,1426],"words":[{"text":"SẢN","box":[777,1408,806,1426]}],"linking":[]},{"id":251,"text":"BÌNH","label":"","box":[818,1408,862,1426],"words":[{"text":"BÌNH","box":[818,1408,862,1426]}],"linking":[]},{"id":252,"text":"MINH","label":"","box":[867,1408,915,1426],"words":[{"text":"MINH","box":[867,1408,915,1426]}],"linking":[]},{"id":253,"text":"Ngày","label":"","box":[777,1433,815,1452],"words":[{"text":"Ngày","box":[777,1433,815,1452]}],"linking":[]},{"id":254,"text":"ký","label":"","box":[820,1434,835,1451],"words":[{"text":"ký","box":[820,1434,835,1451]}],"linking":[]},{"id":255,"text":":","label":"","box":[838,1434,841,1451],"words":[{"text":":","box":[838,1434,841,1451]}],"linking":[]},{"id":256,"text":"25/03/2022","label":"","box":[848,1432,929,1451],"words":[{"text":"25/03/2022","box":[848,1432,929,1451]}],"linking":[]},{"id":257,"text":"25,200,000","label":"","box":[1087,699,1167,715],"words":[{"text":"25,200,000","box":[1087,699,1167,715]}],"linking":[]},{"id":258,"text":"5,650,000","label":"","box":[1096,738,1169,751],"words":[{"text":"5,650,000","box":[1096,738,1169,751]}],"linking":[]},{"id":259,"text":"2,800,000","label":"","box":[1096,778,1169,790],"words":[{"text":"2,800,000","box":[1096,778,1169,790]}],"linking":[]},{"id":260,"text":"12,720,000","label":"","box":[1088,817,1169,829],"words":[{"text":"12,720,000","box":[1088,817,1169,829]}],"linking":[]},{"id":261,"text":"2,150,000","label":"","box":[1095,853,1167,868],"words":[{"text":"2,150,000","box":[1095,853,1167,868]}],"linking":[]},{"id":262,"text":"48,520,000","label":"","box":[1087,1025,1167,1038],"words":[{"text":"48,520,000","box":[1087,1025,1167,1038]}],"linking":[]},{"id":263,"text":"|","label":"","box":[1046,1048,1047,1066],"words":[{"text":"|","box":[1046,1048,1047,1066]}],"linking":[]},{"id":264,"text":"GIÁ","label":"","box":[1052,1048,1073,1066],"words":[{"text":"GIÁ","box":[1052,1048,1073,1066]}],"linking":[]},{"id":265,"text":"TRỊ","label":"","box":[1083,1048,1107,1066],"words":[{"text":"TRỊ","box":[1083,1048,1107,1066]}],"linking":[]},{"id":266,"text":"THANH","label":"","box":[1114,1048,1168,1066],"words":[{"text":"THANH","box":[1114,1048,1168,1066]}],"linking":[]},{"id":267,"text":"TOÁN","label":"","box":[1090,1073,1134,1087],"words":[{"text":"TOÁN","box":[1090,1073,1134,1087]}],"linking":[]},{"id":268,"text":"17,670,000","label":"","box":[1081,1128,1159,1143],"words":[{"text":"17,670,000","box":[1081,1128,1159,1143]}],"linking":[]},{"id":269,"text":"5,650,000","label":"","box":[1088,1182,1160,1194],"words":[{"text":"5,650,000","box":[1088,1182,1160,1194]}],"linking":[]},{"id":270,"text":"25,200,000","label":"","box":[1079,1209,1160,1222],"words":[{"text":"25,200,000","box":[1079,1209,1160,1222]}],"linking":[]},{"id":271,"text":"48,520,000","label":"","box":[1078,1235,1161,1248],"words":[{"text":"48,520,000","box":[1078,1235,1161,1248]}],"linking":[]},{"id":272,"text":"Đơn vị bán hàng ( ComName ) :","label":"question","box":[68,221,277,240],"words":[{"text":"Đơn","box":[68,221,97,239]},{"text":"vị","box":[104,221,119,239]},{"text":"bán","box":[124,221,148,239]},{"text":"hàng","box":[156,221,189,239]},{"text":"(","box":[196,221,201,239]},{"text":"ComName","box":[203,221,264,240]},{"text":")","box":[267,222,271,240]},{"text":":","box":[274,222,277,240]}],"linking":[[272,273]]},{"id":273,"text":"CÔNG TY CỔ PHẦN THUỶ SẢN BÌNH MINH","label":"answer","box":[330,222,660,236],"words":[{"text":"CÔNG","box":[330,222,378,236]},{"text":"TY","box":[384,222,404,236]},{"text":"CỔ","box":[410,222,432,236]},{"text":"PHẦN","box":[440,222,483,236]},{"text":"THUỶ","box":[489,222,533,236]},{"text":"SẢN","box":[538,222,570,236]},{"text":"BÌNH","box":[578,222,614,236]},{"text":"MINH","box":[621,222,660,236]}],"linking":[[272,273]]},{"id":274,"text":"Mẫu số ( Fom )","label":"question","box":[874,91,974,110],"words":[{"text":"Mẫu","box":[874,91,905,108]},{"text":"số","box":[910,92,927,109]},{"text":"(","box":[932,92,937,109]},{"text":"Fom","box":[937,93,959,110]},{"text":")","box":[966,93,974,110]}],"linking":[[274,275]]},{"id":275,"text":"01GTKT0 / 002","label":"answer","box":[1039,95,1141,107],"words":[{"text":"01GTKT0","box":[1039,95,1108,107]},{"text":"/","box":[1109,95,1115,107]},{"text":"002","box":[1114,95,1141,107]}],"linking":[[274,275]]},{"id":276,"text":"Ki hiệu ( Series ) .","label":"question","box":[875,132,984,149],"words":[{"text":"Ki","box":[875,132,887,146]},{"text":"hiệu","box":[895,133,924,147]},{"text":"(","box":[931,133,936,147]},{"text":"Series","box":[937,134,973,148]},{"text":")","box":[974,135,978,149]},{"text":".","box":[981,135,984,149]}],"linking":[[276,277]]},{"id":277,"text":"BM / 21E","label":"answer","box":[1040,133,1094,145],"words":[{"text":"BM","box":[1040,133,1060,145]},{"text":"/","box":[1063,133,1068,145]},{"text":"21E","box":[1068,133,1094,145]}],"linking":[[276,277]]},{"id":278,"text":"Số ( No. ) .","label":"question","box":[875,167,939,188],"words":[{"text":"Số","box":[875,167,894,184]},{"text":"(","box":[901,168,905,185]},{"text":"No.","box":[905,170,927,186]},{"text":")","box":[928,170,932,187]},{"text":".","box":[938,171,939,188]}],"linking":[[278,232]]},{"id":279,"text":"Mã số thuế ( Tax code )","label":"question","box":[70,249,221,271],"words":[{"text":"Mã","box":[70,250,92,267]},{"text":"số","box":[97,249,114,268]},{"text":"thuế","box":[118,251,149,268]},{"text":"(","box":[156,251,162,269]},{"text":"Tax","box":[162,252,183,270]},{"text":"code","box":[187,253,215,270]},{"text":")","box":[217,253,221,271]}],"linking":[[279,69]]},{"id":280,"text":"Dia chỉ ( Address ) :","label":"question","box":[70,283,193,298],"words":[{"text":"Dia","box":[70,283,94,296]},{"text":"chỉ","box":[99,283,119,297]},{"text":"(","box":[126,283,131,297]},{"text":"Address","box":[129,284,179,297]},{"text":")","box":[180,284,185,298]},{"text":":","box":[189,284,193,298]}],"linking":[[280,281]]},{"id":281,"text":"Số 86/28/1 , Phổ Quang , Phường 2 , Quận Tân Bình , TP.HCM","label":"answer","box":[331,281,770,298],"words":[{"text":"Số","box":[331,281,348,298]},{"text":"86/28/1","box":[356,281,406,298]},{"text":",","box":[411,281,412,298]},{"text":"Phổ","box":[420,281,446,298]},{"text":"Quang","box":[454,281,500,298]},{"text":",","box":[503,281,504,298]},{"text":"Phường","box":[512,281,569,298]},{"text":"2","box":[576,281,583,298]},{"text":",","box":[586,281,587,298]},{"text":"Quận","box":[595,281,632,298]},{"text":"Tân","box":[639,281,665,298]},{"text":"Bình","box":[672,281,703,298]},{"text":",","box":[706,281,707,298]},{"text":"TP.HCM","box":[710,281,770,298]}],"linking":[[280,281]]},{"id":282,"text":"Số tài khoản ( BankNo ) .","label":"question","box":[71,309,230,328],"words":[{"text":"Số","box":[71,309,88,325]},{"text":"tài","box":[95,309,110,325]},{"text":"khoản","box":[118,310,159,326]},{"text":"(","box":[167,311,171,327]},{"text":"BankNo","box":[172,311,216,327]},{"text":")","box":[219,312,223,328]},{"text":".","box":[229,312,230,328]}],"linking":[[282,70]]},{"id":283,"text":"Ngân hàng ( BankName ) :","label":"question","box":[71,338,238,357],"words":[{"text":"Ngân","box":[71,338,107,356]},{"text":"hàng","box":[115,338,148,356]},{"text":"(","box":[155,338,160,356]},{"text":"BankName","box":[162,339,224,357]},{"text":")","box":[228,339,232,357]},{"text":":","box":[235,339,238,357]}],"linking":[[283,284]]},{"id":284,"text":"NH TMCP Công Thương Việt Nam ( Vietinbank ) - CN Tây Sài Gòn , TP.HCM","label":"answer","box":[331,342,880,356],"words":[{"text":"NH","box":[331,342,351,356]},{"text":"TMCP","box":[358,342,403,356]},{"text":"Công","box":[411,342,447,356]},{"text":"Thương","box":[453,342,510,356]},{"text":"Việt","box":[517,342,544,356]},{"text":"Nam","box":[551,342,582,356]},{"text":"(","box":[590,342,593,356]},{"text":"Vietinbank","box":[596,342,667,356]},{"text":")","box":[670,342,675,356]},{"text":"-","box":[681,342,685,356]},{"text":"CN","box":[692,342,712,356]},{"text":"Tây","box":[720,342,746,356]},{"text":"Sài","box":[753,342,774,356]},{"text":"Gòn","box":[781,342,809,356]},{"text":",","box":[812,342,813,356]},{"text":"TP.HCM","box":[820,342,880,356]}],"linking":[[283,284]]},{"id":285,"text":"Họ tên người mua hàng ( Buyer ) :","label":"question","box":[71,391,300,407],"words":[{"text":"Họ","box":[71,391,89,406]},{"text":"tên","box":[96,391,116,406]},{"text":"người","box":[124,391,165,406]},{"text":"mua","box":[172,391,201,406]},{"text":"hàng","box":[209,391,242,407]},{"text":"(","box":[250,392,254,407]},{"text":"Buyer","box":[255,392,289,407]},{"text":")","box":[289,392,293,407]},{"text":":","box":[297,392,300,407]}],"linking":[[285,286]]},{"id":286,"text":"HỒ NGHĨA TÍNH","label":"answer","box":[433,389,553,403],"words":[{"text":"HỒ","box":[433,389,455,403]},{"text":"NGHĨA","box":[462,389,512,403]},{"text":"TÍNH","box":[518,389,553,403]}],"linking":[[285,286]]},{"id":287,"text":"Tên đơn vị ( CusName )","label":"question","box":[70,419,222,436],"words":[{"text":"Tên","box":[70,419,96,434]},{"text":"đơn","box":[103,420,130,434]},{"text":"vị","box":[136,420,146,435]},{"text":"(","box":[154,420,158,435]},{"text":"CusName","box":[161,421,218,436]},{"text":")","box":[220,421,222,436]}],"linking":[]},{"id":288,"text":"Mã số thuế ( Tax code ) .","label":"question","box":[71,444,228,465],"words":[{"text":"Mã","box":[71,444,92,462]},{"text":"số","box":[98,444,114,462]},{"text":"thuế","box":[119,445,150,463]},{"text":"(","box":[157,445,162,463]},{"text":"Tax","box":[163,446,183,464]},{"text":"code","box":[188,447,215,465]},{"text":")","box":[218,447,221,465]},{"text":".","box":[227,447,228,465]}],"linking":[]},{"id":289,"text":"Địa chỉ ( Address )","label":"question","box":[70,474,183,492],"words":[{"text":"Địa","box":[70,474,93,491]},{"text":"chỉ","box":[100,474,121,491]},{"text":"(","box":[125,474,130,491]},{"text":"Address","box":[131,475,179,492]},{"text":")","box":[181,475,183,492]}],"linking":[[289,290]]},{"id":290,"text":"Xóm 8 , Quỳnh Lương , Quỳnh Lưu , Nghệ An","label":"answer","box":[432,477,753,491],"words":[{"text":"Xóm","box":[432,477,463,491]},{"text":"8","box":[471,477,477,491]},{"text":",","box":[480,477,481,491]},{"text":"Quỳnh","box":[489,477,535,491]},{"text":"Lương","box":[542,477,588,491]},{"text":",","box":[591,477,592,491]},{"text":"Quỳnh","box":[601,477,646,491]},{"text":"Lưu","box":[653,477,680,491]},{"text":",","box":[683,477,684,491]},{"text":"Nghệ","box":[692,477,728,491]},{"text":"An","box":[735,477,753,491]}],"linking":[[289,290]]},{"id":291,"text":"Hình thức thanh toán ( Method of payment ) .","label":"question","box":[71,503,361,522],"words":[{"text":"Hình","box":[71,503,103,520]},{"text":"thức","box":[109,503,141,520]},{"text":"thanh","box":[147,503,186,520]},{"text":"toán","box":[192,503,222,521]},{"text":"(","box":[230,504,234,521]},{"text":"Method","box":[234,504,279,521]},{"text":"of","box":[284,504,295,521]},{"text":"payment","box":[299,504,349,522]},{"text":")","box":[351,505,352,522]},{"text":".","box":[360,505,361,522]}],"linking":[[291,292]]},{"id":292,"text":"Chuyển khoản / Tiền mặt","label":"answer","box":[433,503,605,520],"words":[{"text":"Chuyển","box":[433,503,486,520]},{"text":"khoản","box":[494,503,534,520]},{"text":"/","box":[538,503,543,520]},{"text":"Tiền","box":[544,503,572,520]},{"text":"mặt","box":[580,503,605,520]}],"linking":[[291,292]]},{"id":293,"text":"Số tài khoản ( A / C No )","label":"question","box":[685,501,833,521],"words":[{"text":"Số","box":[685,502,703,517]},{"text":"tài","box":[708,501,725,518]},{"text":"khoản","box":[732,503,775,518]},{"text":"(","box":[780,503,785,519]},{"text":"A","box":[786,504,790,520]},{"text":"/","box":[793,504,797,520]},{"text":"C","box":[801,504,805,520]},{"text":"No","box":[811,504,826,521]},{"text":")","box":[830,505,833,521]}],"linking":[]},{"id":294,"text":"Ngân hàng ( Bank Name )","label":"question","box":[71,535,235,549],"words":[{"text":"Ngân","box":[71,535,107,549]},{"text":"hàng","box":[115,535,148,549]},{"text":"(","box":[156,535,159,549]},{"text":"Bank","box":[162,535,191,549]},{"text":"Name","box":[195,535,230,549]},{"text":")","box":[233,535,235,549]}],"linking":[]},{"id":295,"text":"Số tiền viết bằng chữ ( Total amount in words )","label":"question","box":[77,1266,378,1286],"words":[{"text":"Số","box":[77,1266,94,1283]},{"text":"tiền","box":[99,1266,124,1283]},{"text":"viết","box":[131,1266,156,1283]},{"text":"bằng","box":[162,1266,196,1284]},{"text":"chữ","box":[203,1267,229,1284]},{"text":"(","box":[236,1267,240,1284]},{"text":"Total","box":[243,1267,270,1285]},{"text":"amount","box":[275,1269,319,1285]},{"text":"in","box":[324,1268,333,1285]},{"text":"words","box":[339,1269,372,1286]},{"text":")","box":[375,1269,378,1286]}],"linking":[[295,296]]},{"id":296,"text":"Bốn mươi tám triệu năm trăm hai mươi nghìn đồng chẵn","label":"answer","box":[454,1267,863,1284],"words":[{"text":"Bốn","box":[454,1267,480,1284]},{"text":"mươi","box":[488,1267,524,1284]},{"text":"tám","box":[530,1267,555,1284]},{"text":"triệu","box":[562,1267,592,1284]},{"text":"năm","box":[600,1267,628,1284]},{"text":"trăm","box":[635,1267,665,1284]},{"text":"hai","box":[674,1267,693,1284]},{"text":"mươi","box":[700,1267,736,1284]},{"text":"nghìn","box":[744,1267,782,1284]},{"text":"đồng","box":[788,1267,823,1284]},{"text":"chẵn","box":[830,1267,863,1284]}],"linking":[[295,296]]}]