[{"id":0,"text":".","label":"","box":[229,312,230,328],"words":[{"text":".","box":[229,312,230,328]}],"linking":[]},{"id":1,"text":"STT","label":"","box":[62,621,90,632],"words":[{"text":"STT","box":[62,621,90,632]}],"linking":[]},{"id":2,"text":"No.","label":"","box":[64,645,88,655],"words":[{"text":"No.","box":[64,645,88,655]}],"linking":[]},{"id":3,"text":"1","label":"","box":[72,701,79,713],"words":[{"text":"1","box":[72,701,79,713]}],"linking":[]},{"id":4,"text":"2","label":"","box":[70,739,81,750],"words":[{"text":"2","box":[70,739,81,750]}],"linking":[]},{"id":5,"text":"Đơn","label":"","box":[173,56,197,71],"words":[{"text":"Đơn","box":[173,56,197,71]}],"linking":[]},{"id":6,"text":"vị","label":"","box":[203,56,211,71],"words":[{"text":"vị","box":[203,56,211,71]}],"linking":[]},{"id":7,"text":"hỗ","label":"","box":[215,56,229,71],"words":[{"text":"hỗ","box":[215,56,229,71]}],"linking":[]},{"id":8,"text":"trợ","label":"","box":[234,56,250,71],"words":[{"text":"trợ","box":[234,56,250,71]}],"linking":[]},{"id":9,"text":"cung","label":"","box":[254,56,282,71],"words":[{"text":"cung","box":[254,56,282,71]}],"linking":[]},{"id":10,"text":"cấp","label":"","box":[287,56,307,71],"words":[{"text":"cấp","box":[287,56,307,71]}],"linking":[]},{"id":11,"text":"công","label":"","box":[312,56,339,71],"words":[{"text":"công","box":[312,56,339,71]}],"linking":[]},{"id":12,"text":"cụ","label":"","box":[344,56,357,71],"words":[{"text":"cụ","box":[344,56,357,71]}],"linking":[]},{"id":13,"text":"phát","label":"","box":[361,56,387,71],"words":[{"text":"phát","box":[361,56,387,71]}],"linking":[]},{"id":14,"text":"hành","label":"","box":[392,56,420,71],"words":[{"text":"hành","box":[392,56,420,71]}],"linking":[]},{"id":15,"text":"hóa","label":"","box":[425,56,446,71],"words":[{"text":"hóa","box":[425,56,446,71]}],"linking":[]},{"id":16,"text":"đơn","label":"","box":[451,56,473,71],"words":[{"text":"đơn","box":[451,56,473,71]}],"linking":[]},{"id":17,"text":"điện","label":"","box":[478,56,502,71],"words":[{"text":"điện","box":[478,56,502,71]}],"linking":[]},{"id":18,"text":"tử","label":"","box":[507,56,514,71],"words":[{"text":"tử","box":[507,56,514,71]}],"linking":[]},{"id":19,"text":":","label":"","box":[518,56,521,71],"words":[{"text":":","box":[518,56,521,71]}],"linking":[]},{"id":20,"text":"Công","label":"","box":[527,56,557,71],"words":[{"text":"Công","box":[527,56,557,71]}],"linking":[]},{"id":21,"text":"ty","label":"","box":[562,56,572,71],"words":[{"text":"ty","box":[562,56,572,71]}],"linking":[]},{"id":22,"text":"Cổ","label":"","box":[576,56,592,71],"words":[{"text":"Cổ","box":[576,56,592,71]}],"linking":[]},{"id":23,"text":"phần","label":"","box":[596,56,625,71],"words":[{"text":"phần","box":[596,56,625,71]}],"linking":[]},{"id":24,"text":"Định","label":"","box":[630,56,656,71],"words":[{"text":"Định","box":[630,56,656,71]}],"linking":[]},{"id":25,"text":"Gia","label":"","box":[661,56,680,71],"words":[{"text":"Gia","box":[661,56,680,71]}],"linking":[]},{"id":26,"text":"Nét","label":"","box":[686,56,706,71],"words":[{"text":"Nét","box":[686,56,706,71]}],"linking":[]},{"id":27,"text":"-","label":"","box":[710,56,713,71],"words":[{"text":"-","box":[710,56,713,71]}],"linking":[]},{"id":28,"text":"DigiNet","label":"","box":[718,56,761,71],"words":[{"text":"DigiNet","box":[718,56,761,71]}],"linking":[]},{"id":29,"text":"Corp","label":"","box":[765,56,791,71],"words":[{"text":"Corp","box":[765,56,791,71]}],"linking":[]},{"id":30,"text":",","label":"","box":[793,56,795,71],"words":[{"text":",","box":[793,56,795,71]}],"linking":[]},{"id":31,"text":"MST","label":"","box":[801,56,825,71],"words":[{"text":"MST","box":[801,56,825,71]}],"linking":[]},{"id":32,"text":":","label":"","box":[828,56,832,71],"words":[{"text":":","box":[828,56,832,71]}],"linking":[]},{"id":33,"text":"0303359278","label":"","box":[837,56,907,71],"words":[{"text":"0303359278","box":[837,56,907,71]}],"linking":[]},{"id":34,"text":",","label":"","box":[910,56,912,71],"words":[{"text":",","box":[910,56,912,71]}],"linking":[]},{"id":35,"text":"Điện","label":"","box":[918,56,944,71],"words":[{"text":"Điện","box":[918,56,944,71]}],"linking":[]},{"id":36,"text":"thoại","label":"","box":[949,56,977,71],"words":[{"text":"thoại","box":[949,56,977,71]}],"linking":[]},{"id":37,"text":":","label":"","box":[979,56,980,71],"words":[{"text":":","box":[979,56,980,71]}],"linking":[]},{"id":38,"text":"028","label":"","box":[985,56,1006,71],"words":[{"text":"028","box":[985,56,1006,71]}],"linking":[]},{"id":39,"text":"35123878","label":"","box":[1011,56,1069,71],"words":[{"text":"35123878","box":[1011,56,1069,71]}],"linking":[]},{"id":40,"text":"HÓA","label":"","box":[389,94,453,128],"words":[{"text":"HÓA","box":[389,94,453,128]}],"linking":[]},{"id":41,"text":"ĐƠN","label":"","box":[462,94,532,128],"words":[{"text":"ĐƠN","box":[462,94,532,128]}],"linking":[]},{"id":42,"text":"GIÁ","label":"","box":[545,94,597,128],"words":[{"text":"GIÁ","box":[545,94,597,128]}],"linking":[]},{"id":43,"text":"TRỊ","label":"","box":[606,94,654,128],"words":[{"text":"TRỊ","box":[606,94,654,128]}],"linking":[]},{"id":44,"text":"GIA","label":"","box":[666,94,718,128],"words":[{"text":"GIA","box":[666,94,718,128]}],"linking":[]},{"id":45,"text":"TĂNG","label":"","box":[728,94,811,128],"words":[{"text":"TĂNG","box":[728,94,811,128]}],"linking":[]},{"id":46,"text":"VAT","label":"","box":[522,144,572,162],"words":[{"text":"VAT","box":[522,144,572,162]}],"linking":[]},{"id":47,"text":"INVOICE","label":"","box":[578,144,681,162],"words":[{"text":"INVOICE","box":[578,144,681,162]}],"linking":[]},{"id":48,"text":"Ngày","label":"","box":[431,178,466,194],"words":[{"text":"Ngày","box":[431,178,466,194]}],"linking":[]},{"id":49,"text":"(","label":"","box":[473,178,476,193],"words":[{"text":"(","box":[473,178,476,193]}],"linking":[]},{"id":50,"text":"Date","label":"","box":[477,178,503,193],"words":[{"text":"Date","box":[477,178,503,193]}],"linking":[]},{"id":51,"text":")","label":"","box":[506,178,509,193],"words":[{"text":")","box":[506,178,509,193]}],"linking":[]},{"id":52,"text":"28","label":"","box":[514,178,531,193],"words":[{"text":"28","box":[514,178,531,193]}],"linking":[]},{"id":53,"text":"tháng","label":"","box":[537,178,576,193],"words":[{"text":"tháng","box":[537,178,576,193]}],"linking":[]},{"id":54,"text":"(","label":"","box":[584,178,587,193],"words":[{"text":"(","box":[584,178,587,193]}],"linking":[]},{"id":55,"text":"month","label":"","box":[586,178,623,193],"words":[{"text":"month","box":[586,178,623,193]}],"linking":[]},{"id":56,"text":")","label":"","box":[626,178,629,193],"words":[{"text":")","box":[626,178,629,193]}],"linking":[]},{"id":57,"text":"03","label":"","box":[634,177,651,192],"words":[{"text":"03","box":[634,177,651,192]}],"linking":[]},{"id":58,"text":"năm","label":"","box":[658,177,686,192],"words":[{"text":"năm","box":[658,177,686,192]}],"linking":[]},{"id":59,"text":"(","label":"","box":[695,177,699,192],"words":[{"text":"(","box":[695,177,699,192]}],"linking":[]},{"id":60,"text":"year","label":"","box":[699,177,723,192],"words":[{"text":"year","box":[699,177,723,192]}],"linking":[]},{"id":61,"text":")","label":"","box":[726,177,729,192],"words":[{"text":")","box":[726,177,729,192]}],"linking":[]},{"id":62,"text":"2022","label":"","box":[734,177,768,192],"words":[{"text":"2022","box":[734,177,768,192]}],"linking":[]},{"id":63,"text":"BINH","label":"","box":[161,172,189,185],"words":[{"text":"BINH","box":[161,172,189,185]}],"linking":[]},{"id":64,"text":"MINH","label":"","box":[196,172,229,184],"words":[{"text":"MINH","box":[196,172,229,184]}],"linking":[]},{"id":65,"text":"4","label":"","box":[71,817,80,827],"words":[{"text":"4","box":[71,817,80,827]}],"linking":[]},{"id":66,"text":"5","label":"","box":[71,854,82,866],"words":[{"text":"5","box":[71,854,82,866]}],"linking":[]},{"id":67,"text":"TÊN","label":"","box":[176,616,206,634],"words":[{"text":"TÊN","box":[176,616,206,634]}],"linking":[]},{"id":68,"text":"HÀNG","label":"","box":[212,617,255,634],"words":[{"text":"HÀNG","box":[212,617,255,634]}],"linking":[]},{"id":69,"text":"HÓA","label":"","box":[261,617,291,635],"words":[{"text":"HÓA","box":[261,617,291,635]}],"linking":[]},{"id":70,"text":",","label":"","box":[294,617,297,635],"words":[{"text":",","box":[294,617,297,635]}],"linking":[]},{"id":71,"text":"DỊCH","label":"","box":[305,617,340,636],"words":[{"text":"DỊCH","box":[305,617,340,636]}],"linking":[]},{"id":72,"text":"VỤ","label":"","box":[346,618,367,636],"words":[{"text":"VỤ","box":[346,618,367,636]}],"linking":[]},{"id":73,"text":"Description","label":"","box":[234,644,310,657],"words":[{"text":"Description","box":[234,644,310,657]}],"linking":[]},{"id":74,"text":"AQUA","label":"","box":[102,700,147,712],"words":[{"text":"AQUA","box":[102,700,147,712]}],"linking":[]},{"id":75,"text":"OMNICIDE","label":"","box":[154,700,233,712],"words":[{"text":"OMNICIDE","box":[154,700,233,712]}],"linking":[]},{"id":76,"text":"1LIT","label":"","box":[242,700,271,712],"words":[{"text":"1LIT","box":[242,700,271,712]}],"linking":[]},{"id":77,"text":"3","label":"","box":[71,778,80,789],"words":[{"text":"3","box":[71,778,80,789]}],"linking":[]},{"id":78,"text":"ENVIRON","label":"","box":[104,778,173,791],"words":[{"text":"ENVIRON","box":[104,778,173,791]}],"linking":[]},{"id":79,"text":"-","label":"","box":[178,777,183,791],"words":[{"text":"-","box":[178,777,183,791]}],"linking":[]},{"id":80,"text":"AC","label":"","box":[184,777,204,791],"words":[{"text":"AC","box":[184,777,204,791]}],"linking":[]},{"id":81,"text":"Túi","label":"","box":[211,777,231,792],"words":[{"text":"Túi","box":[211,777,231,792]}],"linking":[]},{"id":82,"text":"5Kg","label":"","box":[238,778,265,792],"words":[{"text":"5Kg","box":[238,778,265,792]}],"linking":[]},{"id":83,"text":"CAP","label":"","box":[103,816,135,828],"words":[{"text":"CAP","box":[103,816,135,828]}],"linking":[]},{"id":84,"text":"POWER","label":"","box":[141,816,201,828],"words":[{"text":"POWER","box":[141,816,201,828]}],"linking":[]},{"id":85,"text":"1LIT","label":"","box":[209,816,240,828],"words":[{"text":"1LIT","box":[209,816,240,828]}],"linking":[]},{"id":86,"text":"AQUALACT","label":"","box":[103,739,188,750],"words":[{"text":"AQUALACT","box":[103,739,188,750]}],"linking":[]},{"id":87,"text":"1KG","label":"","box":[197,738,227,750],"words":[{"text":"1KG","box":[197,738,227,750]}],"linking":[]},{"id":88,"text":"0303880297","label":"answer","box":[330,254,419,265],"words":[{"text":"0303880297","box":[330,254,419,265]}],"linking":[[297,88]]},{"id":89,"text":"112002622316","label":"answer","box":[331,311,439,323],"words":[{"text":"112002622316","box":[331,311,439,323]}],"linking":[[300,89]]},{"id":90,"text":"AMINO","label":"","box":[102,854,153,866],"words":[{"text":"AMINO","box":[102,854,153,866]}],"linking":[]},{"id":91,"text":"500ML","label":"","box":[159,854,209,865],"words":[{"text":"500ML","box":[159,854,209,865]}],"linking":[]},{"id":92,"text":"TỔNG","label":"","box":[210,1061,255,1075],"words":[{"text":"TỔNG","box":[210,1061,255,1075]}],"linking":[]},{"id":93,"text":"HỢP","label":"","box":[263,1063,297,1076],"words":[{"text":"HỢP","box":[263,1063,297,1076]}],"linking":[]},{"id":94,"text":"Tổng","label":"","box":[76,1100,111,1117],"words":[{"text":"Tổng","box":[76,1100,111,1117]}],"linking":[]},{"id":95,"text":"tiền","label":"","box":[117,1100,142,1117],"words":[{"text":"tiền","box":[117,1100,142,1117]}],"linking":[]},{"id":96,"text":"không","label":"","box":[150,1100,191,1117],"words":[{"text":"không","box":[150,1100,191,1117]}],"linking":[]},{"id":97,"text":"kê","label":"","box":[199,1100,213,1117],"words":[{"text":"kê","box":[199,1100,213,1117]}],"linking":[]},{"id":98,"text":"khai","label":"","box":[221,1100,248,1117],"words":[{"text":"khai","box":[221,1100,248,1117]}],"linking":[]},{"id":99,"text":"và","label":"","box":[254,1100,270,1117],"words":[{"text":"và","box":[254,1100,270,1117]}],"linking":[]},{"id":100,"text":"nộp","label":"","box":[277,1100,302,1117],"words":[{"text":"nộp","box":[277,1100,302,1117]}],"linking":[]},{"id":101,"text":"thuế","label":"","box":[308,1100,338,1117],"words":[{"text":"thuế","box":[308,1100,338,1117]}],"linking":[]},{"id":102,"text":":","label":"","box":[341,1100,342,1117],"words":[{"text":":","box":[341,1100,342,1117]}],"linking":[]},{"id":103,"text":"Tổng","label":"","box":[76,1125,110,1144],"words":[{"text":"Tổng","box":[76,1125,110,1144]}],"linking":[]},{"id":104,"text":"tiền","label":"","box":[116,1125,141,1143],"words":[{"text":"tiền","box":[116,1125,141,1143]}],"linking":[]},{"id":105,"text":"không","label":"","box":[149,1125,190,1143],"words":[{"text":"không","box":[149,1125,190,1143]}],"linking":[]},{"id":106,"text":"chịu","label":"","box":[197,1125,225,1143],"words":[{"text":"chịu","box":[197,1125,225,1143]}],"linking":[]},{"id":107,"text":"thuế","label":"","box":[231,1125,261,1143],"words":[{"text":"thuế","box":[231,1125,261,1143]}],"linking":[]},{"id":108,"text":"GTGT","label":"","box":[269,1124,313,1143],"words":[{"text":"GTGT","box":[269,1124,313,1143]}],"linking":[]},{"id":109,"text":":","label":"","box":[315,1124,315,1142],"words":[{"text":":","box":[315,1124,315,1142]}],"linking":[]},{"id":110,"text":"Tổng","label":"","box":[76,1150,110,1172],"words":[{"text":"Tổng","box":[76,1150,110,1172]}],"linking":[]},{"id":111,"text":"tiền","label":"","box":[116,1150,141,1171],"words":[{"text":"tiền","box":[116,1150,141,1171]}],"linking":[]},{"id":112,"text":"chịu","label":"","box":[148,1150,176,1171],"words":[{"text":"chịu","box":[148,1150,176,1171]}],"linking":[]},{"id":113,"text":"thuế","label":"","box":[182,1149,212,1171],"words":[{"text":"thuế","box":[182,1149,212,1171]}],"linking":[]},{"id":114,"text":"suất","label":"","box":[217,1149,248,1170],"words":[{"text":"suất","box":[217,1149,248,1170]}],"linking":[]},{"id":115,"text":":","label":"","box":[251,1149,254,1170],"words":[{"text":":","box":[251,1149,254,1170]}],"linking":[]},{"id":116,"text":"Tổng","label":"","box":[76,1177,111,1196],"words":[{"text":"Tổng","box":[76,1177,111,1196]}],"linking":[]},{"id":117,"text":"tiền","label":"","box":[117,1177,142,1196],"words":[{"text":"tiền","box":[117,1177,142,1196]}],"linking":[]},{"id":118,"text":"chịu","label":"","box":[149,1177,177,1196],"words":[{"text":"chịu","box":[149,1177,177,1196]}],"linking":[]},{"id":119,"text":"thuế","label":"","box":[183,1177,213,1196],"words":[{"text":"thuế","box":[183,1177,213,1196]}],"linking":[]},{"id":120,"text":"suất","label":"","box":[221,1177,249,1196],"words":[{"text":"suất","box":[221,1177,249,1196]}],"linking":[]},{"id":121,"text":"Tổng","label":"","box":[76,1204,110,1225],"words":[{"text":"Tổng","box":[76,1204,110,1225]}],"linking":[]},{"id":122,"text":"tiền","label":"","box":[116,1204,141,1224],"words":[{"text":"tiền","box":[116,1204,141,1224]}],"linking":[]},{"id":123,"text":"chịu","label":"","box":[148,1204,176,1224],"words":[{"text":"chịu","box":[148,1204,176,1224]}],"linking":[]},{"id":124,"text":"thuế","label":"","box":[182,1203,212,1224],"words":[{"text":"thuế","box":[182,1203,212,1224]}],"linking":[]},{"id":125,"text":"suất","label":"","box":[219,1203,248,1223],"words":[{"text":"suất","box":[219,1203,248,1223]}],"linking":[]},{"id":126,"text":":","label":"","box":[251,1203,254,1223],"words":[{"text":":","box":[251,1203,254,1223]}],"linking":[]},{"id":127,"text":"Tổng","label":"","box":[76,1230,110,1252],"words":[{"text":"Tổng","box":[76,1230,110,1252]}],"linking":[]},{"id":128,"text":"cộng","label":"","box":[116,1230,150,1251],"words":[{"text":"cộng","box":[116,1230,150,1251]}],"linking":[]},{"id":129,"text":"tiền","label":"","box":[157,1230,181,1251],"words":[{"text":"tiền","box":[157,1230,181,1251]}],"linking":[]},{"id":130,"text":"thanh","label":"","box":[188,1229,227,1251],"words":[{"text":"thanh","box":[188,1229,227,1251]}],"linking":[]},{"id":131,"text":"toán","label":"","box":[232,1229,261,1250],"words":[{"text":"toán","box":[232,1229,261,1250]}],"linking":[]},{"id":132,"text":":","label":"","box":[265,1229,270,1250],"words":[{"text":":","box":[265,1229,270,1250]}],"linking":[]},{"id":133,"text":"Số","label":"","box":[77,1266,94,1283],"words":[{"text":"Số","box":[77,1266,94,1283]}],"linking":[]},{"id":134,"text":"tiền","label":"","box":[99,1266,124,1283],"words":[{"text":"tiền","box":[99,1266,124,1283]}],"linking":[]},{"id":135,"text":"viết","label":"","box":[131,1266,156,1283],"words":[{"text":"viết","box":[131,1266,156,1283]}],"linking":[]},{"id":136,"text":"bằng","label":"","box":[162,1267,196,1284],"words":[{"text":"bằng","box":[162,1267,196,1284]}],"linking":[]},{"id":137,"text":"chữ","label":"","box":[203,1267,229,1284],"words":[{"text":"chữ","box":[203,1267,229,1284]}],"linking":[]},{"id":138,"text":"(","label":"","box":[236,1267,240,1284],"words":[{"text":"(","box":[236,1267,240,1284]}],"linking":[]},{"id":139,"text":"Total","label":"","box":[243,1267,270,1285],"words":[{"text":"Total","box":[243,1267,270,1285]}],"linking":[]},{"id":140,"text":"amount","label":"","box":[275,1269,319,1285],"words":[{"text":"amount","box":[275,1269,319,1285]}],"linking":[]},{"id":141,"text":"in","label":"","box":[324,1268,333,1285],"words":[{"text":"in","box":[324,1268,333,1285]}],"linking":[]},{"id":142,"text":"words","label":"","box":[339,1269,372,1286],"words":[{"text":"words","box":[339,1269,372,1286]}],"linking":[]},{"id":143,"text":")","label":"","box":[375,1269,378,1286],"words":[{"text":")","box":[375,1269,378,1286]}],"linking":[]},{"id":144,"text":"Người","label":"","box":[255,1314,298,1330],"words":[{"text":"Người","box":[255,1314,298,1330]}],"linking":[]},{"id":145,"text":"mua","label":"","box":[306,1314,335,1330],"words":[{"text":"mua","box":[306,1314,335,1330]}],"linking":[]},{"id":146,"text":"hàng","label":"","box":[341,1314,376,1330],"words":[{"text":"hàng","box":[341,1314,376,1330]}],"linking":[]},{"id":147,"text":"(","label":"","box":[384,1314,387,1330],"words":[{"text":"(","box":[384,1314,387,1330]}],"linking":[]},{"id":148,"text":"Buyer","label":"","box":[388,1314,421,1330],"words":[{"text":"Buyer","box":[388,1314,421,1330]}],"linking":[]},{"id":149,"text":")","label":"","box":[424,1314,427,1330],"words":[{"text":")","box":[424,1314,427,1330]}],"linking":[]},{"id":150,"text":"ĐƠN","label":"","box":[463,609,497,622],"words":[{"text":"ĐƠN","box":[463,609,497,622]}],"linking":[]},{"id":151,"text":"VỊ","label":"","box":[503,609,516,622],"words":[{"text":"VỊ","box":[503,609,516,622]}],"linking":[]},{"id":152,"text":"ΤΙΝΗ","label":"","box":[475,629,510,643],"words":[{"text":"ΤΙΝΗ","box":[475,629,510,643]}],"linking":[]},{"id":153,"text":"Unit","label":"","box":[480,657,507,668],"words":[{"text":"Unit","box":[480,657,507,668]}],"linking":[]},{"id":154,"text":"Can","label":"","box":[478,700,506,711],"words":[{"text":"Can","box":[478,700,506,711]}],"linking":[]},{"id":155,"text":"Hũ","label":"","box":[482,739,500,750],"words":[{"text":"Hũ","box":[482,739,500,750]}],"linking":[]},{"id":156,"text":"Túi","label":"","box":[480,777,504,789],"words":[{"text":"Túi","box":[480,777,504,789]}],"linking":[]},{"id":157,"text":"Chai","label":"","box":[476,817,508,828],"words":[{"text":"Chai","box":[476,817,508,828]}],"linking":[]},{"id":158,"text":"Chai","label":"","box":[476,855,510,865],"words":[{"text":"Chai","box":[476,855,510,865]}],"linking":[]},{"id":159,"text":"SÓ","label":"","box":[556,606,577,619],"words":[{"text":"SÓ","box":[556,606,577,619]}],"linking":[]},{"id":160,"text":"|","label":"","box":[536,629,537,646],"words":[{"text":"|","box":[536,629,537,646]}],"linking":[]},{"id":161,"text":"LƯỢNG","label":"","box":[539,627,594,645],"words":[{"text":"LƯỢNG","box":[539,627,594,645]}],"linking":[]},{"id":162,"text":"Quantity","label":"","box":[542,657,601,670],"words":[{"text":"Quantity","box":[542,657,601,670]}],"linking":[]},{"id":163,"text":"20","label":"","box":[560,701,577,711],"words":[{"text":"20","box":[560,701,577,711]}],"linking":[]},{"id":164,"text":"X","label":"","box":[522,1106,532,1115],"words":[{"text":"X","box":[522,1106,532,1115]}],"linking":[]},{"id":165,"text":"X","label":"","box":[521,1132,531,1140],"words":[{"text":"X","box":[521,1132,531,1140]}],"linking":[]},{"id":166,"text":"0","label":"","box":[514,1155,523,1166],"words":[{"text":"0","box":[514,1155,523,1166]}],"linking":[]},{"id":167,"text":"%","label":"","box":[524,1155,536,1166],"words":[{"text":"%","box":[524,1155,536,1166]}],"linking":[]},{"id":168,"text":"5","label":"","box":[514,1182,524,1192],"words":[{"text":"5","box":[514,1182,524,1192]}],"linking":[]},{"id":169,"text":"%","label":"","box":[522,1182,535,1192],"words":[{"text":"%","box":[522,1182,535,1192]}],"linking":[]},{"id":170,"text":"10","label":"","box":[512,1208,528,1220],"words":[{"text":"10","box":[512,1208,528,1220]}],"linking":[]},{"id":171,"text":"%","label":"","box":[529,1208,541,1220],"words":[{"text":"%","box":[529,1208,541,1220]}],"linking":[]},{"id":172,"text":"24","label":"","box":[560,739,576,750],"words":[{"text":"24","box":[560,739,576,750]}],"linking":[]},{"id":173,"text":"8","label":"","box":[565,778,574,787],"words":[{"text":"8","box":[565,778,574,787]}],"linking":[]},{"id":174,"text":"20","label":"","box":[561,817,576,827],"words":[{"text":"20","box":[561,817,576,827]}],"linking":[]},{"id":175,"text":"20","label":"","box":[561,855,577,865],"words":[{"text":"20","box":[561,855,577,865]}],"linking":[]},{"id":176,"text":"THUẾ","label":"","box":[481,1059,522,1076],"words":[{"text":"THUẾ","box":[481,1059,522,1076]}],"linking":[]},{"id":177,"text":"SUẤT","label":"","box":[530,1059,571,1075],"words":[{"text":"SUẤT","box":[530,1059,571,1075]}],"linking":[]},{"id":178,"text":"ĐƠN","label":"","box":[637,618,671,632],"words":[{"text":"ĐƠN","box":[637,618,671,632]}],"linking":[]},{"id":179,"text":"GIÁ","label":"","box":[679,618,704,632],"words":[{"text":"GIÁ","box":[679,618,704,632]}],"linking":[]},{"id":180,"text":"Price","label":"","box":[654,645,689,655],"words":[{"text":"Price","box":[654,645,689,655]}],"linking":[]},{"id":181,"text":"1/1","label":"","box":[606,1716,635,1731],"words":[{"text":"1/1","box":[606,1716,635,1731]}],"linking":[]},{"id":182,"text":"304,761.905","label":"","box":[637,700,726,713],"words":[{"text":"304,761.905","box":[637,700,726,713]}],"linking":[]},{"id":183,"text":"150,000.000","label":"","box":[638,739,727,751],"words":[{"text":"150,000.000","box":[638,739,727,751]}],"linking":[]},{"id":184,"text":"354,545.455","label":"","box":[637,776,726,791],"words":[{"text":"354,545.455","box":[637,776,726,791]}],"linking":[]},{"id":185,"text":"107,500.000","label":"","box":[637,817,727,829],"words":[{"text":"107,500.000","box":[637,817,727,829]}],"linking":[]},{"id":186,"text":"200,000.000","label":"","box":[637,855,727,867],"words":[{"text":"200,000.000","box":[637,855,727,867]}],"linking":[]},{"id":187,"text":"THÀNH","label":"","box":[752,618,803,632],"words":[{"text":"THÀNH","box":[752,618,803,632]}],"linking":[]},{"id":188,"text":"TIÊN","label":"","box":[810,618,843,632],"words":[{"text":"TIÊN","box":[810,618,843,632]}],"linking":[]},{"id":189,"text":"Total","label":"","box":[783,644,817,655],"words":[{"text":"Total","box":[783,644,817,655]}],"linking":[]},{"id":190,"text":"Cộng","label":"","box":[622,1024,657,1040],"words":[{"text":"Cộng","box":[622,1024,657,1040]}],"linking":[]},{"id":191,"text":"(","label":"","box":[665,1024,668,1039],"words":[{"text":"(","box":[665,1024,668,1039]}],"linking":[]},{"id":192,"text":"Sub","label":"","box":[670,1024,692,1039],"words":[{"text":"Sub","box":[670,1024,692,1039]}],"linking":[]},{"id":193,"text":"total","label":"","box":[697,1024,722,1039],"words":[{"text":"total","box":[697,1024,722,1039]}],"linking":[]},{"id":194,"text":")","label":"","box":[724,1024,726,1039],"words":[{"text":")","box":[724,1024,726,1039]}],"linking":[]},{"id":195,"text":"18,681,602","label":"","box":[770,1024,848,1037],"words":[{"text":"18,681,602","box":[770,1024,848,1037]}],"linking":[]},{"id":196,"text":"TRỊ","label":"","box":[626,1061,650,1077],"words":[{"text":"TRỊ","box":[626,1061,650,1077]}],"linking":[]},{"id":197,"text":"GIÁ","label":"","box":[658,1061,685,1077],"words":[{"text":"GIÁ","box":[658,1061,685,1077]}],"linking":[]},{"id":198,"text":"CHƯA","label":"","box":[691,1061,738,1077],"words":[{"text":"CHƯA","box":[691,1061,738,1077]}],"linking":[]},{"id":199,"text":"THUẾ","label":"","box":[743,1061,786,1077],"words":[{"text":"THUẾ","box":[743,1061,786,1077]}],"linking":[]},{"id":200,"text":"GTGT","label":"","box":[794,1061,836,1077],"words":[{"text":"GTGT","box":[794,1061,836,1077]}],"linking":[]},{"id":201,"text":"6,095,238","label":"","box":[778,700,850,714],"words":[{"text":"6,095,238","box":[778,700,850,714]}],"linking":[]},{"id":202,"text":"3,600,000","label":"","box":[778,738,849,751],"words":[{"text":"3,600,000","box":[778,738,849,751]}],"linking":[]},{"id":203,"text":"X","label":"","box":[891,741,901,749],"words":[{"text":"X","box":[891,741,901,749]}],"linking":[]},{"id":204,"text":"2,836,364","label":"","box":[777,776,848,790],"words":[{"text":"2,836,364","box":[777,776,848,790]}],"linking":[]},{"id":205,"text":"10","label":"","box":[881,777,897,788],"words":[{"text":"10","box":[881,777,897,788]}],"linking":[]},{"id":206,"text":"%","label":"","box":[897,777,909,788],"words":[{"text":"%","box":[897,777,909,788]}],"linking":[]},{"id":207,"text":"2,150,000","label":"","box":[777,816,848,829],"words":[{"text":"2,150,000","box":[777,816,848,829]}],"linking":[]},{"id":208,"text":"X","label":"","box":[891,820,901,828],"words":[{"text":"X","box":[891,820,901,828]}],"linking":[]},{"id":209,"text":"4,000,000","label":"","box":[777,855,849,867],"words":[{"text":"4,000,000","box":[777,855,849,867]}],"linking":[]},{"id":210,"text":"9,750,000","label":"","box":[770,1128,842,1142],"words":[{"text":"9,750,000","box":[770,1128,842,1142]}],"linking":[]},{"id":211,"text":"6,095,238","label":"","box":[771,1182,842,1194],"words":[{"text":"6,095,238","box":[771,1182,842,1194]}],"linking":[]},{"id":212,"text":"2,836,364","label":"","box":[770,1209,841,1222],"words":[{"text":"2,836,364","box":[770,1209,841,1222]}],"linking":[]},{"id":213,"text":"18,681,602","label":"","box":[763,1233,841,1248],"words":[{"text":"18,681,602","box":[763,1233,841,1248]}],"linking":[]},{"id":214,"text":"Mười","label":"","box":[458,1267,495,1284],"words":[{"text":"Mười","box":[458,1267,495,1284]}],"linking":[]},{"id":215,"text":"chín","label":"","box":[502,1267,530,1284],"words":[{"text":"chín","box":[502,1267,530,1284]}],"linking":[]},{"id":216,"text":"triệu","label":"","box":[537,1267,566,1284],"words":[{"text":"triệu","box":[537,1267,566,1284]}],"linking":[]},{"id":217,"text":"hai","label":"","box":[574,1267,593,1284],"words":[{"text":"hai","box":[574,1267,593,1284]}],"linking":[]},{"id":218,"text":"trăm","label":"","box":[600,1267,630,1284],"words":[{"text":"trăm","box":[600,1267,630,1284]}],"linking":[]},{"id":219,"text":"bảy","label":"","box":[638,1267,662,1284],"words":[{"text":"bảy","box":[638,1267,662,1284]}],"linking":[]},{"id":220,"text":"mươi","label":"","box":[669,1267,705,1284],"words":[{"text":"mươi","box":[669,1267,705,1284]}],"linking":[]},{"id":221,"text":"nghìn","label":"","box":[713,1267,751,1284],"words":[{"text":"nghìn","box":[713,1267,751,1284]}],"linking":[]},{"id":222,"text":"đồng","label":"","box":[757,1267,792,1284],"words":[{"text":"đồng","box":[757,1267,792,1284]}],"linking":[]},{"id":223,"text":"chẵn","label":"","box":[799,1267,832,1284],"words":[{"text":"chẵn","box":[799,1267,832,1284]}],"linking":[]},{"id":224,"text":"THUÊ","label":"","box":[873,595,913,608],"words":[{"text":"THUÊ","box":[873,595,913,608]}],"linking":[]},{"id":225,"text":"SUÅT","label":"","box":[872,618,913,632],"words":[{"text":"SUÅT","box":[872,618,913,632]}],"linking":[]},{"id":226,"text":"GTGT","label":"","box":[875,644,916,655],"words":[{"text":"GTGT","box":[875,644,916,655]}],"linking":[]},{"id":227,"text":"VAT","label":"","box":[866,667,896,678],"words":[{"text":"VAT","box":[866,667,896,678]}],"linking":[]},{"id":228,"text":"rate","label":"","box":[900,667,927,678],"words":[{"text":"rate","box":[900,667,927,678]}],"linking":[]},{"id":229,"text":"5","label":"","box":[883,700,893,711],"words":[{"text":"5","box":[883,700,893,711]}],"linking":[]},{"id":230,"text":"%","label":"","box":[892,700,904,711],"words":[{"text":"%","box":[892,700,904,711]}],"linking":[]},{"id":231,"text":"X","label":"","box":[891,858,900,866],"words":[{"text":"X","box":[891,858,900,866]}],"linking":[]},{"id":232,"text":"TIỀN","label":"","box":[946,606,979,620],"words":[{"text":"TIỀN","box":[946,606,979,620]}],"linking":[]},{"id":233,"text":"THUÊ","label":"","box":[986,606,1027,620],"words":[{"text":"THUÊ","box":[986,606,1027,620]}],"linking":[]},{"id":234,"text":"GTGT","label":"","box":[968,631,1011,643],"words":[{"text":"GTGT","box":[968,631,1011,643]}],"linking":[]},{"id":235,"text":"VAT","label":"","box":[947,657,976,668],"words":[{"text":"VAT","box":[947,657,976,668]}],"linking":[]},{"id":236,"text":"amount","label":"","box":[981,657,1033,668],"words":[{"text":"amount","box":[981,657,1033,668]}],"linking":[]},{"id":237,"text":"304,762","label":"","box":[978,701,1036,714],"words":[{"text":"304,762","box":[978,701,1036,714]}],"linking":[]},{"id":238,"text":"283,636","label":"","box":[979,778,1035,790],"words":[{"text":"283,636","box":[979,778,1035,790]}],"linking":[]},{"id":239,"text":"588,398","label":"","box":[978,1025,1037,1039],"words":[{"text":"588,398","box":[978,1025,1037,1039]}],"linking":[]},{"id":240,"text":"TIÊN","label":"","box":[886,1060,921,1075],"words":[{"text":"TIÊN","box":[886,1060,921,1075]}],"linking":[]},{"id":241,"text":"THUẾ","label":"","box":[928,1060,970,1075],"words":[{"text":"THUẾ","box":[928,1060,970,1075]}],"linking":[]},{"id":242,"text":"GTGT","label":"","box":[977,1060,1019,1076],"words":[{"text":"GTGT","box":[977,1060,1019,1076]}],"linking":[]},{"id":243,"text":"304,762","label":"","box":[971,1182,1028,1194],"words":[{"text":"304,762","box":[971,1182,1028,1194]}],"linking":[]},{"id":244,"text":"283,636","label":"","box":[971,1208,1029,1222],"words":[{"text":"283,636","box":[971,1208,1029,1222]}],"linking":[]},{"id":245,"text":"588,398","label":"","box":[969,1233,1029,1248],"words":[{"text":"588,398","box":[969,1233,1029,1248]}],"linking":[]},{"id":246,"text":"Người","label":"","box":[817,1314,861,1329],"words":[{"text":"Người","box":[817,1314,861,1329]}],"linking":[]},{"id":247,"text":"bán","label":"","box":[868,1314,893,1329],"words":[{"text":"bán","box":[868,1314,893,1329]}],"linking":[]},{"id":248,"text":"hàng","label":"","box":[900,1314,934,1329],"words":[{"text":"hàng","box":[900,1314,934,1329]}],"linking":[]},{"id":249,"text":"(","label":"","box":[942,1314,945,1329],"words":[{"text":"(","box":[942,1314,945,1329]}],"linking":[]},{"id":250,"text":"Seller","label":"","box":[946,1314,978,1329],"words":[{"text":"Seller","box":[946,1314,978,1329]}],"linking":[]},{"id":251,"text":")","label":"","box":[981,1314,984,1329],"words":[{"text":")","box":[981,1314,984,1329]}],"linking":[]},{"id":252,"text":"0000564","label":"answer","box":[1039,173,1115,187],"words":[{"text":"0000564","box":[1039,173,1115,187]}],"linking":[[294,252]]},{"id":253,"text":"THÀNH","label":"","box":[1064,606,1115,620],"words":[{"text":"THÀNH","box":[1064,606,1115,620]}],"linking":[]},{"id":254,"text":"TIỀN","label":"","box":[1122,606,1155,620],"words":[{"text":"TIỀN","box":[1122,606,1155,620]}],"linking":[]},{"id":255,"text":"SAU","label":"","box":[1073,629,1102,645],"words":[{"text":"SAU","box":[1073,629,1102,645]}],"linking":[]},{"id":256,"text":"THUẾ","label":"","box":[1109,628,1151,644],"words":[{"text":"THUẾ","box":[1109,628,1151,644]}],"linking":[]},{"id":257,"text":"Amount","label":"","box":[1085,657,1140,668],"words":[{"text":"Amount","box":[1085,657,1140,668]}],"linking":[]},{"id":258,"text":"Signature","label":"","box":[776,1363,846,1380],"words":[{"text":"Signature","box":[776,1363,846,1380]}],"linking":[]},{"id":259,"text":"Valid","label":"","box":[850,1362,891,1378],"words":[{"text":"Valid","box":[850,1362,891,1378]}],"linking":[]},{"id":260,"text":"|","label":"","box":[772,1383,773,1403],"words":[{"text":"|","box":[772,1383,773,1403]}],"linking":[]},{"id":261,"text":"Ký","label":"","box":[776,1382,794,1402],"words":[{"text":"Ký","box":[776,1382,794,1402]}],"linking":[]},{"id":262,"text":"bởi","label":"","box":[803,1382,825,1402],"words":[{"text":"bởi","box":[803,1382,825,1402]}],"linking":[]},{"id":263,"text":":","label":"","box":[828,1382,829,1402],"words":[{"text":":","box":[828,1382,829,1402]}],"linking":[]},{"id":264,"text":"CÔNG","label":"","box":[837,1382,887,1402],"words":[{"text":"CÔNG","box":[837,1382,887,1402]}],"linking":[]},{"id":265,"text":"TY","label":"","box":[893,1381,912,1402],"words":[{"text":"TY","box":[893,1381,912,1402]}],"linking":[]},{"id":266,"text":"CỔ","label":"","box":[920,1381,943,1401],"words":[{"text":"CỔ","box":[920,1381,943,1401]}],"linking":[]},{"id":267,"text":"PHẦN","label":"","box":[952,1381,1000,1401],"words":[{"text":"PHẦN","box":[952,1381,1000,1401]}],"linking":[]},{"id":268,"text":"THỦY","label":"","box":[1006,1380,1055,1401],"words":[{"text":"THỦY","box":[1006,1380,1055,1401]}],"linking":[]},{"id":269,"text":"SẢN","label":"","box":[778,1408,813,1423],"words":[{"text":"SẢN","box":[778,1408,813,1423]}],"linking":[]},{"id":270,"text":"BÌNH","label":"","box":[818,1408,862,1423],"words":[{"text":"BÌNH","box":[818,1408,862,1423]}],"linking":[]},{"id":271,"text":"MINH","label":"","box":[867,1408,915,1423],"words":[{"text":"MINH","box":[867,1408,915,1423]}],"linking":[]},{"id":272,"text":"Ngày","label":"","box":[777,1433,815,1452],"words":[{"text":"Ngày","box":[777,1433,815,1452]}],"linking":[]},{"id":273,"text":"ký","label":"","box":[820,1434,835,1451],"words":[{"text":"ký","box":[820,1434,835,1451]}],"linking":[]},{"id":274,"text":":","label":"","box":[838,1434,841,1451],"words":[{"text":":","box":[838,1434,841,1451]}],"linking":[]},{"id":275,"text":"28/03/2022","label":"","box":[848,1432,929,1451],"words":[{"text":"28/03/2022","box":[848,1432,929,1451]}],"linking":[]},{"id":276,"text":"6,400,000","label":"","box":[1097,701,1169,714],"words":[{"text":"6,400,000","box":[1097,701,1169,714]}],"linking":[]},{"id":277,"text":"3,600,000","label":"","box":[1097,736,1168,752],"words":[{"text":"3,600,000","box":[1097,736,1168,752]}],"linking":[]},{"id":278,"text":"3,120,000","label":"","box":[1096,778,1168,791],"words":[{"text":"3,120,000","box":[1096,778,1168,791]}],"linking":[]},{"id":279,"text":"2,150,000","label":"","box":[1096,817,1168,829],"words":[{"text":"2,150,000","box":[1096,817,1168,829]}],"linking":[]},{"id":280,"text":"4,000,000","label":"","box":[1096,855,1167,867],"words":[{"text":"4,000,000","box":[1096,855,1167,867]}],"linking":[]},{"id":281,"text":"19,270,000","label":"","box":[1089,1025,1168,1038],"words":[{"text":"19,270,000","box":[1089,1025,1168,1038]}],"linking":[]},{"id":282,"text":"GIÁ","label":"","box":[1051,1048,1077,1065],"words":[{"text":"GIÁ","box":[1051,1048,1077,1065]}],"linking":[]},{"id":283,"text":"TRỊ","label":"","box":[1083,1048,1107,1065],"words":[{"text":"TRỊ","box":[1083,1048,1107,1065]}],"linking":[]},{"id":284,"text":"THANH","label":"","box":[1114,1049,1169,1066],"words":[{"text":"THANH","box":[1114,1049,1169,1066]}],"linking":[]},{"id":285,"text":"TOÁN","label":"","box":[1090,1074,1134,1088],"words":[{"text":"TOÁN","box":[1090,1074,1134,1088]}],"linking":[]},{"id":286,"text":"9,750,000","label":"","box":[1088,1128,1160,1142],"words":[{"text":"9,750,000","box":[1088,1128,1160,1142]}],"linking":[]},{"id":287,"text":"6,400,000","label":"","box":[1088,1182,1160,1193],"words":[{"text":"6,400,000","box":[1088,1182,1160,1193]}],"linking":[]},{"id":288,"text":"3,120,000","label":"","box":[1089,1209,1160,1222],"words":[{"text":"3,120,000","box":[1089,1209,1160,1222]}],"linking":[]},{"id":289,"text":"19,270,000","label":"","box":[1081,1235,1161,1247],"words":[{"text":"19,270,000","box":[1081,1235,1161,1247]}],"linking":[]},{"id":290,"text":"Mẫu số ( Fom ) :","label":"question","box":[874,91,981,111],"words":[{"text":"Mẫu","box":[874,91,905,108]},{"text":"số","box":[910,92,927,109]},{"text":"(","box":[932,92,937,109]},{"text":"Fom","box":[937,93,959,110]},{"text":")","box":[966,93,974,110]},{"text":":","box":[978,94,981,111]}],"linking":[[290,291]]},{"id":291,"text":"01GTKT0 / 002","label":"answer","box":[1039,95,1141,107],"words":[{"text":"01GTKT0","box":[1039,95,1108,107]},{"text":"/","box":[1109,95,1115,107]},{"text":"002","box":[1114,95,1141,107]}],"linking":[[290,291]]},{"id":292,"text":"Ki hiệu ( Series ) .","label":"question","box":[875,132,984,149],"words":[{"text":"Ki","box":[875,132,887,146]},{"text":"hiệu","box":[895,133,924,147]},{"text":"(","box":[931,133,936,147]},{"text":"Series","box":[937,134,973,148]},{"text":")","box":[974,135,978,149]},{"text":".","box":[981,135,984,149]}],"linking":[[292,293]]},{"id":293,"text":"BM / 21E","label":"answer","box":[1040,133,1094,145],"words":[{"text":"BM","box":[1040,133,1060,145]},{"text":"/","box":[1063,133,1068,145]},{"text":"21E","box":[1068,133,1094,145]}],"linking":[[292,293]]},{"id":294,"text":"Số ( No. ) .","label":"question","box":[875,167,939,188],"words":[{"text":"Số","box":[875,167,894,184]},{"text":"(","box":[901,168,905,185]},{"text":"No.","box":[905,170,927,186]},{"text":")","box":[928,170,932,187]},{"text":".","box":[938,171,939,188]}],"linking":[[294,252]]},{"id":295,"text":"Đơn vị bán hàng ( ComName ) :","label":"question","box":[68,221,277,240],"words":[{"text":"Đơn","box":[68,221,97,239]},{"text":"vị","box":[104,221,119,239]},{"text":"bán","box":[124,221,148,239]},{"text":"hàng","box":[156,221,189,239]},{"text":"(","box":[196,221,201,239]},{"text":"ComName","box":[203,221,264,240]},{"text":")","box":[267,222,271,240]},{"text":":","box":[274,222,277,240]}],"linking":[[295,296]]},{"id":296,"text":"CÔNG TY CỔ PHẦN THUỶ SẢN BÌNH MINH","label":"answer","box":[330,222,660,236],"words":[{"text":"CÔNG","box":[330,222,378,236]},{"text":"TY","box":[384,222,404,236]},{"text":"CỔ","box":[410,222,432,236]},{"text":"PHẦN","box":[440,222,483,236]},{"text":"THUỶ","box":[489,222,533,236]},{"text":"SẢN","box":[538,222,570,236]},{"text":"BÌNH","box":[578,222,614,236]},{"text":"MINH","box":[621,222,660,236]}],"linking":[[295,296]]},{"id":297,"text":"Mã số thuế ( Tax code )","label":"question","box":[70,249,221,271],"words":[{"text":"Mã","box":[70,250,92,267]},{"text":"số","box":[97,249,114,268]},{"text":"thuế","box":[118,251,149,268]},{"text":"(","box":[156,251,162,269]},{"text":"Tax","box":[162,252,183,270]},{"text":"code","box":[187,253,215,270]},{"text":")","box":[217,253,221,271]}],"linking":[[297,88]]},{"id":298,"text":"Dia chỉ ( Address ) :","label":"question","box":[70,283,193,298],"words":[{"text":"Dia","box":[70,283,94,296]},{"text":"chỉ","box":[99,283,119,297]},{"text":"(","box":[126,283,131,297]},{"text":"Address","box":[129,284,179,297]},{"text":")","box":[180,284,185,298]},{"text":":","box":[189,284,193,298]}],"linking":[[298,299]]},{"id":299,"text":"Số 86/28/1 , Phổ Quang , Phường 2 , Quận Tân Bình , TP.HCM","label":"answer","box":[331,281,770,298],"words":[{"text":"Số","box":[331,281,348,298]},{"text":"86/28/1","box":[356,281,406,298]},{"text":",","box":[411,281,412,298]},{"text":"Phổ","box":[420,281,446,298]},{"text":"Quang","box":[454,281,500,298]},{"text":",","box":[503,281,504,298]},{"text":"Phường","box":[512,281,569,298]},{"text":"2","box":[576,281,583,298]},{"text":",","box":[586,281,587,298]},{"text":"Quận","box":[595,281,632,298]},{"text":"Tân","box":[639,281,665,298]},{"text":"Bình","box":[672,281,703,298]},{"text":",","box":[706,281,707,298]},{"text":"TP.HCM","box":[710,281,770,298]}],"linking":[[298,299]]},{"id":300,"text":"Số tài khoản ( BankNo )","label":"question","box":[71,309,223,328],"words":[{"text":"Số","box":[71,309,88,325]},{"text":"tài","box":[95,309,110,325]},{"text":"khoản","box":[118,310,159,326]},{"text":"(","box":[167,311,171,327]},{"text":"BankNo","box":[172,311,216,327]},{"text":")","box":[219,312,223,328]}],"linking":[[300,89]]},{"id":301,"text":"Ngân hàng ( BankName ) :","label":"question","box":[71,338,238,357],"words":[{"text":"Ngân","box":[71,338,107,356]},{"text":"hàng","box":[115,338,148,356]},{"text":"(","box":[155,338,160,356]},{"text":"BankName","box":[162,339,224,357]},{"text":")","box":[228,339,232,357]},{"text":":","box":[235,339,238,357]}],"linking":[[301,302]]},{"id":302,"text":"NH TMCP Công Thương Việt Nam ( Vietinbank ) - CN Tây Sài Gòn , TP.HCM","label":"answer","box":[331,342,880,356],"words":[{"text":"NH","box":[331,342,351,356]},{"text":"TMCP","box":[358,342,403,356]},{"text":"Công","box":[411,342,447,356]},{"text":"Thương","box":[453,342,510,356]},{"text":"Việt","box":[517,342,544,356]},{"text":"Nam","box":[551,342,582,356]},{"text":"(","box":[590,342,593,356]},{"text":"Vietinbank","box":[596,342,667,356]},{"text":")","box":[670,342,675,356]},{"text":"-","box":[681,342,685,356]},{"text":"CN","box":[692,342,712,356]},{"text":"Tây","box":[720,342,746,356]},{"text":"Sài","box":[753,342,774,356]},{"text":"Gòn","box":[781,342,809,356]},{"text":",","box":[812,342,813,356]},{"text":"TP.HCM","box":[820,342,880,356]}],"linking":[[301,302]]},{"id":303,"text":"Họ tên người mua hàng ( Buyer ) :","label":"question","box":[71,391,300,407],"words":[{"text":"Họ","box":[71,391,89,406]},{"text":"tên","box":[96,391,116,406]},{"text":"người","box":[124,391,165,406]},{"text":"mua","box":[172,391,201,406]},{"text":"hàng","box":[209,391,242,407]},{"text":"(","box":[250,392,254,407]},{"text":"Buyer","box":[255,392,289,407]},{"text":")","box":[289,392,293,407]},{"text":":","box":[297,392,300,407]}],"linking":[[303,304]]},{"id":304,"text":"CAO VĂN LỘC","label":"answer","box":[433,387,541,405],"words":[{"text":"CAO","box":[433,387,465,405]},{"text":"VĂN","box":[471,387,502,404]},{"text":"LỘC","box":[510,387,541,404]}],"linking":[[303,304]]},{"id":305,"text":"Tên đơn vị ( CusName ) -","label":"question","box":[70,419,229,436],"words":[{"text":"Tên","box":[70,419,96,434]},{"text":"đơn","box":[103,420,130,434]},{"text":"vị","box":[136,420,146,435]},{"text":"(","box":[154,420,158,435]},{"text":"CusName","box":[161,421,218,436]},{"text":")","box":[220,421,222,436]},{"text":"-","box":[228,421,229,436]}],"linking":[]},{"id":306,"text":"Mã số thuế ( Tax code ) .","label":"question","box":[71,444,228,465],"words":[{"text":"Mã","box":[71,444,92,462]},{"text":"số","box":[98,444,114,462]},{"text":"thuế","box":[119,445,150,463]},{"text":"(","box":[157,445,162,463]},{"text":"Tax","box":[163,446,183,464]},{"text":"code","box":[188,447,215,465]},{"text":")","box":[218,447,221,465]},{"text":".","box":[227,447,228,465]}],"linking":[]},{"id":307,"text":"Địa chỉ ( Address )","label":"question","box":[70,474,183,492],"words":[{"text":"Địa","box":[70,474,93,491]},{"text":"chỉ","box":[100,474,121,491]},{"text":"(","box":[125,474,130,491]},{"text":"Address","box":[131,475,179,492]},{"text":")","box":[181,475,183,492]}],"linking":[[307,308]]},{"id":308,"text":"Tân Hòa , xã An Hoà Hải , Tuy An , Phú Yên","label":"answer","box":[432,476,741,491],"words":[{"text":"Tân","box":[432,476,458,491]},{"text":"Hòa","box":[466,476,493,491]},{"text":",","box":[496,476,497,491]},{"text":"xã","box":[504,476,519,491]},{"text":"An","box":[526,476,544,491]},{"text":"Hoà","box":[551,476,578,491]},{"text":"Hải","box":[586,476,608,491]},{"text":",","box":[611,476,612,491]},{"text":"Tuy","box":[619,476,645,491]},{"text":"An","box":[651,476,669,491]},{"text":",","box":[672,476,673,491]},{"text":"Phú","box":[681,476,707,491]},{"text":"Yên","box":[714,476,741,491]}],"linking":[[307,308]]},{"id":309,"text":"Hình thức thanh toán ( Method of payment ) :","label":"question","box":[71,503,361,522],"words":[{"text":"Hình","box":[71,503,103,520]},{"text":"thức","box":[109,503,141,520]},{"text":"thanh","box":[147,503,186,520]},{"text":"toán","box":[192,504,222,521]},{"text":"(","box":[230,504,234,521]},{"text":"Method","box":[235,504,279,521]},{"text":"of","box":[286,504,292,522]},{"text":"payment","box":[296,505,350,522]},{"text":")","box":[352,505,354,522]},{"text":":","box":[360,505,361,522]}],"linking":[]},{"id":310,"text":"Chuyển khoản / Tiền mặt","label":"answer","box":[433,503,605,520],"words":[{"text":"Chuyển","box":[433,503,486,520]},{"text":"khoản","box":[494,503,534,520]},{"text":"/","box":[536,503,541,520]},{"text":"Tiền","box":[545,503,572,520]},{"text":"mặt","box":[580,503,605,520]}],"linking":[]},{"id":311,"text":"Số tài khoản ( A / C No ) .","label":"question","box":[684,502,840,522],"words":[{"text":"Số","box":[684,502,703,517]},{"text":"tài","box":[708,502,726,518]},{"text":"khoản","box":[731,504,775,518]},{"text":"(","box":[782,504,785,520]},{"text":"A","box":[786,504,791,520]},{"text":"/","box":[793,504,799,520]},{"text":"C","box":[801,505,808,521]},{"text":"No","box":[812,506,828,521]},{"text":")","box":[829,506,834,522]},{"text":".","box":[839,506,840,522]}],"linking":[]},{"id":312,"text":"Ngân hàng ( Bank Name ) :","label":"question","box":[71,535,242,549],"words":[{"text":"Ngân","box":[71,535,107,549]},{"text":"hàng","box":[115,535,148,549]},{"text":"(","box":[156,535,159,549]},{"text":"Bank","box":[161,535,191,549]},{"text":"Name","box":[195,535,228,549]},{"text":")","box":[231,535,235,549]},{"text":":","box":[241,535,242,549]}],"linking":[]}]