[{"id":0,"text":"Đơn","label":"","box":[173,56,197,71],"words":[{"text":"Đơn","box":[173,56,197,71]}],"linking":[]},{"id":1,"text":"vị","label":"","box":[203,56,211,71],"words":[{"text":"vị","box":[203,56,211,71]}],"linking":[]},{"id":2,"text":"hỗ","label":"","box":[215,56,229,71],"words":[{"text":"hỗ","box":[215,56,229,71]}],"linking":[]},{"id":3,"text":"trợ","label":"","box":[234,56,250,71],"words":[{"text":"trợ","box":[234,56,250,71]}],"linking":[]},{"id":4,"text":"cung","label":"","box":[254,56,282,71],"words":[{"text":"cung","box":[254,56,282,71]}],"linking":[]},{"id":5,"text":"cấp","label":"","box":[287,56,307,71],"words":[{"text":"cấp","box":[287,56,307,71]}],"linking":[]},{"id":6,"text":"công","label":"","box":[312,56,339,71],"words":[{"text":"công","box":[312,56,339,71]}],"linking":[]},{"id":7,"text":"cụ","label":"","box":[344,56,357,71],"words":[{"text":"cụ","box":[344,56,357,71]}],"linking":[]},{"id":8,"text":"phát","label":"","box":[361,56,387,71],"words":[{"text":"phát","box":[361,56,387,71]}],"linking":[]},{"id":9,"text":"hành","label":"","box":[392,56,420,71],"words":[{"text":"hành","box":[392,56,420,71]}],"linking":[]},{"id":10,"text":"hóa","label":"","box":[425,56,446,71],"words":[{"text":"hóa","box":[425,56,446,71]}],"linking":[]},{"id":11,"text":"đơn","label":"","box":[451,56,473,71],"words":[{"text":"đơn","box":[451,56,473,71]}],"linking":[]},{"id":12,"text":"điện","label":"","box":[478,56,502,71],"words":[{"text":"điện","box":[478,56,502,71]}],"linking":[]},{"id":13,"text":"tử","label":"","box":[507,56,514,71],"words":[{"text":"tử","box":[507,56,514,71]}],"linking":[]},{"id":14,"text":":","label":"","box":[518,56,521,71],"words":[{"text":":","box":[518,56,521,71]}],"linking":[]},{"id":15,"text":"Công","label":"","box":[527,56,557,71],"words":[{"text":"Công","box":[527,56,557,71]}],"linking":[]},{"id":16,"text":"ty","label":"","box":[562,56,572,71],"words":[{"text":"ty","box":[562,56,572,71]}],"linking":[]},{"id":17,"text":"Cổ","label":"","box":[576,56,592,71],"words":[{"text":"Cổ","box":[576,56,592,71]}],"linking":[]},{"id":18,"text":"phần","label":"","box":[596,56,625,71],"words":[{"text":"phần","box":[596,56,625,71]}],"linking":[]},{"id":19,"text":"Định","label":"","box":[630,56,656,71],"words":[{"text":"Định","box":[630,56,656,71]}],"linking":[]},{"id":20,"text":"Gia","label":"","box":[661,56,680,71],"words":[{"text":"Gia","box":[661,56,680,71]}],"linking":[]},{"id":21,"text":"Nét","label":"","box":[686,56,706,71],"words":[{"text":"Nét","box":[686,56,706,71]}],"linking":[]},{"id":22,"text":"-","label":"","box":[710,56,713,71],"words":[{"text":"-","box":[710,56,713,71]}],"linking":[]},{"id":23,"text":"DigiNet","label":"","box":[718,56,761,71],"words":[{"text":"DigiNet","box":[718,56,761,71]}],"linking":[]},{"id":24,"text":"Corp","label":"","box":[765,56,791,71],"words":[{"text":"Corp","box":[765,56,791,71]}],"linking":[]},{"id":25,"text":",","label":"","box":[793,56,795,71],"words":[{"text":",","box":[793,56,795,71]}],"linking":[]},{"id":26,"text":"MST","label":"","box":[801,56,825,71],"words":[{"text":"MST","box":[801,56,825,71]}],"linking":[]},{"id":27,"text":":","label":"","box":[828,56,832,71],"words":[{"text":":","box":[828,56,832,71]}],"linking":[]},{"id":28,"text":"0303359278","label":"","box":[837,56,907,71],"words":[{"text":"0303359278","box":[837,56,907,71]}],"linking":[]},{"id":29,"text":",","label":"","box":[910,56,912,71],"words":[{"text":",","box":[910,56,912,71]}],"linking":[]},{"id":30,"text":"Điện","label":"","box":[918,56,944,71],"words":[{"text":"Điện","box":[918,56,944,71]}],"linking":[]},{"id":31,"text":"thoại","label":"","box":[949,56,977,71],"words":[{"text":"thoại","box":[949,56,977,71]}],"linking":[]},{"id":32,"text":":","label":"","box":[979,56,980,71],"words":[{"text":":","box":[979,56,980,71]}],"linking":[]},{"id":33,"text":"028","label":"","box":[985,56,1006,71],"words":[{"text":"028","box":[985,56,1006,71]}],"linking":[]},{"id":34,"text":"35123878","label":"","box":[1011,56,1069,71],"words":[{"text":"35123878","box":[1011,56,1069,71]}],"linking":[]},{"id":35,"text":"HÓA","label":"","box":[389,94,453,128],"words":[{"text":"HÓA","box":[389,94,453,128]}],"linking":[]},{"id":36,"text":"ĐƠN","label":"","box":[462,94,532,128],"words":[{"text":"ĐƠN","box":[462,94,532,128]}],"linking":[]},{"id":37,"text":"GIÁ","label":"","box":[545,94,597,128],"words":[{"text":"GIÁ","box":[545,94,597,128]}],"linking":[]},{"id":38,"text":"TRỊ","label":"","box":[606,94,654,128],"words":[{"text":"TRỊ","box":[606,94,654,128]}],"linking":[]},{"id":39,"text":"GIA","label":"","box":[666,94,718,128],"words":[{"text":"GIA","box":[666,94,718,128]}],"linking":[]},{"id":40,"text":"TĂNG","label":"","box":[728,94,811,128],"words":[{"text":"TĂNG","box":[728,94,811,128]}],"linking":[]},{"id":41,"text":"VAT","label":"","box":[522,144,572,162],"words":[{"text":"VAT","box":[522,144,572,162]}],"linking":[]},{"id":42,"text":"INVOICE","label":"","box":[578,144,681,162],"words":[{"text":"INVOICE","box":[578,144,681,162]}],"linking":[]},{"id":43,"text":"Ngày","label":"","box":[431,177,466,194],"words":[{"text":"Ngày","box":[431,177,466,194]}],"linking":[]},{"id":44,"text":"(","label":"","box":[473,177,476,193],"words":[{"text":"(","box":[473,177,476,193]}],"linking":[]},{"id":45,"text":"Date","label":"","box":[477,177,503,193],"words":[{"text":"Date","box":[477,177,503,193]}],"linking":[]},{"id":46,"text":")","label":"","box":[506,177,509,193],"words":[{"text":")","box":[506,177,509,193]}],"linking":[]},{"id":47,"text":"28","label":"","box":[514,177,531,193],"words":[{"text":"28","box":[514,177,531,193]}],"linking":[]},{"id":48,"text":"tháng","label":"","box":[537,177,576,193],"words":[{"text":"tháng","box":[537,177,576,193]}],"linking":[]},{"id":49,"text":"(","label":"","box":[584,177,587,193],"words":[{"text":"(","box":[584,177,587,193]}],"linking":[]},{"id":50,"text":"month","label":"","box":[586,177,623,193],"words":[{"text":"month","box":[586,177,623,193]}],"linking":[]},{"id":51,"text":")","label":"","box":[626,177,629,193],"words":[{"text":")","box":[626,177,629,193]}],"linking":[]},{"id":52,"text":"03","label":"","box":[634,176,651,193],"words":[{"text":"03","box":[634,176,651,193]}],"linking":[]},{"id":53,"text":"năm","label":"","box":[658,176,686,192],"words":[{"text":"năm","box":[658,176,686,192]}],"linking":[]},{"id":54,"text":"(","label":"","box":[695,176,699,192],"words":[{"text":"(","box":[695,176,699,192]}],"linking":[]},{"id":55,"text":"year","label":"","box":[699,176,723,192],"words":[{"text":"year","box":[699,176,723,192]}],"linking":[]},{"id":56,"text":")","label":"","box":[726,176,729,192],"words":[{"text":")","box":[726,176,729,192]}],"linking":[]},{"id":57,"text":"2022","label":"","box":[734,176,768,192],"words":[{"text":"2022","box":[734,176,768,192]}],"linking":[]},{"id":58,"text":"STT","label":"","box":[62,621,90,632],"words":[{"text":"STT","box":[62,621,90,632]}],"linking":[]},{"id":59,"text":"No.","label":"","box":[64,645,88,655],"words":[{"text":"No.","box":[64,645,88,655]}],"linking":[]},{"id":60,"text":"BINH","label":"","box":[161,172,189,185],"words":[{"text":"BINH","box":[161,172,189,185]}],"linking":[]},{"id":61,"text":"MINH","label":"","box":[196,172,229,184],"words":[{"text":"MINH","box":[196,172,229,184]}],"linking":[]},{"id":62,"text":"1","label":"","box":[72,701,79,712],"words":[{"text":"1","box":[72,701,79,712]}],"linking":[]},{"id":63,"text":".","label":"","box":[227,447,228,465],"words":[{"text":".","box":[227,447,228,465]}],"linking":[]},{"id":64,"text":".","label":"","box":[360,505,361,522],"words":[{"text":".","box":[360,505,361,522]}],"linking":[]},{"id":65,"text":"0303880297","label":"answer","box":[330,254,419,265],"words":[{"text":"0303880297","box":[330,254,419,265]}],"linking":[[250,65]]},{"id":66,"text":"112002622316","label":"answer","box":[331,311,439,323],"words":[{"text":"112002622316","box":[331,311,439,323]}],"linking":[[253,66]]},{"id":67,"text":"TÊN","label":"","box":[174,618,202,635],"words":[{"text":"TÊN","box":[174,618,202,635]}],"linking":[]},{"id":68,"text":"HÀNG","label":"","box":[210,618,253,635],"words":[{"text":"HÀNG","box":[210,618,253,635]}],"linking":[]},{"id":69,"text":"HÓA","label":"","box":[259,618,289,635],"words":[{"text":"HÓA","box":[259,618,289,635]}],"linking":[]},{"id":70,"text":",","label":"","box":[292,618,294,635],"words":[{"text":",","box":[292,618,294,635]}],"linking":[]},{"id":71,"text":"DỊCH","label":"","box":[303,618,338,635],"words":[{"text":"DỊCH","box":[303,618,338,635]}],"linking":[]},{"id":72,"text":"VỤ","label":"","box":[344,618,364,636],"words":[{"text":"VỤ","box":[344,618,364,636]}],"linking":[]},{"id":73,"text":"Description","label":"","box":[232,644,308,658],"words":[{"text":"Description","box":[232,644,308,658]}],"linking":[]},{"id":74,"text":"ABM","label":"","box":[102,700,134,713],"words":[{"text":"ABM","box":[102,700,134,713]}],"linking":[]},{"id":75,"text":"BIOMI","label":"","box":[142,699,188,712],"words":[{"text":"BIOMI","box":[142,699,188,712]}],"linking":[]},{"id":76,"text":"10KG","label":"","box":[193,698,231,711],"words":[{"text":"10KG","box":[193,698,231,711]}],"linking":[]},{"id":77,"text":"TỔNG","label":"","box":[208,1043,254,1059],"words":[{"text":"TỔNG","box":[208,1043,254,1059]}],"linking":[]},{"id":78,"text":"HỢP","label":"","box":[261,1044,295,1060],"words":[{"text":"HỢP","box":[261,1044,295,1060]}],"linking":[]},{"id":79,"text":"Tổng","label":"","box":[76,1082,111,1099],"words":[{"text":"Tổng","box":[76,1082,111,1099]}],"linking":[]},{"id":80,"text":"tiền","label":"","box":[117,1082,142,1099],"words":[{"text":"tiền","box":[117,1082,142,1099]}],"linking":[]},{"id":81,"text":"không","label":"","box":[150,1082,191,1099],"words":[{"text":"không","box":[150,1082,191,1099]}],"linking":[]},{"id":82,"text":"kê","label":"","box":[199,1082,213,1099],"words":[{"text":"kê","box":[199,1082,213,1099]}],"linking":[]},{"id":83,"text":"khai","label":"","box":[221,1082,248,1099],"words":[{"text":"khai","box":[221,1082,248,1099]}],"linking":[]},{"id":84,"text":"và","label":"","box":[254,1082,270,1099],"words":[{"text":"và","box":[254,1082,270,1099]}],"linking":[]},{"id":85,"text":"nộp","label":"","box":[277,1082,302,1099],"words":[{"text":"nộp","box":[277,1082,302,1099]}],"linking":[]},{"id":86,"text":"thuế","label":"","box":[308,1082,338,1099],"words":[{"text":"thuế","box":[308,1082,338,1099]}],"linking":[]},{"id":87,"text":":","label":"","box":[341,1082,342,1099],"words":[{"text":":","box":[341,1082,342,1099]}],"linking":[]},{"id":88,"text":"Tổng","label":"","box":[76,1109,111,1126],"words":[{"text":"Tổng","box":[76,1109,111,1126]}],"linking":[]},{"id":89,"text":"tiền","label":"","box":[117,1109,142,1126],"words":[{"text":"tiền","box":[117,1109,142,1126]}],"linking":[]},{"id":90,"text":"không","label":"","box":[150,1109,191,1126],"words":[{"text":"không","box":[150,1109,191,1126]}],"linking":[]},{"id":91,"text":"chịu","label":"","box":[198,1109,226,1126],"words":[{"text":"chịu","box":[198,1109,226,1126]}],"linking":[]},{"id":92,"text":"thuế","label":"","box":[232,1109,262,1126],"words":[{"text":"thuế","box":[232,1109,262,1126]}],"linking":[]},{"id":93,"text":"GTGT","label":"","box":[270,1109,314,1126],"words":[{"text":"GTGT","box":[270,1109,314,1126]}],"linking":[]},{"id":94,"text":":","label":"","box":[316,1109,317,1126],"words":[{"text":":","box":[316,1109,317,1126]}],"linking":[]},{"id":95,"text":"Tổng","label":"","box":[76,1132,110,1154],"words":[{"text":"Tổng","box":[76,1132,110,1154]}],"linking":[]},{"id":96,"text":"tiền","label":"","box":[116,1132,141,1153],"words":[{"text":"tiền","box":[116,1132,141,1153]}],"linking":[]},{"id":97,"text":"chịu","label":"","box":[148,1132,176,1153],"words":[{"text":"chịu","box":[148,1132,176,1153]}],"linking":[]},{"id":98,"text":"thuế","label":"","box":[180,1131,210,1152],"words":[{"text":"thuế","box":[180,1131,210,1152]}],"linking":[]},{"id":99,"text":"suất","label":"","box":[220,1131,249,1152],"words":[{"text":"suất","box":[220,1131,249,1152]}],"linking":[]},{"id":100,"text":":","label":"","box":[251,1131,252,1152],"words":[{"text":":","box":[251,1131,252,1152]}],"linking":[]},{"id":101,"text":"Tổng","label":"","box":[76,1160,110,1179],"words":[{"text":"Tổng","box":[76,1160,110,1179]}],"linking":[]},{"id":102,"text":"tiền","label":"","box":[116,1160,141,1178],"words":[{"text":"tiền","box":[116,1160,141,1178]}],"linking":[]},{"id":103,"text":"chịu","label":"","box":[148,1160,176,1178],"words":[{"text":"chịu","box":[148,1160,176,1178]}],"linking":[]},{"id":104,"text":"thuế","label":"","box":[182,1160,212,1178],"words":[{"text":"thuế","box":[182,1160,212,1178]}],"linking":[]},{"id":105,"text":"suất","label":"","box":[220,1160,248,1178],"words":[{"text":"suất","box":[220,1160,248,1178]}],"linking":[]},{"id":106,"text":":","label":"","box":[251,1160,252,1178],"words":[{"text":":","box":[251,1160,252,1178]}],"linking":[]},{"id":107,"text":"Tổng","label":"","box":[76,1187,110,1207],"words":[{"text":"Tổng","box":[76,1187,110,1207]}],"linking":[]},{"id":108,"text":"tiền","label":"","box":[116,1187,141,1206],"words":[{"text":"tiền","box":[116,1187,141,1206]}],"linking":[]},{"id":109,"text":"chịu","label":"","box":[148,1187,176,1206],"words":[{"text":"chịu","box":[148,1187,176,1206]}],"linking":[]},{"id":110,"text":"thuế","label":"","box":[182,1186,212,1205],"words":[{"text":"thuế","box":[182,1186,212,1205]}],"linking":[]},{"id":111,"text":"suất","label":"","box":[220,1186,248,1205],"words":[{"text":"suất","box":[220,1186,248,1205]}],"linking":[]},{"id":112,"text":":","label":"","box":[251,1186,251,1205],"words":[{"text":":","box":[251,1186,251,1205]}],"linking":[]},{"id":113,"text":"Tổng","label":"","box":[76,1213,110,1233],"words":[{"text":"Tổng","box":[76,1213,110,1233]}],"linking":[]},{"id":114,"text":"cộng","label":"","box":[116,1213,150,1232],"words":[{"text":"cộng","box":[116,1213,150,1232]}],"linking":[]},{"id":115,"text":"tiền","label":"","box":[157,1213,181,1232],"words":[{"text":"tiền","box":[157,1213,181,1232]}],"linking":[]},{"id":116,"text":"thanh","label":"","box":[188,1213,227,1232],"words":[{"text":"thanh","box":[188,1213,227,1232]}],"linking":[]},{"id":117,"text":"toán","label":"","box":[233,1213,263,1232],"words":[{"text":"toán","box":[233,1213,263,1232]}],"linking":[]},{"id":118,"text":"Số","label":"","box":[77,1248,94,1265],"words":[{"text":"Số","box":[77,1248,94,1265]}],"linking":[]},{"id":119,"text":"tiền","label":"","box":[99,1248,124,1265],"words":[{"text":"tiền","box":[99,1248,124,1265]}],"linking":[]},{"id":120,"text":"viết","label":"","box":[131,1248,155,1266],"words":[{"text":"viết","box":[131,1248,155,1266]}],"linking":[]},{"id":121,"text":"bằng","label":"","box":[162,1249,196,1266],"words":[{"text":"bằng","box":[162,1249,196,1266]}],"linking":[]},{"id":122,"text":"chữ","label":"","box":[203,1249,229,1266],"words":[{"text":"chữ","box":[203,1249,229,1266]}],"linking":[]},{"id":123,"text":"(","label":"","box":[236,1250,240,1267],"words":[{"text":"(","box":[236,1250,240,1267]}],"linking":[]},{"id":124,"text":"Total","label":"","box":[243,1250,270,1267],"words":[{"text":"Total","box":[243,1250,270,1267]}],"linking":[]},{"id":125,"text":"amount","label":"","box":[275,1251,319,1268],"words":[{"text":"amount","box":[275,1251,319,1268]}],"linking":[]},{"id":126,"text":"in","label":"","box":[324,1251,333,1268],"words":[{"text":"in","box":[324,1251,333,1268]}],"linking":[]},{"id":127,"text":"words","label":"","box":[339,1251,372,1269],"words":[{"text":"words","box":[339,1251,372,1269]}],"linking":[]},{"id":128,"text":")","label":"","box":[375,1252,378,1269],"words":[{"text":")","box":[375,1252,378,1269]}],"linking":[]},{"id":129,"text":"Người","label":"","box":[255,1297,299,1312],"words":[{"text":"Người","box":[255,1297,299,1312]}],"linking":[]},{"id":130,"text":"mua","label":"","box":[306,1297,336,1312],"words":[{"text":"mua","box":[306,1297,336,1312]}],"linking":[]},{"id":131,"text":"hàng","label":"","box":[342,1297,376,1312],"words":[{"text":"hàng","box":[342,1297,376,1312]}],"linking":[]},{"id":132,"text":"(","label":"","box":[384,1297,387,1312],"words":[{"text":"(","box":[384,1297,387,1312]}],"linking":[]},{"id":133,"text":"Buyer","label":"","box":[387,1297,421,1312],"words":[{"text":"Buyer","box":[387,1297,421,1312]}],"linking":[]},{"id":134,"text":")","label":"","box":[424,1297,427,1312],"words":[{"text":")","box":[424,1297,427,1312]}],"linking":[]},{"id":135,"text":"ĐƠN","label":"","box":[457,609,490,622],"words":[{"text":"ĐƠN","box":[457,609,490,622]}],"linking":[]},{"id":136,"text":"VỊ","label":"","box":[497,609,509,622],"words":[{"text":"VỊ","box":[497,609,509,622]}],"linking":[]},{"id":137,"text":"SÓ","label":"","box":[548,607,572,620],"words":[{"text":"SÓ","box":[548,607,572,620]}],"linking":[]},{"id":138,"text":"ΤΙΝΗ","label":"","box":[469,629,503,643],"words":[{"text":"ΤΙΝΗ","box":[469,629,503,643]}],"linking":[]},{"id":139,"text":"Unit","label":"","box":[474,657,503,668],"words":[{"text":"Unit","box":[474,657,503,668]}],"linking":[]},{"id":140,"text":"Bao","label":"","box":[473,700,501,712],"words":[{"text":"Bao","box":[473,700,501,712]}],"linking":[]},{"id":141,"text":"|","label":"","box":[528,629,529,646],"words":[{"text":"|","box":[528,629,529,646]}],"linking":[]},{"id":142,"text":"LƯỢNG","label":"","box":[533,629,586,646],"words":[{"text":"LƯỢNG","box":[533,629,586,646]}],"linking":[]},{"id":143,"text":"Quantity","label":"","box":[533,657,593,670],"words":[{"text":"Quantity","box":[533,657,593,670]}],"linking":[]},{"id":144,"text":"80","label":"","box":[553,701,571,712],"words":[{"text":"80","box":[553,701,571,712]}],"linking":[]},{"id":145,"text":"THUẾ","label":"","box":[475,1044,518,1058],"words":[{"text":"THUẾ","box":[475,1044,518,1058]}],"linking":[]},{"id":146,"text":"SUẤT","label":"","box":[525,1044,565,1058],"words":[{"text":"SUẤT","box":[525,1044,565,1058]}],"linking":[]},{"id":147,"text":"X","label":"","box":[515,1088,525,1096],"words":[{"text":"X","box":[515,1088,525,1096]}],"linking":[]},{"id":148,"text":"X","label":"","box":[515,1115,524,1123],"words":[{"text":"X","box":[515,1115,524,1123]}],"linking":[]},{"id":149,"text":"0","label":"","box":[507,1137,518,1148],"words":[{"text":"0","box":[507,1137,518,1148]}],"linking":[]},{"id":150,"text":"%","label":"","box":[517,1137,532,1148],"words":[{"text":"%","box":[517,1137,532,1148]}],"linking":[]},{"id":151,"text":"5","label":"","box":[508,1165,518,1176],"words":[{"text":"5","box":[508,1165,518,1176]}],"linking":[]},{"id":152,"text":"%","label":"","box":[518,1165,532,1176],"words":[{"text":"%","box":[518,1165,532,1176]}],"linking":[]},{"id":153,"text":"10","label":"","box":[505,1192,521,1203],"words":[{"text":"10","box":[505,1192,521,1203]}],"linking":[]},{"id":154,"text":"%","label":"","box":[522,1192,535,1203],"words":[{"text":"%","box":[522,1192,535,1203]}],"linking":[]},{"id":155,"text":"ĐƠN","label":"","box":[629,618,662,633],"words":[{"text":"ĐƠN","box":[629,618,662,633]}],"linking":[]},{"id":156,"text":"GIẢ","label":"","box":[669,618,694,632],"words":[{"text":"GIẢ","box":[669,618,694,632]}],"linking":[]},{"id":157,"text":"Price","label":"","box":[646,644,681,655],"words":[{"text":"Price","box":[646,644,681,655]}],"linking":[]},{"id":158,"text":"190,909.091","label":"","box":[629,699,716,714],"words":[{"text":"190,909.091","box":[629,699,716,714]}],"linking":[]},{"id":159,"text":"THUÊ","label":"","box":[866,594,906,609],"words":[{"text":"THUÊ","box":[866,594,906,609]}],"linking":[]},{"id":160,"text":"SUÁT","label":"","box":[868,618,908,632],"words":[{"text":"SUÁT","box":[868,618,908,632]}],"linking":[]},{"id":161,"text":"GTGT","label":"","box":[869,643,912,655],"words":[{"text":"GTGT","box":[869,643,912,655]}],"linking":[]},{"id":162,"text":"VAT","label":"","box":[862,669,891,679],"words":[{"text":"VAT","box":[862,669,891,679]}],"linking":[]},{"id":163,"text":"rate","label":"","box":[895,669,921,680],"words":[{"text":"rate","box":[895,669,921,680]}],"linking":[]},{"id":164,"text":"15,272,727","label":"","box":[764,700,845,714],"words":[{"text":"15,272,727","box":[764,700,845,714]}],"linking":[]},{"id":165,"text":"10","label":"","box":[874,701,891,711],"words":[{"text":"10","box":[874,701,891,711]}],"linking":[]},{"id":166,"text":"%","label":"","box":[892,701,904,711],"words":[{"text":"%","box":[892,701,904,711]}],"linking":[]},{"id":167,"text":"THÀNH","label":"","box":[745,615,795,633],"words":[{"text":"THÀNH","box":[745,615,795,633]}],"linking":[]},{"id":168,"text":"TIỀN","label":"","box":[802,615,835,632],"words":[{"text":"TIỀN","box":[802,615,835,632]}],"linking":[]},{"id":169,"text":"Total","label":"","box":[775,644,810,655],"words":[{"text":"Total","box":[775,644,810,655]}],"linking":[]},{"id":170,"text":"Cộng","label":"","box":[613,1005,649,1023],"words":[{"text":"Cộng","box":[613,1005,649,1023]}],"linking":[]},{"id":171,"text":"(","label":"","box":[657,1005,660,1023],"words":[{"text":"(","box":[657,1005,660,1023]}],"linking":[]},{"id":172,"text":"Sub","label":"","box":[663,1005,684,1023],"words":[{"text":"Sub","box":[663,1005,684,1023]}],"linking":[]},{"id":173,"text":"total","label":"","box":[689,1005,714,1024],"words":[{"text":"total","box":[689,1005,714,1024]}],"linking":[]},{"id":174,"text":")","label":"","box":[717,1006,718,1024],"words":[{"text":")","box":[717,1006,718,1024]}],"linking":[]},{"id":175,"text":":","label":"","box":[721,1006,725,1024],"words":[{"text":":","box":[721,1006,725,1024]}],"linking":[]},{"id":176,"text":"15,272,727","label":"","box":[764,1007,845,1020],"words":[{"text":"15,272,727","box":[764,1007,845,1020]}],"linking":[]},{"id":177,"text":"TRỊ","label":"","box":[620,1042,643,1060],"words":[{"text":"TRỊ","box":[620,1042,643,1060]}],"linking":[]},{"id":178,"text":"GIÁ","label":"","box":[651,1042,676,1059],"words":[{"text":"GIÁ","box":[651,1042,676,1059]}],"linking":[]},{"id":179,"text":"CHƯA","label":"","box":[684,1042,729,1059],"words":[{"text":"CHƯA","box":[684,1042,729,1059]}],"linking":[]},{"id":180,"text":"THUẾ","label":"","box":[736,1041,779,1058],"words":[{"text":"THUẾ","box":[736,1041,779,1058]}],"linking":[]},{"id":181,"text":"GTGT","label":"","box":[786,1041,828,1058],"words":[{"text":"GTGT","box":[786,1041,828,1058]}],"linking":[]},{"id":182,"text":"Mười","label":"","box":[455,1249,490,1267],"words":[{"text":"Mười","box":[455,1249,490,1267]}],"linking":[]},{"id":183,"text":"sáu","label":"","box":[497,1249,521,1266],"words":[{"text":"sáu","box":[497,1249,521,1266]}],"linking":[]},{"id":184,"text":"triệu","label":"","box":[527,1249,557,1266],"words":[{"text":"triệu","box":[527,1249,557,1266]}],"linking":[]},{"id":185,"text":"tám","label":"","box":[564,1249,589,1266],"words":[{"text":"tám","box":[564,1249,589,1266]}],"linking":[]},{"id":186,"text":"trăm","label":"","box":[596,1249,626,1266],"words":[{"text":"trăm","box":[596,1249,626,1266]}],"linking":[]},{"id":187,"text":"nghìn","label":"","box":[634,1249,672,1266],"words":[{"text":"nghìn","box":[634,1249,672,1266]}],"linking":[]},{"id":188,"text":"đồng","label":"","box":[680,1248,713,1266],"words":[{"text":"đồng","box":[680,1248,713,1266]}],"linking":[]},{"id":189,"text":"chẵn","label":"","box":[720,1248,753,1265],"words":[{"text":"chẵn","box":[720,1248,753,1265]}],"linking":[]},{"id":190,"text":"1/1","label":"","box":[606,1716,635,1731],"words":[{"text":"1/1","box":[606,1716,635,1731]}],"linking":[]},{"id":191,"text":"15,272,727","label":"","box":[756,1191,837,1203],"words":[{"text":"15,272,727","box":[756,1191,837,1203]}],"linking":[]},{"id":192,"text":"15,272,727","label":"","box":[756,1217,836,1230],"words":[{"text":"15,272,727","box":[756,1217,836,1230]}],"linking":[]},{"id":193,"text":"TIÊN","label":"","box":[944,605,978,621],"words":[{"text":"TIÊN","box":[944,605,978,621]}],"linking":[]},{"id":194,"text":"THUÊ","label":"","box":[984,606,1024,622],"words":[{"text":"THUÊ","box":[984,606,1024,622]}],"linking":[]},{"id":195,"text":"GTGT","label":"","box":[965,631,1007,643],"words":[{"text":"GTGT","box":[965,631,1007,643]}],"linking":[]},{"id":196,"text":"VAT","label":"","box":[945,656,974,668],"words":[{"text":"VAT","box":[945,656,974,668]}],"linking":[]},{"id":197,"text":"amount","label":"","box":[979,656,1031,668],"words":[{"text":"amount","box":[979,656,1031,668]}],"linking":[]},{"id":198,"text":"1,527,273","label":"","box":[966,700,1037,714],"words":[{"text":"1,527,273","box":[966,700,1037,714]}],"linking":[]},{"id":199,"text":"1,527,273","label":"","box":[966,1008,1037,1020],"words":[{"text":"1,527,273","box":[966,1008,1037,1020]}],"linking":[]},{"id":200,"text":"TIÊN","label":"","box":[883,1044,917,1058],"words":[{"text":"TIÊN","box":[883,1044,917,1058]}],"linking":[]},{"id":201,"text":"THUẾ","label":"","box":[925,1044,968,1058],"words":[{"text":"THUẾ","box":[925,1044,968,1058]}],"linking":[]},{"id":202,"text":"GTGT","label":"","box":[975,1044,1017,1058],"words":[{"text":"GTGT","box":[975,1044,1017,1058]}],"linking":[]},{"id":203,"text":"1,527,273","label":"","box":[959,1190,1029,1204],"words":[{"text":"1,527,273","box":[959,1190,1029,1204]}],"linking":[]},{"id":204,"text":"1,527,273","label":"","box":[959,1217,1030,1231],"words":[{"text":"1,527,273","box":[959,1217,1030,1231]}],"linking":[]},{"id":205,"text":"Người","label":"","box":[817,1297,860,1312],"words":[{"text":"Người","box":[817,1297,860,1312]}],"linking":[]},{"id":206,"text":"bán","label":"","box":[867,1297,892,1312],"words":[{"text":"bán","box":[867,1297,892,1312]}],"linking":[]},{"id":207,"text":"hàng","label":"","box":[900,1297,934,1312],"words":[{"text":"hàng","box":[900,1297,934,1312]}],"linking":[]},{"id":208,"text":"(","label":"","box":[942,1297,945,1312],"words":[{"text":"(","box":[942,1297,945,1312]}],"linking":[]},{"id":209,"text":"Seller","label":"","box":[948,1297,979,1313],"words":[{"text":"Seller","box":[948,1297,979,1313]}],"linking":[]},{"id":210,"text":")","label":"","box":[981,1298,984,1313],"words":[{"text":")","box":[981,1298,984,1313]}],"linking":[]},{"id":211,"text":"0000565","label":"answer","box":[1039,173,1114,186],"words":[{"text":"0000565","box":[1039,173,1114,186]}],"linking":[[247,211]]},{"id":212,"text":"THÀNH","label":"","box":[1064,606,1115,621],"words":[{"text":"THÀNH","box":[1064,606,1115,621]}],"linking":[]},{"id":213,"text":"TIÊN","label":"","box":[1123,606,1156,621],"words":[{"text":"TIÊN","box":[1123,606,1156,621]}],"linking":[]},{"id":214,"text":"SAU","label":"","box":[1075,628,1102,644],"words":[{"text":"SAU","box":[1075,628,1102,644]}],"linking":[]},{"id":215,"text":"THUẾ","label":"","box":[1109,627,1150,643],"words":[{"text":"THUẾ","box":[1109,627,1150,643]}],"linking":[]},{"id":216,"text":"Amount","label":"","box":[1086,656,1140,667],"words":[{"text":"Amount","box":[1086,656,1140,667]}],"linking":[]},{"id":217,"text":"Signature","label":"","box":[777,1344,845,1362],"words":[{"text":"Signature","box":[777,1344,845,1362]}],"linking":[]},{"id":218,"text":"Valid","label":"","box":[851,1343,890,1360],"words":[{"text":"Valid","box":[851,1343,890,1360]}],"linking":[]},{"id":219,"text":"|","label":"","box":[773,1366,774,1386],"words":[{"text":"|","box":[773,1366,774,1386]}],"linking":[]},{"id":220,"text":"Ký","label":"","box":[775,1365,796,1385],"words":[{"text":"Ký","box":[775,1365,796,1385]}],"linking":[]},{"id":221,"text":"bởi","label":"","box":[803,1365,826,1385],"words":[{"text":"bởi","box":[803,1365,826,1385]}],"linking":[]},{"id":222,"text":":","label":"","box":[828,1365,829,1385],"words":[{"text":":","box":[828,1365,829,1385]}],"linking":[]},{"id":223,"text":"CÔNG","label":"","box":[837,1365,887,1385],"words":[{"text":"CÔNG","box":[837,1365,887,1385]}],"linking":[]},{"id":224,"text":"TY","label":"","box":[895,1365,911,1385],"words":[{"text":"TY","box":[895,1365,911,1385]}],"linking":[]},{"id":225,"text":"CỔ","label":"","box":[922,1364,941,1385],"words":[{"text":"CỔ","box":[922,1364,941,1385]}],"linking":[]},{"id":226,"text":"PHẦN","label":"","box":[952,1364,1000,1384],"words":[{"text":"PHẦN","box":[952,1364,1000,1384]}],"linking":[]},{"id":227,"text":"THỦY","label":"","box":[1006,1364,1055,1384],"words":[{"text":"THỦY","box":[1006,1364,1055,1384]}],"linking":[]},{"id":228,"text":"SẢN","label":"","box":[778,1391,813,1406],"words":[{"text":"SẢN","box":[778,1391,813,1406]}],"linking":[]},{"id":229,"text":"BÌNH","label":"","box":[818,1391,862,1406],"words":[{"text":"BÌNH","box":[818,1391,862,1406]}],"linking":[]},{"id":230,"text":"MINH","label":"","box":[867,1391,915,1406],"words":[{"text":"MINH","box":[867,1391,915,1406]}],"linking":[]},{"id":231,"text":"Ngày","label":"","box":[777,1415,815,1434],"words":[{"text":"Ngày","box":[777,1415,815,1434]}],"linking":[]},{"id":232,"text":"ký","label":"","box":[820,1415,835,1433],"words":[{"text":"ký","box":[820,1415,835,1433]}],"linking":[]},{"id":233,"text":":","label":"","box":[838,1415,841,1433],"words":[{"text":":","box":[838,1415,841,1433]}],"linking":[]},{"id":234,"text":"28/03/2022","label":"","box":[848,1413,929,1433],"words":[{"text":"28/03/2022","box":[848,1413,929,1433]}],"linking":[]},{"id":235,"text":"16,800,000","label":"","box":[1088,698,1168,714],"words":[{"text":"16,800,000","box":[1088,698,1168,714]}],"linking":[]},{"id":236,"text":"16,800,000","label":"","box":[1088,1006,1167,1021],"words":[{"text":"16,800,000","box":[1088,1006,1167,1021]}],"linking":[]},{"id":237,"text":"GIÁ","label":"","box":[1052,1030,1077,1046],"words":[{"text":"GIÁ","box":[1052,1030,1077,1046]}],"linking":[]},{"id":238,"text":"TRỊ","label":"","box":[1083,1030,1107,1046],"words":[{"text":"TRỊ","box":[1083,1030,1107,1046]}],"linking":[]},{"id":239,"text":"THANH","label":"","box":[1114,1031,1169,1047],"words":[{"text":"THANH","box":[1114,1031,1169,1047]}],"linking":[]},{"id":240,"text":"TOÁN","label":"","box":[1090,1056,1133,1070],"words":[{"text":"TOÁN","box":[1090,1056,1133,1070]}],"linking":[]},{"id":241,"text":"16,800,000","label":"","box":[1081,1191,1161,1204],"words":[{"text":"16,800,000","box":[1081,1191,1161,1204]}],"linking":[]},{"id":242,"text":"16,800,000","label":"","box":[1081,1218,1161,1231],"words":[{"text":"16,800,000","box":[1081,1218,1161,1231]}],"linking":[]},{"id":243,"text":"Mẫu số ( Fom ) :","label":"question","box":[874,91,981,111],"words":[{"text":"Mẫu","box":[874,91,905,108]},{"text":"số","box":[910,92,927,109]},{"text":"(","box":[932,92,937,109]},{"text":"Fom","box":[937,93,959,110]},{"text":")","box":[966,93,974,110]},{"text":":","box":[978,94,981,111]}],"linking":[[243,244]]},{"id":244,"text":"01GTKT0 / 002","label":"answer","box":[1039,95,1141,107],"words":[{"text":"01GTKT0","box":[1039,95,1108,107]},{"text":"/","box":[1109,95,1115,107]},{"text":"002","box":[1114,95,1141,107]}],"linking":[[243,244]]},{"id":245,"text":"Ki hiệu ( Series ) .","label":"question","box":[875,132,984,149],"words":[{"text":"Ki","box":[875,132,887,146]},{"text":"hiệu","box":[895,133,924,147]},{"text":"(","box":[931,133,936,147]},{"text":"Series","box":[937,134,973,148]},{"text":")","box":[974,135,978,149]},{"text":".","box":[981,135,984,149]}],"linking":[[245,246]]},{"id":246,"text":"BM / 21E","label":"answer","box":[1039,134,1095,145],"words":[{"text":"BM","box":[1039,134,1060,145]},{"text":"/","box":[1062,134,1067,145]},{"text":"21E","box":[1067,134,1095,145]}],"linking":[[245,246]]},{"id":247,"text":"Số ( No. ) .","label":"question","box":[875,167,939,188],"words":[{"text":"Số","box":[875,167,894,184]},{"text":"(","box":[901,168,905,185]},{"text":"No.","box":[905,170,927,186]},{"text":")","box":[928,170,932,187]},{"text":".","box":[938,171,939,188]}],"linking":[[247,211]]},{"id":248,"text":"Đơn vị bán hàng ( ComName ) :","label":"question","box":[68,221,277,240],"words":[{"text":"Đơn","box":[68,221,97,239]},{"text":"vị","box":[104,221,119,239]},{"text":"bán","box":[124,221,148,239]},{"text":"hàng","box":[156,221,189,239]},{"text":"(","box":[196,221,201,239]},{"text":"ComName","box":[203,221,264,240]},{"text":")","box":[267,222,271,240]},{"text":":","box":[274,222,277,240]}],"linking":[[248,249]]},{"id":249,"text":"CÔNG TY CỔ PHẦN THUỶ SẢN BÌNH MINH","label":"answer","box":[330,222,660,236],"words":[{"text":"CÔNG","box":[330,222,378,236]},{"text":"TY","box":[384,222,404,236]},{"text":"CỔ","box":[410,222,432,236]},{"text":"PHẦN","box":[440,222,483,236]},{"text":"THUỶ","box":[489,222,533,236]},{"text":"SẢN","box":[538,222,570,236]},{"text":"BÌNH","box":[578,222,614,236]},{"text":"MINH","box":[621,222,660,236]}],"linking":[[248,249]]},{"id":250,"text":"Mã số thuế ( Tax code )","label":"question","box":[70,249,221,271],"words":[{"text":"Mã","box":[70,250,92,267]},{"text":"số","box":[97,249,114,268]},{"text":"thuế","box":[118,251,149,268]},{"text":"(","box":[156,251,162,269]},{"text":"Tax","box":[162,252,183,270]},{"text":"code","box":[187,253,215,270]},{"text":")","box":[217,253,221,271]}],"linking":[[250,65]]},{"id":251,"text":"Dia chỉ ( Address ) :","label":"question","box":[70,283,193,298],"words":[{"text":"Dia","box":[70,283,94,296]},{"text":"chỉ","box":[99,283,119,297]},{"text":"(","box":[126,283,131,297]},{"text":"Address","box":[129,284,179,297]},{"text":")","box":[180,284,185,298]},{"text":":","box":[189,284,193,298]}],"linking":[[251,252]]},{"id":252,"text":"Số 86/28/1 , Phổ Quang , Phường 2 , Quận Tân Bình , TP.HCM","label":"answer","box":[331,281,770,298],"words":[{"text":"Số","box":[331,281,348,298]},{"text":"86/28/1","box":[356,281,406,298]},{"text":",","box":[411,281,412,298]},{"text":"Phổ","box":[420,281,446,298]},{"text":"Quang","box":[454,281,500,298]},{"text":",","box":[503,281,504,298]},{"text":"Phường","box":[512,281,569,298]},{"text":"2","box":[576,281,583,298]},{"text":",","box":[586,281,587,298]},{"text":"Quận","box":[595,281,632,298]},{"text":"Tân","box":[639,281,665,298]},{"text":"Bình","box":[672,281,703,298]},{"text":",","box":[706,281,707,298]},{"text":"TP.HCM","box":[710,281,770,298]}],"linking":[[251,252]]},{"id":253,"text":"Số tài khoản ( BankNo ) .","label":"question","box":[71,309,230,328],"words":[{"text":"Số","box":[71,309,88,325]},{"text":"tài","box":[95,309,110,325]},{"text":"khoản","box":[118,310,159,326]},{"text":"(","box":[167,311,171,327]},{"text":"BankNo","box":[172,311,216,327]},{"text":")","box":[219,312,223,328]},{"text":".","box":[229,312,230,328]}],"linking":[[253,66]]},{"id":254,"text":"Ngân hàng ( BankName ) :","label":"question","box":[71,338,238,357],"words":[{"text":"Ngân","box":[71,338,107,356]},{"text":"hàng","box":[115,338,148,356]},{"text":"(","box":[155,338,160,356]},{"text":"BankName","box":[162,339,224,357]},{"text":")","box":[228,339,232,357]},{"text":":","box":[235,339,238,357]}],"linking":[[254,255]]},{"id":255,"text":"NH TMCP Công Thương Việt Nam ( Vietinbank ) - CN Tây Sài Gòn , TP.HCM","label":"answer","box":[331,342,880,356],"words":[{"text":"NH","box":[331,342,351,356]},{"text":"TMCP","box":[358,342,403,356]},{"text":"Công","box":[411,342,447,356]},{"text":"Thương","box":[453,342,510,356]},{"text":"Việt","box":[517,342,544,356]},{"text":"Nam","box":[551,342,582,356]},{"text":"(","box":[590,342,594,356]},{"text":"Vietinbank","box":[595,342,668,356]},{"text":")","box":[671,342,675,356]},{"text":"-","box":[681,342,685,356]},{"text":"CN","box":[692,342,712,356]},{"text":"Tây","box":[720,342,746,356]},{"text":"Sài","box":[753,342,774,356]},{"text":"Gòn","box":[781,342,809,356]},{"text":",","box":[812,342,813,356]},{"text":"TP.HCM","box":[820,342,880,356]}],"linking":[[254,255]]},{"id":256,"text":"Họ tên người mua hàng ( Buyer ) :","label":"question","box":[71,391,300,407],"words":[{"text":"Họ","box":[71,391,89,406]},{"text":"tên","box":[96,391,116,406]},{"text":"người","box":[124,391,165,406]},{"text":"mua","box":[172,391,201,406]},{"text":"hàng","box":[209,391,242,407]},{"text":"(","box":[250,392,254,407]},{"text":"Buyer","box":[255,392,289,407]},{"text":")","box":[289,392,293,407]},{"text":":","box":[297,392,300,407]}],"linking":[[256,257]]},{"id":257,"text":"BÌNH TRẠNG","label":"answer","box":[433,389,531,404],"words":[{"text":"BÌNH","box":[433,389,468,404]},{"text":"TRẠNG","box":[476,389,531,404]}],"linking":[[256,257]]},{"id":258,"text":"Tên đơn vị ( CusName ) -","label":"question","box":[70,419,229,436],"words":[{"text":"Tên","box":[70,419,96,434]},{"text":"đơn","box":[103,420,130,434]},{"text":"vị","box":[136,420,146,435]},{"text":"(","box":[154,420,158,435]},{"text":"CusName","box":[161,421,218,436]},{"text":")","box":[220,421,222,436]},{"text":"-","box":[228,421,229,436]}],"linking":[]},{"id":259,"text":"Mã số thuế ( Tax code )","label":"question","box":[71,444,221,465],"words":[{"text":"Mã","box":[71,444,92,462]},{"text":"số","box":[98,444,114,462]},{"text":"thuế","box":[119,445,150,463]},{"text":"(","box":[157,445,162,463]},{"text":"Tax","box":[163,446,183,464]},{"text":"code","box":[188,447,215,465]},{"text":")","box":[218,447,221,465]}],"linking":[]},{"id":260,"text":"Địa chỉ ( Address )","label":"question","box":[70,474,183,492],"words":[{"text":"Địa","box":[70,474,93,491]},{"text":"chỉ","box":[100,474,121,491]},{"text":"(","box":[125,474,130,491]},{"text":"Address","box":[131,475,179,492]},{"text":")","box":[181,475,183,492]}],"linking":[[260,261]]},{"id":261,"text":"Tổ 7 , Ấp Bình Hòa , xã Bình Sơn , huyện Hòn Đất , tỉnh Kiên Giang","label":"answer","box":[432,472,905,492],"words":[{"text":"Tổ","box":[432,472,449,491]},{"text":"7","box":[457,472,463,491]},{"text":",","box":[466,472,467,491]},{"text":"Ấp","box":[474,472,492,491]},{"text":"Bình","box":[499,472,530,491]},{"text":"Hòa","box":[538,472,565,491]},{"text":",","box":[569,472,569,491]},{"text":"xã","box":[577,472,591,491]},{"text":"Bình","box":[599,472,630,491]},{"text":"Sơn","box":[637,472,665,491]},{"text":",","box":[668,472,669,491]},{"text":"huyện","box":[677,472,719,492]},{"text":"Hòn","box":[726,473,753,492]},{"text":"Đất","box":[760,473,784,492]},{"text":",","box":[788,473,788,492]},{"text":"tỉnh","box":[795,473,819,492]},{"text":"Kiên","box":[827,473,857,492]},{"text":"Giang","box":[864,473,905,492]}],"linking":[[260,261]]},{"id":262,"text":"Hình thức thanh toán ( Method of payment )","label":"question","box":[71,503,352,522],"words":[{"text":"Hình","box":[71,503,103,520]},{"text":"thức","box":[109,503,141,520]},{"text":"thanh","box":[147,503,186,520]},{"text":"toán","box":[192,503,222,521]},{"text":"(","box":[230,504,234,521]},{"text":"Method","box":[234,504,279,521]},{"text":"of","box":[284,504,295,521]},{"text":"payment","box":[299,504,349,522]},{"text":")","box":[351,505,352,522]}],"linking":[[262,263]]},{"id":263,"text":"Chuyển khoản / Tiền mặt","label":"answer","box":[433,503,605,520],"words":[{"text":"Chuyển","box":[433,503,486,520]},{"text":"khoản","box":[494,503,534,520]},{"text":"/","box":[538,503,543,520]},{"text":"Tiền","box":[544,503,572,520]},{"text":"mặt","box":[580,503,605,520]}],"linking":[[262,263]]},{"id":264,"text":"Số tài khoản ( A / C No ) .","label":"question","box":[685,502,840,522],"words":[{"text":"Số","box":[685,502,702,518]},{"text":"tài","box":[709,502,725,519]},{"text":"khoản","box":[732,504,775,519]},{"text":"(","box":[782,504,786,520]},{"text":"A","box":[789,504,792,520]},{"text":"/","box":[793,505,797,521]},{"text":"C","box":[800,505,808,521]},{"text":"No","box":[813,505,827,521]},{"text":")","box":[830,506,833,522]},{"text":".","box":[839,506,840,522]}],"linking":[]},{"id":265,"text":"Ngân hàng ( Bank Name )","label":"question","box":[71,533,236,551],"words":[{"text":"Ngân","box":[71,533,107,551]},{"text":"hàng","box":[115,533,148,551]},{"text":"(","box":[154,533,159,551]},{"text":"Bank","box":[162,533,190,551]},{"text":"Name","box":[192,533,230,551]},{"text":")","box":[233,533,236,551]}],"linking":[]}]