[{"id":0,"text":"STT","label":"","box":[63,620,93,632],"words":[{"text":"STT","box":[63,620,93,632]}],"linking":[]},{"id":1,"text":"No.","label":"","box":[66,644,90,656],"words":[{"text":"No.","box":[66,644,90,656]}],"linking":[]},{"id":2,"text":"1","label":"","box":[73,712,80,724],"words":[{"text":"1","box":[73,712,80,724]}],"linking":[]},{"id":3,"text":".","label":"","box":[227,447,228,465],"words":[{"text":".","box":[227,447,228,465]}],"linking":[]},{"id":4,"text":"2","label":"","box":[72,775,83,787],"words":[{"text":"2","box":[72,775,83,787]}],"linking":[]},{"id":5,"text":"3","label":"","box":[72,840,81,851],"words":[{"text":"3","box":[72,840,81,851]}],"linking":[]},{"id":6,"text":"4","label":"","box":[72,891,81,902],"words":[{"text":"4","box":[72,891,81,902]}],"linking":[]},{"id":7,"text":"5","label":"","box":[72,929,81,940],"words":[{"text":"5","box":[72,929,81,940]}],"linking":[]},{"id":8,"text":"7","label":"","box":[72,1007,82,1018],"words":[{"text":"7","box":[72,1007,82,1018]}],"linking":[]},{"id":9,"text":"Đơn","label":"","box":[173,56,197,71],"words":[{"text":"Đơn","box":[173,56,197,71]}],"linking":[]},{"id":10,"text":"vị","label":"","box":[203,56,211,71],"words":[{"text":"vị","box":[203,56,211,71]}],"linking":[]},{"id":11,"text":"hỗ","label":"","box":[215,56,229,71],"words":[{"text":"hỗ","box":[215,56,229,71]}],"linking":[]},{"id":12,"text":"trợ","label":"","box":[234,56,250,71],"words":[{"text":"trợ","box":[234,56,250,71]}],"linking":[]},{"id":13,"text":"cung","label":"","box":[254,56,282,71],"words":[{"text":"cung","box":[254,56,282,71]}],"linking":[]},{"id":14,"text":"cấp","label":"","box":[287,56,307,71],"words":[{"text":"cấp","box":[287,56,307,71]}],"linking":[]},{"id":15,"text":"công","label":"","box":[312,56,339,71],"words":[{"text":"công","box":[312,56,339,71]}],"linking":[]},{"id":16,"text":"cụ","label":"","box":[344,56,357,71],"words":[{"text":"cụ","box":[344,56,357,71]}],"linking":[]},{"id":17,"text":"phát","label":"","box":[361,56,387,71],"words":[{"text":"phát","box":[361,56,387,71]}],"linking":[]},{"id":18,"text":"hành","label":"","box":[392,56,420,71],"words":[{"text":"hành","box":[392,56,420,71]}],"linking":[]},{"id":19,"text":"hóa","label":"","box":[425,56,446,71],"words":[{"text":"hóa","box":[425,56,446,71]}],"linking":[]},{"id":20,"text":"đơn","label":"","box":[451,56,473,71],"words":[{"text":"đơn","box":[451,56,473,71]}],"linking":[]},{"id":21,"text":"điện","label":"","box":[478,56,502,71],"words":[{"text":"điện","box":[478,56,502,71]}],"linking":[]},{"id":22,"text":"tử","label":"","box":[507,56,514,71],"words":[{"text":"tử","box":[507,56,514,71]}],"linking":[]},{"id":23,"text":":","label":"","box":[518,56,521,71],"words":[{"text":":","box":[518,56,521,71]}],"linking":[]},{"id":24,"text":"Công","label":"","box":[527,56,557,71],"words":[{"text":"Công","box":[527,56,557,71]}],"linking":[]},{"id":25,"text":"ty","label":"","box":[562,56,572,71],"words":[{"text":"ty","box":[562,56,572,71]}],"linking":[]},{"id":26,"text":"Cổ","label":"","box":[576,56,592,71],"words":[{"text":"Cổ","box":[576,56,592,71]}],"linking":[]},{"id":27,"text":"phần","label":"","box":[596,56,625,71],"words":[{"text":"phần","box":[596,56,625,71]}],"linking":[]},{"id":28,"text":"Định","label":"","box":[630,56,656,71],"words":[{"text":"Định","box":[630,56,656,71]}],"linking":[]},{"id":29,"text":"Gia","label":"","box":[661,56,680,71],"words":[{"text":"Gia","box":[661,56,680,71]}],"linking":[]},{"id":30,"text":"Nét","label":"","box":[686,56,706,71],"words":[{"text":"Nét","box":[686,56,706,71]}],"linking":[]},{"id":31,"text":"-","label":"","box":[710,56,713,71],"words":[{"text":"-","box":[710,56,713,71]}],"linking":[]},{"id":32,"text":"DigiNet","label":"","box":[718,56,761,71],"words":[{"text":"DigiNet","box":[718,56,761,71]}],"linking":[]},{"id":33,"text":"Corp","label":"","box":[765,56,791,71],"words":[{"text":"Corp","box":[765,56,791,71]}],"linking":[]},{"id":34,"text":",","label":"","box":[793,56,795,71],"words":[{"text":",","box":[793,56,795,71]}],"linking":[]},{"id":35,"text":"MST","label":"","box":[801,56,825,71],"words":[{"text":"MST","box":[801,56,825,71]}],"linking":[]},{"id":36,"text":":","label":"","box":[828,56,832,71],"words":[{"text":":","box":[828,56,832,71]}],"linking":[]},{"id":37,"text":"0303359278","label":"","box":[837,56,907,71],"words":[{"text":"0303359278","box":[837,56,907,71]}],"linking":[]},{"id":38,"text":",","label":"","box":[910,56,912,71],"words":[{"text":",","box":[910,56,912,71]}],"linking":[]},{"id":39,"text":"Điện","label":"","box":[918,56,944,71],"words":[{"text":"Điện","box":[918,56,944,71]}],"linking":[]},{"id":40,"text":"thoại","label":"","box":[949,56,977,71],"words":[{"text":"thoại","box":[949,56,977,71]}],"linking":[]},{"id":41,"text":":","label":"","box":[979,56,980,71],"words":[{"text":":","box":[979,56,980,71]}],"linking":[]},{"id":42,"text":"028","label":"","box":[985,56,1006,71],"words":[{"text":"028","box":[985,56,1006,71]}],"linking":[]},{"id":43,"text":"35123878","label":"","box":[1011,56,1069,71],"words":[{"text":"35123878","box":[1011,56,1069,71]}],"linking":[]},{"id":44,"text":"HÓA","label":"","box":[389,94,453,128],"words":[{"text":"HÓA","box":[389,94,453,128]}],"linking":[]},{"id":45,"text":"ĐƠN","label":"","box":[462,94,532,128],"words":[{"text":"ĐƠN","box":[462,94,532,128]}],"linking":[]},{"id":46,"text":"GIÁ","label":"","box":[545,94,597,128],"words":[{"text":"GIÁ","box":[545,94,597,128]}],"linking":[]},{"id":47,"text":"TRỊ","label":"","box":[606,94,654,128],"words":[{"text":"TRỊ","box":[606,94,654,128]}],"linking":[]},{"id":48,"text":"GIA","label":"","box":[666,94,718,128],"words":[{"text":"GIA","box":[666,94,718,128]}],"linking":[]},{"id":49,"text":"TĂNG","label":"","box":[728,94,811,128],"words":[{"text":"TĂNG","box":[728,94,811,128]}],"linking":[]},{"id":50,"text":"VAT","label":"","box":[522,144,572,162],"words":[{"text":"VAT","box":[522,144,572,162]}],"linking":[]},{"id":51,"text":"INVOICE","label":"","box":[578,144,681,162],"words":[{"text":"INVOICE","box":[578,144,681,162]}],"linking":[]},{"id":52,"text":"Ngày","label":"","box":[431,177,466,194],"words":[{"text":"Ngày","box":[431,177,466,194]}],"linking":[]},{"id":53,"text":"(","label":"","box":[473,177,476,193],"words":[{"text":"(","box":[473,177,476,193]}],"linking":[]},{"id":54,"text":"Date","label":"","box":[477,177,503,193],"words":[{"text":"Date","box":[477,177,503,193]}],"linking":[]},{"id":55,"text":")","label":"","box":[506,177,509,193],"words":[{"text":")","box":[506,177,509,193]}],"linking":[]},{"id":56,"text":"16","label":"","box":[515,177,531,193],"words":[{"text":"16","box":[515,177,531,193]}],"linking":[]},{"id":57,"text":"tháng","label":"","box":[537,177,576,193],"words":[{"text":"tháng","box":[537,177,576,193]}],"linking":[]},{"id":58,"text":"(","label":"","box":[584,177,587,193],"words":[{"text":"(","box":[584,177,587,193]}],"linking":[]},{"id":59,"text":"month","label":"","box":[586,177,623,193],"words":[{"text":"month","box":[586,177,623,193]}],"linking":[]},{"id":60,"text":")","label":"","box":[626,177,629,193],"words":[{"text":")","box":[626,177,629,193]}],"linking":[]},{"id":61,"text":"03","label":"","box":[634,177,651,193],"words":[{"text":"03","box":[634,177,651,193]}],"linking":[]},{"id":62,"text":"năm","label":"","box":[658,177,687,193],"words":[{"text":"năm","box":[658,177,687,193]}],"linking":[]},{"id":63,"text":"(","label":"","box":[695,176,699,192],"words":[{"text":"(","box":[695,176,699,192]}],"linking":[]},{"id":64,"text":"year","label":"","box":[699,176,723,192],"words":[{"text":"year","box":[699,176,723,192]}],"linking":[]},{"id":65,"text":")","label":"","box":[726,176,729,192],"words":[{"text":")","box":[726,176,729,192]}],"linking":[]},{"id":66,"text":"2022","label":"","box":[734,176,768,192],"words":[{"text":"2022","box":[734,176,768,192]}],"linking":[]},{"id":67,"text":"8","label":"","box":[72,1045,82,1056],"words":[{"text":"8","box":[72,1045,82,1056]}],"linking":[]},{"id":68,"text":"BINH","label":"","box":[161,172,189,185],"words":[{"text":"BINH","box":[161,172,189,185]}],"linking":[]},{"id":69,"text":"MINH","label":"","box":[196,172,229,184],"words":[{"text":"MINH","box":[196,172,229,184]}],"linking":[]},{"id":70,"text":"9","label":"","box":[72,1084,80,1095],"words":[{"text":"9","box":[72,1084,80,1095]}],"linking":[]},{"id":71,"text":"11","label":"","box":[70,1161,85,1171],"words":[{"text":"11","box":[70,1161,85,1171]}],"linking":[]},{"id":72,"text":"TÊN","label":"","box":[176,617,206,634],"words":[{"text":"TÊN","box":[176,617,206,634]}],"linking":[]},{"id":73,"text":"HÀNG","label":"","box":[211,617,255,634],"words":[{"text":"HÀNG","box":[211,617,255,634]}],"linking":[]},{"id":74,"text":"HÓA","label":"","box":[262,617,290,635],"words":[{"text":"HÓA","box":[262,617,290,635]}],"linking":[]},{"id":75,"text":",","label":"","box":[293,618,296,635],"words":[{"text":",","box":[293,618,296,635]}],"linking":[]},{"id":76,"text":"DỊCH","label":"","box":[304,618,340,635],"words":[{"text":"DỊCH","box":[304,618,340,635]}],"linking":[]},{"id":77,"text":"VỤ","label":"","box":[346,618,365,635],"words":[{"text":"VỤ","box":[346,618,365,635]}],"linking":[]},{"id":78,"text":"Description","label":"","box":[233,645,310,658],"words":[{"text":"Description","box":[233,645,310,658]}],"linking":[]},{"id":79,"text":"6","label":"","box":[72,968,80,979],"words":[{"text":"6","box":[72,968,80,979]}],"linking":[]},{"id":80,"text":"RACEWAY","label":"","box":[105,967,187,980],"words":[{"text":"RACEWAY","box":[105,967,187,980]}],"linking":[]},{"id":81,"text":"ETROVIT","label":"","box":[193,967,262,980],"words":[{"text":"ETROVIT","box":[193,967,262,980]}],"linking":[]},{"id":82,"text":"500GR","label":"","box":[269,967,319,980],"words":[{"text":"500GR","box":[269,967,319,980]}],"linking":[]},{"id":83,"text":"PL","label":"","box":[105,699,124,713],"words":[{"text":"PL","box":[105,699,124,713]}],"linking":[]},{"id":84,"text":"RACEWAY","label":"","box":[130,699,212,713],"words":[{"text":"RACEWAY","box":[130,699,212,713]}],"linking":[]},{"id":85,"text":"PLUS","label":"","box":[218,699,258,713],"words":[{"text":"PLUS","box":[218,699,258,713]}],"linking":[]},{"id":86,"text":"<","label":"","box":[265,699,272,713],"words":[{"text":"<","box":[265,699,272,713]}],"linking":[]},{"id":87,"text":"400","label":"","box":[274,699,300,713],"words":[{"text":"400","box":[274,699,300,713]}],"linking":[]},{"id":88,"text":"MICRON","label":"","box":[308,699,370,713],"words":[{"text":"MICRON","box":[308,699,370,713]}],"linking":[]},{"id":89,"text":"(","label":"","box":[378,699,383,713],"words":[{"text":"(","box":[378,699,383,713]}],"linking":[]},{"id":90,"text":"TUI","label":"","box":[382,699,408,713],"words":[{"text":"TUI","box":[382,699,408,713]}],"linking":[]},{"id":91,"text":"1KG","label":"","box":[106,724,136,739],"words":[{"text":"1KG","box":[106,724,136,739]}],"linking":[]},{"id":92,"text":")","label":"","box":[138,724,143,739],"words":[{"text":")","box":[138,724,143,739]}],"linking":[]},{"id":93,"text":"PL","label":"","box":[105,761,125,777],"words":[{"text":"PL","box":[105,761,125,777]}],"linking":[]},{"id":94,"text":"RACEWAY","label":"","box":[130,761,212,777],"words":[{"text":"RACEWAY","box":[130,761,212,777]}],"linking":[]},{"id":95,"text":"40-9","label":"","box":[217,761,248,777],"words":[{"text":"40-9","box":[217,761,248,777]}],"linking":[]},{"id":96,"text":"400","label":"","box":[254,761,280,777],"words":[{"text":"400","box":[254,761,280,777]}],"linking":[]},{"id":97,"text":"-","label":"","box":[286,761,291,777],"words":[{"text":"-","box":[286,761,291,777]}],"linking":[]},{"id":98,"text":"600MICRON","label":"","box":[296,761,389,777],"words":[{"text":"600MICRON","box":[296,761,389,777]}],"linking":[]},{"id":99,"text":"(","label":"","box":[395,761,400,777],"words":[{"text":"(","box":[395,761,400,777]}],"linking":[]},{"id":100,"text":"TUI","label":"","box":[401,761,427,777],"words":[{"text":"TUI","box":[401,761,427,777]}],"linking":[]},{"id":101,"text":"9.1KG","label":"","box":[105,787,150,800],"words":[{"text":"9.1KG","box":[105,787,150,800]}],"linking":[]},{"id":102,"text":")","label":"","box":[152,788,157,801],"words":[{"text":")","box":[152,788,157,801]}],"linking":[]},{"id":103,"text":"0303880297","label":"answer","box":[330,254,419,265],"words":[{"text":"0303880297","box":[330,254,419,265]}],"linking":[[346,103]]},{"id":104,"text":"112002622316","label":"answer","box":[331,311,439,323],"words":[{"text":"112002622316","box":[331,311,439,323]}],"linking":[[348,104]]},{"id":105,"text":"PL","label":"","box":[105,827,124,838],"words":[{"text":"PL","box":[105,827,124,838]}],"linking":[]},{"id":106,"text":"RACEWAY","label":"","box":[130,827,212,838],"words":[{"text":"RACEWAY","box":[130,827,212,838]}],"linking":[]},{"id":107,"text":"40-9","label":"","box":[217,827,248,838],"words":[{"text":"40-9","box":[217,827,248,838]}],"linking":[]},{"id":108,"text":"600","label":"","box":[255,827,281,838],"words":[{"text":"600","box":[255,827,281,838]}],"linking":[]},{"id":109,"text":"-","label":"","box":[286,827,291,838],"words":[{"text":"-","box":[286,827,291,838]}],"linking":[]},{"id":110,"text":"850","label":"","box":[297,827,322,838],"words":[{"text":"850","box":[297,827,322,838]}],"linking":[]},{"id":111,"text":"MICRON","label":"","box":[329,827,393,838],"words":[{"text":"MICRON","box":[329,827,393,838]}],"linking":[]},{"id":112,"text":"(","label":"","box":[107,850,109,866],"words":[{"text":"(","box":[107,850,109,866]}],"linking":[]},{"id":113,"text":"BAO","label":"","box":[112,850,144,866],"words":[{"text":"BAO","box":[112,850,144,866]}],"linking":[]},{"id":114,"text":"9.1KG","label":"","box":[151,851,195,866],"words":[{"text":"9.1KG","box":[151,851,195,866]}],"linking":[]},{"id":115,"text":")","label":"","box":[198,851,201,867],"words":[{"text":")","box":[198,851,201,867]}],"linking":[]},{"id":116,"text":"RACEWAY","label":"","box":[105,890,186,902],"words":[{"text":"RACEWAY","box":[105,890,186,902]}],"linking":[]},{"id":117,"text":"AQUACLEAR","label":"","box":[193,890,291,902],"words":[{"text":"AQUACLEAR","box":[193,890,291,902]}],"linking":[]},{"id":118,"text":"100ML","label":"","box":[300,890,348,902],"words":[{"text":"100ML","box":[300,890,348,902]}],"linking":[]},{"id":119,"text":"RACEWAY","label":"","box":[105,928,187,940],"words":[{"text":"RACEWAY","box":[105,928,187,940]}],"linking":[]},{"id":120,"text":"DINE","label":"","box":[193,928,229,940],"words":[{"text":"DINE","box":[193,928,229,940]}],"linking":[]},{"id":121,"text":"MAX","label":"","box":[238,928,270,940],"words":[{"text":"MAX","box":[238,928,270,940]}],"linking":[]},{"id":122,"text":"500ML","label":"","box":[277,928,326,940],"words":[{"text":"500ML","box":[277,928,326,940]}],"linking":[]},{"id":123,"text":"RACEWAY","label":"","box":[105,1006,186,1018],"words":[{"text":"RACEWAY","box":[105,1006,186,1018]}],"linking":[]},{"id":124,"text":"HEPATOS","label":"","box":[193,1006,269,1018],"words":[{"text":"HEPATOS","box":[193,1006,269,1018]}],"linking":[]},{"id":125,"text":"250ML","label":"","box":[276,1006,324,1018],"words":[{"text":"250ML","box":[276,1006,324,1018]}],"linking":[]},{"id":126,"text":"RACEWAY","label":"","box":[105,1044,186,1056],"words":[{"text":"RACEWAY","box":[105,1044,186,1056]}],"linking":[]},{"id":127,"text":"DIGEST","label":"","box":[193,1044,252,1056],"words":[{"text":"DIGEST","box":[193,1044,252,1056]}],"linking":[]},{"id":128,"text":"250ML","label":"","box":[259,1044,308,1056],"words":[{"text":"250ML","box":[259,1044,308,1056]}],"linking":[]},{"id":129,"text":"RACEWAY","label":"","box":[105,1084,186,1095],"words":[{"text":"RACEWAY","box":[105,1084,186,1095]}],"linking":[]},{"id":130,"text":"LIVER","label":"","box":[193,1084,237,1095],"words":[{"text":"LIVER","box":[193,1084,237,1095]}],"linking":[]},{"id":131,"text":"250GR","label":"","box":[245,1084,295,1095],"words":[{"text":"250GR","box":[245,1084,295,1095]}],"linking":[]},{"id":132,"text":"10","label":"","box":[70,1122,84,1135],"words":[{"text":"10","box":[70,1122,84,1135]}],"linking":[]},{"id":133,"text":"AMINA","label":"","box":[103,1122,155,1134],"words":[{"text":"AMINA","box":[103,1122,155,1134]}],"linking":[]},{"id":134,"text":"5","label":"","box":[162,1122,170,1134],"words":[{"text":"5","box":[162,1122,170,1134]}],"linking":[]},{"id":135,"text":"KG","label":"","box":[175,1122,197,1134],"words":[{"text":"KG","box":[175,1122,197,1134]}],"linking":[]},{"id":136,"text":"RACEWAY","label":"","box":[105,1160,187,1172],"words":[{"text":"RACEWAY","box":[105,1160,187,1172]}],"linking":[]},{"id":137,"text":"PROBIO","label":"","box":[193,1160,255,1172],"words":[{"text":"PROBIO","box":[193,1160,255,1172]}],"linking":[]},{"id":138,"text":"250GR","label":"","box":[261,1160,311,1172],"words":[{"text":"250GR","box":[261,1160,311,1172]}],"linking":[]},{"id":139,"text":"TỔNG","label":"","box":[208,1228,254,1244],"words":[{"text":"TỔNG","box":[208,1228,254,1244]}],"linking":[]},{"id":140,"text":"HỢP","label":"","box":[261,1230,295,1245],"words":[{"text":"HỢP","box":[261,1230,295,1245]}],"linking":[]},{"id":141,"text":"Tổng","label":"","box":[76,1268,111,1285],"words":[{"text":"Tổng","box":[76,1268,111,1285]}],"linking":[]},{"id":142,"text":"tiền","label":"","box":[117,1268,142,1285],"words":[{"text":"tiền","box":[117,1268,142,1285]}],"linking":[]},{"id":143,"text":"không","label":"","box":[150,1268,191,1285],"words":[{"text":"không","box":[150,1268,191,1285]}],"linking":[]},{"id":144,"text":"kê","label":"","box":[199,1268,213,1285],"words":[{"text":"kê","box":[199,1268,213,1285]}],"linking":[]},{"id":145,"text":"khai","label":"","box":[221,1268,248,1285],"words":[{"text":"khai","box":[221,1268,248,1285]}],"linking":[]},{"id":146,"text":"và","label":"","box":[254,1268,270,1285],"words":[{"text":"và","box":[254,1268,270,1285]}],"linking":[]},{"id":147,"text":"nộp","label":"","box":[277,1268,302,1285],"words":[{"text":"nộp","box":[277,1268,302,1285]}],"linking":[]},{"id":148,"text":"thuế","label":"","box":[308,1268,338,1285],"words":[{"text":"thuế","box":[308,1268,338,1285]}],"linking":[]},{"id":149,"text":":","label":"","box":[340,1268,341,1285],"words":[{"text":":","box":[340,1268,341,1285]}],"linking":[]},{"id":150,"text":"Tổng","label":"","box":[76,1294,111,1311],"words":[{"text":"Tổng","box":[76,1294,111,1311]}],"linking":[]},{"id":151,"text":"tiền","label":"","box":[117,1294,142,1311],"words":[{"text":"tiền","box":[117,1294,142,1311]}],"linking":[]},{"id":152,"text":"không","label":"","box":[150,1294,191,1311],"words":[{"text":"không","box":[150,1294,191,1311]}],"linking":[]},{"id":153,"text":"chịu","label":"","box":[199,1294,226,1311],"words":[{"text":"chịu","box":[199,1294,226,1311]}],"linking":[]},{"id":154,"text":"thuế","label":"","box":[232,1294,262,1311],"words":[{"text":"thuế","box":[232,1294,262,1311]}],"linking":[]},{"id":155,"text":"GTGT","label":"","box":[270,1294,314,1311],"words":[{"text":"GTGT","box":[270,1294,314,1311]}],"linking":[]},{"id":156,"text":":","label":"","box":[316,1294,316,1311],"words":[{"text":":","box":[316,1294,316,1311]}],"linking":[]},{"id":157,"text":"Tổng","label":"","box":[76,1321,111,1338],"words":[{"text":"Tổng","box":[76,1321,111,1338]}],"linking":[]},{"id":158,"text":"tiền","label":"","box":[117,1321,142,1338],"words":[{"text":"tiền","box":[117,1321,142,1338]}],"linking":[]},{"id":159,"text":"chịu","label":"","box":[150,1321,177,1338],"words":[{"text":"chịu","box":[150,1321,177,1338]}],"linking":[]},{"id":160,"text":"thuế","label":"","box":[183,1321,213,1338],"words":[{"text":"thuế","box":[183,1321,213,1338]}],"linking":[]},{"id":161,"text":"suất","label":"","box":[221,1321,249,1338],"words":[{"text":"suất","box":[221,1321,249,1338]}],"linking":[]},{"id":162,"text":"Tổng","label":"","box":[76,1348,111,1365],"words":[{"text":"Tổng","box":[76,1348,111,1365]}],"linking":[]},{"id":163,"text":"tiền","label":"","box":[117,1348,142,1365],"words":[{"text":"tiền","box":[117,1348,142,1365]}],"linking":[]},{"id":164,"text":"chịu","label":"","box":[149,1348,177,1365],"words":[{"text":"chịu","box":[149,1348,177,1365]}],"linking":[]},{"id":165,"text":"thuế","label":"","box":[183,1348,213,1365],"words":[{"text":"thuế","box":[183,1348,213,1365]}],"linking":[]},{"id":166,"text":"suất","label":"","box":[221,1348,249,1365],"words":[{"text":"suất","box":[221,1348,249,1365]}],"linking":[]},{"id":167,"text":"Tổng","label":"","box":[76,1373,110,1393],"words":[{"text":"Tổng","box":[76,1373,110,1393]}],"linking":[]},{"id":168,"text":"tiền","label":"","box":[116,1373,141,1392],"words":[{"text":"tiền","box":[116,1373,141,1392]}],"linking":[]},{"id":169,"text":"chịu","label":"","box":[148,1372,176,1392],"words":[{"text":"chịu","box":[148,1372,176,1392]}],"linking":[]},{"id":170,"text":"thuế","label":"","box":[182,1372,212,1391],"words":[{"text":"thuế","box":[182,1372,212,1391]}],"linking":[]},{"id":171,"text":"suất","label":"","box":[221,1372,249,1391],"words":[{"text":"suất","box":[221,1372,249,1391]}],"linking":[]},{"id":172,"text":"Tổng","label":"","box":[77,1401,110,1418],"words":[{"text":"Tổng","box":[77,1401,110,1418]}],"linking":[]},{"id":173,"text":"cộng","label":"","box":[118,1401,151,1418],"words":[{"text":"cộng","box":[118,1401,151,1418]}],"linking":[]},{"id":174,"text":"tiền","label":"","box":[158,1401,182,1418],"words":[{"text":"tiền","box":[158,1401,182,1418]}],"linking":[]},{"id":175,"text":"thanh","label":"","box":[189,1401,228,1418],"words":[{"text":"thanh","box":[189,1401,228,1418]}],"linking":[]},{"id":176,"text":"toán","label":"","box":[234,1401,264,1419],"words":[{"text":"toán","box":[234,1401,264,1419]}],"linking":[]},{"id":177,"text":"Số","label":"","box":[77,1434,94,1451],"words":[{"text":"Số","box":[77,1434,94,1451]}],"linking":[]},{"id":178,"text":"tiền","label":"","box":[99,1434,124,1451],"words":[{"text":"tiền","box":[99,1434,124,1451]}],"linking":[]},{"id":179,"text":"viết","label":"","box":[131,1434,156,1451],"words":[{"text":"viết","box":[131,1434,156,1451]}],"linking":[]},{"id":180,"text":"bằng","label":"","box":[161,1435,195,1452],"words":[{"text":"bằng","box":[161,1435,195,1452]}],"linking":[]},{"id":181,"text":"chữ","label":"","box":[203,1435,229,1452],"words":[{"text":"chữ","box":[203,1435,229,1452]}],"linking":[]},{"id":182,"text":"(","label":"","box":[236,1435,241,1452],"words":[{"text":"(","box":[236,1435,241,1452]}],"linking":[]},{"id":183,"text":"Total","label":"","box":[243,1435,270,1453],"words":[{"text":"Total","box":[243,1435,270,1453]}],"linking":[]},{"id":184,"text":"amount","label":"","box":[275,1437,319,1453],"words":[{"text":"amount","box":[275,1437,319,1453]}],"linking":[]},{"id":185,"text":"in","label":"","box":[324,1436,333,1453],"words":[{"text":"in","box":[324,1436,333,1453]}],"linking":[]},{"id":186,"text":"words","label":"","box":[339,1437,373,1454],"words":[{"text":"words","box":[339,1437,373,1454]}],"linking":[]},{"id":187,"text":")","label":"","box":[375,1437,378,1454],"words":[{"text":")","box":[375,1437,378,1454]}],"linking":[]},{"id":188,"text":"ĐƠN","label":"","box":[460,608,492,622],"words":[{"text":"ĐƠN","box":[460,608,492,622]}],"linking":[]},{"id":189,"text":"VỊ","label":"","box":[500,608,512,622],"words":[{"text":"VỊ","box":[500,608,512,622]}],"linking":[]},{"id":190,"text":"SÓ","label":"","box":[552,607,573,620],"words":[{"text":"SÓ","box":[552,607,573,620]}],"linking":[]},{"id":191,"text":"ΤΙΝΗ","label":"","box":[471,629,506,643],"words":[{"text":"ΤΙΝΗ","box":[471,629,506,643]}],"linking":[]},{"id":192,"text":"Unit","label":"","box":[476,657,505,668],"words":[{"text":"Unit","box":[476,657,505,668]}],"linking":[]},{"id":193,"text":"Túi","label":"","box":[478,712,500,724],"words":[{"text":"Túi","box":[478,712,500,724]}],"linking":[]},{"id":194,"text":"Bao","label":"","box":[475,776,503,787],"words":[{"text":"Bao","box":[475,776,503,787]}],"linking":[]},{"id":195,"text":"Bao","label":"","box":[475,840,503,850],"words":[{"text":"Bao","box":[475,840,503,850]}],"linking":[]},{"id":196,"text":"Chai","label":"","box":[473,891,507,902],"words":[{"text":"Chai","box":[473,891,507,902]}],"linking":[]},{"id":197,"text":"Chai","label":"","box":[473,929,505,940],"words":[{"text":"Chai","box":[473,929,505,940]}],"linking":[]},{"id":198,"text":"Hũ","label":"","box":[479,968,498,979],"words":[{"text":"Hũ","box":[479,968,498,979]}],"linking":[]},{"id":199,"text":"Chai","label":"","box":[473,1006,506,1018],"words":[{"text":"Chai","box":[473,1006,506,1018]}],"linking":[]},{"id":200,"text":"Chai","label":"","box":[473,1045,506,1056],"words":[{"text":"Chai","box":[473,1045,506,1056]}],"linking":[]},{"id":201,"text":"Hũ","label":"","box":[478,1084,496,1094],"words":[{"text":"Hũ","box":[478,1084,496,1094]}],"linking":[]},{"id":202,"text":"Bao","label":"","box":[475,1122,503,1134],"words":[{"text":"Bao","box":[475,1122,503,1134]}],"linking":[]},{"id":203,"text":"Hũ","label":"","box":[479,1161,497,1171],"words":[{"text":"Hũ","box":[479,1161,497,1171]}],"linking":[]},{"id":204,"text":"|","label":"","box":[532,629,533,646],"words":[{"text":"|","box":[532,629,533,646]}],"linking":[]},{"id":205,"text":"LƯỢNG","label":"","box":[537,629,592,646],"words":[{"text":"LƯỢNG","box":[537,629,592,646]}],"linking":[]},{"id":206,"text":"Quantity","label":"","box":[538,657,597,670],"words":[{"text":"Quantity","box":[538,657,597,670]}],"linking":[]},{"id":207,"text":"X","label":"","box":[518,1274,528,1283],"words":[{"text":"X","box":[518,1274,528,1283]}],"linking":[]},{"id":208,"text":"X","label":"","box":[519,1300,528,1308],"words":[{"text":"X","box":[519,1300,528,1308]}],"linking":[]},{"id":209,"text":"0","label":"","box":[511,1323,520,1334],"words":[{"text":"0","box":[511,1323,520,1334]}],"linking":[]},{"id":210,"text":"%","label":"","box":[520,1323,532,1334],"words":[{"text":"%","box":[520,1323,532,1334]}],"linking":[]},{"id":211,"text":"2","label":"","box":[560,713,570,723],"words":[{"text":"2","box":[560,713,570,723]}],"linking":[]},{"id":212,"text":"2","label":"","box":[560,776,571,787],"words":[{"text":"2","box":[560,776,571,787]}],"linking":[]},{"id":213,"text":"5","label":"","box":[511,1351,521,1362],"words":[{"text":"5","box":[511,1351,521,1362]}],"linking":[]},{"id":214,"text":"%","label":"","box":[521,1351,533,1362],"words":[{"text":"%","box":[521,1351,533,1362]}],"linking":[]},{"id":215,"text":"10","label":"","box":[507,1377,523,1387],"words":[{"text":"10","box":[507,1377,523,1387]}],"linking":[]},{"id":216,"text":"%","label":"","box":[524,1377,536,1387],"words":[{"text":"%","box":[524,1377,536,1387]}],"linking":[]},{"id":217,"text":"1","label":"","box":[562,840,569,851],"words":[{"text":"1","box":[562,840,569,851]}],"linking":[]},{"id":218,"text":"2","label":"","box":[560,891,571,902],"words":[{"text":"2","box":[560,891,571,902]}],"linking":[]},{"id":219,"text":"2","label":"","box":[560,929,571,940],"words":[{"text":"2","box":[560,929,571,940]}],"linking":[]},{"id":220,"text":"16","label":"","box":[558,968,573,979],"words":[{"text":"16","box":[558,968,573,979]}],"linking":[]},{"id":221,"text":"2","label":"","box":[560,1008,570,1018],"words":[{"text":"2","box":[560,1008,570,1018]}],"linking":[]},{"id":222,"text":"2","label":"","box":[561,1045,571,1055],"words":[{"text":"2","box":[561,1045,571,1055]}],"linking":[]},{"id":223,"text":"2","label":"","box":[560,1084,571,1095],"words":[{"text":"2","box":[560,1084,571,1095]}],"linking":[]},{"id":224,"text":"THUÊ","label":"","box":[477,1227,519,1244],"words":[{"text":"THUÊ","box":[477,1227,519,1244]}],"linking":[]},{"id":225,"text":"SUẤT","label":"","box":[526,1227,565,1243],"words":[{"text":"SUẤT","box":[526,1227,565,1243]}],"linking":[]},{"id":226,"text":"16","label":"","box":[558,1161,573,1172],"words":[{"text":"16","box":[558,1161,573,1172]}],"linking":[]},{"id":227,"text":"ĐƠN","label":"","box":[637,617,672,633],"words":[{"text":"ĐƠN","box":[637,617,672,633]}],"linking":[]},{"id":228,"text":"GIẢ","label":"","box":[678,617,704,633],"words":[{"text":"GIẢ","box":[678,617,704,633]}],"linking":[]},{"id":229,"text":"Price","label":"","box":[654,644,689,655],"words":[{"text":"Price","box":[654,644,689,655]}],"linking":[]},{"id":230,"text":"468,000.000","label":"","box":[640,713,730,725],"words":[{"text":"468,000.000","box":[640,713,730,725]}],"linking":[]},{"id":231,"text":"2,745,000.000","label":"","box":[626,776,731,788],"words":[{"text":"2,745,000.000","box":[626,776,731,788]}],"linking":[]},{"id":232,"text":"2,340,000.000","label":"","box":[626,839,731,853],"words":[{"text":"2,340,000.000","box":[626,839,731,853]}],"linking":[]},{"id":233,"text":"1/2","label":"","box":[606,1716,636,1731],"words":[{"text":"1/2","box":[606,1716,636,1731]}],"linking":[]},{"id":234,"text":"109,523.810","label":"","box":[641,890,730,904],"words":[{"text":"109,523.810","box":[641,890,730,904]}],"linking":[]},{"id":235,"text":"180,000.000","label":"","box":[641,929,730,942],"words":[{"text":"180,000.000","box":[641,929,730,942]}],"linking":[]},{"id":236,"text":"66,000.000","label":"","box":[650,968,729,979],"words":[{"text":"66,000.000","box":[650,968,729,979]}],"linking":[]},{"id":237,"text":"THÀNH","label":"","box":[755,616,805,634],"words":[{"text":"THÀNH","box":[755,616,805,634]}],"linking":[]},{"id":238,"text":"TIÊN","label":"","box":[812,615,844,633],"words":[{"text":"TIÊN","box":[812,615,844,633]}],"linking":[]},{"id":239,"text":"Total","label":"","box":[785,644,820,656],"words":[{"text":"Total","box":[785,644,820,656]}],"linking":[]},{"id":240,"text":"936,000","label":"","box":[794,711,851,725],"words":[{"text":"936,000","box":[794,711,851,725]}],"linking":[]},{"id":241,"text":"5,490,000","label":"","box":[780,776,851,789],"words":[{"text":"5,490,000","box":[780,776,851,789]}],"linking":[]},{"id":242,"text":"2,340,000","label":"","box":[780,840,852,852],"words":[{"text":"2,340,000","box":[780,840,852,852]}],"linking":[]},{"id":243,"text":"219,048","label":"","box":[786,1349,845,1363],"words":[{"text":"219,048","box":[786,1349,845,1363]}],"linking":[]},{"id":244,"text":"3,854,545","label":"","box":[773,1377,845,1389],"words":[{"text":"3,854,545","box":[773,1377,845,1389]}],"linking":[]},{"id":245,"text":"16,955,593","label":"","box":[765,1403,845,1416],"words":[{"text":"16,955,593","box":[765,1403,845,1416]}],"linking":[]},{"id":246,"text":"Mười","label":"","box":[456,1435,492,1452],"words":[{"text":"Mười","box":[456,1435,492,1452]}],"linking":[]},{"id":247,"text":"bảy","label":"","box":[499,1435,523,1452],"words":[{"text":"bảy","box":[499,1435,523,1452]}],"linking":[]},{"id":248,"text":"triệu","label":"","box":[529,1435,559,1452],"words":[{"text":"triệu","box":[529,1435,559,1452]}],"linking":[]},{"id":249,"text":"ba","label":"","box":[567,1435,582,1452],"words":[{"text":"ba","box":[567,1435,582,1452]}],"linking":[]},{"id":250,"text":"trăm","label":"","box":[589,1435,619,1452],"words":[{"text":"trăm","box":[589,1435,619,1452]}],"linking":[]},{"id":251,"text":"năm","label":"","box":[627,1435,655,1452],"words":[{"text":"năm","box":[627,1435,655,1452]}],"linking":[]},{"id":252,"text":"mươi","label":"","box":[663,1435,700,1452],"words":[{"text":"mươi","box":[663,1435,700,1452]}],"linking":[]},{"id":253,"text":"hai","label":"","box":[707,1435,726,1452],"words":[{"text":"hai","box":[707,1435,726,1452]}],"linking":[]},{"id":254,"text":"nghìn","label":"","box":[734,1435,771,1452],"words":[{"text":"nghìn","box":[734,1435,771,1452]}],"linking":[]},{"id":255,"text":"đồng","label":"","box":[778,1435,813,1452],"words":[{"text":"đồng","box":[778,1435,813,1452]}],"linking":[]},{"id":256,"text":"chẵn","label":"","box":[819,1435,853,1452],"words":[{"text":"chẵn","box":[819,1435,853,1452]}],"linking":[]},{"id":257,"text":"THUÊ","label":"","box":[875,595,916,608],"words":[{"text":"THUÊ","box":[875,595,916,608]}],"linking":[]},{"id":258,"text":"SUÁT","label":"","box":[875,619,917,631],"words":[{"text":"SUÁT","box":[875,619,917,631]}],"linking":[]},{"id":259,"text":"GTGT","label":"","box":[877,644,919,655],"words":[{"text":"GTGT","box":[877,644,919,655]}],"linking":[]},{"id":260,"text":"VAT","label":"","box":[868,668,899,679],"words":[{"text":"VAT","box":[868,668,899,679]}],"linking":[]},{"id":261,"text":"rate","label":"","box":[902,668,929,679],"words":[{"text":"rate","box":[902,668,929,679]}],"linking":[]},{"id":262,"text":"12,882,000","label":"","box":[765,1297,845,1310],"words":[{"text":"12,882,000","box":[765,1297,845,1310]}],"linking":[]},{"id":263,"text":"X","label":"","box":[893,716,901,724],"words":[{"text":"X","box":[893,716,901,724]}],"linking":[]},{"id":264,"text":"X","label":"","box":[893,779,902,787],"words":[{"text":"X","box":[893,779,902,787]}],"linking":[]},{"id":265,"text":"219,048","label":"","box":[794,890,853,903],"words":[{"text":"219,048","box":[794,890,853,903]}],"linking":[]},{"id":266,"text":"5","label":"","box":[885,890,895,901],"words":[{"text":"5","box":[885,890,895,901]}],"linking":[]},{"id":267,"text":"%","label":"","box":[894,890,907,901],"words":[{"text":"%","box":[894,890,907,901]}],"linking":[]},{"id":268,"text":"360,000","label":"","box":[795,929,853,943],"words":[{"text":"360,000","box":[795,929,853,943]}],"linking":[]},{"id":269,"text":"1,056,000","label":"","box":[781,968,851,980],"words":[{"text":"1,056,000","box":[781,968,851,980]}],"linking":[]},{"id":270,"text":"200,000","label":"","box":[795,1006,852,1018],"words":[{"text":"200,000","box":[795,1006,852,1018]}],"linking":[]},{"id":271,"text":"X","label":"","box":[893,1009,902,1017],"words":[{"text":"X","box":[893,1009,902,1017]}],"linking":[]},{"id":272,"text":"205,000","label":"","box":[795,1045,851,1057],"words":[{"text":"205,000","box":[795,1045,851,1057]}],"linking":[]},{"id":273,"text":"315,000","label":"","box":[795,1084,852,1096],"words":[{"text":"315,000","box":[795,1084,852,1096]}],"linking":[]},{"id":274,"text":"X","label":"","box":[892,1087,902,1095],"words":[{"text":"X","box":[892,1087,902,1095]}],"linking":[]},{"id":275,"text":"X","label":"","box":[892,843,901,851],"words":[{"text":"X","box":[892,843,901,851]}],"linking":[]},{"id":276,"text":"100,000.000","label":"","box":[642,1006,731,1019],"words":[{"text":"100,000.000","box":[642,1006,731,1019]}],"linking":[]},{"id":277,"text":"102,500.000","label":"","box":[642,1043,730,1057],"words":[{"text":"102,500.000","box":[642,1043,730,1057]}],"linking":[]},{"id":278,"text":"157,500.000","label":"","box":[641,1082,731,1096],"words":[{"text":"157,500.000","box":[641,1082,731,1096]}],"linking":[]},{"id":279,"text":"165,000.000","label":"","box":[641,1120,730,1135],"words":[{"text":"165,000.000","box":[641,1120,730,1135]}],"linking":[]},{"id":280,"text":"240,909.091","label":"","box":[640,1159,728,1174],"words":[{"text":"240,909.091","box":[640,1159,728,1174]}],"linking":[]},{"id":281,"text":"3,854,545","label":"","box":[781,1160,853,1174],"words":[{"text":"3,854,545","box":[781,1160,853,1174]}],"linking":[]},{"id":282,"text":"10","label":"","box":[883,1160,899,1171],"words":[{"text":"10","box":[883,1160,899,1171]}],"linking":[]},{"id":283,"text":"%","label":"","box":[900,1160,911,1171],"words":[{"text":"%","box":[900,1160,911,1171]}],"linking":[]},{"id":284,"text":"Cộng","label":"","box":[625,1191,661,1209],"words":[{"text":"Cộng","box":[625,1191,661,1209]}],"linking":[]},{"id":285,"text":"(","label":"","box":[669,1191,672,1209],"words":[{"text":"(","box":[669,1191,672,1209]}],"linking":[]},{"id":286,"text":"Sub","label":"","box":[673,1191,696,1209],"words":[{"text":"Sub","box":[673,1191,696,1209]}],"linking":[]},{"id":287,"text":"total","label":"","box":[700,1191,725,1209],"words":[{"text":"total","box":[700,1191,725,1209]}],"linking":[]},{"id":288,"text":")","label":"","box":[728,1191,731,1209],"words":[{"text":")","box":[728,1191,731,1209]}],"linking":[]},{"id":289,"text":":","label":"","box":[733,1191,735,1209],"words":[{"text":":","box":[733,1191,735,1209]}],"linking":[]},{"id":290,"text":"16,955,593","label":"","box":[772,1193,852,1207],"words":[{"text":"16,955,593","box":[772,1193,852,1207]}],"linking":[]},{"id":291,"text":"TRỊ","label":"","box":[626,1229,649,1245],"words":[{"text":"TRỊ","box":[626,1229,649,1245]}],"linking":[]},{"id":292,"text":"GIÁ","label":"","box":[658,1229,684,1245],"words":[{"text":"GIÁ","box":[658,1229,684,1245]}],"linking":[]},{"id":293,"text":"CHƯA","label":"","box":[690,1229,737,1245],"words":[{"text":"CHƯA","box":[690,1229,737,1245]}],"linking":[]},{"id":294,"text":"THUẾ","label":"","box":[743,1229,785,1245],"words":[{"text":"THUẾ","box":[743,1229,785,1245]}],"linking":[]},{"id":295,"text":"GTGT","label":"","box":[793,1229,836,1245],"words":[{"text":"GTGT","box":[793,1229,836,1245]}],"linking":[]},{"id":296,"text":"X","label":"","box":[892,932,901,940],"words":[{"text":"X","box":[892,932,901,940]}],"linking":[]},{"id":297,"text":"X","label":"","box":[893,970,903,977],"words":[{"text":"X","box":[893,970,903,977]}],"linking":[]},{"id":298,"text":"X","label":"","box":[893,1048,902,1056],"words":[{"text":"X","box":[893,1048,902,1056]}],"linking":[]},{"id":299,"text":"X","label":"","box":[893,1126,902,1134],"words":[{"text":"X","box":[893,1126,902,1134]}],"linking":[]},{"id":300,"text":"TIỀN","label":"","box":[947,606,981,620],"words":[{"text":"TIỀN","box":[947,606,981,620]}],"linking":[]},{"id":301,"text":"THUẾ","label":"","box":[987,606,1028,620],"words":[{"text":"THUẾ","box":[987,606,1028,620]}],"linking":[]},{"id":302,"text":"GTGT","label":"","box":[969,632,1011,643],"words":[{"text":"GTGT","box":[969,632,1011,643]}],"linking":[]},{"id":303,"text":"VAT","label":"","box":[948,657,978,668],"words":[{"text":"VAT","box":[948,657,978,668]}],"linking":[]},{"id":304,"text":"amount","label":"","box":[983,657,1035,668],"words":[{"text":"amount","box":[983,657,1035,668]}],"linking":[]},{"id":305,"text":"10,952","label":"","box":[990,891,1038,904],"words":[{"text":"10,952","box":[990,891,1038,904]}],"linking":[]},{"id":306,"text":"10,952","label":"","box":[981,1350,1030,1362],"words":[{"text":"10,952","box":[981,1350,1030,1362]}],"linking":[]},{"id":307,"text":"385,455","label":"","box":[972,1377,1030,1389],"words":[{"text":"385,455","box":[972,1377,1030,1389]}],"linking":[]},{"id":308,"text":"396,407","label":"","box":[972,1404,1029,1417],"words":[{"text":"396,407","box":[972,1404,1029,1417]}],"linking":[]},{"id":309,"text":"0000497","label":"answer","box":[1039,173,1115,186],"words":[{"text":"0000497","box":[1039,173,1115,186]}],"linking":[[344,309]]},{"id":310,"text":"385,455","label":"","box":[980,1160,1038,1174],"words":[{"text":"385,455","box":[980,1160,1038,1174]}],"linking":[]},{"id":311,"text":"396,407","label":"","box":[979,1193,1038,1207],"words":[{"text":"396,407","box":[979,1193,1038,1207]}],"linking":[]},{"id":312,"text":"TIỀN","label":"","box":[887,1228,921,1243],"words":[{"text":"TIỀN","box":[887,1228,921,1243]}],"linking":[]},{"id":313,"text":"THUÊ","label":"","box":[929,1228,970,1243],"words":[{"text":"THUÊ","box":[929,1228,970,1243]}],"linking":[]},{"id":314,"text":"GTGT","label":"","box":[979,1228,1020,1243],"words":[{"text":"GTGT","box":[979,1228,1020,1243]}],"linking":[]},{"id":315,"text":"THÀNH","label":"","box":[1064,606,1115,620],"words":[{"text":"THÀNH","box":[1064,606,1115,620]}],"linking":[]},{"id":316,"text":"TIỀN","label":"","box":[1122,606,1155,620],"words":[{"text":"TIỀN","box":[1122,606,1155,620]}],"linking":[]},{"id":317,"text":"SAU","label":"","box":[1073,629,1102,646],"words":[{"text":"SAU","box":[1073,629,1102,646]}],"linking":[]},{"id":318,"text":"THUÊ","label":"","box":[1109,628,1149,645],"words":[{"text":"THUÊ","box":[1109,628,1149,645]}],"linking":[]},{"id":319,"text":"Amount","label":"","box":[1086,657,1142,668],"words":[{"text":"Amount","box":[1086,657,1142,668]}],"linking":[]},{"id":320,"text":"936,000","label":"","box":[1110,712,1168,726],"words":[{"text":"936,000","box":[1110,712,1168,726]}],"linking":[]},{"id":321,"text":"5,490,000","label":"","box":[1096,775,1169,789],"words":[{"text":"5,490,000","box":[1096,775,1169,789]}],"linking":[]},{"id":322,"text":"2,340,000","label":"","box":[1096,840,1168,852],"words":[{"text":"2,340,000","box":[1096,840,1168,852]}],"linking":[]},{"id":323,"text":"230,000","label":"","box":[1110,892,1168,902],"words":[{"text":"230,000","box":[1110,892,1168,902]}],"linking":[]},{"id":324,"text":"360,000","label":"","box":[1111,929,1170,942],"words":[{"text":"360,000","box":[1111,929,1170,942]}],"linking":[]},{"id":325,"text":"1,056,000","label":"","box":[1097,967,1167,980],"words":[{"text":"1,056,000","box":[1097,967,1167,980]}],"linking":[]},{"id":326,"text":"200,000","label":"","box":[1110,1006,1169,1018],"words":[{"text":"200,000","box":[1110,1006,1169,1018]}],"linking":[]},{"id":327,"text":"205,000","label":"","box":[1110,1045,1169,1057],"words":[{"text":"205,000","box":[1110,1045,1169,1057]}],"linking":[]},{"id":328,"text":"315,000","label":"","box":[1111,1084,1168,1096],"words":[{"text":"315,000","box":[1111,1084,1168,1096]}],"linking":[]},{"id":329,"text":"1,980,000","label":"","box":[1097,1123,1168,1135],"words":[{"text":"1,980,000","box":[1097,1123,1168,1135]}],"linking":[]},{"id":330,"text":"4,240,000","label":"","box":[1095,1160,1167,1174],"words":[{"text":"4,240,000","box":[1095,1160,1167,1174]}],"linking":[]},{"id":331,"text":"17,352,000","label":"","box":[1089,1193,1168,1207],"words":[{"text":"17,352,000","box":[1089,1193,1168,1207]}],"linking":[]},{"id":332,"text":"GIÁ","label":"","box":[1052,1217,1077,1232],"words":[{"text":"GIÁ","box":[1052,1217,1077,1232]}],"linking":[]},{"id":333,"text":"TRỊ","label":"","box":[1084,1217,1107,1232],"words":[{"text":"TRỊ","box":[1084,1217,1107,1232]}],"linking":[]},{"id":334,"text":"THANH","label":"","box":[1114,1218,1169,1233],"words":[{"text":"THANH","box":[1114,1218,1169,1233]}],"linking":[]},{"id":335,"text":"TOÁN","label":"","box":[1090,1242,1133,1256],"words":[{"text":"TOÁN","box":[1090,1242,1133,1256]}],"linking":[]},{"id":336,"text":"12,882,000","label":"","box":[1080,1297,1159,1310],"words":[{"text":"12,882,000","box":[1080,1297,1159,1310]}],"linking":[]},{"id":337,"text":"230,000","label":"","box":[1102,1349,1159,1362],"words":[{"text":"230,000","box":[1102,1349,1159,1362]}],"linking":[]},{"id":338,"text":"4,240,000","label":"","box":[1088,1377,1160,1389],"words":[{"text":"4,240,000","box":[1088,1377,1160,1389]}],"linking":[]},{"id":339,"text":"17,352,000","label":"","box":[1080,1403,1160,1417],"words":[{"text":"17,352,000","box":[1080,1403,1160,1417]}],"linking":[]},{"id":340,"text":"Mẫu số ( Fom ) :","label":"question","box":[874,91,981,111],"words":[{"text":"Mẫu","box":[874,91,905,108]},{"text":"số","box":[910,92,927,109]},{"text":"(","box":[932,92,937,109]},{"text":"Fom","box":[937,93,959,110]},{"text":")","box":[966,93,974,110]},{"text":":","box":[978,94,981,111]}],"linking":[[340,341]]},{"id":341,"text":"01GTKT0 / 002","label":"answer","box":[1039,95,1141,107],"words":[{"text":"01GTKT0","box":[1039,95,1108,107]},{"text":"/","box":[1109,95,1115,107]},{"text":"002","box":[1114,95,1141,107]}],"linking":[[340,341]]},{"id":342,"text":"Ki hiệu ( Series ) .","label":"question","box":[875,132,984,149],"words":[{"text":"Ki","box":[875,132,887,146]},{"text":"hiệu","box":[895,133,924,147]},{"text":"(","box":[931,133,936,147]},{"text":"Series","box":[937,134,973,148]},{"text":")","box":[974,135,978,149]},{"text":".","box":[981,135,984,149]}],"linking":[[342,343]]},{"id":343,"text":"BM / 21E","label":"answer","box":[1040,133,1094,145],"words":[{"text":"BM","box":[1040,133,1060,145]},{"text":"/","box":[1063,133,1068,145]},{"text":"21E","box":[1068,133,1094,145]}],"linking":[[342,343]]},{"id":344,"text":"Số ( No. ) .","label":"question","box":[875,167,939,188],"words":[{"text":"Số","box":[875,167,894,184]},{"text":"(","box":[901,168,905,185]},{"text":"No.","box":[905,170,927,186]},{"text":")","box":[928,170,932,187]},{"text":".","box":[938,171,939,188]}],"linking":[[344,309]]},{"id":345,"text":"Đơn vị bán hàng ( ComName ) :","label":"question","box":[68,221,277,240],"words":[{"text":"Đơn","box":[68,221,97,239]},{"text":"vị","box":[104,221,119,239]},{"text":"bán","box":[124,221,148,239]},{"text":"hàng","box":[156,221,189,239]},{"text":"(","box":[196,221,201,239]},{"text":"ComName","box":[203,221,264,240]},{"text":")","box":[267,222,271,240]},{"text":":","box":[274,222,277,240]}],"linking":[[345,362]]},{"id":346,"text":"Mã số thuế ( Tax code )","label":"question","box":[70,249,221,271],"words":[{"text":"Mã","box":[70,250,92,267]},{"text":"số","box":[97,249,114,268]},{"text":"thuế","box":[118,251,149,268]},{"text":"(","box":[156,251,162,269]},{"text":"Tax","box":[162,252,183,270]},{"text":"code","box":[187,253,215,270]},{"text":")","box":[217,253,221,271]}],"linking":[[346,103]]},{"id":347,"text":"Dia chỉ ( Address ) :","label":"question","box":[70,283,193,298],"words":[{"text":"Dia","box":[70,283,94,296]},{"text":"chỉ","box":[99,283,119,297]},{"text":"(","box":[126,283,131,297]},{"text":"Address","box":[129,284,179,297]},{"text":")","box":[180,284,185,298]},{"text":":","box":[189,284,193,298]}],"linking":[[347,361]]},{"id":348,"text":"Số tài khoản ( BankNo ) .","label":"question","box":[71,309,230,328],"words":[{"text":"Số","box":[71,309,88,325]},{"text":"tài","box":[95,309,110,325]},{"text":"khoản","box":[118,310,159,326]},{"text":"(","box":[167,311,171,327]},{"text":"BankNo","box":[172,311,216,327]},{"text":")","box":[219,312,223,328]},{"text":".","box":[229,312,230,328]}],"linking":[[348,104]]},{"id":349,"text":"Ngân hàng ( BankName ) :","label":"question","box":[71,338,238,357],"words":[{"text":"Ngân","box":[71,338,107,356]},{"text":"hàng","box":[115,338,148,356]},{"text":"(","box":[155,338,160,356]},{"text":"BankName","box":[162,339,224,357]},{"text":")","box":[228,339,232,357]},{"text":":","box":[235,339,238,357]}],"linking":[[349,360]]},{"id":350,"text":"Họ tên người mua hàng ( Buyer ) :","label":"question","box":[71,391,300,407],"words":[{"text":"Họ","box":[71,391,89,406]},{"text":"tên","box":[96,391,116,406]},{"text":"người","box":[124,391,165,406]},{"text":"mua","box":[172,391,201,406]},{"text":"hàng","box":[209,391,242,407]},{"text":"(","box":[250,392,254,407]},{"text":"Buyer","box":[255,392,289,407]},{"text":")","box":[289,392,293,407]},{"text":":","box":[297,392,300,407]}],"linking":[[350,359]]},{"id":351,"text":"Tên đơn vị ( CusName ) -","label":"question","box":[70,419,229,436],"words":[{"text":"Tên","box":[70,419,96,434]},{"text":"đơn","box":[103,420,130,434]},{"text":"vị","box":[136,420,146,435]},{"text":"(","box":[154,420,158,435]},{"text":"CusName","box":[161,421,218,436]},{"text":")","box":[220,421,222,436]},{"text":"-","box":[228,421,229,436]}],"linking":[]},{"id":352,"text":"Mã số thuế ( Tax code )","label":"question","box":[71,444,221,465],"words":[{"text":"Mã","box":[71,444,92,462]},{"text":"số","box":[98,444,114,462]},{"text":"thuế","box":[119,445,150,463]},{"text":"(","box":[157,445,162,463]},{"text":"Tax","box":[163,446,183,464]},{"text":"code","box":[188,447,215,465]},{"text":")","box":[218,447,221,465]}],"linking":[]},{"id":353,"text":"Địa chỉ ( Address )","label":"question","box":[70,474,182,493],"words":[{"text":"Địa","box":[70,474,93,491]},{"text":"chỉ","box":[100,474,121,491]},{"text":"(","box":[125,474,130,491]},{"text":"Address","box":[131,475,179,492]},{"text":")","box":[180,476,182,493]}],"linking":[[353,358]]},{"id":354,"text":"Hình thức thanh toán ( Method of payment ) -","label":"question","box":[71,503,361,522],"words":[{"text":"Hình","box":[71,503,103,520]},{"text":"thức","box":[109,503,141,520]},{"text":"thanh","box":[147,503,186,521]},{"text":"toán","box":[192,504,222,521]},{"text":"(","box":[230,504,234,521]},{"text":"Method","box":[235,504,279,521]},{"text":"of","box":[285,505,292,522]},{"text":"payment","box":[296,506,350,522]},{"text":")","box":[352,505,354,522]},{"text":"-","box":[360,505,361,522]}],"linking":[[354,357]]},{"id":355,"text":"Ngân hàng ( Bank Name ) :","label":"question","box":[71,535,241,549],"words":[{"text":"Ngân","box":[71,535,107,549]},{"text":"hàng","box":[115,535,148,549]},{"text":"(","box":[156,535,158,549]},{"text":"Bank","box":[161,535,191,549]},{"text":"Name","box":[195,535,230,549]},{"text":")","box":[232,535,235,549]},{"text":":","box":[241,535,241,549]}],"linking":[]},{"id":356,"text":"Số tài khoản ( A / C No ) .","label":"question","box":[685,503,840,522],"words":[{"text":"Số","box":[685,503,702,517]},{"text":"tài","box":[708,503,725,518]},{"text":"khoản","box":[731,504,775,519]},{"text":"(","box":[783,505,785,520]},{"text":"A","box":[787,505,791,520]},{"text":"/","box":[794,505,799,520]},{"text":"C","box":[802,505,808,520]},{"text":"No","box":[813,506,828,521]},{"text":")","box":[830,506,834,521]},{"text":".","box":[840,507,840,522]}],"linking":[]},{"id":357,"text":"Chuyển khoản / Tiền mặt","label":"answer","box":[433,503,605,520],"words":[{"text":"Chuyển","box":[433,503,486,520]},{"text":"khoản","box":[494,503,532,520]},{"text":"/","box":[536,503,541,520]},{"text":"Tiền","box":[543,503,572,520]},{"text":"mặt","box":[580,503,605,520]}],"linking":[[354,357]]},{"id":358,"text":"Ấp 9 , xã An Đức , Huyện Ba Trị , Tỉnh Bến Tre","label":"answer","box":[432,474,759,491],"words":[{"text":"Ấp","box":[432,474,450,491]},{"text":"9","box":[457,474,463,491]},{"text":",","box":[467,474,468,491]},{"text":"xã","box":[475,474,490,491]},{"text":"An","box":[497,474,515,491]},{"text":"Đức","box":[521,474,551,491]},{"text":",","box":[553,474,554,491]},{"text":"Huyện","box":[562,474,607,491]},{"text":"Ba","box":[614,474,631,491]},{"text":"Trị","box":[638,474,656,491]},{"text":",","box":[658,474,659,491]},{"text":"Tỉnh","box":[666,474,696,491]},{"text":"Bến","box":[704,474,730,491]},{"text":"Tre","box":[737,474,759,491]}],"linking":[[353,358]]},{"id":359,"text":"TÁM NHÂN","label":"answer","box":[432,388,514,403],"words":[{"text":"TÁM","box":[432,388,463,403]},{"text":"NHÂN","box":[471,388,514,402]}],"linking":[[350,359]]},{"id":360,"text":"NH TMCP Công Thương Việt Nam ( Vietinbank ) - CN Tây Sài Gòn , TP.HCM","label":"answer","box":[331,342,880,356],"words":[{"text":"NH","box":[331,342,351,356]},{"text":"TMCP","box":[358,342,403,356]},{"text":"Công","box":[411,342,447,356]},{"text":"Thương","box":[453,342,510,356]},{"text":"Việt","box":[517,342,544,356]},{"text":"Nam","box":[551,342,582,356]},{"text":"(","box":[590,342,593,356]},{"text":"Vietinbank","box":[596,342,667,356]},{"text":")","box":[670,342,675,356]},{"text":"-","box":[681,342,685,356]},{"text":"CN","box":[692,342,712,356]},{"text":"Tây","box":[720,342,746,356]},{"text":"Sài","box":[753,342,774,356]},{"text":"Gòn","box":[781,342,809,356]},{"text":",","box":[812,342,813,356]},{"text":"TP.HCM","box":[820,342,880,356]}],"linking":[[349,360]]},{"id":361,"text":"Số 86/28/1 , Phổ Quang , Phường 2 , Quận Tân Bình , TP.HCM","label":"answer","box":[331,281,770,298],"words":[{"text":"Số","box":[331,281,348,298]},{"text":"86/28/1","box":[356,281,406,298]},{"text":",","box":[411,281,412,298]},{"text":"Phổ","box":[420,281,446,298]},{"text":"Quang","box":[454,281,500,298]},{"text":",","box":[503,281,504,298]},{"text":"Phường","box":[512,281,569,298]},{"text":"2","box":[576,281,583,298]},{"text":",","box":[586,281,587,298]},{"text":"Quận","box":[595,281,632,298]},{"text":"Tân","box":[639,281,665,298]},{"text":"Bình","box":[672,281,703,298]},{"text":",","box":[706,281,707,298]},{"text":"TP.HCM","box":[710,281,770,298]}],"linking":[[347,361]]},{"id":362,"text":"CÔNG TY CỔ PHẦN THUỶ SẢN BÌNH MINH","label":"answer","box":[330,222,660,236],"words":[{"text":"CÔNG","box":[330,222,378,236]},{"text":"TY","box":[384,222,404,236]},{"text":"CỔ","box":[410,222,432,236]},{"text":"PHẦN","box":[440,222,483,236]},{"text":"THUỶ","box":[489,222,533,236]},{"text":"SẢN","box":[538,222,570,236]},{"text":"BÌNH","box":[578,222,614,236]},{"text":"MINH","box":[621,222,660,236]}],"linking":[[345,362]]}]