[{"id":0,"text":"Đơn","label":"","box":[173,56,197,71],"words":[{"text":"Đơn","box":[173,56,197,71]}],"linking":[]},{"id":1,"text":"vị","label":"","box":[203,56,211,71],"words":[{"text":"vị","box":[203,56,211,71]}],"linking":[]},{"id":2,"text":"hỗ","label":"","box":[215,56,229,71],"words":[{"text":"hỗ","box":[215,56,229,71]}],"linking":[]},{"id":3,"text":"trợ","label":"","box":[234,56,250,71],"words":[{"text":"trợ","box":[234,56,250,71]}],"linking":[]},{"id":4,"text":"cung","label":"","box":[254,56,282,71],"words":[{"text":"cung","box":[254,56,282,71]}],"linking":[]},{"id":5,"text":"cấp","label":"","box":[287,56,307,71],"words":[{"text":"cấp","box":[287,56,307,71]}],"linking":[]},{"id":6,"text":"công","label":"","box":[312,56,339,71],"words":[{"text":"công","box":[312,56,339,71]}],"linking":[]},{"id":7,"text":"cụ","label":"","box":[344,56,357,71],"words":[{"text":"cụ","box":[344,56,357,71]}],"linking":[]},{"id":8,"text":"phát","label":"","box":[361,56,387,71],"words":[{"text":"phát","box":[361,56,387,71]}],"linking":[]},{"id":9,"text":"hành","label":"","box":[392,56,420,71],"words":[{"text":"hành","box":[392,56,420,71]}],"linking":[]},{"id":10,"text":"hóa","label":"","box":[425,56,446,71],"words":[{"text":"hóa","box":[425,56,446,71]}],"linking":[]},{"id":11,"text":"đơn","label":"","box":[451,56,473,71],"words":[{"text":"đơn","box":[451,56,473,71]}],"linking":[]},{"id":12,"text":"điện","label":"","box":[478,56,502,71],"words":[{"text":"điện","box":[478,56,502,71]}],"linking":[]},{"id":13,"text":"tử","label":"","box":[507,56,514,71],"words":[{"text":"tử","box":[507,56,514,71]}],"linking":[]},{"id":14,"text":":","label":"","box":[518,56,521,71],"words":[{"text":":","box":[518,56,521,71]}],"linking":[]},{"id":15,"text":"Công","label":"","box":[527,56,557,71],"words":[{"text":"Công","box":[527,56,557,71]}],"linking":[]},{"id":16,"text":"ty","label":"","box":[562,56,572,71],"words":[{"text":"ty","box":[562,56,572,71]}],"linking":[]},{"id":17,"text":"Cổ","label":"","box":[576,56,592,71],"words":[{"text":"Cổ","box":[576,56,592,71]}],"linking":[]},{"id":18,"text":"phần","label":"","box":[596,56,625,71],"words":[{"text":"phần","box":[596,56,625,71]}],"linking":[]},{"id":19,"text":"Định","label":"","box":[630,56,656,71],"words":[{"text":"Định","box":[630,56,656,71]}],"linking":[]},{"id":20,"text":"Gia","label":"","box":[661,56,680,71],"words":[{"text":"Gia","box":[661,56,680,71]}],"linking":[]},{"id":21,"text":"Nét","label":"","box":[686,56,706,71],"words":[{"text":"Nét","box":[686,56,706,71]}],"linking":[]},{"id":22,"text":"-","label":"","box":[710,56,713,71],"words":[{"text":"-","box":[710,56,713,71]}],"linking":[]},{"id":23,"text":"DigiNet","label":"","box":[718,56,761,71],"words":[{"text":"DigiNet","box":[718,56,761,71]}],"linking":[]},{"id":24,"text":"Corp","label":"","box":[765,56,789,71],"words":[{"text":"Corp","box":[765,56,789,71]}],"linking":[]},{"id":25,"text":",","label":"","box":[792,56,795,71],"words":[{"text":",","box":[792,56,795,71]}],"linking":[]},{"id":26,"text":"MST","label":"","box":[801,56,825,71],"words":[{"text":"MST","box":[801,56,825,71]}],"linking":[]},{"id":27,"text":":","label":"","box":[828,56,832,71],"words":[{"text":":","box":[828,56,832,71]}],"linking":[]},{"id":28,"text":"0303359278","label":"","box":[837,56,907,71],"words":[{"text":"0303359278","box":[837,56,907,71]}],"linking":[]},{"id":29,"text":",","label":"","box":[910,56,912,71],"words":[{"text":",","box":[910,56,912,71]}],"linking":[]},{"id":30,"text":"Điện","label":"","box":[918,56,944,71],"words":[{"text":"Điện","box":[918,56,944,71]}],"linking":[]},{"id":31,"text":"thoại","label":"","box":[949,56,977,71],"words":[{"text":"thoại","box":[949,56,977,71]}],"linking":[]},{"id":32,"text":":","label":"","box":[979,56,980,71],"words":[{"text":":","box":[979,56,980,71]}],"linking":[]},{"id":33,"text":"028","label":"","box":[985,56,1006,71],"words":[{"text":"028","box":[985,56,1006,71]}],"linking":[]},{"id":34,"text":"35123878","label":"","box":[1011,56,1069,71],"words":[{"text":"35123878","box":[1011,56,1069,71]}],"linking":[]},{"id":35,"text":"HÓA","label":"","box":[389,93,453,127],"words":[{"text":"HÓA","box":[389,93,453,127]}],"linking":[]},{"id":36,"text":"ĐƠN","label":"","box":[462,93,532,127],"words":[{"text":"ĐƠN","box":[462,93,532,127]}],"linking":[]},{"id":37,"text":"GIÁ","label":"","box":[545,93,597,127],"words":[{"text":"GIÁ","box":[545,93,597,127]}],"linking":[]},{"id":38,"text":"TRỊ","label":"","box":[606,93,654,127],"words":[{"text":"TRỊ","box":[606,93,654,127]}],"linking":[]},{"id":39,"text":"GIA","label":"","box":[666,93,718,127],"words":[{"text":"GIA","box":[666,93,718,127]}],"linking":[]},{"id":40,"text":"TĂNG","label":"","box":[728,93,811,127],"words":[{"text":"TĂNG","box":[728,93,811,127]}],"linking":[]},{"id":41,"text":"VAT","label":"","box":[522,142,573,161],"words":[{"text":"VAT","box":[522,142,573,161]}],"linking":[]},{"id":42,"text":"INVOICE","label":"","box":[578,142,681,161],"words":[{"text":"INVOICE","box":[578,142,681,161]}],"linking":[]},{"id":43,"text":"Ngày","label":"","box":[431,177,467,192],"words":[{"text":"Ngày","box":[431,177,467,192]}],"linking":[]},{"id":44,"text":"(","label":"","box":[474,177,477,192],"words":[{"text":"(","box":[474,177,477,192]}],"linking":[]},{"id":45,"text":"Date","label":"","box":[477,177,504,192],"words":[{"text":"Date","box":[477,177,504,192]}],"linking":[]},{"id":46,"text":")","label":"","box":[507,177,510,192],"words":[{"text":")","box":[507,177,510,192]}],"linking":[]},{"id":47,"text":"30","label":"","box":[515,177,532,192],"words":[{"text":"30","box":[515,177,532,192]}],"linking":[]},{"id":48,"text":"tháng","label":"","box":[538,177,577,192],"words":[{"text":"tháng","box":[538,177,577,192]}],"linking":[]},{"id":49,"text":"(","label":"","box":[585,177,588,192],"words":[{"text":"(","box":[585,177,588,192]}],"linking":[]},{"id":50,"text":"month","label":"","box":[587,177,623,192],"words":[{"text":"month","box":[587,177,623,192]}],"linking":[]},{"id":51,"text":")","label":"","box":[626,177,630,192],"words":[{"text":")","box":[626,177,630,192]}],"linking":[]},{"id":52,"text":"03","label":"","box":[635,177,652,192],"words":[{"text":"03","box":[635,177,652,192]}],"linking":[]},{"id":53,"text":"năm","label":"","box":[659,177,687,192],"words":[{"text":"năm","box":[659,177,687,192]}],"linking":[]},{"id":54,"text":"(","label":"","box":[696,177,699,192],"words":[{"text":"(","box":[696,177,699,192]}],"linking":[]},{"id":55,"text":"year","label":"","box":[699,177,724,192],"words":[{"text":"year","box":[699,177,724,192]}],"linking":[]},{"id":56,"text":")","label":"","box":[727,177,730,192],"words":[{"text":")","box":[727,177,730,192]}],"linking":[]},{"id":57,"text":"2022","label":"","box":[735,177,769,192],"words":[{"text":"2022","box":[735,177,769,192]}],"linking":[]},{"id":58,"text":"BINH","label":"","box":[162,172,193,184],"words":[{"text":"BINH","box":[162,172,193,184]}],"linking":[]},{"id":59,"text":"MINH","label":"","box":[199,172,231,183],"words":[{"text":"MINH","box":[199,172,231,183]}],"linking":[]},{"id":60,"text":"STT","label":"","box":[62,621,90,632],"words":[{"text":"STT","box":[62,621,90,632]}],"linking":[]},{"id":61,"text":"No.","label":"","box":[65,645,88,655],"words":[{"text":"No.","box":[65,645,88,655]}],"linking":[]},{"id":62,"text":"1","label":"","box":[72,700,80,711],"words":[{"text":"1","box":[72,700,80,711]}],"linking":[]},{"id":63,"text":"0303880297","label":"answer","box":[330,254,419,265],"words":[{"text":"0303880297","box":[330,254,419,265]}],"linking":[[250,63]]},{"id":64,"text":"112002622316","label":"answer","box":[331,311,439,323],"words":[{"text":"112002622316","box":[331,311,439,323]}],"linking":[[253,64]]},{"id":65,"text":"TÊN","label":"","box":[179,617,209,633],"words":[{"text":"TÊN","box":[179,617,209,633]}],"linking":[]},{"id":66,"text":"HÀNG","label":"","box":[216,617,259,633],"words":[{"text":"HÀNG","box":[216,617,259,633]}],"linking":[]},{"id":67,"text":"HÓA","label":"","box":[265,618,295,634],"words":[{"text":"HÓA","box":[265,618,295,634]}],"linking":[]},{"id":68,"text":",","label":"","box":[297,618,299,635],"words":[{"text":",","box":[297,618,299,635]}],"linking":[]},{"id":69,"text":"DỊCH","label":"","box":[308,619,344,635],"words":[{"text":"DỊCH","box":[308,619,344,635]}],"linking":[]},{"id":70,"text":"VỤ","label":"","box":[349,618,369,636],"words":[{"text":"VỤ","box":[349,618,369,636]}],"linking":[]},{"id":71,"text":"Description","label":"","box":[236,645,314,658],"words":[{"text":"Description","box":[236,645,314,658]}],"linking":[]},{"id":72,"text":"FANTAI","label":"","box":[102,701,161,712],"words":[{"text":"FANTAI","box":[102,701,161,712]}],"linking":[]},{"id":73,"text":"TCCA","label":"","box":[166,701,210,712],"words":[{"text":"TCCA","box":[166,701,210,712]}],"linking":[]},{"id":74,"text":"90","label":"","box":[215,701,234,712],"words":[{"text":"90","box":[215,701,234,712]}],"linking":[]},{"id":75,"text":"%","label":"","box":[233,701,245,712],"words":[{"text":"%","box":[233,701,245,712]}],"linking":[]},{"id":76,"text":"TỔNG","label":"","box":[213,1043,259,1058],"words":[{"text":"TỔNG","box":[213,1043,259,1058]}],"linking":[]},{"id":77,"text":"HỢP","label":"","box":[266,1045,300,1059],"words":[{"text":"HỢP","box":[266,1045,300,1059]}],"linking":[]},{"id":78,"text":"Tổng","label":"","box":[76,1082,111,1099],"words":[{"text":"Tổng","box":[76,1082,111,1099]}],"linking":[]},{"id":79,"text":"tiền","label":"","box":[117,1082,142,1099],"words":[{"text":"tiền","box":[117,1082,142,1099]}],"linking":[]},{"id":80,"text":"không","label":"","box":[150,1082,191,1099],"words":[{"text":"không","box":[150,1082,191,1099]}],"linking":[]},{"id":81,"text":"kê","label":"","box":[199,1082,213,1099],"words":[{"text":"kê","box":[199,1082,213,1099]}],"linking":[]},{"id":82,"text":"khai","label":"","box":[221,1082,248,1099],"words":[{"text":"khai","box":[221,1082,248,1099]}],"linking":[]},{"id":83,"text":"và","label":"","box":[254,1082,270,1099],"words":[{"text":"và","box":[254,1082,270,1099]}],"linking":[]},{"id":84,"text":"nộp","label":"","box":[277,1082,302,1099],"words":[{"text":"nộp","box":[277,1082,302,1099]}],"linking":[]},{"id":85,"text":"thuế","label":"","box":[308,1082,338,1099],"words":[{"text":"thuế","box":[308,1082,338,1099]}],"linking":[]},{"id":86,"text":":","label":"","box":[341,1082,342,1099],"words":[{"text":":","box":[341,1082,342,1099]}],"linking":[]},{"id":87,"text":"Tổng","label":"","box":[76,1109,111,1126],"words":[{"text":"Tổng","box":[76,1109,111,1126]}],"linking":[]},{"id":88,"text":"tiền","label":"","box":[117,1109,142,1126],"words":[{"text":"tiền","box":[117,1109,142,1126]}],"linking":[]},{"id":89,"text":"không","label":"","box":[150,1109,191,1126],"words":[{"text":"không","box":[150,1109,191,1126]}],"linking":[]},{"id":90,"text":"chịu","label":"","box":[199,1109,226,1126],"words":[{"text":"chịu","box":[199,1109,226,1126]}],"linking":[]},{"id":91,"text":"thuế","label":"","box":[232,1109,262,1126],"words":[{"text":"thuế","box":[232,1109,262,1126]}],"linking":[]},{"id":92,"text":"GTGT","label":"","box":[270,1109,313,1126],"words":[{"text":"GTGT","box":[270,1109,313,1126]}],"linking":[]},{"id":93,"text":":","label":"","box":[316,1109,317,1126],"words":[{"text":":","box":[316,1109,317,1126]}],"linking":[]},{"id":94,"text":"Tổng","label":"","box":[76,1132,110,1154],"words":[{"text":"Tổng","box":[76,1132,110,1154]}],"linking":[]},{"id":95,"text":"tiền","label":"","box":[116,1132,141,1153],"words":[{"text":"tiền","box":[116,1132,141,1153]}],"linking":[]},{"id":96,"text":"chịu","label":"","box":[148,1132,176,1153],"words":[{"text":"chịu","box":[148,1132,176,1153]}],"linking":[]},{"id":97,"text":"thuế","label":"","box":[180,1131,210,1152],"words":[{"text":"thuế","box":[180,1131,210,1152]}],"linking":[]},{"id":98,"text":"suất","label":"","box":[220,1131,249,1152],"words":[{"text":"suất","box":[220,1131,249,1152]}],"linking":[]},{"id":99,"text":":","label":"","box":[251,1131,252,1152],"words":[{"text":":","box":[251,1131,252,1152]}],"linking":[]},{"id":100,"text":"Tổng","label":"","box":[76,1160,110,1179],"words":[{"text":"Tổng","box":[76,1160,110,1179]}],"linking":[]},{"id":101,"text":"tiền","label":"","box":[116,1160,141,1178],"words":[{"text":"tiền","box":[116,1160,141,1178]}],"linking":[]},{"id":102,"text":"chịu","label":"","box":[148,1160,176,1178],"words":[{"text":"chịu","box":[148,1160,176,1178]}],"linking":[]},{"id":103,"text":"thuế","label":"","box":[182,1160,212,1178],"words":[{"text":"thuế","box":[182,1160,212,1178]}],"linking":[]},{"id":104,"text":"suất","label":"","box":[220,1160,248,1178],"words":[{"text":"suất","box":[220,1160,248,1178]}],"linking":[]},{"id":105,"text":":","label":"","box":[251,1160,252,1178],"words":[{"text":":","box":[251,1160,252,1178]}],"linking":[]},{"id":106,"text":"Tổng","label":"","box":[76,1187,110,1207],"words":[{"text":"Tổng","box":[76,1187,110,1207]}],"linking":[]},{"id":107,"text":"tiền","label":"","box":[116,1187,141,1206],"words":[{"text":"tiền","box":[116,1187,141,1206]}],"linking":[]},{"id":108,"text":"chịu","label":"","box":[148,1187,176,1206],"words":[{"text":"chịu","box":[148,1187,176,1206]}],"linking":[]},{"id":109,"text":"thuế","label":"","box":[182,1186,212,1205],"words":[{"text":"thuế","box":[182,1186,212,1205]}],"linking":[]},{"id":110,"text":"suất","label":"","box":[220,1186,248,1205],"words":[{"text":"suất","box":[220,1186,248,1205]}],"linking":[]},{"id":111,"text":":","label":"","box":[251,1186,251,1205],"words":[{"text":":","box":[251,1186,251,1205]}],"linking":[]},{"id":112,"text":"Tổng","label":"","box":[76,1213,110,1233],"words":[{"text":"Tổng","box":[76,1213,110,1233]}],"linking":[]},{"id":113,"text":"cộng","label":"","box":[116,1213,150,1232],"words":[{"text":"cộng","box":[116,1213,150,1232]}],"linking":[]},{"id":114,"text":"tiền","label":"","box":[157,1213,181,1232],"words":[{"text":"tiền","box":[157,1213,181,1232]}],"linking":[]},{"id":115,"text":"thanh","label":"","box":[188,1213,227,1232],"words":[{"text":"thanh","box":[188,1213,227,1232]}],"linking":[]},{"id":116,"text":"toán","label":"","box":[233,1212,263,1232],"words":[{"text":"toán","box":[233,1212,263,1232]}],"linking":[]},{"id":117,"text":"Số","label":"","box":[77,1248,94,1265],"words":[{"text":"Số","box":[77,1248,94,1265]}],"linking":[]},{"id":118,"text":"tiền","label":"","box":[99,1248,124,1265],"words":[{"text":"tiền","box":[99,1248,124,1265]}],"linking":[]},{"id":119,"text":"viết","label":"","box":[131,1248,155,1266],"words":[{"text":"viết","box":[131,1248,155,1266]}],"linking":[]},{"id":120,"text":"bằng","label":"","box":[162,1249,196,1266],"words":[{"text":"bằng","box":[162,1249,196,1266]}],"linking":[]},{"id":121,"text":"chữ","label":"","box":[203,1249,229,1266],"words":[{"text":"chữ","box":[203,1249,229,1266]}],"linking":[]},{"id":122,"text":"(","label":"","box":[236,1250,240,1267],"words":[{"text":"(","box":[236,1250,240,1267]}],"linking":[]},{"id":123,"text":"Total","label":"","box":[243,1250,270,1267],"words":[{"text":"Total","box":[243,1250,270,1267]}],"linking":[]},{"id":124,"text":"amount","label":"","box":[275,1251,319,1268],"words":[{"text":"amount","box":[275,1251,319,1268]}],"linking":[]},{"id":125,"text":"in","label":"","box":[324,1251,333,1268],"words":[{"text":"in","box":[324,1251,333,1268]}],"linking":[]},{"id":126,"text":"words","label":"","box":[339,1251,372,1269],"words":[{"text":"words","box":[339,1251,372,1269]}],"linking":[]},{"id":127,"text":")","label":"","box":[375,1252,378,1269],"words":[{"text":")","box":[375,1252,378,1269]}],"linking":[]},{"id":128,"text":"Người","label":"","box":[255,1298,299,1312],"words":[{"text":"Người","box":[255,1298,299,1312]}],"linking":[]},{"id":129,"text":"mua","label":"","box":[306,1298,335,1312],"words":[{"text":"mua","box":[306,1298,335,1312]}],"linking":[]},{"id":130,"text":"hàng","label":"","box":[342,1298,376,1312],"words":[{"text":"hàng","box":[342,1298,376,1312]}],"linking":[]},{"id":131,"text":"(","label":"","box":[384,1298,387,1312],"words":[{"text":"(","box":[384,1298,387,1312]}],"linking":[]},{"id":132,"text":"Buyer","label":"","box":[388,1298,422,1312],"words":[{"text":"Buyer","box":[388,1298,422,1312]}],"linking":[]},{"id":133,"text":")","label":"","box":[425,1298,427,1312],"words":[{"text":")","box":[425,1298,427,1312]}],"linking":[]},{"id":134,"text":"4400621577","label":"answer","box":[432,447,520,459],"words":[{"text":"4400621577","box":[432,447,520,459]}],"linking":[[259,134]]},{"id":135,"text":":","label":"","box":[840,507,840,522],"words":[{"text":":","box":[840,507,840,522]}],"linking":[]},{"id":136,"text":"ĐƠN","label":"","box":[466,608,499,623],"words":[{"text":"ĐƠN","box":[466,608,499,623]}],"linking":[]},{"id":137,"text":"VỊ","label":"","box":[506,608,518,622],"words":[{"text":"VỊ","box":[506,608,518,622]}],"linking":[]},{"id":138,"text":"ΤΙΝΗ","label":"","box":[478,628,512,643],"words":[{"text":"ΤΙΝΗ","box":[478,628,512,643]}],"linking":[]},{"id":139,"text":"Unit","label":"","box":[483,657,511,667],"words":[{"text":"Unit","box":[483,657,511,667]}],"linking":[]},{"id":140,"text":"Xô","label":"","box":[485,701,504,711],"words":[{"text":"Xô","box":[485,701,504,711]}],"linking":[]},{"id":141,"text":"SÓ","label":"","box":[558,606,578,619],"words":[{"text":"SÓ","box":[558,606,578,619]}],"linking":[]},{"id":142,"text":"|","label":"","box":[537,630,538,646],"words":[{"text":"|","box":[537,630,538,646]}],"linking":[]},{"id":143,"text":"LƯỢNG","label":"","box":[541,630,596,646],"words":[{"text":"LƯỢNG","box":[541,630,596,646]}],"linking":[]},{"id":144,"text":"Quantity","label":"","box":[543,658,602,669],"words":[{"text":"Quantity","box":[543,658,602,669]}],"linking":[]},{"id":145,"text":"X","label":"","box":[526,1087,535,1095],"words":[{"text":"X","box":[526,1087,535,1095]}],"linking":[]},{"id":146,"text":"THUÊ","label":"","box":[484,1043,526,1059],"words":[{"text":"THUÊ","box":[484,1043,526,1059]}],"linking":[]},{"id":147,"text":"SUẤT","label":"","box":[534,1043,575,1059],"words":[{"text":"SUẤT","box":[534,1043,575,1059]}],"linking":[]},{"id":148,"text":"16","label":"","box":[562,700,578,711],"words":[{"text":"16","box":[562,700,578,711]}],"linking":[]},{"id":149,"text":"X","label":"","box":[525,1115,535,1123],"words":[{"text":"X","box":[525,1115,535,1123]}],"linking":[]},{"id":150,"text":"0","label":"","box":[518,1137,527,1149],"words":[{"text":"0","box":[518,1137,527,1149]}],"linking":[]},{"id":151,"text":"%","label":"","box":[527,1137,540,1149],"words":[{"text":"%","box":[527,1137,540,1149]}],"linking":[]},{"id":152,"text":"5","label":"","box":[518,1165,527,1175],"words":[{"text":"5","box":[518,1165,527,1175]}],"linking":[]},{"id":153,"text":"%","label":"","box":[526,1165,539,1175],"words":[{"text":"%","box":[526,1165,539,1175]}],"linking":[]},{"id":154,"text":"10","label":"","box":[515,1191,531,1203],"words":[{"text":"10","box":[515,1191,531,1203]}],"linking":[]},{"id":155,"text":"%","label":"","box":[532,1191,544,1203],"words":[{"text":"%","box":[532,1191,544,1203]}],"linking":[]},{"id":156,"text":"ĐƠN","label":"","box":[639,618,673,632],"words":[{"text":"ĐƠN","box":[639,618,673,632]}],"linking":[]},{"id":157,"text":"GIÁ","label":"","box":[681,618,705,632],"words":[{"text":"GIÁ","box":[681,618,705,632]}],"linking":[]},{"id":158,"text":"Price","label":"","box":[656,644,691,655],"words":[{"text":"Price","box":[656,644,691,655]}],"linking":[]},{"id":159,"text":"428,571.429","label":"","box":[639,699,728,714],"words":[{"text":"428,571.429","box":[639,699,728,714]}],"linking":[]},{"id":160,"text":"1/1","label":"","box":[606,1716,635,1731],"words":[{"text":"1/1","box":[606,1716,635,1731]}],"linking":[]},{"id":161,"text":"Bảy","label":"","box":[465,1248,490,1268],"words":[{"text":"Bảy","box":[465,1248,490,1268]}],"linking":[]},{"id":162,"text":"triệu","label":"","box":[495,1248,525,1267],"words":[{"text":"triệu","box":[495,1248,525,1267]}],"linking":[]},{"id":163,"text":"hai","label":"","box":[533,1248,552,1267],"words":[{"text":"hai","box":[533,1248,552,1267]}],"linking":[]},{"id":164,"text":"trăm","label":"","box":[558,1248,588,1267],"words":[{"text":"trăm","box":[558,1248,588,1267]}],"linking":[]},{"id":165,"text":"nghìn","label":"","box":[597,1247,635,1267],"words":[{"text":"nghìn","box":[597,1247,635,1267]}],"linking":[]},{"id":166,"text":"đồng","label":"","box":[641,1247,676,1266],"words":[{"text":"đồng","box":[641,1247,676,1266]}],"linking":[]},{"id":167,"text":"chẵn","label":"","box":[682,1247,716,1266],"words":[{"text":"chẵn","box":[682,1247,716,1266]}],"linking":[]},{"id":168,"text":"THUÊ","label":"","box":[875,594,914,608],"words":[{"text":"THUÊ","box":[875,594,914,608]}],"linking":[]},{"id":169,"text":"SUÁT","label":"","box":[876,618,917,631],"words":[{"text":"SUÁT","box":[876,618,917,631]}],"linking":[]},{"id":170,"text":"GTGT","label":"","box":[877,642,920,655],"words":[{"text":"GTGT","box":[877,642,920,655]}],"linking":[]},{"id":171,"text":"VAT","label":"","box":[869,668,900,679],"words":[{"text":"VAT","box":[869,668,900,679]}],"linking":[]},{"id":172,"text":"rate","label":"","box":[903,668,929,679],"words":[{"text":"rate","box":[903,668,929,679]}],"linking":[]},{"id":173,"text":"6,857,143","label":"","box":[781,701,853,714],"words":[{"text":"6,857,143","box":[781,701,853,714]}],"linking":[]},{"id":174,"text":"5","label":"","box":[886,701,895,711],"words":[{"text":"5","box":[886,701,895,711]}],"linking":[]},{"id":175,"text":"%","label":"","box":[894,701,907,711],"words":[{"text":"%","box":[894,701,907,711]}],"linking":[]},{"id":176,"text":"Cộng","label":"","box":[624,1008,660,1022],"words":[{"text":"Cộng","box":[624,1008,660,1022]}],"linking":[]},{"id":177,"text":"(","label":"","box":[668,1008,672,1022],"words":[{"text":"(","box":[668,1008,672,1022]}],"linking":[]},{"id":178,"text":"Sub","label":"","box":[673,1008,695,1022],"words":[{"text":"Sub","box":[673,1008,695,1022]}],"linking":[]},{"id":179,"text":"total","label":"","box":[701,1008,725,1022],"words":[{"text":"total","box":[701,1008,725,1022]}],"linking":[]},{"id":180,"text":")","label":"","box":[727,1008,728,1022],"words":[{"text":")","box":[727,1008,728,1022]}],"linking":[]},{"id":181,"text":"6,857,143","label":"","box":[781,1006,853,1020],"words":[{"text":"6,857,143","box":[781,1006,853,1020]}],"linking":[]},{"id":182,"text":"TRỊ","label":"","box":[629,1044,653,1060],"words":[{"text":"TRỊ","box":[629,1044,653,1060]}],"linking":[]},{"id":183,"text":"GIÁ","label":"","box":[661,1044,687,1060],"words":[{"text":"GIÁ","box":[661,1044,687,1060]}],"linking":[]},{"id":184,"text":"CHƯA","label":"","box":[694,1044,740,1060],"words":[{"text":"CHƯA","box":[694,1044,740,1060]}],"linking":[]},{"id":185,"text":"THUẾ","label":"","box":[746,1044,789,1060],"words":[{"text":"THUẾ","box":[746,1044,789,1060]}],"linking":[]},{"id":186,"text":"GTGT","label":"","box":[796,1044,839,1060],"words":[{"text":"GTGT","box":[796,1044,839,1060]}],"linking":[]},{"id":187,"text":"THÀNH","label":"","box":[755,617,805,633],"words":[{"text":"THÀNH","box":[755,617,805,633]}],"linking":[]},{"id":188,"text":"TIỀN","label":"","box":[813,617,845,632],"words":[{"text":"TIỀN","box":[813,617,845,632]}],"linking":[]},{"id":189,"text":"Total","label":"","box":[786,644,820,655],"words":[{"text":"Total","box":[786,644,820,655]}],"linking":[]},{"id":190,"text":"6,857,143","label":"","box":[773,1164,845,1178],"words":[{"text":"6,857,143","box":[773,1164,845,1178]}],"linking":[]},{"id":191,"text":"6,857,143","label":"","box":[774,1217,845,1231],"words":[{"text":"6,857,143","box":[774,1217,845,1231]}],"linking":[]},{"id":192,"text":"TIỀN","label":"","box":[949,606,982,620],"words":[{"text":"TIỀN","box":[949,606,982,620]}],"linking":[]},{"id":193,"text":"THUẾ","label":"","box":[989,606,1029,620],"words":[{"text":"THUẾ","box":[989,606,1029,620]}],"linking":[]},{"id":194,"text":"GTGT","label":"","box":[970,632,1013,643],"words":[{"text":"GTGT","box":[970,632,1013,643]}],"linking":[]},{"id":195,"text":"VAT","label":"","box":[950,657,980,668],"words":[{"text":"VAT","box":[950,657,980,668]}],"linking":[]},{"id":196,"text":"amount","label":"","box":[983,657,1037,668],"words":[{"text":"amount","box":[983,657,1037,668]}],"linking":[]},{"id":197,"text":"TIÊN","label":"","box":[889,1043,923,1059],"words":[{"text":"TIÊN","box":[889,1043,923,1059]}],"linking":[]},{"id":198,"text":"THUÊ","label":"","box":[931,1043,973,1059],"words":[{"text":"THUÊ","box":[931,1043,973,1059]}],"linking":[]},{"id":199,"text":"GIGT","label":"","box":[981,1043,1025,1059],"words":[{"text":"GIGT","box":[981,1043,1025,1059]}],"linking":[]},{"id":200,"text":"342,857","label":"","box":[983,701,1041,714],"words":[{"text":"342,857","box":[983,701,1041,714]}],"linking":[]},{"id":201,"text":"342,857","label":"","box":[974,1164,1032,1177],"words":[{"text":"342,857","box":[974,1164,1032,1177]}],"linking":[]},{"id":202,"text":"342,857","label":"","box":[983,1007,1041,1020],"words":[{"text":"342,857","box":[983,1007,1041,1020]}],"linking":[]},{"id":203,"text":"342,857","label":"","box":[975,1217,1033,1230],"words":[{"text":"342,857","box":[975,1217,1033,1230]}],"linking":[]},{"id":204,"text":"Người","label":"","box":[817,1297,860,1312],"words":[{"text":"Người","box":[817,1297,860,1312]}],"linking":[]},{"id":205,"text":"bán","label":"","box":[867,1297,892,1312],"words":[{"text":"bán","box":[867,1297,892,1312]}],"linking":[]},{"id":206,"text":"hàng","label":"","box":[900,1297,934,1312],"words":[{"text":"hàng","box":[900,1297,934,1312]}],"linking":[]},{"id":207,"text":"(","label":"","box":[942,1297,945,1312],"words":[{"text":"(","box":[942,1297,945,1312]}],"linking":[]},{"id":208,"text":"Seller","label":"","box":[948,1297,979,1312],"words":[{"text":"Seller","box":[948,1297,979,1312]}],"linking":[]},{"id":209,"text":")","label":"","box":[981,1298,984,1313],"words":[{"text":")","box":[981,1298,984,1313]}],"linking":[]},{"id":210,"text":"0000581","label":"answer","box":[1039,172,1113,185],"words":[{"text":"0000581","box":[1039,172,1113,185]}],"linking":[[247,210]]},{"id":211,"text":"THÀNH","label":"","box":[1065,606,1117,620],"words":[{"text":"THÀNH","box":[1065,606,1117,620]}],"linking":[]},{"id":212,"text":"TIỀN","label":"","box":[1124,606,1157,620],"words":[{"text":"TIỀN","box":[1124,606,1157,620]}],"linking":[]},{"id":213,"text":"SAU","label":"","box":[1076,630,1104,645],"words":[{"text":"SAU","box":[1076,630,1104,645]}],"linking":[]},{"id":214,"text":"THUÊ","label":"","box":[1110,629,1153,644],"words":[{"text":"THUÊ","box":[1110,629,1153,644]}],"linking":[]},{"id":215,"text":"Amount","label":"","box":[1088,656,1143,668],"words":[{"text":"Amount","box":[1088,656,1143,668]}],"linking":[]},{"id":216,"text":"Signature","label":"","box":[777,1345,845,1362],"words":[{"text":"Signature","box":[777,1345,845,1362]}],"linking":[]},{"id":217,"text":"Valid","label":"","box":[850,1343,890,1360],"words":[{"text":"Valid","box":[850,1343,890,1360]}],"linking":[]},{"id":218,"text":"|","label":"","box":[773,1366,774,1386],"words":[{"text":"|","box":[773,1366,774,1386]}],"linking":[]},{"id":219,"text":"Ký","label":"","box":[775,1365,796,1385],"words":[{"text":"Ký","box":[775,1365,796,1385]}],"linking":[]},{"id":220,"text":"bởi","label":"","box":[803,1365,826,1385],"words":[{"text":"bởi","box":[803,1365,826,1385]}],"linking":[]},{"id":221,"text":":","label":"","box":[828,1365,829,1385],"words":[{"text":":","box":[828,1365,829,1385]}],"linking":[]},{"id":222,"text":"CÔNG","label":"","box":[837,1365,887,1385],"words":[{"text":"CÔNG","box":[837,1365,887,1385]}],"linking":[]},{"id":223,"text":"TY","label":"","box":[895,1365,911,1385],"words":[{"text":"TY","box":[895,1365,911,1385]}],"linking":[]},{"id":224,"text":"CỔ","label":"","box":[922,1364,941,1385],"words":[{"text":"CỔ","box":[922,1364,941,1385]}],"linking":[]},{"id":225,"text":"PHẦN","label":"","box":[952,1364,1000,1384],"words":[{"text":"PHẦN","box":[952,1364,1000,1384]}],"linking":[]},{"id":226,"text":"THỦY","label":"","box":[1006,1364,1055,1384],"words":[{"text":"THỦY","box":[1006,1364,1055,1384]}],"linking":[]},{"id":227,"text":"SẢN","label":"","box":[778,1391,813,1406],"words":[{"text":"SẢN","box":[778,1391,813,1406]}],"linking":[]},{"id":228,"text":"BÌNH","label":"","box":[817,1391,861,1406],"words":[{"text":"BÌNH","box":[817,1391,861,1406]}],"linking":[]},{"id":229,"text":"MINH","label":"","box":[867,1391,915,1406],"words":[{"text":"MINH","box":[867,1391,915,1406]}],"linking":[]},{"id":230,"text":"|","label":"","box":[771,1416,772,1435],"words":[{"text":"|","box":[771,1416,772,1435]}],"linking":[]},{"id":231,"text":"Ngày","label":"","box":[774,1415,813,1434],"words":[{"text":"Ngày","box":[774,1415,813,1434]}],"linking":[]},{"id":232,"text":"ký","label":"","box":[820,1415,835,1434],"words":[{"text":"ký","box":[820,1415,835,1434]}],"linking":[]},{"id":233,"text":":","label":"","box":[838,1415,841,1434],"words":[{"text":":","box":[838,1415,841,1434]}],"linking":[]},{"id":234,"text":"30/03/2022","label":"","box":[849,1415,929,1434],"words":[{"text":"30/03/2022","box":[849,1415,929,1434]}],"linking":[]},{"id":235,"text":"7,200,000","label":"","box":[1096,701,1168,714],"words":[{"text":"7,200,000","box":[1096,701,1168,714]}],"linking":[]},{"id":236,"text":"7,200,000","label":"","box":[1096,1006,1167,1021],"words":[{"text":"7,200,000","box":[1096,1006,1167,1021]}],"linking":[]},{"id":237,"text":"GIÁ","label":"","box":[1053,1031,1077,1047],"words":[{"text":"GIÁ","box":[1053,1031,1077,1047]}],"linking":[]},{"id":238,"text":"TRỊ","label":"","box":[1086,1031,1109,1047],"words":[{"text":"TRỊ","box":[1086,1031,1109,1047]}],"linking":[]},{"id":239,"text":"THANH","label":"","box":[1116,1032,1170,1048],"words":[{"text":"THANH","box":[1116,1032,1170,1048]}],"linking":[]},{"id":240,"text":"TOÁN","label":"","box":[1092,1055,1134,1070],"words":[{"text":"TOÁN","box":[1092,1055,1134,1070]}],"linking":[]},{"id":241,"text":"7,200,000","label":"","box":[1089,1165,1160,1178],"words":[{"text":"7,200,000","box":[1089,1165,1160,1178]}],"linking":[]},{"id":242,"text":"7,200,000","label":"","box":[1089,1217,1161,1230],"words":[{"text":"7,200,000","box":[1089,1217,1161,1230]}],"linking":[]},{"id":243,"text":"Mẫu số ( Fom ) -","label":"question","box":[874,91,981,112],"words":[{"text":"Mẫu","box":[874,91,905,109]},{"text":"số","box":[910,93,927,110]},{"text":"(","box":[933,93,938,111]},{"text":"Fom","box":[938,94,959,111]},{"text":")","box":[966,94,974,112]},{"text":"-","box":[978,94,981,112]}],"linking":[[243,244]]},{"id":244,"text":"01GTKT0 / 002","label":"answer","box":[1038,96,1140,107],"words":[{"text":"01GTKT0","box":[1038,96,1108,107]},{"text":"/","box":[1109,96,1114,107]},{"text":"002","box":[1114,96,1140,107]}],"linking":[[243,244]]},{"id":245,"text":"Ki hiệu ( Series ) .","label":"question","box":[874,131,984,149],"words":[{"text":"Ki","box":[874,131,888,146]},{"text":"hiệu","box":[894,132,924,147]},{"text":"(","box":[930,132,935,147]},{"text":"Series","box":[934,133,970,148]},{"text":")","box":[972,134,978,149]},{"text":".","box":[980,134,984,149]}],"linking":[[245,246]]},{"id":246,"text":"BM / 21E","label":"answer","box":[1039,133,1095,144],"words":[{"text":"BM","box":[1039,133,1060,144]},{"text":"/","box":[1062,133,1067,144]},{"text":"21E","box":[1068,133,1095,144]}],"linking":[[245,246]]},{"id":247,"text":"Số ( No. ) .","label":"question","box":[875,166,942,187],"words":[{"text":"Số","box":[875,166,894,183]},{"text":"(","box":[901,168,905,185]},{"text":"No.","box":[904,170,927,185]},{"text":")","box":[928,170,932,187]},{"text":".","box":[937,170,942,187]}],"linking":[[247,210]]},{"id":248,"text":"Đơn vị bán hàng ( ComName ) :","label":"question","box":[70,222,277,240],"words":[{"text":"Đơn","box":[70,222,100,238]},{"text":"vị","box":[106,222,117,238]},{"text":"bán","box":[124,222,148,238]},{"text":"hàng","box":[156,223,189,239]},{"text":"(","box":[197,223,201,239]},{"text":"ComName","box":[203,224,265,240]},{"text":")","box":[267,224,270,240]},{"text":":","box":[276,224,277,240]}],"linking":[[248,249]]},{"id":249,"text":"CÔNG TY CỔ PHẦN THUỶ SẢN BÌNH MINH","label":"answer","box":[333.81,220,660,238.82],"words":[{"text":"CÔNG","box":[333.81,223.82,381.81,238.82]},{"text":"TY","box":[384,220,404,235]},{"text":"CỔ","box":[410,220,432,235]},{"text":"PHẦN","box":[440,220,483,235]},{"text":"THUỶ","box":[489,220,533,235]},{"text":"SẢN","box":[538,220,570,235]},{"text":"BÌNH","box":[578,220,614,235]},{"text":"MINH","box":[621,220,660,235]}],"linking":[[248,249]]},{"id":250,"text":"Mã số thuế ( Tax code ) :","label":"question","box":[71,249,228,270],"words":[{"text":"Mã","box":[71,250,92,266]},{"text":"số","box":[98,249,114,266]},{"text":"thuế","box":[119,250,150,267]},{"text":"(","box":[157,251,162,268]},{"text":"Tax","box":[165,251,183,268]},{"text":"code","box":[188,252,216,269]},{"text":")","box":[219,253,221,270]},{"text":":","box":[227,253,228,270]}],"linking":[[250,63]]},{"id":251,"text":"Địa chỉ ( Address ) .","label":"question","box":[70,281,191,298],"words":[{"text":"Địa","box":[70,282,94,296]},{"text":"chỉ","box":[100,281,119,297]},{"text":"(","box":[126,282,130,297]},{"text":"Address","box":[132,283,179,297]},{"text":")","box":[180,283,185,298]},{"text":".","box":[189,283,191,298]}],"linking":[[251,252]]},{"id":252,"text":"Số 86/28/1 , Phổ Quang , Phường 2 , Quận Tân Bình , TP.HCM","label":"answer","box":[331,280,770,297],"words":[{"text":"Số","box":[331,280,348,297]},{"text":"86/28/1","box":[356,280,406,297]},{"text":",","box":[411,280,412,297]},{"text":"Phổ","box":[420,280,446,297]},{"text":"Quang","box":[454,280,500,297]},{"text":",","box":[503,280,504,297]},{"text":"Phường","box":[512,280,569,297]},{"text":"2","box":[576,280,583,297]},{"text":",","box":[586,280,587,297]},{"text":"Quận","box":[595,280,632,297]},{"text":"Tân","box":[639,280,665,297]},{"text":"Bình","box":[672,280,703,297]},{"text":",","box":[706,280,707,297]},{"text":"TP.HCM","box":[710,280,770,297]}],"linking":[[251,252]]},{"id":253,"text":"Số tài khoản ( BankNo ) .","label":"question","box":[71,308,231,327],"words":[{"text":"Số","box":[71,308,88,323]},{"text":"tài","box":[95,308,110,324]},{"text":"khoản","box":[118,310,159,324]},{"text":"(","box":[167,310,171,325]},{"text":"BankNo","box":[172,311,216,326]},{"text":")","box":[219,312,223,327]},{"text":".","box":[229,312,231,327]}],"linking":[[253,64]]},{"id":254,"text":"Ngân hàng ( BankName ) :","label":"question","box":[71,338,238,357],"words":[{"text":"Ngân","box":[71,338,107,356]},{"text":"hàng","box":[115,338,148,356]},{"text":"(","box":[155,338,160,356]},{"text":"BankName","box":[162,339,224,357]},{"text":")","box":[228,339,232,357]},{"text":":","box":[235,339,238,357]}],"linking":[[254,255]]},{"id":255,"text":"NH TMCP Công Thương Việt Nam ( Vietinbank ) - CN Tây Sài Gòn , TP.HCM","label":"answer","box":[331,342,880,356],"words":[{"text":"NH","box":[331,342,351,356]},{"text":"TMCP","box":[358,342,403,356]},{"text":"Công","box":[411,342,447,356]},{"text":"Thương","box":[453,342,510,356]},{"text":"Việt","box":[517,342,544,356]},{"text":"Nam","box":[551,342,582,356]},{"text":"(","box":[590,342,594,356]},{"text":"Vietinbank","box":[597,342,667,356]},{"text":")","box":[670,342,675,356]},{"text":"-","box":[681,342,685,356]},{"text":"CN","box":[692,342,712,356]},{"text":"Tây","box":[720,342,746,356]},{"text":"Sài","box":[753,342,774,356]},{"text":"Gòn","box":[781,342,809,356]},{"text":",","box":[812,342,813,356]},{"text":"TP.HCM","box":[820,342,880,356]}],"linking":[[254,255]]},{"id":256,"text":"Họ tên người mua hàng ( Buyer )","label":"question","box":[69,388,293,409],"words":[{"text":"Họ","box":[69,388,86,407]},{"text":"tên","box":[94,388,111,407]},{"text":"người","box":[124,388,165,408]},{"text":"mua","box":[172,389,201,408]},{"text":"hàng","box":[209,389,242,408]},{"text":"(","box":[250,389,253,408]},{"text":"Buyer","box":[256,390,288,409]},{"text":")","box":[291,390,293,409]}],"linking":[]},{"id":257,"text":"Tên đơn vị ( CusName ) :","label":"question","box":[70,417,229,435],"words":[{"text":"Tên","box":[70,417,96,431]},{"text":"đơn","box":[104,418,130,432]},{"text":"vị","box":[136,418,147,432]},{"text":"(","box":[153,419,157,433]},{"text":"CusName","box":[159,419,218,433]},{"text":")","box":[220,420,222,434]},{"text":":","box":[228,421,229,435]}],"linking":[[257,258]]},{"id":258,"text":"Thiều Thị Nhâm","label":"answer","box":[432,416,547,432],"words":[{"text":"Thiều","box":[432,416,471,432]},{"text":"Thị","box":[477,416,499,432]},{"text":"Nhâm","box":[506,416,547,432]}],"linking":[[257,258]]},{"id":259,"text":"Mã số thuế ( Tax code ) .","label":"question","box":[71,443,228,464],"words":[{"text":"Mã","box":[71,444,92,460]},{"text":"số","box":[97,443,114,461]},{"text":"thuế","box":[119,445,149,461]},{"text":"(","box":[157,445,162,462]},{"text":"Tax","box":[162,446,183,463]},{"text":"code","box":[187,446,215,463]},{"text":")","box":[218,447,221,464]},{"text":".","box":[228,447,228,464]}],"linking":[[259,134]]},{"id":260,"text":"Địa chỉ ( Address ) .","label":"question","box":[70,475,194,495],"words":[{"text":"Địa","box":[70,476,93,493]},{"text":"chỉ","box":[100,475,120,494]},{"text":"(","box":[124,476,129,494]},{"text":"Address","box":[131,476,178,494]},{"text":")","box":[179,477,183,495]},{"text":".","box":[189,477,194,495]}],"linking":[[260,261]]},{"id":261,"text":"Thôn Phước Long , xã Hòa Tâm , Đông Hòa , Phú Yên","label":"answer","box":[432,478,816,492],"words":[{"text":"Thôn","box":[432,478,467,492]},{"text":"Phước","box":[475,478,523,492]},{"text":"Long","box":[529,478,563,492]},{"text":",","box":[566,478,567,492]},{"text":"xã","box":[574,478,589,492]},{"text":"Hòa","box":[597,478,624,492]},{"text":"Tâm","box":[631,478,661,492]},{"text":",","box":[664,478,665,492]},{"text":"Đông","box":[673,478,710,492]},{"text":"Hòa","box":[717,478,744,492]},{"text":",","box":[747,478,748,492]},{"text":"Phú","box":[757,478,783,492]},{"text":"Yên","box":[789,478,816,492]}],"linking":[[260,261]]},{"id":262,"text":"Hình thức thanh toán ( Method of payment ) -","label":"question","box":[71,504,361,523],"words":[{"text":"Hình","box":[71,504,103,521]},{"text":"thức","box":[109,504,141,521]},{"text":"thanh","box":[147,504,186,522]},{"text":"toán","box":[192,505,222,522]},{"text":"(","box":[230,505,234,522]},{"text":"Method","box":[234,505,279,522]},{"text":"of","box":[284,505,294,523]},{"text":"payment","box":[298,506,350,523]},{"text":")","box":[352,506,353,523]},{"text":"-","box":[360,506,361,523]}],"linking":[[262,263]]},{"id":263,"text":"Chuyển khoản / Tiền mặt","label":"answer","box":[433,502,604,521],"words":[{"text":"Chuyển","box":[433,503,485,521]},{"text":"khoản","box":[493,503,531,520]},{"text":"/","box":[535,503,540,520]},{"text":"Tiền","box":[543,502,571,520]},{"text":"mặt","box":[579,502,604,519]}],"linking":[[262,263]]},{"id":264,"text":"Số tài khoản ( A / C No )","label":"question","box":[685,503,833,522],"words":[{"text":"Số","box":[685,503,702,518]},{"text":"tài","box":[709,503,725,519]},{"text":"khoản","box":[732,505,775,519]},{"text":"(","box":[782,505,786,520]},{"text":"A","box":[787,505,791,520]},{"text":"/","box":[794,506,798,521]},{"text":"C","box":[800,506,808,521]},{"text":"No","box":[813,506,828,521]},{"text":")","box":[831,507,833,522]}],"linking":[]},{"id":265,"text":"Ngân hàng ( Bank Name ) :","label":"question","box":[71,536,242,551],"words":[{"text":"Ngân","box":[71,536,107,550]},{"text":"hàng","box":[114,536,148,550]},{"text":"(","box":[156,536,159,550]},{"text":"Bank","box":[160,536,191,550]},{"text":"Name","box":[195,536,230,550]},{"text":")","box":[233,537,235,551]},{"text":":","box":[241,537,242,551]}],"linking":[]}]