[{"id":0,"text":"STT","label":"","box":[62,621,90,632],"words":[{"text":"STT","box":[62,621,90,632]}],"linking":[]},{"id":1,"text":"No.","label":"","box":[64,645,88,655],"words":[{"text":"No.","box":[64,645,88,655]}],"linking":[]},{"id":2,"text":"1","label":"","box":[72,700,79,712],"words":[{"text":"1","box":[72,700,79,712]}],"linking":[]},{"id":3,"text":":","label":"","box":[360,505,361,521],"words":[{"text":":","box":[360,505,361,521]}],"linking":[]},{"id":4,"text":"2","label":"","box":[71,740,81,750],"words":[{"text":"2","box":[71,740,81,750]}],"linking":[]},{"id":5,"text":"Đơn","label":"","box":[173,56,197,71],"words":[{"text":"Đơn","box":[173,56,197,71]}],"linking":[]},{"id":6,"text":"vị","label":"","box":[203,56,211,71],"words":[{"text":"vị","box":[203,56,211,71]}],"linking":[]},{"id":7,"text":"hỗ","label":"","box":[215,56,229,71],"words":[{"text":"hỗ","box":[215,56,229,71]}],"linking":[]},{"id":8,"text":"trợ","label":"","box":[234,56,250,71],"words":[{"text":"trợ","box":[234,56,250,71]}],"linking":[]},{"id":9,"text":"cung","label":"","box":[254,56,282,71],"words":[{"text":"cung","box":[254,56,282,71]}],"linking":[]},{"id":10,"text":"cấp","label":"","box":[287,56,307,71],"words":[{"text":"cấp","box":[287,56,307,71]}],"linking":[]},{"id":11,"text":"công","label":"","box":[312,56,339,71],"words":[{"text":"công","box":[312,56,339,71]}],"linking":[]},{"id":12,"text":"cụ","label":"","box":[344,56,357,71],"words":[{"text":"cụ","box":[344,56,357,71]}],"linking":[]},{"id":13,"text":"phát","label":"","box":[361,56,387,71],"words":[{"text":"phát","box":[361,56,387,71]}],"linking":[]},{"id":14,"text":"hành","label":"","box":[392,56,420,71],"words":[{"text":"hành","box":[392,56,420,71]}],"linking":[]},{"id":15,"text":"hóa","label":"","box":[425,56,446,71],"words":[{"text":"hóa","box":[425,56,446,71]}],"linking":[]},{"id":16,"text":"đơn","label":"","box":[451,56,473,71],"words":[{"text":"đơn","box":[451,56,473,71]}],"linking":[]},{"id":17,"text":"điện","label":"","box":[478,56,502,71],"words":[{"text":"điện","box":[478,56,502,71]}],"linking":[]},{"id":18,"text":"tử","label":"","box":[507,56,514,71],"words":[{"text":"tử","box":[507,56,514,71]}],"linking":[]},{"id":19,"text":":","label":"","box":[518,56,521,71],"words":[{"text":":","box":[518,56,521,71]}],"linking":[]},{"id":20,"text":"Công","label":"","box":[527,56,557,71],"words":[{"text":"Công","box":[527,56,557,71]}],"linking":[]},{"id":21,"text":"ty","label":"","box":[562,56,572,71],"words":[{"text":"ty","box":[562,56,572,71]}],"linking":[]},{"id":22,"text":"Cổ","label":"","box":[576,56,592,71],"words":[{"text":"Cổ","box":[576,56,592,71]}],"linking":[]},{"id":23,"text":"phần","label":"","box":[596,56,625,71],"words":[{"text":"phần","box":[596,56,625,71]}],"linking":[]},{"id":24,"text":"Định","label":"","box":[630,56,656,71],"words":[{"text":"Định","box":[630,56,656,71]}],"linking":[]},{"id":25,"text":"Gia","label":"","box":[661,56,680,71],"words":[{"text":"Gia","box":[661,56,680,71]}],"linking":[]},{"id":26,"text":"Nét","label":"","box":[686,56,706,71],"words":[{"text":"Nét","box":[686,56,706,71]}],"linking":[]},{"id":27,"text":"-","label":"","box":[710,56,713,71],"words":[{"text":"-","box":[710,56,713,71]}],"linking":[]},{"id":28,"text":"DigiNet","label":"","box":[718,56,761,71],"words":[{"text":"DigiNet","box":[718,56,761,71]}],"linking":[]},{"id":29,"text":"Corp","label":"","box":[765,56,791,71],"words":[{"text":"Corp","box":[765,56,791,71]}],"linking":[]},{"id":30,"text":",","label":"","box":[793,56,795,71],"words":[{"text":",","box":[793,56,795,71]}],"linking":[]},{"id":31,"text":"MST","label":"","box":[801,56,825,71],"words":[{"text":"MST","box":[801,56,825,71]}],"linking":[]},{"id":32,"text":":","label":"","box":[828,56,832,71],"words":[{"text":":","box":[828,56,832,71]}],"linking":[]},{"id":33,"text":"0303359278","label":"","box":[837,56,907,71],"words":[{"text":"0303359278","box":[837,56,907,71]}],"linking":[]},{"id":34,"text":",","label":"","box":[910,56,912,71],"words":[{"text":",","box":[910,56,912,71]}],"linking":[]},{"id":35,"text":"Điện","label":"","box":[918,56,944,71],"words":[{"text":"Điện","box":[918,56,944,71]}],"linking":[]},{"id":36,"text":"thoại","label":"","box":[949,56,977,71],"words":[{"text":"thoại","box":[949,56,977,71]}],"linking":[]},{"id":37,"text":":","label":"","box":[979,56,980,71],"words":[{"text":":","box":[979,56,980,71]}],"linking":[]},{"id":38,"text":"028","label":"","box":[985,56,1006,71],"words":[{"text":"028","box":[985,56,1006,71]}],"linking":[]},{"id":39,"text":"35123878","label":"","box":[1011,56,1069,71],"words":[{"text":"35123878","box":[1011,56,1069,71]}],"linking":[]},{"id":40,"text":"HÓA","label":"","box":[389,94,453,128],"words":[{"text":"HÓA","box":[389,94,453,128]}],"linking":[]},{"id":41,"text":"ĐƠN","label":"","box":[462,94,532,128],"words":[{"text":"ĐƠN","box":[462,94,532,128]}],"linking":[]},{"id":42,"text":"GIÁ","label":"","box":[545,94,597,128],"words":[{"text":"GIÁ","box":[545,94,597,128]}],"linking":[]},{"id":43,"text":"TRỊ","label":"","box":[606,94,654,128],"words":[{"text":"TRỊ","box":[606,94,654,128]}],"linking":[]},{"id":44,"text":"GIA","label":"","box":[666,94,718,128],"words":[{"text":"GIA","box":[666,94,718,128]}],"linking":[]},{"id":45,"text":"TĂNG","label":"","box":[728,94,811,128],"words":[{"text":"TĂNG","box":[728,94,811,128]}],"linking":[]},{"id":46,"text":"VAT","label":"","box":[522,144,572,162],"words":[{"text":"VAT","box":[522,144,572,162]}],"linking":[]},{"id":47,"text":"INVOICE","label":"","box":[578,144,681,162],"words":[{"text":"INVOICE","box":[578,144,681,162]}],"linking":[]},{"id":48,"text":"Ngày","label":"","box":[431,177,466,194],"words":[{"text":"Ngày","box":[431,177,466,194]}],"linking":[]},{"id":49,"text":"(","label":"","box":[473,177,476,193],"words":[{"text":"(","box":[473,177,476,193]}],"linking":[]},{"id":50,"text":"Date","label":"","box":[477,177,503,193],"words":[{"text":"Date","box":[477,177,503,193]}],"linking":[]},{"id":51,"text":")","label":"","box":[506,177,509,193],"words":[{"text":")","box":[506,177,509,193]}],"linking":[]},{"id":52,"text":"29","label":"","box":[514,177,531,193],"words":[{"text":"29","box":[514,177,531,193]}],"linking":[]},{"id":53,"text":"tháng","label":"","box":[537,177,576,193],"words":[{"text":"tháng","box":[537,177,576,193]}],"linking":[]},{"id":54,"text":"(","label":"","box":[584,177,587,193],"words":[{"text":"(","box":[584,177,587,193]}],"linking":[]},{"id":55,"text":"month","label":"","box":[586,177,623,193],"words":[{"text":"month","box":[586,177,623,193]}],"linking":[]},{"id":56,"text":")","label":"","box":[626,177,629,193],"words":[{"text":")","box":[626,177,629,193]}],"linking":[]},{"id":57,"text":"03","label":"","box":[634,177,651,193],"words":[{"text":"03","box":[634,177,651,193]}],"linking":[]},{"id":58,"text":"năm","label":"","box":[658,176,686,192],"words":[{"text":"năm","box":[658,176,686,192]}],"linking":[]},{"id":59,"text":"(","label":"","box":[695,176,699,192],"words":[{"text":"(","box":[695,176,699,192]}],"linking":[]},{"id":60,"text":"year","label":"","box":[699,176,723,192],"words":[{"text":"year","box":[699,176,723,192]}],"linking":[]},{"id":61,"text":")","label":"","box":[726,176,729,192],"words":[{"text":")","box":[726,176,729,192]}],"linking":[]},{"id":62,"text":"2022","label":"","box":[734,176,768,192],"words":[{"text":"2022","box":[734,176,768,192]}],"linking":[]},{"id":63,"text":"3","label":"","box":[71,778,80,789],"words":[{"text":"3","box":[71,778,80,789]}],"linking":[]},{"id":64,"text":"BINH","label":"","box":[161,172,189,185],"words":[{"text":"BINH","box":[161,172,189,185]}],"linking":[]},{"id":65,"text":"MINH","label":"","box":[196,172,229,184],"words":[{"text":"MINH","box":[196,172,229,184]}],"linking":[]},{"id":66,"text":"4","label":"","box":[71,817,79,827],"words":[{"text":"4","box":[71,817,79,827]}],"linking":[]},{"id":67,"text":"TÊN","label":"","box":[177,617,207,634],"words":[{"text":"TÊN","box":[177,617,207,634]}],"linking":[]},{"id":68,"text":"HÀNG","label":"","box":[212,617,256,634],"words":[{"text":"HÀNG","box":[212,617,256,634]}],"linking":[]},{"id":69,"text":"HÓA","label":"","box":[263,617,291,635],"words":[{"text":"HÓA","box":[263,617,291,635]}],"linking":[]},{"id":70,"text":",","label":"","box":[294,618,297,635],"words":[{"text":",","box":[294,618,297,635]}],"linking":[]},{"id":71,"text":"DỊCH","label":"","box":[305,618,341,635],"words":[{"text":"DỊCH","box":[305,618,341,635]}],"linking":[]},{"id":72,"text":"VỤ","label":"","box":[347,618,366,636],"words":[{"text":"VỤ","box":[347,618,366,636]}],"linking":[]},{"id":73,"text":"Description","label":"","box":[234,645,311,658],"words":[{"text":"Description","box":[234,645,311,658]}],"linking":[]},{"id":74,"text":"VITA","label":"","box":[102,701,139,712],"words":[{"text":"VITA","box":[102,701,139,712]}],"linking":[]},{"id":75,"text":"-","label":"","box":[139,701,143,712],"words":[{"text":"-","box":[139,701,143,712]}],"linking":[]},{"id":76,"text":"ELECTRO","label":"","box":[146,701,221,712],"words":[{"text":"ELECTRO","box":[146,701,221,712]}],"linking":[]},{"id":77,"text":"1KG","label":"","box":[228,701,258,712],"words":[{"text":"1KG","box":[228,701,258,712]}],"linking":[]},{"id":78,"text":"0303880297","label":"answer","box":[330,254,419,265],"words":[{"text":"0303880297","box":[330,254,419,265]}],"linking":[[284,78]]},{"id":79,"text":"112002622316","label":"answer","box":[331,311,439,323],"words":[{"text":"112002622316","box":[331,311,439,323]}],"linking":[[287,79]]},{"id":80,"text":"CAP","label":"","box":[103,738,135,750],"words":[{"text":"CAP","box":[103,738,135,750]}],"linking":[]},{"id":81,"text":"POWER","label":"","box":[141,738,201,750],"words":[{"text":"POWER","box":[141,738,201,750]}],"linking":[]},{"id":82,"text":"1LIT","label":"","box":[209,738,239,750],"words":[{"text":"1LIT","box":[209,738,239,750]}],"linking":[]},{"id":83,"text":"AQUA","label":"","box":[102,777,149,789],"words":[{"text":"AQUA","box":[102,777,149,789]}],"linking":[]},{"id":84,"text":"C","label":"","box":[154,777,163,789],"words":[{"text":"C","box":[154,777,163,789]}],"linking":[]},{"id":85,"text":"500GR","label":"","box":[170,777,221,789],"words":[{"text":"500GR","box":[170,777,221,789]}],"linking":[]},{"id":86,"text":"AQUA","label":"","box":[102,816,147,829],"words":[{"text":"AQUA","box":[102,816,147,829]}],"linking":[]},{"id":87,"text":"OMNICIDE","label":"","box":[153,815,232,828],"words":[{"text":"OMNICIDE","box":[153,815,232,828]}],"linking":[]},{"id":88,"text":"1LIT","label":"","box":[241,815,271,828],"words":[{"text":"1LIT","box":[241,815,271,828]}],"linking":[]},{"id":89,"text":"TỔNG","label":"","box":[212,1056,256,1071],"words":[{"text":"TỔNG","box":[212,1056,256,1071]}],"linking":[]},{"id":90,"text":"HỢP","label":"","box":[264,1058,297,1072],"words":[{"text":"HỢP","box":[264,1058,297,1072]}],"linking":[]},{"id":91,"text":"Tổng","label":"","box":[76,1095,111,1112],"words":[{"text":"Tổng","box":[76,1095,111,1112]}],"linking":[]},{"id":92,"text":"tiền","label":"","box":[117,1095,142,1112],"words":[{"text":"tiền","box":[117,1095,142,1112]}],"linking":[]},{"id":93,"text":"không","label":"","box":[150,1095,191,1112],"words":[{"text":"không","box":[150,1095,191,1112]}],"linking":[]},{"id":94,"text":"kê","label":"","box":[199,1095,213,1112],"words":[{"text":"kê","box":[199,1095,213,1112]}],"linking":[]},{"id":95,"text":"khai","label":"","box":[221,1095,248,1112],"words":[{"text":"khai","box":[221,1095,248,1112]}],"linking":[]},{"id":96,"text":"và","label":"","box":[254,1095,270,1112],"words":[{"text":"và","box":[254,1095,270,1112]}],"linking":[]},{"id":97,"text":"nộp","label":"","box":[277,1095,302,1112],"words":[{"text":"nộp","box":[277,1095,302,1112]}],"linking":[]},{"id":98,"text":"thuế","label":"","box":[308,1095,338,1112],"words":[{"text":"thuế","box":[308,1095,338,1112]}],"linking":[]},{"id":99,"text":":","label":"","box":[341,1095,341,1112],"words":[{"text":":","box":[341,1095,341,1112]}],"linking":[]},{"id":100,"text":"Tổng","label":"","box":[76,1121,110,1140],"words":[{"text":"Tổng","box":[76,1121,110,1140]}],"linking":[]},{"id":101,"text":"tiền","label":"","box":[116,1121,141,1139],"words":[{"text":"tiền","box":[116,1121,141,1139]}],"linking":[]},{"id":102,"text":"không","label":"","box":[149,1121,190,1139],"words":[{"text":"không","box":[149,1121,190,1139]}],"linking":[]},{"id":103,"text":"chịu","label":"","box":[197,1121,225,1139],"words":[{"text":"chịu","box":[197,1121,225,1139]}],"linking":[]},{"id":104,"text":"thuế","label":"","box":[231,1120,261,1139],"words":[{"text":"thuế","box":[231,1120,261,1139]}],"linking":[]},{"id":105,"text":"GTGT","label":"","box":[269,1120,310,1138],"words":[{"text":"GTGT","box":[269,1120,310,1138]}],"linking":[]},{"id":106,"text":":","label":"","box":[313,1120,314,1138],"words":[{"text":":","box":[313,1120,314,1138]}],"linking":[]},{"id":107,"text":"Tổng","label":"","box":[76,1148,111,1165],"words":[{"text":"Tổng","box":[76,1148,111,1165]}],"linking":[]},{"id":108,"text":"tiền","label":"","box":[117,1148,142,1165],"words":[{"text":"tiền","box":[117,1148,142,1165]}],"linking":[]},{"id":109,"text":"chịu","label":"","box":[150,1148,177,1165],"words":[{"text":"chịu","box":[150,1148,177,1165]}],"linking":[]},{"id":110,"text":"thuế","label":"","box":[183,1148,213,1165],"words":[{"text":"thuế","box":[183,1148,213,1165]}],"linking":[]},{"id":111,"text":"suất","label":"","box":[221,1148,249,1165],"words":[{"text":"suất","box":[221,1148,249,1165]}],"linking":[]},{"id":112,"text":":","label":"","box":[252,1148,252,1165],"words":[{"text":":","box":[252,1148,252,1165]}],"linking":[]},{"id":113,"text":"Tổng","label":"","box":[76,1173,110,1193],"words":[{"text":"Tổng","box":[76,1173,110,1193]}],"linking":[]},{"id":114,"text":"tiền","label":"","box":[116,1173,141,1192],"words":[{"text":"tiền","box":[116,1173,141,1192]}],"linking":[]},{"id":115,"text":"chịu","label":"","box":[148,1172,176,1192],"words":[{"text":"chịu","box":[148,1172,176,1192]}],"linking":[]},{"id":116,"text":"thuế","label":"","box":[182,1172,212,1191],"words":[{"text":"thuế","box":[182,1172,212,1191]}],"linking":[]},{"id":117,"text":"suất","label":"","box":[219,1172,248,1191],"words":[{"text":"suất","box":[219,1172,248,1191]}],"linking":[]},{"id":118,"text":":","label":"","box":[251,1172,251,1191],"words":[{"text":":","box":[251,1172,251,1191]}],"linking":[]},{"id":119,"text":"Tổng","label":"","box":[76,1198,110,1218],"words":[{"text":"Tổng","box":[76,1198,110,1218]}],"linking":[]},{"id":120,"text":"tiền","label":"","box":[116,1198,141,1217],"words":[{"text":"tiền","box":[116,1198,141,1217]}],"linking":[]},{"id":121,"text":"chịu","label":"","box":[148,1198,176,1217],"words":[{"text":"chịu","box":[148,1198,176,1217]}],"linking":[]},{"id":122,"text":"thuế","label":"","box":[182,1197,212,1217],"words":[{"text":"thuế","box":[182,1197,212,1217]}],"linking":[]},{"id":123,"text":"suất","label":"","box":[220,1197,248,1216],"words":[{"text":"suất","box":[220,1197,248,1216]}],"linking":[]},{"id":124,"text":":","label":"","box":[250,1197,250,1216],"words":[{"text":":","box":[250,1197,250,1216]}],"linking":[]},{"id":125,"text":"Tổng","label":"","box":[76,1226,111,1247],"words":[{"text":"Tổng","box":[76,1226,111,1247]}],"linking":[]},{"id":126,"text":"cộng","label":"","box":[117,1226,151,1247],"words":[{"text":"cộng","box":[117,1226,151,1247]}],"linking":[]},{"id":127,"text":"tiền","label":"","box":[158,1226,182,1247],"words":[{"text":"tiền","box":[158,1226,182,1247]}],"linking":[]},{"id":128,"text":"thanh","label":"","box":[189,1226,228,1247],"words":[{"text":"thanh","box":[189,1226,228,1247]}],"linking":[]},{"id":129,"text":"toán","label":"","box":[233,1226,262,1247],"words":[{"text":"toán","box":[233,1226,262,1247]}],"linking":[]},{"id":130,"text":":","label":"","box":[266,1226,271,1247],"words":[{"text":":","box":[266,1226,271,1247]}],"linking":[]},{"id":131,"text":"Số","label":"","box":[77,1261,94,1278],"words":[{"text":"Số","box":[77,1261,94,1278]}],"linking":[]},{"id":132,"text":"tiền","label":"","box":[99,1261,123,1278],"words":[{"text":"tiền","box":[99,1261,123,1278]}],"linking":[]},{"id":133,"text":"viết","label":"","box":[131,1261,155,1278],"words":[{"text":"viết","box":[131,1261,155,1278]}],"linking":[]},{"id":134,"text":"bằng","label":"","box":[162,1261,196,1279],"words":[{"text":"bằng","box":[162,1261,196,1279]}],"linking":[]},{"id":135,"text":"chữ","label":"","box":[203,1262,229,1279],"words":[{"text":"chữ","box":[203,1262,229,1279]}],"linking":[]},{"id":136,"text":"(","label":"","box":[236,1262,240,1279],"words":[{"text":"(","box":[236,1262,240,1279]}],"linking":[]},{"id":137,"text":"Total","label":"","box":[243,1262,270,1279],"words":[{"text":"Total","box":[243,1262,270,1279]}],"linking":[]},{"id":138,"text":"amount","label":"","box":[275,1262,319,1280],"words":[{"text":"amount","box":[275,1262,319,1280]}],"linking":[]},{"id":139,"text":"in","label":"","box":[324,1263,333,1280],"words":[{"text":"in","box":[324,1263,333,1280]}],"linking":[]},{"id":140,"text":"words","label":"","box":[339,1263,372,1280],"words":[{"text":"words","box":[339,1263,372,1280]}],"linking":[]},{"id":141,"text":")","label":"","box":[375,1263,378,1280],"words":[{"text":")","box":[375,1263,378,1280]}],"linking":[]},{"id":142,"text":"Người","label":"","box":[255,1310,298,1325],"words":[{"text":"Người","box":[255,1310,298,1325]}],"linking":[]},{"id":143,"text":"mua","label":"","box":[306,1310,335,1325],"words":[{"text":"mua","box":[306,1310,335,1325]}],"linking":[]},{"id":144,"text":"hàng","label":"","box":[342,1310,376,1325],"words":[{"text":"hàng","box":[342,1310,376,1325]}],"linking":[]},{"id":145,"text":"(","label":"","box":[384,1310,387,1325],"words":[{"text":"(","box":[384,1310,387,1325]}],"linking":[]},{"id":146,"text":"Buyer","label":"","box":[388,1310,421,1325],"words":[{"text":"Buyer","box":[388,1310,421,1325]}],"linking":[]},{"id":147,"text":")","label":"","box":[424,1310,427,1325],"words":[{"text":")","box":[424,1310,427,1325]}],"linking":[]},{"id":148,"text":"ĐƠN","label":"","box":[465,607,499,622],"words":[{"text":"ĐƠN","box":[465,607,499,622]}],"linking":[]},{"id":149,"text":"VỊ","label":"","box":[504,608,518,623],"words":[{"text":"VỊ","box":[504,608,518,623]}],"linking":[]},{"id":150,"text":"SÓ","label":"","box":[559,606,579,619],"words":[{"text":"SÓ","box":[559,606,579,619]}],"linking":[]},{"id":151,"text":"ΤΙΝΗ","label":"","box":[477,626,509,645],"words":[{"text":"ΤΙΝΗ","box":[477,626,509,645]}],"linking":[]},{"id":152,"text":"Unit","label":"","box":[481,657,509,667],"words":[{"text":"Unit","box":[481,657,509,667]}],"linking":[]},{"id":153,"text":"Hũ","label":"","box":[483,701,502,712],"words":[{"text":"Hũ","box":[483,701,502,712]}],"linking":[]},{"id":154,"text":"Chai","label":"","box":[477,739,511,750],"words":[{"text":"Chai","box":[477,739,511,750]}],"linking":[]},{"id":155,"text":"Túi","label":"","box":[482,778,505,789],"words":[{"text":"Túi","box":[482,778,505,789]}],"linking":[]},{"id":156,"text":"Can","label":"","box":[479,817,507,828],"words":[{"text":"Can","box":[479,817,507,828]}],"linking":[]},{"id":157,"text":"|","label":"","box":[538,631,539,646],"words":[{"text":"|","box":[538,631,539,646]}],"linking":[]},{"id":158,"text":"LƯỢNG","label":"","box":[541,629,597,646],"words":[{"text":"LƯỢNG","box":[541,629,597,646]}],"linking":[]},{"id":159,"text":"Quantity","label":"","box":[544,657,602,671],"words":[{"text":"Quantity","box":[544,657,602,671]}],"linking":[]},{"id":160,"text":"X","label":"","box":[524,1127,533,1135],"words":[{"text":"X","box":[524,1127,533,1135]}],"linking":[]},{"id":161,"text":"0","label":"","box":[516,1150,526,1161],"words":[{"text":"0","box":[516,1150,526,1161]}],"linking":[]},{"id":162,"text":"%","label":"","box":[524,1150,537,1161],"words":[{"text":"%","box":[524,1150,537,1161]}],"linking":[]},{"id":163,"text":"24","label":"","box":[563,701,579,712],"words":[{"text":"24","box":[563,701,579,712]}],"linking":[]},{"id":164,"text":"5","label":"","box":[515,1178,525,1190],"words":[{"text":"5","box":[515,1178,525,1190]}],"linking":[]},{"id":165,"text":"%","label":"","box":[525,1178,539,1190],"words":[{"text":"%","box":[525,1178,539,1190]}],"linking":[]},{"id":166,"text":"10","label":"","box":[513,1204,530,1215],"words":[{"text":"10","box":[513,1204,530,1215]}],"linking":[]},{"id":167,"text":"%","label":"","box":[530,1204,543,1215],"words":[{"text":"%","box":[530,1204,543,1215]}],"linking":[]},{"id":168,"text":"20","label":"","box":[563,739,578,750],"words":[{"text":"20","box":[563,739,578,750]}],"linking":[]},{"id":169,"text":"48","label":"","box":[561,777,579,788],"words":[{"text":"48","box":[561,777,579,788]}],"linking":[]},{"id":170,"text":"THUẾ","label":"","box":[482,1057,524,1071],"words":[{"text":"THUẾ","box":[482,1057,524,1071]}],"linking":[]},{"id":171,"text":"SUẤT","label":"","box":[533,1057,573,1071],"words":[{"text":"SUẤT","box":[533,1057,573,1071]}],"linking":[]},{"id":172,"text":"20","label":"","box":[562,817,579,828],"words":[{"text":"20","box":[562,817,579,828]}],"linking":[]},{"id":173,"text":"ĐƠN","label":"","box":[639,617,672,632],"words":[{"text":"ĐƠN","box":[639,617,672,632]}],"linking":[]},{"id":174,"text":"GIÁ","label":"","box":[680,617,704,631],"words":[{"text":"GIÁ","box":[680,617,704,631]}],"linking":[]},{"id":175,"text":"Price","label":"","box":[656,644,691,655],"words":[{"text":"Price","box":[656,644,691,655]}],"linking":[]},{"id":176,"text":"1/1","label":"","box":[606,1716,635,1731],"words":[{"text":"1/1","box":[606,1716,635,1731]}],"linking":[]},{"id":177,"text":"132,500.000","label":"","box":[639,699,729,715],"words":[{"text":"132,500.000","box":[639,699,729,715]}],"linking":[]},{"id":178,"text":"107,500.000","label":"","box":[640,738,728,751],"words":[{"text":"107,500.000","box":[640,738,728,751]}],"linking":[]},{"id":179,"text":"50,000.000","label":"","box":[648,778,730,791],"words":[{"text":"50,000.000","box":[648,778,730,791]}],"linking":[]},{"id":180,"text":"304,761.905","label":"","box":[638,816,730,830],"words":[{"text":"304,761.905","box":[638,816,730,830]}],"linking":[]},{"id":181,"text":"THÀNH","label":"","box":[754,618,806,632],"words":[{"text":"THÀNH","box":[754,618,806,632]}],"linking":[]},{"id":182,"text":"TIỀN","label":"","box":[812,618,846,632],"words":[{"text":"TIỀN","box":[812,618,846,632]}],"linking":[]},{"id":183,"text":"Total","label":"","box":[785,644,819,656],"words":[{"text":"Total","box":[785,644,819,656]}],"linking":[]},{"id":184,"text":"Cộng","label":"","box":[624,1021,660,1035],"words":[{"text":"Cộng","box":[624,1021,660,1035]}],"linking":[]},{"id":185,"text":"(","label":"","box":[668,1021,672,1035],"words":[{"text":"(","box":[668,1021,672,1035]}],"linking":[]},{"id":186,"text":"Sub","label":"","box":[674,1021,695,1035],"words":[{"text":"Sub","box":[674,1021,695,1035]}],"linking":[]},{"id":187,"text":"total","label":"","box":[700,1021,725,1035],"words":[{"text":"total","box":[700,1021,725,1035]}],"linking":[]},{"id":188,"text":")","label":"","box":[728,1021,729,1035],"words":[{"text":")","box":[728,1021,729,1035]}],"linking":[]},{"id":189,"text":"13,825,238","label":"","box":[773,1018,851,1034],"words":[{"text":"13,825,238","box":[773,1018,851,1034]}],"linking":[]},{"id":190,"text":"TRỊ","label":"","box":[629,1057,652,1073],"words":[{"text":"TRỊ","box":[629,1057,652,1073]}],"linking":[]},{"id":191,"text":"GIÁ","label":"","box":[661,1057,687,1073],"words":[{"text":"GIÁ","box":[661,1057,687,1073]}],"linking":[]},{"id":192,"text":"CHƯA","label":"","box":[693,1057,740,1073],"words":[{"text":"CHƯA","box":[693,1057,740,1073]}],"linking":[]},{"id":193,"text":"THUẾ","label":"","box":[746,1057,788,1073],"words":[{"text":"THUẾ","box":[746,1057,788,1073]}],"linking":[]},{"id":194,"text":"GTGT","label":"","box":[796,1057,839,1073],"words":[{"text":"GTGT","box":[796,1057,839,1073]}],"linking":[]},{"id":195,"text":"3,180,000","label":"","box":[780,701,853,714],"words":[{"text":"3,180,000","box":[780,701,853,714]}],"linking":[]},{"id":196,"text":"X","label":"","box":[891,703,901,711],"words":[{"text":"X","box":[891,703,901,711]}],"linking":[]},{"id":197,"text":"2,150,000","label":"","box":[781,739,851,751],"words":[{"text":"2,150,000","box":[781,739,851,751]}],"linking":[]},{"id":198,"text":"2,400,000","label":"","box":[780,778,853,791],"words":[{"text":"2,400,000","box":[780,778,853,791]}],"linking":[]},{"id":199,"text":"6,095,238","label":"","box":[780,816,853,830],"words":[{"text":"6,095,238","box":[780,816,853,830]}],"linking":[]},{"id":200,"text":"5","label":"","box":[884,816,894,827],"words":[{"text":"5","box":[884,816,894,827]}],"linking":[]},{"id":201,"text":"%","label":"","box":[894,816,907,827],"words":[{"text":"%","box":[894,816,907,827]}],"linking":[]},{"id":202,"text":"7,730,000","label":"","box":[773,1124,844,1137],"words":[{"text":"7,730,000","box":[773,1124,844,1137]}],"linking":[]},{"id":203,"text":"6,095,238","label":"","box":[772,1177,845,1191],"words":[{"text":"6,095,238","box":[772,1177,845,1191]}],"linking":[]},{"id":204,"text":"13,825,238","label":"","box":[764,1231,845,1244],"words":[{"text":"13,825,238","box":[764,1231,845,1244]}],"linking":[]},{"id":205,"text":"Mười","label":"","box":[460,1262,496,1279],"words":[{"text":"Mười","box":[460,1262,496,1279]}],"linking":[]},{"id":206,"text":"bốn","label":"","box":[503,1262,528,1279],"words":[{"text":"bốn","box":[503,1262,528,1279]}],"linking":[]},{"id":207,"text":"triệu","label":"","box":[534,1262,564,1279],"words":[{"text":"triệu","box":[534,1262,564,1279]}],"linking":[]},{"id":208,"text":"một","label":"","box":[572,1262,597,1279],"words":[{"text":"một","box":[572,1262,597,1279]}],"linking":[]},{"id":209,"text":"trăm","label":"","box":[603,1262,633,1279],"words":[{"text":"trăm","box":[603,1262,633,1279]}],"linking":[]},{"id":210,"text":"ba","label":"","box":[641,1262,656,1279],"words":[{"text":"ba","box":[641,1262,656,1279]}],"linking":[]},{"id":211,"text":"mươi","label":"","box":[664,1262,700,1279],"words":[{"text":"mươi","box":[664,1262,700,1279]}],"linking":[]},{"id":212,"text":"nghìn","label":"","box":[708,1262,746,1279],"words":[{"text":"nghìn","box":[708,1262,746,1279]}],"linking":[]},{"id":213,"text":"đồng","label":"","box":[752,1262,787,1279],"words":[{"text":"đồng","box":[752,1262,787,1279]}],"linking":[]},{"id":214,"text":"chẵn","label":"","box":[793,1262,827,1279],"words":[{"text":"chẵn","box":[793,1262,827,1279]}],"linking":[]},{"id":215,"text":"THUÊ","label":"","box":[874,594,913,608],"words":[{"text":"THUÊ","box":[874,594,913,608]}],"linking":[]},{"id":216,"text":"SUÁT","label":"","box":[874,618,915,631],"words":[{"text":"SUÁT","box":[874,618,915,631]}],"linking":[]},{"id":217,"text":"GTGT","label":"","box":[875,644,917,655],"words":[{"text":"GTGT","box":[875,644,917,655]}],"linking":[]},{"id":218,"text":"VAT","label":"","box":[867,667,898,678],"words":[{"text":"VAT","box":[867,667,898,678]}],"linking":[]},{"id":219,"text":"rate","label":"","box":[901,667,927,678],"words":[{"text":"rate","box":[901,667,927,678]}],"linking":[]},{"id":220,"text":"X","label":"","box":[891,742,901,750],"words":[{"text":"X","box":[891,742,901,750]}],"linking":[]},{"id":221,"text":"X","label":"","box":[891,781,900,789],"words":[{"text":"X","box":[891,781,900,789]}],"linking":[]},{"id":222,"text":"TIÊN","label":"","box":[946,605,980,621],"words":[{"text":"TIÊN","box":[946,605,980,621]}],"linking":[]},{"id":223,"text":"THUÊ","label":"","box":[986,605,1027,622],"words":[{"text":"THUÊ","box":[986,605,1027,622]}],"linking":[]},{"id":224,"text":"GTGT","label":"","box":[967,630,1010,643],"words":[{"text":"GTGT","box":[967,630,1010,643]}],"linking":[]},{"id":225,"text":"VAT","label":"","box":[947,657,976,667],"words":[{"text":"VAT","box":[947,657,976,667]}],"linking":[]},{"id":226,"text":"amount","label":"","box":[981,657,1034,668],"words":[{"text":"amount","box":[981,657,1034,668]}],"linking":[]},{"id":227,"text":"304,762","label":"","box":[979,817,1036,829],"words":[{"text":"304,762","box":[979,817,1036,829]}],"linking":[]},{"id":228,"text":"304,762","label":"","box":[979,1020,1036,1034],"words":[{"text":"304,762","box":[979,1020,1036,1034]}],"linking":[]},{"id":229,"text":"TIÊN","label":"","box":[886,1056,921,1072],"words":[{"text":"TIÊN","box":[886,1056,921,1072]}],"linking":[]},{"id":230,"text":"THUẾ","label":"","box":[928,1056,970,1072],"words":[{"text":"THUẾ","box":[928,1056,970,1072]}],"linking":[]},{"id":231,"text":"GTGT","label":"","box":[978,1056,1021,1072],"words":[{"text":"GTGT","box":[978,1056,1021,1072]}],"linking":[]},{"id":232,"text":"304,762","label":"","box":[971,1177,1029,1191],"words":[{"text":"304,762","box":[971,1177,1029,1191]}],"linking":[]},{"id":233,"text":"304,762","label":"","box":[970,1231,1028,1243],"words":[{"text":"304,762","box":[970,1231,1028,1243]}],"linking":[]},{"id":234,"text":"Người","label":"","box":[817,1310,861,1325],"words":[{"text":"Người","box":[817,1310,861,1325]}],"linking":[]},{"id":235,"text":"bán","label":"","box":[868,1310,893,1325],"words":[{"text":"bán","box":[868,1310,893,1325]}],"linking":[]},{"id":236,"text":"hàng","label":"","box":[900,1310,934,1325],"words":[{"text":"hàng","box":[900,1310,934,1325]}],"linking":[]},{"id":237,"text":"(","label":"","box":[942,1310,945,1325],"words":[{"text":"(","box":[942,1310,945,1325]}],"linking":[]},{"id":238,"text":"Seller","label":"","box":[946,1310,978,1325],"words":[{"text":"Seller","box":[946,1310,978,1325]}],"linking":[]},{"id":239,"text":")","label":"","box":[981,1310,984,1325],"words":[{"text":")","box":[981,1310,984,1325]}],"linking":[]},{"id":240,"text":"0000571","label":"answer","box":[1039,172,1114,187],"words":[{"text":"0000571","box":[1039,172,1114,187]}],"linking":[[281,240]]},{"id":241,"text":"THÀNH","label":"","box":[1063,605,1114,620],"words":[{"text":"THÀNH","box":[1063,605,1114,620]}],"linking":[]},{"id":242,"text":"TIÊN","label":"","box":[1121,605,1154,619],"words":[{"text":"TIÊN","box":[1121,605,1154,619]}],"linking":[]},{"id":243,"text":"SAU","label":"","box":[1073,629,1102,645],"words":[{"text":"SAU","box":[1073,629,1102,645]}],"linking":[]},{"id":244,"text":"THUÊ","label":"","box":[1108,628,1151,644],"words":[{"text":"THUÊ","box":[1108,628,1151,644]}],"linking":[]},{"id":245,"text":"Amount","label":"","box":[1086,658,1141,668],"words":[{"text":"Amount","box":[1086,658,1141,668]}],"linking":[]},{"id":246,"text":"Signature","label":"","box":[777,1357,845,1374],"words":[{"text":"Signature","box":[777,1357,845,1374]}],"linking":[]},{"id":247,"text":"Valid","label":"","box":[850,1356,890,1372],"words":[{"text":"Valid","box":[850,1356,890,1372]}],"linking":[]},{"id":248,"text":"Ký","label":"","box":[777,1378,798,1400],"words":[{"text":"Ký","box":[777,1378,798,1400]}],"linking":[]},{"id":249,"text":"bởi","label":"","box":[804,1378,826,1400],"words":[{"text":"bởi","box":[804,1378,826,1400]}],"linking":[]},{"id":250,"text":":","label":"","box":[828,1378,828,1400],"words":[{"text":":","box":[828,1378,828,1400]}],"linking":[]},{"id":251,"text":"CÔNG","label":"","box":[839,1378,888,1400],"words":[{"text":"CÔNG","box":[839,1378,888,1400]}],"linking":[]},{"id":252,"text":"TY","label":"","box":[896,1378,911,1400],"words":[{"text":"TY","box":[896,1378,911,1400]}],"linking":[]},{"id":253,"text":"CỔ","label":"","box":[923,1378,941,1400],"words":[{"text":"CỔ","box":[923,1378,941,1400]}],"linking":[]},{"id":254,"text":"PHẦN","label":"","box":[953,1378,1001,1400],"words":[{"text":"PHẦN","box":[953,1378,1001,1400]}],"linking":[]},{"id":255,"text":"THỦY","label":"","box":[1007,1378,1056,1400],"words":[{"text":"THỦY","box":[1007,1378,1056,1400]}],"linking":[]},{"id":256,"text":"|","label":"","box":[771,1403,772,1422],"words":[{"text":"|","box":[771,1403,772,1422]}],"linking":[]},{"id":257,"text":"SẢN","label":"","box":[778,1403,806,1422],"words":[{"text":"SẢN","box":[778,1403,806,1422]}],"linking":[]},{"id":258,"text":"BÌNH","label":"","box":[818,1403,862,1422],"words":[{"text":"BÌNH","box":[818,1403,862,1422]}],"linking":[]},{"id":259,"text":"MINH","label":"","box":[867,1403,914,1422],"words":[{"text":"MINH","box":[867,1403,914,1422]}],"linking":[]},{"id":260,"text":"Ngày","label":"","box":[777,1429,816,1447],"words":[{"text":"Ngày","box":[777,1429,816,1447]}],"linking":[]},{"id":261,"text":"ký","label":"","box":[821,1430,835,1446],"words":[{"text":"ký","box":[821,1430,835,1446]}],"linking":[]},{"id":262,"text":":","label":"","box":[837,1429,841,1445],"words":[{"text":":","box":[837,1429,841,1445]}],"linking":[]},{"id":263,"text":"29/03/2022","label":"","box":[848,1428,929,1446],"words":[{"text":"29/03/2022","box":[848,1428,929,1446]}],"linking":[]},{"id":264,"text":"3,180,000","label":"","box":[1097,701,1168,714],"words":[{"text":"3,180,000","box":[1097,701,1168,714]}],"linking":[]},{"id":265,"text":"2,150,000","label":"","box":[1096,739,1169,752],"words":[{"text":"2,150,000","box":[1096,739,1169,752]}],"linking":[]},{"id":266,"text":"2,400,000","label":"","box":[1096,778,1167,790],"words":[{"text":"2,400,000","box":[1096,778,1167,790]}],"linking":[]},{"id":267,"text":"6,400,000","label":"","box":[1097,817,1169,830],"words":[{"text":"6,400,000","box":[1097,817,1169,830]}],"linking":[]},{"id":268,"text":"14,130,000","label":"","box":[1089,1021,1169,1033],"words":[{"text":"14,130,000","box":[1089,1021,1169,1033]}],"linking":[]},{"id":269,"text":"|","label":"","box":[1047,1044,1048,1060],"words":[{"text":"|","box":[1047,1044,1048,1060]}],"linking":[]},{"id":270,"text":"GIÁ","label":"","box":[1050,1044,1071,1060],"words":[{"text":"GIÁ","box":[1050,1044,1071,1060]}],"linking":[]},{"id":271,"text":"TRỊ","label":"","box":[1083,1044,1107,1060],"words":[{"text":"TRỊ","box":[1083,1044,1107,1060]}],"linking":[]},{"id":272,"text":"THANH","label":"","box":[1114,1044,1168,1060],"words":[{"text":"THANH","box":[1114,1044,1168,1060]}],"linking":[]},{"id":273,"text":"TOÁN","label":"","box":[1090,1070,1132,1083],"words":[{"text":"TOÁN","box":[1090,1070,1132,1083]}],"linking":[]},{"id":274,"text":"7,730,000","label":"","box":[1088,1124,1160,1136],"words":[{"text":"7,730,000","box":[1088,1124,1160,1136]}],"linking":[]},{"id":275,"text":"6,400,000","label":"","box":[1088,1177,1161,1191],"words":[{"text":"6,400,000","box":[1088,1177,1161,1191]}],"linking":[]},{"id":276,"text":"14,130,000","label":"","box":[1081,1231,1159,1242],"words":[{"text":"14,130,000","box":[1081,1231,1159,1242]}],"linking":[]},{"id":277,"text":"Mẫu số ( Fom ) :","label":"question","box":[874,91,981,111],"words":[{"text":"Mẫu","box":[874,91,905,108]},{"text":"số","box":[910,92,927,109]},{"text":"(","box":[932,92,937,109]},{"text":"Fom","box":[937,93,959,110]},{"text":")","box":[966,93,974,110]},{"text":":","box":[978,94,981,111]}],"linking":[[277,278]]},{"id":278,"text":"01GTKT0 / 002","label":"answer","box":[1038,96,1140,107],"words":[{"text":"01GTKT0","box":[1038,96,1108,107]},{"text":"/","box":[1109,96,1114,107]},{"text":"002","box":[1114,96,1140,107]}],"linking":[[277,278]]},{"id":279,"text":"Ki hiệu ( Series )","label":"question","box":[875,132,977,149],"words":[{"text":"Ki","box":[875,132,887,146]},{"text":"hiệu","box":[895,133,923,147]},{"text":"(","box":[931,133,935,147]},{"text":"Series","box":[936,134,972,148]},{"text":")","box":[974,135,977,149]}],"linking":[[279,280]]},{"id":280,"text":"BM / 21E","label":"answer","box":[1039,134,1095,145],"words":[{"text":"BM","box":[1039,134,1060,145]},{"text":"/","box":[1062,134,1067,145]},{"text":"21E","box":[1067,134,1095,145]}],"linking":[[279,280]]},{"id":281,"text":"Số ( No. ) .","label":"question","box":[875,167,939,188],"words":[{"text":"Số","box":[875,167,894,184]},{"text":"(","box":[901,168,905,185]},{"text":"No.","box":[905,170,927,186]},{"text":")","box":[928,170,932,187]},{"text":".","box":[938,171,939,188]}],"linking":[[281,240]]},{"id":282,"text":"Đơn vị bán hàng ( ComName ) :","label":"question","box":[68,221,277,240],"words":[{"text":"Đơn","box":[68,221,97,239]},{"text":"vị","box":[104,221,119,239]},{"text":"bán","box":[124,221,148,239]},{"text":"hàng","box":[156,221,189,239]},{"text":"(","box":[196,221,201,239]},{"text":"ComName","box":[203,221,264,240]},{"text":")","box":[267,222,271,240]},{"text":":","box":[274,222,277,240]}],"linking":[[282,283]]},{"id":283,"text":"CÔNG TY CỔ PHẦN THUỶ SẢN BÌNH MINH","label":"answer","box":[330,222,660,236],"words":[{"text":"CÔNG","box":[330,222,378,236]},{"text":"TY","box":[384,222,404,236]},{"text":"CỔ","box":[410,222,432,236]},{"text":"PHẦN","box":[440,222,483,236]},{"text":"THUỶ","box":[489,222,533,236]},{"text":"SẢN","box":[538,222,570,236]},{"text":"BÌNH","box":[578,222,614,236]},{"text":"MINH","box":[621,222,660,236]}],"linking":[[282,283]]},{"id":284,"text":"Mã số thuế ( Tax code )","label":"question","box":[70,249,221,271],"words":[{"text":"Mã","box":[70,250,92,267]},{"text":"số","box":[97,249,114,268]},{"text":"thuế","box":[118,251,149,268]},{"text":"(","box":[156,251,162,269]},{"text":"Tax","box":[162,252,183,270]},{"text":"code","box":[187,253,215,270]},{"text":")","box":[217,253,221,271]}],"linking":[[284,78]]},{"id":285,"text":"Dia chỉ ( Address ) :","label":"question","box":[70,283,193,298],"words":[{"text":"Dia","box":[70,283,94,296]},{"text":"chỉ","box":[99,283,119,297]},{"text":"(","box":[126,283,131,297]},{"text":"Address","box":[129,284,179,297]},{"text":")","box":[180,284,185,298]},{"text":":","box":[189,284,193,298]}],"linking":[[285,286]]},{"id":286,"text":"Số 86/28/1 , Phổ Quang , Phường 2 , Quận Tân Bình , TP.HCM","label":"answer","box":[331,281,770,298],"words":[{"text":"Số","box":[331,281,348,298]},{"text":"86/28/1","box":[356,281,406,298]},{"text":",","box":[411,281,412,298]},{"text":"Phổ","box":[420,281,446,298]},{"text":"Quang","box":[454,281,500,298]},{"text":",","box":[503,281,504,298]},{"text":"Phường","box":[512,281,569,298]},{"text":"2","box":[576,281,583,298]},{"text":",","box":[586,281,587,298]},{"text":"Quận","box":[595,281,632,298]},{"text":"Tân","box":[639,281,665,298]},{"text":"Bình","box":[672,281,703,298]},{"text":",","box":[706,281,707,298]},{"text":"TP.HCM","box":[710,281,770,298]}],"linking":[[285,286]]},{"id":287,"text":"Số tài khoản ( BankNo ) .","label":"question","box":[71,309,230,328],"words":[{"text":"Số","box":[71,309,88,325]},{"text":"tài","box":[95,309,110,325]},{"text":"khoản","box":[118,310,159,326]},{"text":"(","box":[167,311,171,327]},{"text":"BankNo","box":[172,311,216,327]},{"text":")","box":[219,312,223,328]},{"text":".","box":[229,312,230,328]}],"linking":[[287,79]]},{"id":288,"text":"Ngân hàng ( BankName ) :","label":"question","box":[71,338,238,357],"words":[{"text":"Ngân","box":[71,338,107,356]},{"text":"hàng","box":[115,338,148,356]},{"text":"(","box":[155,338,160,356]},{"text":"BankName","box":[162,339,224,357]},{"text":")","box":[228,339,232,357]},{"text":":","box":[235,339,238,357]}],"linking":[[288,289]]},{"id":289,"text":"NH TMCP Công Thương Việt Nam ( Vietinbank ) - CN Tây Sài Gòn , TP.HCM","label":"answer","box":[331,342,880,356],"words":[{"text":"NH","box":[331,342,351,356]},{"text":"TMCP","box":[358,342,403,356]},{"text":"Công","box":[411,342,447,356]},{"text":"Thương","box":[453,342,510,356]},{"text":"Việt","box":[517,342,544,356]},{"text":"Nam","box":[551,342,582,356]},{"text":"(","box":[590,342,593,356]},{"text":"Vietinbank","box":[596,342,667,356]},{"text":")","box":[670,342,675,356]},{"text":"-","box":[681,342,685,356]},{"text":"CN","box":[692,342,712,356]},{"text":"Tây","box":[720,342,746,356]},{"text":"Sài","box":[753,342,774,356]},{"text":"Gòn","box":[781,342,809,356]},{"text":",","box":[812,342,813,356]},{"text":"TP.HCM","box":[820,342,880,356]}],"linking":[[288,289]]},{"id":290,"text":"Họ tên người mua hàng ( Buyer ) :","label":"question","box":[71,391,300,407],"words":[{"text":"Họ","box":[71,391,89,406]},{"text":"tên","box":[96,391,116,406]},{"text":"người","box":[124,391,165,406]},{"text":"mua","box":[172,391,201,406]},{"text":"hàng","box":[209,391,242,407]},{"text":"(","box":[250,392,254,407]},{"text":"Buyer","box":[255,392,289,407]},{"text":")","box":[289,392,293,407]},{"text":":","box":[297,392,300,407]}],"linking":[]},{"id":291,"text":"PHÚ THÀNH","label":"answer","box":[433,389,525,403],"words":[{"text":"PHÚ","box":[433,389,464,403]},{"text":"THÀNH","box":[471,389,525,403]}],"linking":[]},{"id":292,"text":"Tên đơn vị ( CusName ) -","label":"question","box":[70,419,229,436],"words":[{"text":"Tên","box":[70,419,96,434]},{"text":"đơn","box":[103,420,130,434]},{"text":"vị","box":[136,420,146,435]},{"text":"(","box":[154,420,158,435]},{"text":"CusName","box":[161,421,218,436]},{"text":")","box":[220,421,222,436]},{"text":"-","box":[228,421,229,436]}],"linking":[]},{"id":293,"text":"Mã số thuế ( Tax code ) .","label":"question","box":[71,444,228,465],"words":[{"text":"Mã","box":[71,444,92,462]},{"text":"số","box":[98,444,114,462]},{"text":"thuế","box":[119,445,150,463]},{"text":"(","box":[157,445,162,463]},{"text":"Tax","box":[163,446,183,464]},{"text":"code","box":[188,447,215,465]},{"text":")","box":[218,447,221,465]},{"text":".","box":[227,447,228,465]}],"linking":[]},{"id":294,"text":"Địa chỉ ( Address )","label":"question","box":[70,474,182,493],"words":[{"text":"Địa","box":[70,474,93,491]},{"text":"chỉ","box":[100,474,121,491]},{"text":"(","box":[125,474,130,491]},{"text":"Address","box":[131,475,179,492]},{"text":")","box":[180,476,182,493]}],"linking":[[294,296]]},{"id":295,"text":"Hình thức thanh toán ( Method of payment )","label":"question","box":[71,503,353,521],"words":[{"text":"Hình","box":[71,503,103,519]},{"text":"thức","box":[109,503,141,519]},{"text":"thanh","box":[147,503,186,519]},{"text":"toán","box":[192,504,222,520]},{"text":"(","box":[230,504,234,520]},{"text":"Method","box":[235,504,279,520]},{"text":"of","box":[286,504,293,520]},{"text":"payment","box":[297,504,349,521]},{"text":")","box":[351,505,353,521]}],"linking":[[295,297]]},{"id":296,"text":"541 Thống Nhất , Phan Rang , Ninh Thuận","label":"answer","box":[433,474,733,491],"words":[{"text":"541","box":[433,474,455,491]},{"text":"Thống","box":[464,474,508,491]},{"text":"Nhất","box":[516,474,548,491]},{"text":",","box":[551,474,552,491]},{"text":"Phan","box":[560,474,595,491]},{"text":"Rang","box":[603,474,639,491]},{"text":",","box":[642,474,643,491]},{"text":"Ninh","box":[651,474,682,491]},{"text":"Thuận","box":[688,474,733,491]}],"linking":[[294,296]]},{"id":297,"text":"Chuyển khoản / Tiền mặt","label":"answer","box":[433,503,605,520],"words":[{"text":"Chuyển","box":[433,503,486,520]},{"text":"khoản","box":[494,503,533,520]},{"text":"/","box":[537,503,542,520]},{"text":"Tiền","box":[543,503,572,520]},{"text":"mặt","box":[580,503,605,520]}],"linking":[[295,297]]},{"id":298,"text":"Số tài khoản ( A / C No )","label":"question","box":[684,503,834,522],"words":[{"text":"Số","box":[684,503,702,518]},{"text":"tài","box":[708,503,725,519]},{"text":"khoản","box":[731,504,775,519]},{"text":"(","box":[781,505,785,521]},{"text":"A","box":[786,505,791,521]},{"text":"/","box":[793,505,799,521]},{"text":"C","box":[801,505,808,521]},{"text":"No","box":[812,506,828,522]},{"text":")","box":[829,506,834,522]}],"linking":[]},{"id":299,"text":"Ngân hàng ( Bank Name ) :","label":"question","box":[71,535,242,549],"words":[{"text":"Ngân","box":[71,535,107,549]},{"text":"hàng","box":[115,535,148,549]},{"text":"(","box":[156,535,159,549]},{"text":"Bank","box":[161,535,191,549]},{"text":"Name","box":[195,535,228,549]},{"text":")","box":[231,535,235,549]},{"text":":","box":[241,535,242,549]}],"linking":[]}]