[{"id":0,"text":"STT","label":"","box":[62,621,90,632],"words":[{"text":"STT","box":[62,621,90,632]}],"linking":[]},{"id":1,"text":"No.","label":"","box":[65,645,87,656],"words":[{"text":"No.","box":[65,645,87,656]}],"linking":[]},{"id":2,"text":"1","label":"","box":[72,700,79,712],"words":[{"text":"1","box":[72,700,79,712]}],"linking":[]},{"id":3,"text":"2","label":"","box":[71,740,81,750],"words":[{"text":"2","box":[71,740,81,750]}],"linking":[]},{"id":4,"text":"3","label":"","box":[71,778,80,789],"words":[{"text":"3","box":[71,778,80,789]}],"linking":[]},{"id":5,"text":"Đơn","label":"","box":[173,56,197,71],"words":[{"text":"Đơn","box":[173,56,197,71]}],"linking":[]},{"id":6,"text":"vị","label":"","box":[203,56,211,71],"words":[{"text":"vị","box":[203,56,211,71]}],"linking":[]},{"id":7,"text":"hỗ","label":"","box":[215,56,229,71],"words":[{"text":"hỗ","box":[215,56,229,71]}],"linking":[]},{"id":8,"text":"trợ","label":"","box":[234,56,250,71],"words":[{"text":"trợ","box":[234,56,250,71]}],"linking":[]},{"id":9,"text":"cung","label":"","box":[254,56,282,71],"words":[{"text":"cung","box":[254,56,282,71]}],"linking":[]},{"id":10,"text":"cấp","label":"","box":[287,56,307,71],"words":[{"text":"cấp","box":[287,56,307,71]}],"linking":[]},{"id":11,"text":"công","label":"","box":[312,56,339,71],"words":[{"text":"công","box":[312,56,339,71]}],"linking":[]},{"id":12,"text":"cụ","label":"","box":[344,56,357,71],"words":[{"text":"cụ","box":[344,56,357,71]}],"linking":[]},{"id":13,"text":"phát","label":"","box":[361,56,387,71],"words":[{"text":"phát","box":[361,56,387,71]}],"linking":[]},{"id":14,"text":"hành","label":"","box":[392,56,420,71],"words":[{"text":"hành","box":[392,56,420,71]}],"linking":[]},{"id":15,"text":"hóa","label":"","box":[425,56,446,71],"words":[{"text":"hóa","box":[425,56,446,71]}],"linking":[]},{"id":16,"text":"đơn","label":"","box":[451,56,473,71],"words":[{"text":"đơn","box":[451,56,473,71]}],"linking":[]},{"id":17,"text":"điện","label":"","box":[478,56,502,71],"words":[{"text":"điện","box":[478,56,502,71]}],"linking":[]},{"id":18,"text":"tử","label":"","box":[507,56,514,71],"words":[{"text":"tử","box":[507,56,514,71]}],"linking":[]},{"id":19,"text":":","label":"","box":[518,56,521,71],"words":[{"text":":","box":[518,56,521,71]}],"linking":[]},{"id":20,"text":"Công","label":"","box":[527,56,557,71],"words":[{"text":"Công","box":[527,56,557,71]}],"linking":[]},{"id":21,"text":"ty","label":"","box":[562,56,572,71],"words":[{"text":"ty","box":[562,56,572,71]}],"linking":[]},{"id":22,"text":"Cổ","label":"","box":[576,56,592,71],"words":[{"text":"Cổ","box":[576,56,592,71]}],"linking":[]},{"id":23,"text":"phần","label":"","box":[596,56,625,71],"words":[{"text":"phần","box":[596,56,625,71]}],"linking":[]},{"id":24,"text":"Định","label":"","box":[630,56,656,71],"words":[{"text":"Định","box":[630,56,656,71]}],"linking":[]},{"id":25,"text":"Gia","label":"","box":[661,56,680,71],"words":[{"text":"Gia","box":[661,56,680,71]}],"linking":[]},{"id":26,"text":"Nét","label":"","box":[686,56,706,71],"words":[{"text":"Nét","box":[686,56,706,71]}],"linking":[]},{"id":27,"text":"-","label":"","box":[710,56,713,71],"words":[{"text":"-","box":[710,56,713,71]}],"linking":[]},{"id":28,"text":"DigiNet","label":"","box":[718,56,761,71],"words":[{"text":"DigiNet","box":[718,56,761,71]}],"linking":[]},{"id":29,"text":"Corp","label":"","box":[765,56,791,71],"words":[{"text":"Corp","box":[765,56,791,71]}],"linking":[]},{"id":30,"text":",","label":"","box":[793,56,795,71],"words":[{"text":",","box":[793,56,795,71]}],"linking":[]},{"id":31,"text":"MST","label":"","box":[801,56,825,71],"words":[{"text":"MST","box":[801,56,825,71]}],"linking":[]},{"id":32,"text":":","label":"","box":[828,56,832,71],"words":[{"text":":","box":[828,56,832,71]}],"linking":[]},{"id":33,"text":"0303359278","label":"","box":[837,56,907,71],"words":[{"text":"0303359278","box":[837,56,907,71]}],"linking":[]},{"id":34,"text":",","label":"","box":[910,56,912,71],"words":[{"text":",","box":[910,56,912,71]}],"linking":[]},{"id":35,"text":"Điện","label":"","box":[918,56,944,71],"words":[{"text":"Điện","box":[918,56,944,71]}],"linking":[]},{"id":36,"text":"thoại","label":"","box":[949,56,977,71],"words":[{"text":"thoại","box":[949,56,977,71]}],"linking":[]},{"id":37,"text":":","label":"","box":[979,56,980,71],"words":[{"text":":","box":[979,56,980,71]}],"linking":[]},{"id":38,"text":"028","label":"","box":[985,56,1006,71],"words":[{"text":"028","box":[985,56,1006,71]}],"linking":[]},{"id":39,"text":"35123878","label":"","box":[1011,56,1069,71],"words":[{"text":"35123878","box":[1011,56,1069,71]}],"linking":[]},{"id":40,"text":"HÓA","label":"","box":[389,94,453,128],"words":[{"text":"HÓA","box":[389,94,453,128]}],"linking":[]},{"id":41,"text":"ĐƠN","label":"","box":[462,94,532,128],"words":[{"text":"ĐƠN","box":[462,94,532,128]}],"linking":[]},{"id":42,"text":"GIÁ","label":"","box":[545,94,597,128],"words":[{"text":"GIÁ","box":[545,94,597,128]}],"linking":[]},{"id":43,"text":"TRỊ","label":"","box":[606,94,654,128],"words":[{"text":"TRỊ","box":[606,94,654,128]}],"linking":[]},{"id":44,"text":"GIA","label":"","box":[666,94,718,128],"words":[{"text":"GIA","box":[666,94,718,128]}],"linking":[]},{"id":45,"text":"TĂNG","label":"","box":[728,94,811,128],"words":[{"text":"TĂNG","box":[728,94,811,128]}],"linking":[]},{"id":46,"text":"VAT","label":"","box":[522,144,572,162],"words":[{"text":"VAT","box":[522,144,572,162]}],"linking":[]},{"id":47,"text":"INVOICE","label":"","box":[578,144,681,162],"words":[{"text":"INVOICE","box":[578,144,681,162]}],"linking":[]},{"id":48,"text":"Ngày","label":"","box":[431,177,466,194],"words":[{"text":"Ngày","box":[431,177,466,194]}],"linking":[]},{"id":49,"text":"(","label":"","box":[473,177,476,193],"words":[{"text":"(","box":[473,177,476,193]}],"linking":[]},{"id":50,"text":"Date","label":"","box":[477,177,503,193],"words":[{"text":"Date","box":[477,177,503,193]}],"linking":[]},{"id":51,"text":")","label":"","box":[506,177,509,193],"words":[{"text":")","box":[506,177,509,193]}],"linking":[]},{"id":52,"text":"16","label":"","box":[515,177,531,193],"words":[{"text":"16","box":[515,177,531,193]}],"linking":[]},{"id":53,"text":"tháng","label":"","box":[537,177,576,193],"words":[{"text":"tháng","box":[537,177,576,193]}],"linking":[]},{"id":54,"text":"(","label":"","box":[584,177,587,193],"words":[{"text":"(","box":[584,177,587,193]}],"linking":[]},{"id":55,"text":"month","label":"","box":[586,177,623,193],"words":[{"text":"month","box":[586,177,623,193]}],"linking":[]},{"id":56,"text":")","label":"","box":[626,177,629,193],"words":[{"text":")","box":[626,177,629,193]}],"linking":[]},{"id":57,"text":"03","label":"","box":[634,177,651,193],"words":[{"text":"03","box":[634,177,651,193]}],"linking":[]},{"id":58,"text":"năm","label":"","box":[658,177,687,193],"words":[{"text":"năm","box":[658,177,687,193]}],"linking":[]},{"id":59,"text":"(","label":"","box":[695,176,699,192],"words":[{"text":"(","box":[695,176,699,192]}],"linking":[]},{"id":60,"text":"year","label":"","box":[699,176,723,192],"words":[{"text":"year","box":[699,176,723,192]}],"linking":[]},{"id":61,"text":")","label":"","box":[726,176,729,192],"words":[{"text":")","box":[726,176,729,192]}],"linking":[]},{"id":62,"text":"2022","label":"","box":[734,176,768,192],"words":[{"text":"2022","box":[734,176,768,192]}],"linking":[]},{"id":63,"text":"4","label":"","box":[71,817,79,827],"words":[{"text":"4","box":[71,817,79,827]}],"linking":[]},{"id":64,"text":"BINH","label":"","box":[161,172,189,185],"words":[{"text":"BINH","box":[161,172,189,185]}],"linking":[]},{"id":65,"text":"MINH","label":"","box":[196,172,229,184],"words":[{"text":"MINH","box":[196,172,229,184]}],"linking":[]},{"id":66,"text":"5","label":"","box":[71,854,82,866],"words":[{"text":"5","box":[71,854,82,866]}],"linking":[]},{"id":67,"text":"0303880297","label":"answer","box":[330,254,419,265],"words":[{"text":"0303880297","box":[330,254,419,265]}],"linking":[[302,67]]},{"id":68,"text":"112002622316","label":"answer","box":[331,311,439,323],"words":[{"text":"112002622316","box":[331,311,439,323]}],"linking":[[305,68]]},{"id":69,"text":"TÊN","label":"","box":[175,617,205,634],"words":[{"text":"TÊN","box":[175,617,205,634]}],"linking":[]},{"id":70,"text":"HÀNG","label":"","box":[211,617,255,634],"words":[{"text":"HÀNG","box":[211,617,255,634]}],"linking":[]},{"id":71,"text":"HÓA","label":"","box":[261,617,290,635],"words":[{"text":"HÓA","box":[261,617,290,635]}],"linking":[]},{"id":72,"text":",","label":"","box":[292,618,295,635],"words":[{"text":",","box":[292,618,295,635]}],"linking":[]},{"id":73,"text":"DỊCH","label":"","box":[304,618,340,635],"words":[{"text":"DỊCH","box":[304,618,340,635]}],"linking":[]},{"id":74,"text":"VỤ","label":"","box":[345,618,365,636],"words":[{"text":"VỤ","box":[345,618,365,636]}],"linking":[]},{"id":75,"text":"Description","label":"","box":[232,645,310,657],"words":[{"text":"Description","box":[232,645,310,657]}],"linking":[]},{"id":76,"text":"ENVISO","label":"","box":[104,699,163,714],"words":[{"text":"ENVISO","box":[104,699,163,714]}],"linking":[]},{"id":77,"text":"Túi","label":"","box":[169,699,191,715],"words":[{"text":"Túi","box":[169,699,191,715]}],"linking":[]},{"id":78,"text":"5Kg","label":"","box":[197,700,224,715],"words":[{"text":"5Kg","box":[197,700,224,715]}],"linking":[]},{"id":79,"text":"QUILA","label":"","box":[104,736,149,751],"words":[{"text":"QUILA","box":[104,736,149,751]}],"linking":[]},{"id":80,"text":"-","label":"","box":[157,736,160,750],"words":[{"text":"-","box":[157,736,160,750]}],"linking":[]},{"id":81,"text":"YUCCA","label":"","box":[167,736,221,750],"words":[{"text":"YUCCA","box":[167,736,221,750]}],"linking":[]},{"id":82,"text":"1","label":"","box":[230,736,233,750],"words":[{"text":"1","box":[230,736,233,750]}],"linking":[]},{"id":83,"text":"LÍT","label":"","box":[243,735,262,750],"words":[{"text":"LÍT","box":[243,735,262,750]}],"linking":[]},{"id":84,"text":"VITA","label":"","box":[103,775,138,789],"words":[{"text":"VITA","box":[103,775,138,789]}],"linking":[]},{"id":85,"text":"ANTLSTRESS","label":"","box":[144,775,250,789],"words":[{"text":"ANTLSTRESS","box":[144,775,250,789]}],"linking":[]},{"id":86,"text":"TÚI","label":"","box":[256,775,280,789],"words":[{"text":"TÚI","box":[256,775,280,789]}],"linking":[]},{"id":87,"text":"500GR","label":"","box":[288,775,337,789],"words":[{"text":"500GR","box":[288,775,337,789]}],"linking":[]},{"id":88,"text":"ABT","label":"","box":[102,816,133,829],"words":[{"text":"ABT","box":[102,816,133,829]}],"linking":[]},{"id":89,"text":"500G","label":"","box":[137,816,177,828],"words":[{"text":"500G","box":[137,816,177,828]}],"linking":[]},{"id":90,"text":"SUPERZIM","label":"","box":[103,854,185,866],"words":[{"text":"SUPERZIM","box":[103,854,185,866]}],"linking":[]},{"id":91,"text":"500ML","label":"","box":[191,854,241,866],"words":[{"text":"500ML","box":[191,854,241,866]}],"linking":[]},{"id":92,"text":"TỔNG","label":"","box":[209,1060,255,1076],"words":[{"text":"TỔNG","box":[209,1060,255,1076]}],"linking":[]},{"id":93,"text":"HỢP","label":"","box":[262,1062,296,1077],"words":[{"text":"HỢP","box":[262,1062,296,1077]}],"linking":[]},{"id":94,"text":"Tổng","label":"","box":[76,1100,111,1117],"words":[{"text":"Tổng","box":[76,1100,111,1117]}],"linking":[]},{"id":95,"text":"tiền","label":"","box":[117,1100,142,1117],"words":[{"text":"tiền","box":[117,1100,142,1117]}],"linking":[]},{"id":96,"text":"không","label":"","box":[150,1100,191,1117],"words":[{"text":"không","box":[150,1100,191,1117]}],"linking":[]},{"id":97,"text":"kê","label":"","box":[199,1100,213,1117],"words":[{"text":"kê","box":[199,1100,213,1117]}],"linking":[]},{"id":98,"text":"khai","label":"","box":[221,1100,248,1117],"words":[{"text":"khai","box":[221,1100,248,1117]}],"linking":[]},{"id":99,"text":"và","label":"","box":[254,1100,270,1117],"words":[{"text":"và","box":[254,1100,270,1117]}],"linking":[]},{"id":100,"text":"nộp","label":"","box":[277,1100,302,1117],"words":[{"text":"nộp","box":[277,1100,302,1117]}],"linking":[]},{"id":101,"text":"thuế","label":"","box":[308,1100,338,1117],"words":[{"text":"thuế","box":[308,1100,338,1117]}],"linking":[]},{"id":102,"text":":","label":"","box":[341,1100,342,1117],"words":[{"text":":","box":[341,1100,342,1117]}],"linking":[]},{"id":103,"text":"Tổng","label":"","box":[76,1125,110,1144],"words":[{"text":"Tổng","box":[76,1125,110,1144]}],"linking":[]},{"id":104,"text":"tiền","label":"","box":[116,1125,141,1143],"words":[{"text":"tiền","box":[116,1125,141,1143]}],"linking":[]},{"id":105,"text":"không","label":"","box":[149,1125,190,1143],"words":[{"text":"không","box":[149,1125,190,1143]}],"linking":[]},{"id":106,"text":"chịu","label":"","box":[197,1125,225,1143],"words":[{"text":"chịu","box":[197,1125,225,1143]}],"linking":[]},{"id":107,"text":"thuế","label":"","box":[231,1124,261,1143],"words":[{"text":"thuế","box":[231,1124,261,1143]}],"linking":[]},{"id":108,"text":"GTGT","label":"","box":[269,1124,311,1142],"words":[{"text":"GTGT","box":[269,1124,311,1142]}],"linking":[]},{"id":109,"text":":","label":"","box":[313,1124,314,1142],"words":[{"text":":","box":[313,1124,314,1142]}],"linking":[]},{"id":110,"text":"Tổng","label":"","box":[76,1150,110,1172],"words":[{"text":"Tổng","box":[76,1150,110,1172]}],"linking":[]},{"id":111,"text":"tiền","label":"","box":[116,1150,141,1171],"words":[{"text":"tiền","box":[116,1150,141,1171]}],"linking":[]},{"id":112,"text":"chịu","label":"","box":[148,1150,176,1171],"words":[{"text":"chịu","box":[148,1150,176,1171]}],"linking":[]},{"id":113,"text":"thuế","label":"","box":[182,1149,212,1171],"words":[{"text":"thuế","box":[182,1149,212,1171]}],"linking":[]},{"id":114,"text":"suất","label":"","box":[217,1149,248,1170],"words":[{"text":"suất","box":[217,1149,248,1170]}],"linking":[]},{"id":115,"text":":","label":"","box":[251,1149,254,1170],"words":[{"text":":","box":[251,1149,254,1170]}],"linking":[]},{"id":116,"text":"Tổng","label":"","box":[76,1177,111,1196],"words":[{"text":"Tổng","box":[76,1177,111,1196]}],"linking":[]},{"id":117,"text":"tiền","label":"","box":[117,1177,142,1196],"words":[{"text":"tiền","box":[117,1177,142,1196]}],"linking":[]},{"id":118,"text":"chịu","label":"","box":[149,1177,177,1196],"words":[{"text":"chịu","box":[149,1177,177,1196]}],"linking":[]},{"id":119,"text":"thuế","label":"","box":[183,1177,213,1196],"words":[{"text":"thuế","box":[183,1177,213,1196]}],"linking":[]},{"id":120,"text":"suất","label":"","box":[221,1177,249,1196],"words":[{"text":"suất","box":[221,1177,249,1196]}],"linking":[]},{"id":121,"text":"Tổng","label":"","box":[76,1204,110,1225],"words":[{"text":"Tổng","box":[76,1204,110,1225]}],"linking":[]},{"id":122,"text":"tiền","label":"","box":[116,1204,141,1224],"words":[{"text":"tiền","box":[116,1204,141,1224]}],"linking":[]},{"id":123,"text":"chịu","label":"","box":[148,1204,176,1224],"words":[{"text":"chịu","box":[148,1204,176,1224]}],"linking":[]},{"id":124,"text":"thuế","label":"","box":[182,1203,212,1224],"words":[{"text":"thuế","box":[182,1203,212,1224]}],"linking":[]},{"id":125,"text":"suất","label":"","box":[219,1203,248,1223],"words":[{"text":"suất","box":[219,1203,248,1223]}],"linking":[]},{"id":126,"text":":","label":"","box":[251,1203,254,1223],"words":[{"text":":","box":[251,1203,254,1223]}],"linking":[]},{"id":127,"text":"Tổng","label":"","box":[76,1230,110,1252],"words":[{"text":"Tổng","box":[76,1230,110,1252]}],"linking":[]},{"id":128,"text":"cộng","label":"","box":[116,1230,150,1251],"words":[{"text":"cộng","box":[116,1230,150,1251]}],"linking":[]},{"id":129,"text":"tiền","label":"","box":[157,1230,181,1251],"words":[{"text":"tiền","box":[157,1230,181,1251]}],"linking":[]},{"id":130,"text":"thanh","label":"","box":[188,1229,227,1251],"words":[{"text":"thanh","box":[188,1229,227,1251]}],"linking":[]},{"id":131,"text":"toán","label":"","box":[232,1229,261,1250],"words":[{"text":"toán","box":[232,1229,261,1250]}],"linking":[]},{"id":132,"text":":","label":"","box":[265,1229,270,1250],"words":[{"text":":","box":[265,1229,270,1250]}],"linking":[]},{"id":133,"text":"Số","label":"","box":[77,1266,94,1283],"words":[{"text":"Số","box":[77,1266,94,1283]}],"linking":[]},{"id":134,"text":"tiền","label":"","box":[99,1266,124,1283],"words":[{"text":"tiền","box":[99,1266,124,1283]}],"linking":[]},{"id":135,"text":"viết","label":"","box":[131,1266,156,1283],"words":[{"text":"viết","box":[131,1266,156,1283]}],"linking":[]},{"id":136,"text":"bằng","label":"","box":[162,1267,196,1284],"words":[{"text":"bằng","box":[162,1267,196,1284]}],"linking":[]},{"id":137,"text":"chữ","label":"","box":[203,1267,229,1284],"words":[{"text":"chữ","box":[203,1267,229,1284]}],"linking":[]},{"id":138,"text":"(","label":"","box":[236,1267,240,1284],"words":[{"text":"(","box":[236,1267,240,1284]}],"linking":[]},{"id":139,"text":"Total","label":"","box":[243,1267,270,1285],"words":[{"text":"Total","box":[243,1267,270,1285]}],"linking":[]},{"id":140,"text":"amount","label":"","box":[275,1269,319,1285],"words":[{"text":"amount","box":[275,1269,319,1285]}],"linking":[]},{"id":141,"text":"in","label":"","box":[324,1268,333,1285],"words":[{"text":"in","box":[324,1268,333,1285]}],"linking":[]},{"id":142,"text":"words","label":"","box":[339,1269,372,1286],"words":[{"text":"words","box":[339,1269,372,1286]}],"linking":[]},{"id":143,"text":")","label":"","box":[375,1269,378,1286],"words":[{"text":")","box":[375,1269,378,1286]}],"linking":[]},{"id":144,"text":"Người","label":"","box":[255,1314,298,1330],"words":[{"text":"Người","box":[255,1314,298,1330]}],"linking":[]},{"id":145,"text":"mua","label":"","box":[306,1314,335,1330],"words":[{"text":"mua","box":[306,1314,335,1330]}],"linking":[]},{"id":146,"text":"hàng","label":"","box":[341,1314,376,1330],"words":[{"text":"hàng","box":[341,1314,376,1330]}],"linking":[]},{"id":147,"text":"(","label":"","box":[384,1314,387,1330],"words":[{"text":"(","box":[384,1314,387,1330]}],"linking":[]},{"id":148,"text":"Buyer","label":"","box":[388,1314,421,1330],"words":[{"text":"Buyer","box":[388,1314,421,1330]}],"linking":[]},{"id":149,"text":")","label":"","box":[424,1314,427,1330],"words":[{"text":")","box":[424,1314,427,1330]}],"linking":[]},{"id":150,"text":"ĐƠN","label":"","box":[462,609,495,621],"words":[{"text":"ĐƠN","box":[462,609,495,621]}],"linking":[]},{"id":151,"text":"VỊ","label":"","box":[502,608,514,621],"words":[{"text":"VỊ","box":[502,608,514,621]}],"linking":[]},{"id":152,"text":"SÓ","label":"","box":[554,606,576,620],"words":[{"text":"SÓ","box":[554,606,576,620]}],"linking":[]},{"id":153,"text":"ΤΙΝΗ","label":"","box":[473,629,507,643],"words":[{"text":"ΤΙΝΗ","box":[473,629,507,643]}],"linking":[]},{"id":154,"text":"Unit","label":"","box":[478,657,507,668],"words":[{"text":"Unit","box":[478,657,507,668]}],"linking":[]},{"id":155,"text":"Túi","label":"","box":[480,700,502,711],"words":[{"text":"Túi","box":[480,700,502,711]}],"linking":[]},{"id":156,"text":"Chai","label":"","box":[474,739,508,750],"words":[{"text":"Chai","box":[474,739,508,750]}],"linking":[]},{"id":157,"text":"Túi","label":"","box":[479,778,502,789],"words":[{"text":"Túi","box":[479,778,502,789]}],"linking":[]},{"id":158,"text":"Túi","label":"","box":[480,816,501,827],"words":[{"text":"Túi","box":[480,816,501,827]}],"linking":[]},{"id":159,"text":"Chai","label":"","box":[474,854,509,865],"words":[{"text":"Chai","box":[474,854,509,865]}],"linking":[]},{"id":160,"text":"|","label":"","box":[535,630,536,646],"words":[{"text":"|","box":[535,630,536,646]}],"linking":[]},{"id":161,"text":"LƯỢNG","label":"","box":[540,630,597,646],"words":[{"text":"LƯỢNG","box":[540,630,597,646]}],"linking":[]},{"id":162,"text":"Quantity","label":"","box":[541,657,598,670],"words":[{"text":"Quantity","box":[541,657,598,670]}],"linking":[]},{"id":163,"text":"16","label":"","box":[561,701,575,711],"words":[{"text":"16","box":[561,701,575,711]}],"linking":[]},{"id":164,"text":"X","label":"","box":[521,1106,530,1115],"words":[{"text":"X","box":[521,1106,530,1115]}],"linking":[]},{"id":165,"text":"X","label":"","box":[521,1132,530,1141],"words":[{"text":"X","box":[521,1132,530,1141]}],"linking":[]},{"id":166,"text":"0","label":"","box":[513,1155,522,1166],"words":[{"text":"0","box":[513,1155,522,1166]}],"linking":[]},{"id":167,"text":"%","label":"","box":[521,1155,533,1166],"words":[{"text":"%","box":[521,1155,533,1166]}],"linking":[]},{"id":168,"text":"5","label":"","box":[513,1182,522,1192],"words":[{"text":"5","box":[513,1182,522,1192]}],"linking":[]},{"id":169,"text":"%","label":"","box":[522,1182,534,1192],"words":[{"text":"%","box":[522,1182,534,1192]}],"linking":[]},{"id":170,"text":"10","label":"","box":[510,1209,526,1220],"words":[{"text":"10","box":[510,1209,526,1220]}],"linking":[]},{"id":171,"text":"%","label":"","box":[528,1209,540,1220],"words":[{"text":"%","box":[528,1209,540,1220]}],"linking":[]},{"id":172,"text":"20","label":"","box":[560,739,575,749],"words":[{"text":"20","box":[560,739,575,749]}],"linking":[]},{"id":173,"text":"80","label":"","box":[560,778,577,789],"words":[{"text":"80","box":[560,778,577,789]}],"linking":[]},{"id":174,"text":"40","label":"","box":[559,817,575,828],"words":[{"text":"40","box":[559,817,575,828]}],"linking":[]},{"id":175,"text":"40","label":"","box":[559,854,575,866],"words":[{"text":"40","box":[559,854,575,866]}],"linking":[]},{"id":176,"text":"THUÊ","label":"","box":[479,1059,521,1076],"words":[{"text":"THUÊ","box":[479,1059,521,1076]}],"linking":[]},{"id":177,"text":"SUẤT","label":"","box":[528,1059,568,1075],"words":[{"text":"SUẤT","box":[528,1059,568,1075]}],"linking":[]},{"id":178,"text":"ĐƠN","label":"","box":[636,618,669,632],"words":[{"text":"ĐƠN","box":[636,618,669,632]}],"linking":[]},{"id":179,"text":"GIÁ","label":"","box":[677,618,702,632],"words":[{"text":"GIÁ","box":[677,618,702,632]}],"linking":[]},{"id":180,"text":"Price","label":"","box":[652,645,687,655],"words":[{"text":"Price","box":[652,645,687,655]}],"linking":[]},{"id":181,"text":"313,636.364","label":"","box":[635,699,724,714],"words":[{"text":"313,636.364","box":[635,699,724,714]}],"linking":[]},{"id":182,"text":"180,952.381","label":"","box":[636,739,724,752],"words":[{"text":"180,952.381","box":[636,739,724,752]}],"linking":[]},{"id":183,"text":"70,000.000","label":"","box":[645,778,725,791],"words":[{"text":"70,000.000","box":[645,778,725,791]}],"linking":[]},{"id":184,"text":"109,090.909","label":"","box":[636,817,725,829],"words":[{"text":"109,090.909","box":[636,817,725,829]}],"linking":[]},{"id":185,"text":"192,500.000","label":"","box":[635,853,725,868],"words":[{"text":"192,500.000","box":[635,853,725,868]}],"linking":[]},{"id":186,"text":"THÀNH","label":"","box":[750,618,801,632],"words":[{"text":"THÀNH","box":[750,618,801,632]}],"linking":[]},{"id":187,"text":"TIỀN","label":"","box":[808,618,841,632],"words":[{"text":"TIỀN","box":[808,618,841,632]}],"linking":[]},{"id":188,"text":"Total","label":"","box":[780,644,815,656],"words":[{"text":"Total","box":[780,644,815,656]}],"linking":[]},{"id":189,"text":"1/1","label":"","box":[606,1716,635,1731],"words":[{"text":"1/1","box":[606,1716,635,1731]}],"linking":[]},{"id":190,"text":"Cộng","label":"","box":[620,1025,656,1039],"words":[{"text":"Cộng","box":[620,1025,656,1039]}],"linking":[]},{"id":191,"text":"(","label":"","box":[664,1025,668,1039],"words":[{"text":"(","box":[664,1025,668,1039]}],"linking":[]},{"id":192,"text":"Sub","label":"","box":[669,1025,691,1039],"words":[{"text":"Sub","box":[669,1025,691,1039]}],"linking":[]},{"id":193,"text":"total","label":"","box":[696,1025,722,1039],"words":[{"text":"total","box":[696,1025,722,1039]}],"linking":[]},{"id":194,"text":")","label":"","box":[724,1025,725,1039],"words":[{"text":")","box":[724,1025,725,1039]}],"linking":[]},{"id":195,"text":"26,300,866","label":"","box":[766,1024,846,1038],"words":[{"text":"26,300,866","box":[766,1024,846,1038]}],"linking":[]},{"id":196,"text":"TRỊ","label":"","box":[624,1061,648,1077],"words":[{"text":"TRỊ","box":[624,1061,648,1077]}],"linking":[]},{"id":197,"text":"GIÁ","label":"","box":[656,1061,683,1077],"words":[{"text":"GIÁ","box":[656,1061,683,1077]}],"linking":[]},{"id":198,"text":"CHƯA","label":"","box":[689,1061,736,1077],"words":[{"text":"CHƯA","box":[689,1061,736,1077]}],"linking":[]},{"id":199,"text":"THUẾ","label":"","box":[741,1061,784,1077],"words":[{"text":"THUẾ","box":[741,1061,784,1077]}],"linking":[]},{"id":200,"text":"GTGT","label":"","box":[792,1061,835,1077],"words":[{"text":"GTGT","box":[792,1061,835,1077]}],"linking":[]},{"id":201,"text":"5,018","label":"","box":[775,701,816,714],"words":[{"text":"5,018","box":[775,701,816,714]}],"linking":[]},{"id":202,"text":",","label":"","box":[817,701,820,714],"words":[{"text":",","box":[817,701,820,714]}],"linking":[]},{"id":203,"text":"182","label":"","box":[823,701,848,714],"words":[{"text":"182","box":[823,701,848,714]}],"linking":[]},{"id":204,"text":"10","label":"","box":[877,701,895,712],"words":[{"text":"10","box":[877,701,895,712]}],"linking":[]},{"id":205,"text":"%","label":"","box":[895,701,908,712],"words":[{"text":"%","box":[895,701,908,712]}],"linking":[]},{"id":206,"text":"3,619,048","label":"","box":[776,738,847,752],"words":[{"text":"3,619,048","box":[776,738,847,752]}],"linking":[]},{"id":207,"text":"5","label":"","box":[881,739,890,749],"words":[{"text":"5","box":[881,739,890,749]}],"linking":[]},{"id":208,"text":"%","label":"","box":[890,739,902,749],"words":[{"text":"%","box":[890,739,902,749]}],"linking":[]},{"id":209,"text":"5,600,000","label":"","box":[775,777,848,790],"words":[{"text":"5,600,000","box":[775,777,848,790]}],"linking":[]},{"id":210,"text":"X","label":"","box":[888,781,898,789],"words":[{"text":"X","box":[888,781,898,789]}],"linking":[]},{"id":211,"text":"4,363,636","label":"","box":[775,817,846,829],"words":[{"text":"4,363,636","box":[775,817,846,829]}],"linking":[]},{"id":212,"text":"10","label":"","box":[877,817,894,828],"words":[{"text":"10","box":[877,817,894,828]}],"linking":[]},{"id":213,"text":"%","label":"","box":[895,817,908,828],"words":[{"text":"%","box":[895,817,908,828]}],"linking":[]},{"id":214,"text":"7,700,000","label":"","box":[776,854,848,868],"words":[{"text":"7,700,000","box":[776,854,848,868]}],"linking":[]},{"id":215,"text":"X","label":"","box":[889,858,898,866],"words":[{"text":"X","box":[889,858,898,866]}],"linking":[]},{"id":216,"text":"13,300,000","label":"","box":[760,1128,840,1141],"words":[{"text":"13,300,000","box":[760,1128,840,1141]}],"linking":[]},{"id":217,"text":"3,619,048","label":"","box":[768,1182,840,1194],"words":[{"text":"3,619,048","box":[768,1182,840,1194]}],"linking":[]},{"id":218,"text":"9,381,818","label":"","box":[768,1208,841,1221],"words":[{"text":"9,381,818","box":[768,1208,841,1221]}],"linking":[]},{"id":219,"text":"26,300,866","label":"","box":[758,1234,838,1247],"words":[{"text":"26,300,866","box":[758,1234,838,1247]}],"linking":[]},{"id":220,"text":"Hai","label":"","box":[457,1267,479,1284],"words":[{"text":"Hai","box":[457,1267,479,1284]}],"linking":[]},{"id":221,"text":"mươi","label":"","box":[486,1267,523,1284],"words":[{"text":"mươi","box":[486,1267,523,1284]}],"linking":[]},{"id":222,"text":"bảy","label":"","box":[530,1267,554,1284],"words":[{"text":"bảy","box":[530,1267,554,1284]}],"linking":[]},{"id":223,"text":"triệu","label":"","box":[560,1267,590,1284],"words":[{"text":"triệu","box":[560,1267,590,1284]}],"linking":[]},{"id":224,"text":"bốn","label":"","box":[598,1267,622,1284],"words":[{"text":"bốn","box":[598,1267,622,1284]}],"linking":[]},{"id":225,"text":"trăm","label":"","box":[629,1267,659,1284],"words":[{"text":"trăm","box":[629,1267,659,1284]}],"linking":[]},{"id":226,"text":"hai","label":"","box":[667,1267,686,1284],"words":[{"text":"hai","box":[667,1267,686,1284]}],"linking":[]},{"id":227,"text":"mươi","label":"","box":[693,1267,730,1284],"words":[{"text":"mươi","box":[693,1267,730,1284]}],"linking":[]},{"id":228,"text":"nghìn","label":"","box":[737,1267,775,1284],"words":[{"text":"nghìn","box":[737,1267,775,1284]}],"linking":[]},{"id":229,"text":"đồng","label":"","box":[782,1267,816,1284],"words":[{"text":"đồng","box":[782,1267,816,1284]}],"linking":[]},{"id":230,"text":"chẵn","label":"","box":[824,1267,856,1284],"words":[{"text":"chẵn","box":[824,1267,856,1284]}],"linking":[]},{"id":231,"text":"THUÉ","label":"","box":[869,594,910,607],"words":[{"text":"THUÉ","box":[869,594,910,607]}],"linking":[]},{"id":232,"text":"SUÁT","label":"","box":[870,618,912,631],"words":[{"text":"SUÁT","box":[870,618,912,631]}],"linking":[]},{"id":233,"text":"GTGT","label":"","box":[872,644,916,655],"words":[{"text":"GTGT","box":[872,644,916,655]}],"linking":[]},{"id":234,"text":"VAT","label":"","box":[864,668,895,678],"words":[{"text":"VAT","box":[864,668,895,678]}],"linking":[]},{"id":235,"text":"rate","label":"","box":[898,668,925,678],"words":[{"text":"rate","box":[898,668,925,678]}],"linking":[]},{"id":236,"text":"TIỀN","label":"","box":[945,606,978,620],"words":[{"text":"TIỀN","box":[945,606,978,620]}],"linking":[]},{"id":237,"text":"THUÊ","label":"","box":[985,606,1026,620],"words":[{"text":"THUÊ","box":[985,606,1026,620]}],"linking":[]},{"id":238,"text":"GTGT","label":"","box":[967,629,1008,643],"words":[{"text":"GTGT","box":[967,629,1008,643]}],"linking":[]},{"id":239,"text":"VAT","label":"","box":[946,657,976,668],"words":[{"text":"VAT","box":[946,657,976,668]}],"linking":[]},{"id":240,"text":"amount","label":"","box":[981,657,1033,668],"words":[{"text":"amount","box":[981,657,1033,668]}],"linking":[]},{"id":241,"text":"501,818","label":"","box":[979,700,1036,713],"words":[{"text":"501,818","box":[979,700,1036,713]}],"linking":[]},{"id":242,"text":"180,952","label":"","box":[980,738,1035,751],"words":[{"text":"180,952","box":[980,738,1035,751]}],"linking":[]},{"id":243,"text":"436,364","label":"","box":[978,817,1037,829],"words":[{"text":"436,364","box":[978,817,1037,829]}],"linking":[]},{"id":244,"text":"1,119,134","label":"","box":[965,1025,1037,1038],"words":[{"text":"1,119,134","box":[965,1025,1037,1038]}],"linking":[]},{"id":245,"text":"TIÊN","label":"","box":[884,1059,920,1075],"words":[{"text":"TIÊN","box":[884,1059,920,1075]}],"linking":[]},{"id":246,"text":"THUÊ","label":"","box":[926,1059,969,1076],"words":[{"text":"THUÊ","box":[926,1059,969,1076]}],"linking":[]},{"id":247,"text":"GIGT","label":"","box":[976,1059,1019,1076],"words":[{"text":"GIGT","box":[976,1059,1019,1076]}],"linking":[]},{"id":248,"text":"180,952","label":"","box":[971,1182,1029,1194],"words":[{"text":"180,952","box":[971,1182,1029,1194]}],"linking":[]},{"id":249,"text":"938,182","label":"","box":[970,1209,1029,1223],"words":[{"text":"938,182","box":[970,1209,1029,1223]}],"linking":[]},{"id":250,"text":"1,119,134","label":"","box":[958,1234,1029,1246],"words":[{"text":"1,119,134","box":[958,1234,1029,1246]}],"linking":[]},{"id":251,"text":"Người","label":"","box":[817,1315,861,1329],"words":[{"text":"Người","box":[817,1315,861,1329]}],"linking":[]},{"id":252,"text":"bán","label":"","box":[868,1315,893,1329],"words":[{"text":"bán","box":[868,1315,893,1329]}],"linking":[]},{"id":253,"text":"hàng","label":"","box":[900,1315,934,1329],"words":[{"text":"hàng","box":[900,1315,934,1329]}],"linking":[]},{"id":254,"text":"(","label":"","box":[942,1315,946,1329],"words":[{"text":"(","box":[942,1315,946,1329]}],"linking":[]},{"id":255,"text":"Seller","label":"","box":[947,1315,979,1329],"words":[{"text":"Seller","box":[947,1315,979,1329]}],"linking":[]},{"id":256,"text":")","label":"","box":[982,1315,984,1329],"words":[{"text":")","box":[982,1315,984,1329]}],"linking":[]},{"id":257,"text":"0000503","label":"answer","box":[1039,173,1116,186],"words":[{"text":"0000503","box":[1039,173,1116,186]}],"linking":[[299,257]]},{"id":258,"text":"THÀNH","label":"","box":[1064,606,1115,620],"words":[{"text":"THÀNH","box":[1064,606,1115,620]}],"linking":[]},{"id":259,"text":"TIỀN","label":"","box":[1122,606,1155,620],"words":[{"text":"TIỀN","box":[1122,606,1155,620]}],"linking":[]},{"id":260,"text":"SAU","label":"","box":[1073,629,1102,645],"words":[{"text":"SAU","box":[1073,629,1102,645]}],"linking":[]},{"id":261,"text":"THUẾ","label":"","box":[1109,628,1151,644],"words":[{"text":"THUẾ","box":[1109,628,1151,644]}],"linking":[]},{"id":262,"text":"Amount","label":"","box":[1086,656,1141,668],"words":[{"text":"Amount","box":[1086,656,1141,668]}],"linking":[]},{"id":263,"text":"Signature","label":"","box":[776,1363,846,1380],"words":[{"text":"Signature","box":[776,1363,846,1380]}],"linking":[]},{"id":264,"text":"Valid","label":"","box":[850,1362,891,1378],"words":[{"text":"Valid","box":[850,1362,891,1378]}],"linking":[]},{"id":265,"text":"|","label":"","box":[772,1383,773,1403],"words":[{"text":"|","box":[772,1383,773,1403]}],"linking":[]},{"id":266,"text":"Ký","label":"","box":[776,1382,794,1402],"words":[{"text":"Ký","box":[776,1382,794,1402]}],"linking":[]},{"id":267,"text":"bởi","label":"","box":[803,1382,825,1402],"words":[{"text":"bởi","box":[803,1382,825,1402]}],"linking":[]},{"id":268,"text":":","label":"","box":[828,1382,829,1402],"words":[{"text":":","box":[828,1382,829,1402]}],"linking":[]},{"id":269,"text":"CÔNG","label":"","box":[837,1382,887,1402],"words":[{"text":"CÔNG","box":[837,1382,887,1402]}],"linking":[]},{"id":270,"text":"TY","label":"","box":[893,1381,912,1402],"words":[{"text":"TY","box":[893,1381,912,1402]}],"linking":[]},{"id":271,"text":"CỔ","label":"","box":[920,1381,943,1401],"words":[{"text":"CỔ","box":[920,1381,943,1401]}],"linking":[]},{"id":272,"text":"PHẦN","label":"","box":[952,1381,1000,1401],"words":[{"text":"PHẦN","box":[952,1381,1000,1401]}],"linking":[]},{"id":273,"text":"THỦY","label":"","box":[1006,1380,1055,1401],"words":[{"text":"THỦY","box":[1006,1380,1055,1401]}],"linking":[]},{"id":274,"text":"SẢN","label":"","box":[778,1408,813,1423],"words":[{"text":"SẢN","box":[778,1408,813,1423]}],"linking":[]},{"id":275,"text":"BÌNH","label":"","box":[818,1408,862,1423],"words":[{"text":"BÌNH","box":[818,1408,862,1423]}],"linking":[]},{"id":276,"text":"MINH","label":"","box":[867,1408,915,1423],"words":[{"text":"MINH","box":[867,1408,915,1423]}],"linking":[]},{"id":277,"text":"Ngày","label":"","box":[777,1435,815,1452],"words":[{"text":"Ngày","box":[777,1435,815,1452]}],"linking":[]},{"id":278,"text":"ký","label":"","box":[821,1435,836,1451],"words":[{"text":"ký","box":[821,1435,836,1451]}],"linking":[]},{"id":279,"text":":","label":"","box":[839,1435,842,1451],"words":[{"text":":","box":[839,1435,842,1451]}],"linking":[]},{"id":280,"text":"16/03/2022","label":"","box":[850,1433,929,1451],"words":[{"text":"16/03/2022","box":[850,1433,929,1451]}],"linking":[]},{"id":281,"text":"5,520,000","label":"","box":[1096,701,1169,713],"words":[{"text":"5,520,000","box":[1096,701,1169,713]}],"linking":[]},{"id":282,"text":"3,800,000","label":"","box":[1097,738,1167,751],"words":[{"text":"3,800,000","box":[1097,738,1167,751]}],"linking":[]},{"id":283,"text":"5,600,000","label":"","box":[1096,777,1169,790],"words":[{"text":"5,600,000","box":[1096,777,1169,790]}],"linking":[]},{"id":284,"text":"4,800,000","label":"","box":[1096,816,1167,830],"words":[{"text":"4,800,000","box":[1096,816,1167,830]}],"linking":[]},{"id":285,"text":"7,700,000","label":"","box":[1097,855,1167,867],"words":[{"text":"7,700,000","box":[1097,855,1167,867]}],"linking":[]},{"id":286,"text":"27,420,000","label":"","box":[1087,1025,1169,1038],"words":[{"text":"27,420,000","box":[1087,1025,1169,1038]}],"linking":[]},{"id":287,"text":"GIÁ","label":"","box":[1051,1049,1077,1065],"words":[{"text":"GIÁ","box":[1051,1049,1077,1065]}],"linking":[]},{"id":288,"text":"TRỊ","label":"","box":[1084,1049,1107,1065],"words":[{"text":"TRỊ","box":[1084,1049,1107,1065]}],"linking":[]},{"id":289,"text":"THANH","label":"","box":[1114,1050,1169,1066],"words":[{"text":"THANH","box":[1114,1050,1169,1066]}],"linking":[]},{"id":290,"text":"TOÁN","label":"","box":[1089,1073,1134,1087],"words":[{"text":"TOÁN","box":[1089,1073,1134,1087]}],"linking":[]},{"id":291,"text":"13,300,000","label":"","box":[1081,1129,1159,1143],"words":[{"text":"13,300,000","box":[1081,1129,1159,1143]}],"linking":[]},{"id":292,"text":"3,800,000","label":"","box":[1088,1182,1161,1193],"words":[{"text":"3,800,000","box":[1088,1182,1161,1193]}],"linking":[]},{"id":293,"text":"10,320,000","label":"","box":[1081,1209,1160,1221],"words":[{"text":"10,320,000","box":[1081,1209,1160,1221]}],"linking":[]},{"id":294,"text":"27,420,000","label":"","box":[1080,1236,1160,1247],"words":[{"text":"27,420,000","box":[1080,1236,1160,1247]}],"linking":[]},{"id":295,"text":"Mẫu số ( Fom ) :","label":"question","box":[874,91,981,111],"words":[{"text":"Mẫu","box":[874,91,905,108]},{"text":"số","box":[910,92,927,109]},{"text":"(","box":[932,92,937,109]},{"text":"Fom","box":[937,93,959,110]},{"text":")","box":[966,93,974,110]},{"text":":","box":[978,94,981,111]}],"linking":[[295,296]]},{"id":296,"text":"01GTKT0 / 002","label":"answer","box":[1039,95,1141,107],"words":[{"text":"01GTKT0","box":[1039,95,1108,107]},{"text":"/","box":[1109,95,1115,107]},{"text":"002","box":[1114,95,1141,107]}],"linking":[[295,296]]},{"id":297,"text":"Ki hiệu ( Series ) .","label":"question","box":[875,132,984,149],"words":[{"text":"Ki","box":[875,132,887,146]},{"text":"hiệu","box":[895,133,924,147]},{"text":"(","box":[931,133,936,147]},{"text":"Series","box":[937,134,973,148]},{"text":")","box":[974,135,978,149]},{"text":".","box":[981,135,984,149]}],"linking":[[297,298]]},{"id":298,"text":"BM / 21E","label":"answer","box":[1039,134,1095,145],"words":[{"text":"BM","box":[1039,134,1060,145]},{"text":"/","box":[1062,134,1067,145]},{"text":"21E","box":[1067,134,1095,145]}],"linking":[[297,298]]},{"id":299,"text":"Số ( No. ) .","label":"question","box":[875,167,939,188],"words":[{"text":"Số","box":[875,167,894,184]},{"text":"(","box":[901,168,905,185]},{"text":"No.","box":[905,170,927,186]},{"text":")","box":[928,170,932,187]},{"text":".","box":[938,171,939,188]}],"linking":[[299,257]]},{"id":300,"text":"Đơn vị bán hàng ( ComName ) :","label":"question","box":[68,221,277,240],"words":[{"text":"Đơn","box":[68,221,97,239]},{"text":"vị","box":[104,221,119,239]},{"text":"bán","box":[124,221,148,239]},{"text":"hàng","box":[156,221,189,239]},{"text":"(","box":[196,221,201,239]},{"text":"ComName","box":[203,221,264,240]},{"text":")","box":[267,222,271,240]},{"text":":","box":[274,222,277,240]}],"linking":[[300,301]]},{"id":301,"text":"CÔNG TY CỔ PHẦN THUỶ SẢN BÌNH MINH","label":"answer","box":[330,222,660,236],"words":[{"text":"CÔNG","box":[330,222,378,236]},{"text":"TY","box":[384,222,404,236]},{"text":"CỔ","box":[410,222,432,236]},{"text":"PHẦN","box":[440,222,483,236]},{"text":"THUỶ","box":[489,222,533,236]},{"text":"SẢN","box":[538,222,570,236]},{"text":"BÌNH","box":[578,222,614,236]},{"text":"MINH","box":[621,222,660,236]}],"linking":[[300,301]]},{"id":302,"text":"Mã số thuế ( Tax code )","label":"question","box":[70,249,221,271],"words":[{"text":"Mã","box":[70,250,92,267]},{"text":"số","box":[97,249,114,268]},{"text":"thuế","box":[118,251,149,268]},{"text":"(","box":[156,251,162,269]},{"text":"Tax","box":[162,252,183,270]},{"text":"code","box":[187,253,215,270]},{"text":")","box":[217,253,221,271]}],"linking":[[302,67]]},{"id":303,"text":"Dia chỉ ( Address ) :","label":"question","box":[70,283,193,298],"words":[{"text":"Dia","box":[70,283,94,296]},{"text":"chỉ","box":[99,283,119,297]},{"text":"(","box":[126,283,131,297]},{"text":"Address","box":[129,284,179,297]},{"text":")","box":[180,284,185,298]},{"text":":","box":[189,284,193,298]}],"linking":[[303,304]]},{"id":304,"text":"Số 86/28/1 , Phổ Quang , Phường 2 , Quận Tân Bình , TP.HCM","label":"answer","box":[331,281,770,298],"words":[{"text":"Số","box":[331,281,348,298]},{"text":"86/28/1","box":[356,281,406,298]},{"text":",","box":[411,281,412,298]},{"text":"Phổ","box":[420,281,446,298]},{"text":"Quang","box":[454,281,500,298]},{"text":",","box":[503,281,504,298]},{"text":"Phường","box":[512,281,569,298]},{"text":"2","box":[576,281,583,298]},{"text":",","box":[586,281,587,298]},{"text":"Quận","box":[595,281,632,298]},{"text":"Tân","box":[639,281,665,298]},{"text":"Bình","box":[672,281,703,298]},{"text":",","box":[706,281,707,298]},{"text":"TP.HCM","box":[710,281,770,298]}],"linking":[[303,304]]},{"id":305,"text":"Số tài khoản ( BankNo ) .","label":"question","box":[71,309,230,328],"words":[{"text":"Số","box":[71,309,88,325]},{"text":"tài","box":[95,309,110,325]},{"text":"khoản","box":[118,310,159,326]},{"text":"(","box":[167,311,171,327]},{"text":"BankNo","box":[172,311,216,327]},{"text":")","box":[219,312,223,328]},{"text":".","box":[229,312,230,328]}],"linking":[[305,68]]},{"id":306,"text":"Ngân hàng ( BankName ) :","label":"question","box":[71,338,238,357],"words":[{"text":"Ngân","box":[71,338,107,356]},{"text":"hàng","box":[115,338,148,356]},{"text":"(","box":[155,338,160,356]},{"text":"BankName","box":[162,339,224,357]},{"text":")","box":[228,339,232,357]},{"text":":","box":[235,339,238,357]}],"linking":[[306,307]]},{"id":307,"text":"NH TMCP Công Thương Việt Nam ( Vietinbank ) - CN Tây Sài Gòn , TP.HCM","label":"answer","box":[333.78,342,880,356],"words":[{"text":"NH","box":[333.78,346.97,353.78,360.97]},{"text":"TMCP","box":[358,342,403,356]},{"text":"Công","box":[411,342,447,356]},{"text":"Thương","box":[453,342,510,356]},{"text":"Việt","box":[517,342,544,356]},{"text":"Nam","box":[551,342,582,356]},{"text":"(","box":[590,342,594,356]},{"text":"Vietinbank","box":[595,342,668,356]},{"text":")","box":[671,342,675,356]},{"text":"-","box":[681,342,685,356]},{"text":"CN","box":[692,342,712,356]},{"text":"Tây","box":[720,342,746,356]},{"text":"Sài","box":[753,342,774,356]},{"text":"Gòn","box":[781,342,809,356]},{"text":",","box":[812,342,813,356]},{"text":"TP.HCM","box":[820,342,880,356]}],"linking":[[306,307]]},{"id":308,"text":"Họ tên người mua hàng ( Buyer ) :","label":"question","box":[71,391,300,407],"words":[{"text":"Họ","box":[71,391,89,406]},{"text":"tên","box":[96,391,116,406]},{"text":"người","box":[124,391,165,406]},{"text":"mua","box":[172,391,201,406]},{"text":"hàng","box":[209,391,242,407]},{"text":"(","box":[250,392,254,407]},{"text":"Buyer","box":[255,392,289,407]},{"text":")","box":[289,392,293,407]},{"text":":","box":[297,392,300,407]}],"linking":[[308,315]]},{"id":309,"text":"Tên đơn vị ( CusName ) -","label":"question","box":[70,419,229,436],"words":[{"text":"Tên","box":[70,419,96,434]},{"text":"đơn","box":[103,420,130,434]},{"text":"vị","box":[136,420,146,435]},{"text":"(","box":[154,420,158,435]},{"text":"CusName","box":[161,421,218,436]},{"text":")","box":[220,421,222,436]},{"text":"-","box":[228,421,229,436]}],"linking":[]},{"id":310,"text":"Mã số thuế ( Tax code ) .","label":"question","box":[71,444,228,465],"words":[{"text":"Mã","box":[71,444,92,462]},{"text":"số","box":[98,444,114,462]},{"text":"thuế","box":[119,445,150,463]},{"text":"(","box":[157,445,162,463]},{"text":"Tax","box":[163,446,183,464]},{"text":"code","box":[188,447,215,465]},{"text":")","box":[218,447,221,465]},{"text":".","box":[227,447,228,465]}],"linking":[]},{"id":311,"text":"Địa chỉ ( Address )","label":"question","box":[70,474,183,492],"words":[{"text":"Địa","box":[70,474,93,491]},{"text":"chỉ","box":[100,474,121,491]},{"text":"(","box":[125,474,130,491]},{"text":"Address","box":[131,475,179,492]},{"text":")","box":[181,475,183,492]}],"linking":[[311,316]]},{"id":312,"text":"Hình thức thanh toán ( Method of payment ) .","label":"question","box":[71,503,361,522],"words":[{"text":"Hình","box":[71,503,103,520]},{"text":"thức","box":[109,503,141,520]},{"text":"thanh","box":[147,503,186,520]},{"text":"toán","box":[192,503,222,521]},{"text":"(","box":[230,504,234,521]},{"text":"Method","box":[234,504,279,521]},{"text":"of","box":[284,504,295,521]},{"text":"payment","box":[299,504,349,522]},{"text":")","box":[351,505,352,522]},{"text":".","box":[360,505,361,522]}],"linking":[[312,317]]},{"id":313,"text":"Ngân hàng ( Bank Name ) :","label":"question","box":[71,535,241,549],"words":[{"text":"Ngân","box":[71,535,107,549]},{"text":"hàng","box":[115,535,148,549]},{"text":"(","box":[156,535,158,549]},{"text":"Bank","box":[161,535,191,549]},{"text":"Name","box":[195,535,230,549]},{"text":")","box":[232,535,235,549]},{"text":":","box":[241,535,241,549]}],"linking":[]},{"id":314,"text":"Số tài khoản ( A / C No )","label":"question","box":[685,501,833,521],"words":[{"text":"Số","box":[685,502,703,517]},{"text":"tài","box":[708,501,725,518]},{"text":"khoản","box":[732,503,775,518]},{"text":"(","box":[780,503,785,519]},{"text":"A","box":[786,504,790,520]},{"text":"/","box":[793,504,797,520]},{"text":"C","box":[801,504,805,520]},{"text":"No","box":[811,504,826,521]},{"text":")","box":[830,505,833,521]}],"linking":[]},{"id":315,"text":"NGUYỄN CÔNG BẰNG","label":"answer","box":[433,389,605,403],"words":[{"text":"NGUYỄN","box":[433,389,499,403]},{"text":"CÔNG","box":[508,389,554,403]},{"text":"BẰNG","box":[561,389,605,403]}],"linking":[[308,315]]},{"id":316,"text":"59 , tỉnh lộ 934 , Mỹ Xuyên , Sóc Trăng","label":"answer","box":[433,476,700,491],"words":[{"text":"59","box":[433,476,448,491]},{"text":",","box":[451,476,452,491]},{"text":"tỉnh","box":[459,476,483,491]},{"text":"lộ","box":[491,476,501,491]},{"text":"934","box":[509,476,533,491]},{"text":",","box":[536,476,537,491]},{"text":"Mỹ","box":[545,476,565,491]},{"text":"Xuyên","box":[570,476,612,491]},{"text":",","box":[615,476,619,491]},{"text":"Sóc","box":[627,476,653,491]},{"text":"Trăng","box":[659,476,700,491]}],"linking":[[311,316]]},{"id":317,"text":"Chuyển khoản / Tiền mặt","label":"answer","box":[433,503,605,520],"words":[{"text":"Chuyển","box":[433,503,486,520]},{"text":"khoản","box":[494,503,533,520]},{"text":"/","box":[537,503,542,520]},{"text":"Tiền","box":[543,503,572,520]},{"text":"mặt","box":[580,503,605,520]}],"linking":[[312,317]]}]