[{"id":0,"text":":","label":"","box":[227,253,228,270],"words":[{"text":":","box":[227,253,228,270]}],"linking":[]},{"id":1,"text":".","label":"","box":[189,283,191,298],"words":[{"text":".","box":[189,283,191,298]}],"linking":[]},{"id":2,"text":":","label":"","box":[235,339,238,357],"words":[{"text":":","box":[235,339,238,357]}],"linking":[]},{"id":3,"text":"STT","label":"","box":[62,621,90,632],"words":[{"text":"STT","box":[62,621,90,632]}],"linking":[]},{"id":4,"text":"No.","label":"","box":[64,645,88,655],"words":[{"text":"No.","box":[64,645,88,655]}],"linking":[]},{"id":5,"text":"1","label":"","box":[72,701,79,713],"words":[{"text":"1","box":[72,701,79,713]}],"linking":[]},{"id":6,"text":"2","label":"","box":[70,739,81,750],"words":[{"text":"2","box":[70,739,81,750]}],"linking":[]},{"id":7,"text":"3","label":"","box":[71,778,80,789],"words":[{"text":"3","box":[71,778,80,789]}],"linking":[]},{"id":8,"text":"4","label":"","box":[71,817,79,827],"words":[{"text":"4","box":[71,817,79,827]}],"linking":[]},{"id":9,"text":"5","label":"","box":[71,854,82,866],"words":[{"text":"5","box":[71,854,82,866]}],"linking":[]},{"id":10,"text":"Đơn","label":"","box":[173,56,197,71],"words":[{"text":"Đơn","box":[173,56,197,71]}],"linking":[]},{"id":11,"text":"vị","label":"","box":[203,56,211,71],"words":[{"text":"vị","box":[203,56,211,71]}],"linking":[]},{"id":12,"text":"hỗ","label":"","box":[215,56,229,71],"words":[{"text":"hỗ","box":[215,56,229,71]}],"linking":[]},{"id":13,"text":"trợ","label":"","box":[234,56,250,71],"words":[{"text":"trợ","box":[234,56,250,71]}],"linking":[]},{"id":14,"text":"cung","label":"","box":[254,56,282,71],"words":[{"text":"cung","box":[254,56,282,71]}],"linking":[]},{"id":15,"text":"cấp","label":"","box":[287,56,307,71],"words":[{"text":"cấp","box":[287,56,307,71]}],"linking":[]},{"id":16,"text":"công","label":"","box":[312,56,339,71],"words":[{"text":"công","box":[312,56,339,71]}],"linking":[]},{"id":17,"text":"cụ","label":"","box":[344,56,357,71],"words":[{"text":"cụ","box":[344,56,357,71]}],"linking":[]},{"id":18,"text":"phát","label":"","box":[361,56,387,71],"words":[{"text":"phát","box":[361,56,387,71]}],"linking":[]},{"id":19,"text":"hành","label":"","box":[392,56,420,71],"words":[{"text":"hành","box":[392,56,420,71]}],"linking":[]},{"id":20,"text":"hóa","label":"","box":[425,56,446,71],"words":[{"text":"hóa","box":[425,56,446,71]}],"linking":[]},{"id":21,"text":"đơn","label":"","box":[451,56,473,71],"words":[{"text":"đơn","box":[451,56,473,71]}],"linking":[]},{"id":22,"text":"điện","label":"","box":[478,56,502,71],"words":[{"text":"điện","box":[478,56,502,71]}],"linking":[]},{"id":23,"text":"tử","label":"","box":[507,56,514,71],"words":[{"text":"tử","box":[507,56,514,71]}],"linking":[]},{"id":24,"text":":","label":"","box":[518,56,521,71],"words":[{"text":":","box":[518,56,521,71]}],"linking":[]},{"id":25,"text":"Công","label":"","box":[527,56,557,71],"words":[{"text":"Công","box":[527,56,557,71]}],"linking":[]},{"id":26,"text":"ty","label":"","box":[562,56,572,71],"words":[{"text":"ty","box":[562,56,572,71]}],"linking":[]},{"id":27,"text":"Cổ","label":"","box":[576,56,592,71],"words":[{"text":"Cổ","box":[576,56,592,71]}],"linking":[]},{"id":28,"text":"phần","label":"","box":[596,56,625,71],"words":[{"text":"phần","box":[596,56,625,71]}],"linking":[]},{"id":29,"text":"Định","label":"","box":[630,56,656,71],"words":[{"text":"Định","box":[630,56,656,71]}],"linking":[]},{"id":30,"text":"Gia","label":"","box":[661,56,680,71],"words":[{"text":"Gia","box":[661,56,680,71]}],"linking":[]},{"id":31,"text":"Nét","label":"","box":[686,56,706,71],"words":[{"text":"Nét","box":[686,56,706,71]}],"linking":[]},{"id":32,"text":"-","label":"","box":[710,56,713,71],"words":[{"text":"-","box":[710,56,713,71]}],"linking":[]},{"id":33,"text":"DigiNet","label":"","box":[718,56,761,71],"words":[{"text":"DigiNet","box":[718,56,761,71]}],"linking":[]},{"id":34,"text":"Corp","label":"","box":[765,56,791,71],"words":[{"text":"Corp","box":[765,56,791,71]}],"linking":[]},{"id":35,"text":",","label":"","box":[793,56,795,71],"words":[{"text":",","box":[793,56,795,71]}],"linking":[]},{"id":36,"text":"MST","label":"","box":[801,56,825,71],"words":[{"text":"MST","box":[801,56,825,71]}],"linking":[]},{"id":37,"text":":","label":"","box":[828,56,832,71],"words":[{"text":":","box":[828,56,832,71]}],"linking":[]},{"id":38,"text":"0303359278","label":"","box":[837,56,907,71],"words":[{"text":"0303359278","box":[837,56,907,71]}],"linking":[]},{"id":39,"text":",","label":"","box":[910,56,912,71],"words":[{"text":",","box":[910,56,912,71]}],"linking":[]},{"id":40,"text":"Điện","label":"","box":[918,56,944,71],"words":[{"text":"Điện","box":[918,56,944,71]}],"linking":[]},{"id":41,"text":"thoại","label":"","box":[949,56,977,71],"words":[{"text":"thoại","box":[949,56,977,71]}],"linking":[]},{"id":42,"text":":","label":"","box":[979,56,980,71],"words":[{"text":":","box":[979,56,980,71]}],"linking":[]},{"id":43,"text":"028","label":"","box":[985,56,1006,71],"words":[{"text":"028","box":[985,56,1006,71]}],"linking":[]},{"id":44,"text":"35123878","label":"","box":[1011,56,1069,71],"words":[{"text":"35123878","box":[1011,56,1069,71]}],"linking":[]},{"id":45,"text":"HÓA","label":"","box":[389,93,453,127],"words":[{"text":"HÓA","box":[389,93,453,127]}],"linking":[]},{"id":46,"text":"ĐƠN","label":"","box":[462,93,532,127],"words":[{"text":"ĐƠN","box":[462,93,532,127]}],"linking":[]},{"id":47,"text":"GIÁ","label":"","box":[545,93,597,127],"words":[{"text":"GIÁ","box":[545,93,597,127]}],"linking":[]},{"id":48,"text":"TRỊ","label":"","box":[606,93,654,127],"words":[{"text":"TRỊ","box":[606,93,654,127]}],"linking":[]},{"id":49,"text":"GIA","label":"","box":[666,93,718,127],"words":[{"text":"GIA","box":[666,93,718,127]}],"linking":[]},{"id":50,"text":"TĂNG","label":"","box":[728,93,811,127],"words":[{"text":"TĂNG","box":[728,93,811,127]}],"linking":[]},{"id":51,"text":"VAT","label":"","box":[522,142,573,161],"words":[{"text":"VAT","box":[522,142,573,161]}],"linking":[]},{"id":52,"text":"INVOICE","label":"","box":[578,142,681,161],"words":[{"text":"INVOICE","box":[578,142,681,161]}],"linking":[]},{"id":53,"text":"Ngày","label":"","box":[431,177,467,192],"words":[{"text":"Ngày","box":[431,177,467,192]}],"linking":[]},{"id":54,"text":"(","label":"","box":[474,177,477,192],"words":[{"text":"(","box":[474,177,477,192]}],"linking":[]},{"id":55,"text":"Date","label":"","box":[477,177,504,192],"words":[{"text":"Date","box":[477,177,504,192]}],"linking":[]},{"id":56,"text":")","label":"","box":[507,177,510,192],"words":[{"text":")","box":[507,177,510,192]}],"linking":[]},{"id":57,"text":"30","label":"","box":[515,177,532,192],"words":[{"text":"30","box":[515,177,532,192]}],"linking":[]},{"id":58,"text":"tháng","label":"","box":[538,177,577,192],"words":[{"text":"tháng","box":[538,177,577,192]}],"linking":[]},{"id":59,"text":"(","label":"","box":[585,177,588,192],"words":[{"text":"(","box":[585,177,588,192]}],"linking":[]},{"id":60,"text":"month","label":"","box":[587,177,623,192],"words":[{"text":"month","box":[587,177,623,192]}],"linking":[]},{"id":61,"text":")","label":"","box":[626,177,630,192],"words":[{"text":")","box":[626,177,630,192]}],"linking":[]},{"id":62,"text":"03","label":"","box":[635,177,652,192],"words":[{"text":"03","box":[635,177,652,192]}],"linking":[]},{"id":63,"text":"năm","label":"","box":[659,177,687,192],"words":[{"text":"năm","box":[659,177,687,192]}],"linking":[]},{"id":64,"text":"(","label":"","box":[696,177,699,192],"words":[{"text":"(","box":[696,177,699,192]}],"linking":[]},{"id":65,"text":"year","label":"","box":[699,177,724,192],"words":[{"text":"year","box":[699,177,724,192]}],"linking":[]},{"id":66,"text":")","label":"","box":[727,177,730,192],"words":[{"text":")","box":[727,177,730,192]}],"linking":[]},{"id":67,"text":"2022","label":"","box":[735,177,769,192],"words":[{"text":"2022","box":[735,177,769,192]}],"linking":[]},{"id":68,"text":"6","label":"","box":[72,894,80,904],"words":[{"text":"6","box":[72,894,80,904]}],"linking":[]},{"id":69,"text":"BINH","label":"","box":[162,172,193,184],"words":[{"text":"BINH","box":[162,172,193,184]}],"linking":[]},{"id":70,"text":"MINH","label":"","box":[199,172,231,183],"words":[{"text":"MINH","box":[199,172,231,183]}],"linking":[]},{"id":71,"text":"7","label":"","box":[71,932,81,944],"words":[{"text":"7","box":[71,932,81,944]}],"linking":[]},{"id":72,"text":"8","label":"","box":[71,971,81,982],"words":[{"text":"8","box":[71,971,81,982]}],"linking":[]},{"id":73,"text":"TÊN","label":"","box":[177,616,207,634],"words":[{"text":"TÊN","box":[177,616,207,634]}],"linking":[]},{"id":74,"text":"HÀNG","label":"","box":[213,617,256,634],"words":[{"text":"HÀNG","box":[213,617,256,634]}],"linking":[]},{"id":75,"text":"HÓA","label":"","box":[262,617,291,635],"words":[{"text":"HÓA","box":[262,617,291,635]}],"linking":[]},{"id":76,"text":",","label":"","box":[295,617,298,635],"words":[{"text":",","box":[295,617,298,635]}],"linking":[]},{"id":77,"text":"DỊCH","label":"","box":[305,617,341,635],"words":[{"text":"DỊCH","box":[305,617,341,635]}],"linking":[]},{"id":78,"text":"VỤ","label":"","box":[347,618,366,636],"words":[{"text":"VỤ","box":[347,618,366,636]}],"linking":[]},{"id":79,"text":"Description","label":"","box":[234,645,311,658],"words":[{"text":"Description","box":[234,645,311,658]}],"linking":[]},{"id":80,"text":"AQUA","label":"","box":[102,700,148,712],"words":[{"text":"AQUA","box":[102,700,148,712]}],"linking":[]},{"id":81,"text":"OMNICIDE","label":"","box":[154,700,233,712],"words":[{"text":"OMNICIDE","box":[154,700,233,712]}],"linking":[]},{"id":82,"text":"1LIT","label":"","box":[242,700,272,712],"words":[{"text":"1LIT","box":[242,700,272,712]}],"linking":[]},{"id":83,"text":"POLYZYMES","label":"","box":[103,739,201,750],"words":[{"text":"POLYZYMES","box":[103,739,201,750]}],"linking":[]},{"id":84,"text":"100ML","label":"","box":[209,739,256,750],"words":[{"text":"100ML","box":[209,739,256,750]}],"linking":[]},{"id":85,"text":"PROBAC","label":"","box":[103,777,169,790],"words":[{"text":"PROBAC","box":[103,777,169,790]}],"linking":[]},{"id":86,"text":"250GR","label":"","box":[177,777,227,790],"words":[{"text":"250GR","box":[177,777,227,790]}],"linking":[]},{"id":87,"text":"0303880297","label":"answer","box":[330,254,419,265],"words":[{"text":"0303880297","box":[330,254,419,265]}],"linking":[[322,87]]},{"id":88,"text":"112002622316","label":"answer","box":[331,311,439,323],"words":[{"text":"112002622316","box":[331,311,439,323]}],"linking":[[325,88]]},{"id":89,"text":"ANTI","label":"","box":[102,817,140,828],"words":[{"text":"ANTI","box":[102,817,140,828]}],"linking":[]},{"id":90,"text":"PARASITE","label":"","box":[145,817,223,828],"words":[{"text":"PARASITE","box":[145,817,223,828]}],"linking":[]},{"id":91,"text":"250GR","label":"","box":[231,817,280,828],"words":[{"text":"250GR","box":[231,817,280,828]}],"linking":[]},{"id":92,"text":"MERACID","label":"","box":[103,854,176,866],"words":[{"text":"MERACID","box":[103,854,176,866]}],"linking":[]},{"id":93,"text":"500","label":"","box":[182,854,208,866],"words":[{"text":"500","box":[182,854,208,866]}],"linking":[]},{"id":94,"text":"GR","label":"","box":[210,854,232,866],"words":[{"text":"GR","box":[210,854,232,866]}],"linking":[]},{"id":95,"text":"LACTOCEL","label":"","box":[103,894,189,906],"words":[{"text":"LACTOCEL","box":[103,894,189,906]}],"linking":[]},{"id":96,"text":"500","label":"","box":[194,894,219,906],"words":[{"text":"500","box":[194,894,219,906]}],"linking":[]},{"id":97,"text":"GR","label":"","box":[222,894,244,906],"words":[{"text":"GR","box":[222,894,244,906]}],"linking":[]},{"id":98,"text":"Hàng","label":"","box":[104,929,139,948],"words":[{"text":"Hàng","box":[104,929,139,948]}],"linking":[]},{"id":99,"text":"khuyến","label":"","box":[147,929,197,947],"words":[{"text":"khuyến","box":[147,929,197,947]}],"linking":[]},{"id":100,"text":"mại","label":"","box":[204,929,228,947],"words":[{"text":"mại","box":[204,929,228,947]}],"linking":[]},{"id":101,"text":"không","label":"","box":[235,929,277,947],"words":[{"text":"không","box":[235,929,277,947]}],"linking":[]},{"id":102,"text":"tính","label":"","box":[284,929,309,947],"words":[{"text":"tính","box":[284,929,309,947]}],"linking":[]},{"id":103,"text":"tiền","label":"","box":[316,928,338,947],"words":[{"text":"tiền","box":[316,928,338,947]}],"linking":[]},{"id":104,"text":":","label":"","box":[341,928,343,946],"words":[{"text":":","box":[341,928,343,946]}],"linking":[]},{"id":105,"text":"AQUA","label":"","box":[102,970,149,982],"words":[{"text":"AQUA","box":[102,970,149,982]}],"linking":[]},{"id":106,"text":"OMNICIDE","label":"","box":[154,970,234,982],"words":[{"text":"OMNICIDE","box":[154,970,234,982]}],"linking":[]},{"id":107,"text":"1LIT","label":"","box":[242,970,273,982],"words":[{"text":"1LIT","box":[242,970,273,982]}],"linking":[]},{"id":108,"text":"TỔNG","label":"","box":[211,1073,256,1088],"words":[{"text":"TỔNG","box":[211,1073,256,1088]}],"linking":[]},{"id":109,"text":"HỢP","label":"","box":[263,1076,296,1091],"words":[{"text":"HỢP","box":[263,1076,296,1091]}],"linking":[]},{"id":110,"text":"Tổng","label":"","box":[76,1112,111,1129],"words":[{"text":"Tổng","box":[76,1112,111,1129]}],"linking":[]},{"id":111,"text":"tiền","label":"","box":[117,1112,142,1129],"words":[{"text":"tiền","box":[117,1112,142,1129]}],"linking":[]},{"id":112,"text":"không","label":"","box":[150,1112,191,1129],"words":[{"text":"không","box":[150,1112,191,1129]}],"linking":[]},{"id":113,"text":"kê","label":"","box":[199,1112,213,1129],"words":[{"text":"kê","box":[199,1112,213,1129]}],"linking":[]},{"id":114,"text":"khai","label":"","box":[221,1112,248,1129],"words":[{"text":"khai","box":[221,1112,248,1129]}],"linking":[]},{"id":115,"text":"và","label":"","box":[254,1112,270,1129],"words":[{"text":"và","box":[254,1112,270,1129]}],"linking":[]},{"id":116,"text":"nộp","label":"","box":[277,1112,302,1129],"words":[{"text":"nộp","box":[277,1112,302,1129]}],"linking":[]},{"id":117,"text":"thuế","label":"","box":[308,1112,338,1129],"words":[{"text":"thuế","box":[308,1112,338,1129]}],"linking":[]},{"id":118,"text":"Tổng","label":"","box":[76,1138,110,1157],"words":[{"text":"Tổng","box":[76,1138,110,1157]}],"linking":[]},{"id":119,"text":"tiền","label":"","box":[116,1138,141,1156],"words":[{"text":"tiền","box":[116,1138,141,1156]}],"linking":[]},{"id":120,"text":"không","label":"","box":[149,1138,190,1156],"words":[{"text":"không","box":[149,1138,190,1156]}],"linking":[]},{"id":121,"text":"chịu","label":"","box":[197,1138,225,1156],"words":[{"text":"chịu","box":[197,1138,225,1156]}],"linking":[]},{"id":122,"text":"thuế","label":"","box":[231,1138,261,1156],"words":[{"text":"thuế","box":[231,1138,261,1156]}],"linking":[]},{"id":123,"text":"GTGT","label":"","box":[269,1138,310,1156],"words":[{"text":"GTGT","box":[269,1138,310,1156]}],"linking":[]},{"id":124,"text":":","label":"","box":[313,1138,314,1156],"words":[{"text":":","box":[313,1138,314,1156]}],"linking":[]},{"id":125,"text":"Tổng","label":"","box":[76,1166,111,1183],"words":[{"text":"Tổng","box":[76,1166,111,1183]}],"linking":[]},{"id":126,"text":"tiền","label":"","box":[117,1166,142,1183],"words":[{"text":"tiền","box":[117,1166,142,1183]}],"linking":[]},{"id":127,"text":"chịu","label":"","box":[149,1166,177,1183],"words":[{"text":"chịu","box":[149,1166,177,1183]}],"linking":[]},{"id":128,"text":"thuế","label":"","box":[183,1166,213,1183],"words":[{"text":"thuế","box":[183,1166,213,1183]}],"linking":[]},{"id":129,"text":"suất","label":"","box":[221,1166,249,1183],"words":[{"text":"suất","box":[221,1166,249,1183]}],"linking":[]},{"id":130,"text":"Tổng","label":"","box":[76,1192,111,1209],"words":[{"text":"Tổng","box":[76,1192,111,1209]}],"linking":[]},{"id":131,"text":"tiền","label":"","box":[117,1192,142,1209],"words":[{"text":"tiền","box":[117,1192,142,1209]}],"linking":[]},{"id":132,"text":"chịu","label":"","box":[150,1192,177,1209],"words":[{"text":"chịu","box":[150,1192,177,1209]}],"linking":[]},{"id":133,"text":"thuế","label":"","box":[183,1192,213,1209],"words":[{"text":"thuế","box":[183,1192,213,1209]}],"linking":[]},{"id":134,"text":"suất","label":"","box":[221,1192,249,1209],"words":[{"text":"suất","box":[221,1192,249,1209]}],"linking":[]},{"id":135,"text":".","label":"","box":[252,1192,253,1209],"words":[{"text":".","box":[252,1192,253,1209]}],"linking":[]},{"id":136,"text":"Tổng","label":"","box":[76,1218,110,1236],"words":[{"text":"Tổng","box":[76,1218,110,1236]}],"linking":[]},{"id":137,"text":"tiền","label":"","box":[116,1218,141,1235],"words":[{"text":"tiền","box":[116,1218,141,1235]}],"linking":[]},{"id":138,"text":"chịu","label":"","box":[148,1218,176,1235],"words":[{"text":"chịu","box":[148,1218,176,1235]}],"linking":[]},{"id":139,"text":"thuế","label":"","box":[182,1218,212,1235],"words":[{"text":"thuế","box":[182,1218,212,1235]}],"linking":[]},{"id":140,"text":"suất","label":"","box":[220,1217,248,1235],"words":[{"text":"suất","box":[220,1217,248,1235]}],"linking":[]},{"id":141,"text":":","label":"","box":[251,1217,251,1234],"words":[{"text":":","box":[251,1217,251,1234]}],"linking":[]},{"id":142,"text":"Tổng","label":"","box":[76,1244,111,1262],"words":[{"text":"Tổng","box":[76,1244,111,1262]}],"linking":[]},{"id":143,"text":"cộng","label":"","box":[118,1244,151,1262],"words":[{"text":"cộng","box":[118,1244,151,1262]}],"linking":[]},{"id":144,"text":"tiền","label":"","box":[158,1244,182,1262],"words":[{"text":"tiền","box":[158,1244,182,1262]}],"linking":[]},{"id":145,"text":"thanh","label":"","box":[189,1244,228,1262],"words":[{"text":"thanh","box":[189,1244,228,1262]}],"linking":[]},{"id":146,"text":"toán","label":"","box":[234,1244,264,1262],"words":[{"text":"toán","box":[234,1244,264,1262]}],"linking":[]},{"id":147,"text":"Số","label":"","box":[77,1278,94,1296],"words":[{"text":"Số","box":[77,1278,94,1296]}],"linking":[]},{"id":148,"text":"tiền","label":"","box":[99,1278,124,1296],"words":[{"text":"tiền","box":[99,1278,124,1296]}],"linking":[]},{"id":149,"text":"viết","label":"","box":[131,1278,155,1296],"words":[{"text":"viết","box":[131,1278,155,1296]}],"linking":[]},{"id":150,"text":"bằng","label":"","box":[162,1279,196,1297],"words":[{"text":"bằng","box":[162,1279,196,1297]}],"linking":[]},{"id":151,"text":"chữ","label":"","box":[203,1279,229,1297],"words":[{"text":"chữ","box":[203,1279,229,1297]}],"linking":[]},{"id":152,"text":"(","label":"","box":[236,1279,241,1297],"words":[{"text":"(","box":[236,1279,241,1297]}],"linking":[]},{"id":153,"text":"Total","label":"","box":[243,1280,270,1298],"words":[{"text":"Total","box":[243,1280,270,1298]}],"linking":[]},{"id":154,"text":"amount","label":"","box":[275,1280,319,1298],"words":[{"text":"amount","box":[275,1280,319,1298]}],"linking":[]},{"id":155,"text":"in","label":"","box":[324,1281,333,1299],"words":[{"text":"in","box":[324,1281,333,1299]}],"linking":[]},{"id":156,"text":"words","label":"","box":[339,1281,373,1299],"words":[{"text":"words","box":[339,1281,373,1299]}],"linking":[]},{"id":157,"text":")","label":"","box":[375,1281,378,1299],"words":[{"text":")","box":[375,1281,378,1299]}],"linking":[]},{"id":158,"text":"Người","label":"","box":[255,1327,298,1342],"words":[{"text":"Người","box":[255,1327,298,1342]}],"linking":[]},{"id":159,"text":"mua","label":"","box":[306,1327,336,1342],"words":[{"text":"mua","box":[306,1327,336,1342]}],"linking":[]},{"id":160,"text":"hàng","label":"","box":[342,1327,376,1342],"words":[{"text":"hàng","box":[342,1327,376,1342]}],"linking":[]},{"id":161,"text":"(","label":"","box":[384,1328,387,1343],"words":[{"text":"(","box":[384,1328,387,1343]}],"linking":[]},{"id":162,"text":"Buyer","label":"","box":[388,1328,421,1343],"words":[{"text":"Buyer","box":[388,1328,421,1343]}],"linking":[]},{"id":163,"text":")","label":"","box":[424,1328,427,1343],"words":[{"text":")","box":[424,1328,427,1343]}],"linking":[]},{"id":164,"text":"4400621577","label":"answer","box":[432,447,520,459],"words":[{"text":"4400621577","box":[432,447,520,459]}],"linking":[[331,164]]},{"id":165,"text":"ĐƠN","label":"","box":[465,607,499,621],"words":[{"text":"ĐƠN","box":[465,607,499,621]}],"linking":[]},{"id":166,"text":"VỊ","label":"","box":[504,608,516,622],"words":[{"text":"VỊ","box":[504,608,516,622]}],"linking":[]},{"id":167,"text":"SÓ","label":"","box":[559,606,579,619],"words":[{"text":"SÓ","box":[559,606,579,619]}],"linking":[]},{"id":168,"text":"ΤΙΝΗ","label":"","box":[477,626,509,645],"words":[{"text":"ΤΙΝΗ","box":[477,626,509,645]}],"linking":[]},{"id":169,"text":"Unit","label":"","box":[481,657,509,667],"words":[{"text":"Unit","box":[481,657,509,667]}],"linking":[]},{"id":170,"text":"Can","label":"","box":[479,700,507,711],"words":[{"text":"Can","box":[479,700,507,711]}],"linking":[]},{"id":171,"text":"Chai","label":"","box":[477,738,511,750],"words":[{"text":"Chai","box":[477,738,511,750]}],"linking":[]},{"id":172,"text":"Túi","label":"","box":[482,778,505,789],"words":[{"text":"Túi","box":[482,778,505,789]}],"linking":[]},{"id":173,"text":"Hũ","label":"","box":[484,817,501,827],"words":[{"text":"Hũ","box":[484,817,501,827]}],"linking":[]},{"id":174,"text":"Hũ","label":"","box":[484,855,502,866],"words":[{"text":"Hũ","box":[484,855,502,866]}],"linking":[]},{"id":175,"text":"Hũ","label":"","box":[484,894,501,905],"words":[{"text":"Hũ","box":[484,894,501,905]}],"linking":[]},{"id":176,"text":"Can","label":"","box":[478,971,508,981],"words":[{"text":"Can","box":[478,971,508,981]}],"linking":[]},{"id":177,"text":"|","label":"","box":[538,631,539,646],"words":[{"text":"|","box":[538,631,539,646]}],"linking":[]},{"id":178,"text":"LƯỢNG","label":"","box":[541,629,597,646],"words":[{"text":"LƯỢNG","box":[541,629,597,646]}],"linking":[]},{"id":179,"text":"Quantity","label":"","box":[544,657,602,671],"words":[{"text":"Quantity","box":[544,657,602,671]}],"linking":[]},{"id":180,"text":"6","label":"","box":[567,700,576,711],"words":[{"text":"6","box":[567,700,576,711]}],"linking":[]},{"id":181,"text":"5","label":"","box":[515,1194,528,1205],"words":[{"text":"5","box":[515,1194,528,1205]}],"linking":[]},{"id":182,"text":"%","label":"","box":[523,1196,538,1206],"words":[{"text":"%","box":[523,1196,538,1206]}],"linking":[]},{"id":183,"text":"10","label":"","box":[512,1222,530,1233],"words":[{"text":"10","box":[512,1222,530,1233]}],"linking":[]},{"id":184,"text":"%","label":"","box":[531,1222,543,1233],"words":[{"text":"%","box":[531,1222,543,1233]}],"linking":[]},{"id":185,"text":"60","label":"","box":[563,739,579,750],"words":[{"text":"60","box":[563,739,579,750]}],"linking":[]},{"id":186,"text":"24","label":"","box":[563,778,579,789],"words":[{"text":"24","box":[563,778,579,789]}],"linking":[]},{"id":187,"text":"24","label":"","box":[563,817,579,828],"words":[{"text":"24","box":[563,817,579,828]}],"linking":[]},{"id":188,"text":"20","label":"","box":[563,855,579,865],"words":[{"text":"20","box":[563,855,579,865]}],"linking":[]},{"id":189,"text":"20","label":"","box":[562,894,578,905],"words":[{"text":"20","box":[562,894,578,905]}],"linking":[]},{"id":190,"text":"3","label":"","box":[567,970,577,981],"words":[{"text":"3","box":[567,970,577,981]}],"linking":[]},{"id":191,"text":"THUÊ","label":"","box":[482,1072,524,1089],"words":[{"text":"THUÊ","box":[482,1072,524,1089]}],"linking":[]},{"id":192,"text":"SUẤT","label":"","box":[532,1072,570,1088],"words":[{"text":"SUẤT","box":[532,1072,570,1088]}],"linking":[]},{"id":193,"text":"X","label":"","box":[524,1117,533,1125],"words":[{"text":"X","box":[524,1117,533,1125]}],"linking":[]},{"id":194,"text":"X","label":"","box":[524,1144,533,1152],"words":[{"text":"X","box":[524,1144,533,1152]}],"linking":[]},{"id":195,"text":"0","label":"","box":[516,1168,525,1179],"words":[{"text":"0","box":[516,1168,525,1179]}],"linking":[]},{"id":196,"text":"%","label":"","box":[525,1168,537,1179],"words":[{"text":"%","box":[525,1168,537,1179]}],"linking":[]},{"id":197,"text":"ĐƠN","label":"","box":[639,617,672,633],"words":[{"text":"ĐƠN","box":[639,617,672,633]}],"linking":[]},{"id":198,"text":"GIÁ","label":"","box":[680,617,704,632],"words":[{"text":"GIÁ","box":[680,617,704,632]}],"linking":[]},{"id":199,"text":"Price","label":"","box":[656,644,691,655],"words":[{"text":"Price","box":[656,644,691,655]}],"linking":[]},{"id":200,"text":"507,936.508","label":"","box":[638,701,730,714],"words":[{"text":"507,936.508","box":[638,701,730,714]}],"linking":[]},{"id":201,"text":"109,523.810","label":"","box":[640,739,729,751],"words":[{"text":"109,523.810","box":[640,739,729,751]}],"linking":[]},{"id":202,"text":"265,000.000","label":"","box":[638,775,729,791],"words":[{"text":"265,000.000","box":[638,775,729,791]}],"linking":[]},{"id":203,"text":"157,500.000","label":"","box":[639,817,730,829],"words":[{"text":"157,500.000","box":[639,817,730,829]}],"linking":[]},{"id":204,"text":"219,047.619","label":"","box":[638,854,729,868],"words":[{"text":"219,047.619","box":[638,854,729,868]}],"linking":[]},{"id":205,"text":"1/1","label":"","box":[606,1716,635,1731],"words":[{"text":"1/1","box":[606,1716,635,1731]}],"linking":[]},{"id":206,"text":"115,000.000","label":"","box":[640,894,728,906],"words":[{"text":"115,000.000","box":[640,894,728,906]}],"linking":[]},{"id":207,"text":"THÀNH","label":"","box":[754,617,805,633],"words":[{"text":"THÀNH","box":[754,617,805,633]}],"linking":[]},{"id":208,"text":"TIÊN","label":"","box":[811,617,844,632],"words":[{"text":"TIÊN","box":[811,617,844,632]}],"linking":[]},{"id":209,"text":"Total","label":"","box":[785,644,819,656],"words":[{"text":"Total","box":[785,644,819,656]}],"linking":[]},{"id":210,"text":"Cộng","label":"","box":[624,1038,660,1052],"words":[{"text":"Cộng","box":[624,1038,660,1052]}],"linking":[]},{"id":211,"text":"(","label":"","box":[668,1038,672,1052],"words":[{"text":"(","box":[668,1038,672,1052]}],"linking":[]},{"id":212,"text":"Sub","label":"","box":[674,1038,695,1052],"words":[{"text":"Sub","box":[674,1038,695,1052]}],"linking":[]},{"id":213,"text":"total","label":"","box":[700,1038,725,1052],"words":[{"text":"total","box":[700,1038,725,1052]}],"linking":[]},{"id":214,"text":")","label":"","box":[728,1038,729,1052],"words":[{"text":")","box":[728,1038,729,1052]}],"linking":[]},{"id":215,"text":"26,440,000","label":"","box":[771,1038,853,1050],"words":[{"text":"26,440,000","box":[771,1038,853,1050]}],"linking":[]},{"id":216,"text":"TRỊ","label":"","box":[629,1074,652,1090],"words":[{"text":"TRỊ","box":[629,1074,652,1090]}],"linking":[]},{"id":217,"text":"GIÁ","label":"","box":[661,1074,687,1090],"words":[{"text":"GIÁ","box":[661,1074,687,1090]}],"linking":[]},{"id":218,"text":"CHƯA","label":"","box":[693,1074,740,1090],"words":[{"text":"CHƯA","box":[693,1074,740,1090]}],"linking":[]},{"id":219,"text":"THUÊ","label":"","box":[746,1074,788,1090],"words":[{"text":"THUÊ","box":[746,1074,788,1090]}],"linking":[]},{"id":220,"text":"GTGT","label":"","box":[796,1074,837,1090],"words":[{"text":"GTGT","box":[796,1074,837,1090]}],"linking":[]},{"id":221,"text":"3,047,619","label":"","box":[781,700,853,714],"words":[{"text":"3,047,619","box":[781,700,853,714]}],"linking":[]},{"id":222,"text":"6,571,429","label":"","box":[781,738,853,751],"words":[{"text":"6,571,429","box":[781,738,853,751]}],"linking":[]},{"id":223,"text":"5","label":"","box":[883,739,893,750],"words":[{"text":"5","box":[883,739,893,750]}],"linking":[]},{"id":224,"text":"%","label":"","box":[893,739,906,750],"words":[{"text":"%","box":[893,739,906,750]}],"linking":[]},{"id":225,"text":"6,360,000","label":"","box":[780,778,851,790],"words":[{"text":"6,360,000","box":[780,778,851,790]}],"linking":[]},{"id":226,"text":"X","label":"","box":[891,780,901,788],"words":[{"text":"X","box":[891,780,901,788]}],"linking":[]},{"id":227,"text":"3,780,000","label":"","box":[780,817,852,830],"words":[{"text":"3,780,000","box":[780,817,852,830]}],"linking":[]},{"id":228,"text":"X","label":"","box":[891,820,900,828],"words":[{"text":"X","box":[891,820,900,828]}],"linking":[]},{"id":229,"text":"4,380,952","label":"","box":[779,855,853,868],"words":[{"text":"4,380,952","box":[779,855,853,868]}],"linking":[]},{"id":230,"text":"5","label":"","box":[883,854,893,865],"words":[{"text":"5","box":[883,854,893,865]}],"linking":[]},{"id":231,"text":"%","label":"","box":[893,854,907,865],"words":[{"text":"%","box":[893,854,907,865]}],"linking":[]},{"id":232,"text":"2,300,000","label":"","box":[780,894,852,906],"words":[{"text":"2,300,000","box":[780,894,852,906]}],"linking":[]},{"id":233,"text":"12,440,000","label":"","box":[765,1141,843,1156],"words":[{"text":"12,440,000","box":[765,1141,843,1156]}],"linking":[]},{"id":234,"text":"14,000,000","label":"","box":[765,1195,845,1207],"words":[{"text":"14,000,000","box":[765,1195,845,1207]}],"linking":[]},{"id":235,"text":"26,440,000","label":"","box":[763,1246,844,1261],"words":[{"text":"26,440,000","box":[763,1246,844,1261]}],"linking":[]},{"id":236,"text":"Hai","label":"","box":[460,1279,482,1296],"words":[{"text":"Hai","box":[460,1279,482,1296]}],"linking":[]},{"id":237,"text":"mươi","label":"","box":[489,1279,525,1296],"words":[{"text":"mươi","box":[489,1279,525,1296]}],"linking":[]},{"id":238,"text":"bảy","label":"","box":[533,1279,557,1296],"words":[{"text":"bảy","box":[533,1279,557,1296]}],"linking":[]},{"id":239,"text":"triệu","label":"","box":[563,1279,592,1296],"words":[{"text":"triệu","box":[563,1279,592,1296]}],"linking":[]},{"id":240,"text":"một","label":"","box":[600,1279,625,1296],"words":[{"text":"một","box":[600,1279,625,1296]}],"linking":[]},{"id":241,"text":"trăm","label":"","box":[631,1279,661,1296],"words":[{"text":"trăm","box":[631,1279,661,1296]}],"linking":[]},{"id":242,"text":"bốn","label":"","box":[669,1279,694,1296],"words":[{"text":"bốn","box":[669,1279,694,1296]}],"linking":[]},{"id":243,"text":"mươi","label":"","box":[701,1279,738,1296],"words":[{"text":"mươi","box":[701,1279,738,1296]}],"linking":[]},{"id":244,"text":"nghìn","label":"","box":[745,1279,783,1296],"words":[{"text":"nghìn","box":[745,1279,783,1296]}],"linking":[]},{"id":245,"text":"đồng","label":"","box":[790,1279,824,1296],"words":[{"text":"đồng","box":[790,1279,824,1296]}],"linking":[]},{"id":246,"text":"chẵn","label":"","box":[832,1279,864,1296],"words":[{"text":"chẵn","box":[832,1279,864,1296]}],"linking":[]},{"id":247,"text":"THUÊ","label":"","box":[874,594,913,608],"words":[{"text":"THUÊ","box":[874,594,913,608]}],"linking":[]},{"id":248,"text":"SUÁT","label":"","box":[874,618,915,631],"words":[{"text":"SUÁT","box":[874,618,915,631]}],"linking":[]},{"id":249,"text":"GTGT","label":"","box":[875,644,917,655],"words":[{"text":"GTGT","box":[875,644,917,655]}],"linking":[]},{"id":250,"text":"VAT","label":"","box":[867,667,898,678],"words":[{"text":"VAT","box":[867,667,898,678]}],"linking":[]},{"id":251,"text":"rate","label":"","box":[901,667,927,678],"words":[{"text":"rate","box":[901,667,927,678]}],"linking":[]},{"id":252,"text":"5","label":"","box":[884,701,894,712],"words":[{"text":"5","box":[884,701,894,712]}],"linking":[]},{"id":253,"text":"%","label":"","box":[893,701,906,712],"words":[{"text":"%","box":[893,701,906,712]}],"linking":[]},{"id":254,"text":"X","label":"","box":[891,897,900,905],"words":[{"text":"X","box":[891,897,900,905]}],"linking":[]},{"id":255,"text":"X","label":"","box":[892,935,902,943],"words":[{"text":"X","box":[892,935,902,943]}],"linking":[]},{"id":256,"text":"X","label":"","box":[891,973,902,981],"words":[{"text":"X","box":[891,973,902,981]}],"linking":[]},{"id":257,"text":"TIÊN","label":"","box":[946,604,980,621],"words":[{"text":"TIÊN","box":[946,604,980,621]}],"linking":[]},{"id":258,"text":"THUÊ","label":"","box":[986,604,1027,622],"words":[{"text":"THUÊ","box":[986,604,1027,622]}],"linking":[]},{"id":259,"text":"GTGT","label":"","box":[967,632,1009,643],"words":[{"text":"GTGT","box":[967,632,1009,643]}],"linking":[]},{"id":260,"text":"VAT","label":"","box":[947,657,977,668],"words":[{"text":"VAT","box":[947,657,977,668]}],"linking":[]},{"id":261,"text":"amount","label":"","box":[980,657,1034,668],"words":[{"text":"amount","box":[980,657,1034,668]}],"linking":[]},{"id":262,"text":"152,381","label":"","box":[979,701,1035,714],"words":[{"text":"152,381","box":[979,701,1035,714]}],"linking":[]},{"id":263,"text":"328,571","label":"","box":[979,739,1035,751],"words":[{"text":"328,571","box":[979,739,1035,751]}],"linking":[]},{"id":264,"text":"219,048","label":"","box":[978,855,1036,867],"words":[{"text":"219,048","box":[978,855,1036,867]}],"linking":[]},{"id":265,"text":"700,000","label":"","box":[979,1039,1035,1050],"words":[{"text":"700,000","box":[979,1039,1035,1050]}],"linking":[]},{"id":266,"text":"TIỀN","label":"","box":[887,1073,922,1089],"words":[{"text":"TIỀN","box":[887,1073,922,1089]}],"linking":[]},{"id":267,"text":"THUÊ","label":"","box":[928,1073,971,1089],"words":[{"text":"THUÊ","box":[928,1073,971,1089]}],"linking":[]},{"id":268,"text":"GIGT","label":"","box":[978,1073,1022,1089],"words":[{"text":"GIGT","box":[978,1073,1022,1089]}],"linking":[]},{"id":269,"text":"700,000","label":"","box":[971,1195,1028,1208],"words":[{"text":"700,000","box":[971,1195,1028,1208]}],"linking":[]},{"id":270,"text":"700,000","label":"","box":[971,1247,1027,1260],"words":[{"text":"700,000","box":[971,1247,1027,1260]}],"linking":[]},{"id":271,"text":"Người","label":"","box":[817,1327,860,1342],"words":[{"text":"Người","box":[817,1327,860,1342]}],"linking":[]},{"id":272,"text":"bán","label":"","box":[867,1327,892,1342],"words":[{"text":"bán","box":[867,1327,892,1342]}],"linking":[]},{"id":273,"text":"hàng","label":"","box":[899,1327,934,1342],"words":[{"text":"hàng","box":[899,1327,934,1342]}],"linking":[]},{"id":274,"text":"(","label":"","box":[942,1327,945,1342],"words":[{"text":"(","box":[942,1327,945,1342]}],"linking":[]},{"id":275,"text":"Seller","label":"","box":[946,1327,979,1342],"words":[{"text":"Seller","box":[946,1327,979,1342]}],"linking":[]},{"id":276,"text":")","label":"","box":[982,1327,984,1342],"words":[{"text":")","box":[982,1327,984,1342]}],"linking":[]},{"id":277,"text":"0000582","label":"answer","box":[1039,172,1115,185],"words":[{"text":"0000582","box":[1039,172,1115,185]}],"linking":[[319,277]]},{"id":278,"text":"THÀNH","label":"","box":[1063,603,1114,622],"words":[{"text":"THÀNH","box":[1063,603,1114,622]}],"linking":[]},{"id":279,"text":"TIÊN","label":"","box":[1121,602,1154,621],"words":[{"text":"TIÊN","box":[1121,602,1154,621]}],"linking":[]},{"id":280,"text":"SAU","label":"","box":[1073,629,1102,645],"words":[{"text":"SAU","box":[1073,629,1102,645]}],"linking":[]},{"id":281,"text":"THUÊ","label":"","box":[1108,628,1151,644],"words":[{"text":"THUÊ","box":[1108,628,1151,644]}],"linking":[]},{"id":282,"text":"Amount","label":"","box":[1086,656,1139,668],"words":[{"text":"Amount","box":[1086,656,1139,668]}],"linking":[]},{"id":283,"text":"Signature","label":"","box":[777,1374,845,1392],"words":[{"text":"Signature","box":[777,1374,845,1392]}],"linking":[]},{"id":284,"text":"Valid","label":"","box":[850,1373,890,1390],"words":[{"text":"Valid","box":[850,1373,890,1390]}],"linking":[]},{"id":285,"text":"Ký","label":"","box":[777,1393,797,1417],"words":[{"text":"Ký","box":[777,1393,797,1417]}],"linking":[]},{"id":286,"text":"bởi","label":"","box":[803,1393,825,1416],"words":[{"text":"bởi","box":[803,1393,825,1416]}],"linking":[]},{"id":287,"text":":","label":"","box":[827,1393,827,1416],"words":[{"text":":","box":[827,1393,827,1416]}],"linking":[]},{"id":288,"text":"CÔNG","label":"","box":[837,1393,887,1416],"words":[{"text":"CÔNG","box":[837,1393,887,1416]}],"linking":[]},{"id":289,"text":"TY","label":"","box":[892,1393,911,1416],"words":[{"text":"TY","box":[892,1393,911,1416]}],"linking":[]},{"id":290,"text":"CỔ","label":"","box":[922,1392,941,1415],"words":[{"text":"CỔ","box":[922,1392,941,1415]}],"linking":[]},{"id":291,"text":"PHẦN","label":"","box":[952,1392,1000,1415],"words":[{"text":"PHẦN","box":[952,1392,1000,1415]}],"linking":[]},{"id":292,"text":"THỦY","label":"","box":[1006,1392,1055,1415],"words":[{"text":"THỦY","box":[1006,1392,1055,1415]}],"linking":[]},{"id":293,"text":"SẢN","label":"","box":[778,1421,813,1436],"words":[{"text":"SẢN","box":[778,1421,813,1436]}],"linking":[]},{"id":294,"text":"BÌNH","label":"","box":[817,1421,861,1436],"words":[{"text":"BÌNH","box":[817,1421,861,1436]}],"linking":[]},{"id":295,"text":"MINH","label":"","box":[867,1421,915,1436],"words":[{"text":"MINH","box":[867,1421,915,1436]}],"linking":[]},{"id":296,"text":"|","label":"","box":[771,1446,772,1465],"words":[{"text":"|","box":[771,1446,772,1465]}],"linking":[]},{"id":297,"text":"Ngày","label":"","box":[774,1445,812,1464],"words":[{"text":"Ngày","box":[774,1445,812,1464]}],"linking":[]},{"id":298,"text":"ký","label":"","box":[820,1445,835,1464],"words":[{"text":"ký","box":[820,1445,835,1464]}],"linking":[]},{"id":299,"text":":","label":"","box":[838,1445,841,1464],"words":[{"text":":","box":[838,1445,841,1464]}],"linking":[]},{"id":300,"text":"30/03/2022","label":"","box":[849,1445,929,1464],"words":[{"text":"30/03/2022","box":[849,1445,929,1464]}],"linking":[]},{"id":301,"text":"3,200,000","label":"","box":[1096,699,1168,715],"words":[{"text":"3,200,000","box":[1096,699,1168,715]}],"linking":[]},{"id":302,"text":"6,900,000","label":"","box":[1096,739,1168,751],"words":[{"text":"6,900,000","box":[1096,739,1168,751]}],"linking":[]},{"id":303,"text":"6,360,000","label":"","box":[1097,778,1168,790],"words":[{"text":"6,360,000","box":[1097,778,1168,790]}],"linking":[]},{"id":304,"text":"3,780,000","label":"","box":[1097,815,1168,829],"words":[{"text":"3,780,000","box":[1097,815,1168,829]}],"linking":[]},{"id":305,"text":"4,600,000","label":"","box":[1095,855,1169,867],"words":[{"text":"4,600,000","box":[1095,855,1169,867]}],"linking":[]},{"id":306,"text":"2,300,000","label":"","box":[1096,892,1169,906],"words":[{"text":"2,300,000","box":[1096,892,1169,906]}],"linking":[]},{"id":307,"text":"27,140,000","label":"","box":[1087,1038,1169,1050],"words":[{"text":"27,140,000","box":[1087,1038,1169,1050]}],"linking":[]},{"id":308,"text":"GIÁ","label":"","box":[1051,1061,1076,1076],"words":[{"text":"GIÁ","box":[1051,1061,1076,1076]}],"linking":[]},{"id":309,"text":"TRỊ","label":"","box":[1083,1061,1107,1076],"words":[{"text":"TRỊ","box":[1083,1061,1107,1076]}],"linking":[]},{"id":310,"text":"THANH","label":"","box":[1114,1061,1168,1076],"words":[{"text":"THANH","box":[1114,1061,1168,1076]}],"linking":[]},{"id":311,"text":"TOÁN","label":"","box":[1090,1086,1132,1099],"words":[{"text":"TOÁN","box":[1090,1086,1132,1099]}],"linking":[]},{"id":312,"text":"12,440,000","label":"","box":[1080,1142,1159,1155],"words":[{"text":"12,440,000","box":[1080,1142,1159,1155]}],"linking":[]},{"id":313,"text":"14,700,000","label":"","box":[1081,1195,1160,1207],"words":[{"text":"14,700,000","box":[1081,1195,1160,1207]}],"linking":[]},{"id":314,"text":"27,140,000","label":"","box":[1079,1248,1161,1261],"words":[{"text":"27,140,000","box":[1079,1248,1161,1261]}],"linking":[]},{"id":315,"text":"Mẫu số ( Fom ) -","label":"question","box":[874,91,981,112],"words":[{"text":"Mẫu","box":[874,91,905,109]},{"text":"số","box":[910,93,927,110]},{"text":"(","box":[933,93,938,111]},{"text":"Fom","box":[938,94,959,111]},{"text":")","box":[966,94,974,112]},{"text":"-","box":[978,94,981,112]}],"linking":[[315,316]]},{"id":316,"text":"01GTKT0 / 002","label":"answer","box":[1038,96,1140,107],"words":[{"text":"01GTKT0","box":[1038,96,1108,107]},{"text":"/","box":[1109,96,1114,107]},{"text":"002","box":[1114,96,1140,107]}],"linking":[[315,316]]},{"id":317,"text":"Ki hiệu ( Series ) .","label":"question","box":[874,131,984,149],"words":[{"text":"Ki","box":[874,131,888,146]},{"text":"hiệu","box":[894,132,924,147]},{"text":"(","box":[930,132,935,147]},{"text":"Series","box":[934,133,970,148]},{"text":")","box":[972,134,978,149]},{"text":".","box":[980,134,984,149]}],"linking":[[317,318]]},{"id":318,"text":"BM / 21E","label":"answer","box":[1039,133,1095,144],"words":[{"text":"BM","box":[1039,133,1060,144]},{"text":"/","box":[1062,133,1067,144]},{"text":"21E","box":[1067,133,1095,144]}],"linking":[[317,318]]},{"id":319,"text":"Số ( No. ) .","label":"question","box":[875,166,942,187],"words":[{"text":"Số","box":[875,166,894,183]},{"text":"(","box":[901,168,905,185]},{"text":"No.","box":[904,170,927,185]},{"text":")","box":[928,170,932,187]},{"text":".","box":[937,170,942,187]}],"linking":[[319,277]]},{"id":320,"text":"Đơn vị bán hàng ( ComName ) :","label":"question","box":[70,222,277,240],"words":[{"text":"Đơn","box":[70,222,100,238]},{"text":"vị","box":[106,222,117,238]},{"text":"bán","box":[124,222,148,238]},{"text":"hàng","box":[156,223,189,239]},{"text":"(","box":[197,223,201,239]},{"text":"ComName","box":[203,224,265,240]},{"text":")","box":[267,224,270,240]},{"text":":","box":[276,224,277,240]}],"linking":[[320,321]]},{"id":321,"text":"CÔNG TY CỔ PHẦN THUỶ SẢN BÌNH MINH","label":"answer","box":[330,220,660,235],"words":[{"text":"CÔNG","box":[330,220,378,235]},{"text":"TY","box":[384,220,404,235]},{"text":"CỔ","box":[410,220,432,235]},{"text":"PHẦN","box":[440,220,483,235]},{"text":"THUỶ","box":[489,220,533,235]},{"text":"SẢN","box":[538,220,570,235]},{"text":"BÌNH","box":[578,220,614,235]},{"text":"MINH","box":[621,220,660,235]}],"linking":[[320,321]]},{"id":322,"text":"Mã số thuế ( Tax code )","label":"question","box":[71,249,221,270],"words":[{"text":"Mã","box":[71,250,92,266]},{"text":"số","box":[98,249,114,266]},{"text":"thuế","box":[119,250,150,267]},{"text":"(","box":[157,251,162,268]},{"text":"Tax","box":[165,251,183,268]},{"text":"code","box":[188,252,216,269]},{"text":")","box":[219,253,221,270]}],"linking":[[322,87]]},{"id":323,"text":"Địa chỉ ( Address )","label":"question","box":[70,281,185,298],"words":[{"text":"Địa","box":[70,282,94,296]},{"text":"chỉ","box":[100,281,119,297]},{"text":"(","box":[126,282,130,297]},{"text":"Address","box":[132,283,179,297]},{"text":")","box":[180,283,185,298]}],"linking":[[323,324]]},{"id":324,"text":"Số 86/28/1 , Phổ Quang , Phường 2 , Quận Tân Bình , TP.HCM","label":"answer","box":[331,280,770,297],"words":[{"text":"Số","box":[331,280,348,297]},{"text":"86/28/1","box":[356,280,406,297]},{"text":",","box":[411,280,412,297]},{"text":"Phổ","box":[420,280,446,297]},{"text":"Quang","box":[454,280,500,297]},{"text":",","box":[503,280,504,297]},{"text":"Phường","box":[512,280,569,297]},{"text":"2","box":[576,280,583,297]},{"text":",","box":[586,280,587,297]},{"text":"Quận","box":[595,280,632,297]},{"text":"Tân","box":[639,280,665,297]},{"text":"Bình","box":[672,280,703,297]},{"text":",","box":[706,280,707,297]},{"text":"TP.HCM","box":[710,280,770,297]}],"linking":[[323,324]]},{"id":325,"text":"Số tài khoản ( BankNo ) .","label":"question","box":[71,308,231,327],"words":[{"text":"Số","box":[71,308,88,323]},{"text":"tài","box":[95,308,110,324]},{"text":"khoản","box":[118,310,159,324]},{"text":"(","box":[167,310,171,325]},{"text":"BankNo","box":[172,311,216,326]},{"text":")","box":[219,312,223,327]},{"text":".","box":[229,312,231,327]}],"linking":[[325,88]]},{"id":326,"text":"Ngân hàng ( BankName )","label":"question","box":[71,338,232,357],"words":[{"text":"Ngân","box":[71,338,107,356]},{"text":"hàng","box":[115,338,148,356]},{"text":"(","box":[155,338,160,356]},{"text":"BankName","box":[162,339,224,357]},{"text":")","box":[228,339,232,357]}],"linking":[[326,327]]},{"id":327,"text":"NH TMCP Công Thương Việt Nam ( Vietinbank ) - CN Tây Sài Gòn , TP.HCM","label":"answer","box":[331,342,880,356],"words":[{"text":"NH","box":[331,342,351,356]},{"text":"TMCP","box":[358,342,403,356]},{"text":"Công","box":[411,342,447,356]},{"text":"Thương","box":[453,342,510,356]},{"text":"Việt","box":[517,342,544,356]},{"text":"Nam","box":[551,342,582,356]},{"text":"(","box":[590,342,594,356]},{"text":"Vietinbank","box":[597,342,667,356]},{"text":")","box":[670,342,675,356]},{"text":"-","box":[681,342,685,356]},{"text":"CN","box":[692,342,712,356]},{"text":"Tây","box":[720,342,746,356]},{"text":"Sài","box":[753,342,774,356]},{"text":"Gòn","box":[781,342,809,356]},{"text":",","box":[812,342,813,356]},{"text":"TP.HCM","box":[820,342,880,356]}],"linking":[[326,327]]},{"id":328,"text":"Họ tên người mua hàng ( Buyer )","label":"question","box":[69,388,293,409],"words":[{"text":"Họ","box":[69,388,86,407]},{"text":"tên","box":[94,388,111,407]},{"text":"người","box":[124,388,165,408]},{"text":"mua","box":[172,389,201,408]},{"text":"hàng","box":[209,389,242,408]},{"text":"(","box":[250,389,253,408]},{"text":"Buyer","box":[256,390,288,409]},{"text":")","box":[291,390,293,409]}],"linking":[]},{"id":329,"text":"Tên đơn vị ( CusName ) :","label":"question","box":[70,417,229,435],"words":[{"text":"Tên","box":[70,417,96,431]},{"text":"đơn","box":[104,418,130,432]},{"text":"vị","box":[136,418,147,432]},{"text":"(","box":[153,419,157,433]},{"text":"CusName","box":[159,419,218,433]},{"text":")","box":[220,420,222,434]},{"text":":","box":[228,421,229,435]}],"linking":[[329,330]]},{"id":330,"text":"Thiều Thị Nhâm","label":"answer","box":[432,416,547,432],"words":[{"text":"Thiều","box":[432,416,471,432]},{"text":"Thị","box":[477,416,499,432]},{"text":"Nhâm","box":[506,416,547,432]}],"linking":[[329,330]]},{"id":331,"text":"Mã số thuế ( Tax code ) .","label":"question","box":[71,443,228,464],"words":[{"text":"Mã","box":[71,444,92,460]},{"text":"số","box":[97,443,114,461]},{"text":"thuế","box":[119,445,149,461]},{"text":"(","box":[157,445,162,462]},{"text":"Tax","box":[162,446,183,463]},{"text":"code","box":[187,446,215,463]},{"text":")","box":[218,447,221,464]},{"text":".","box":[228,447,228,464]}],"linking":[[331,164]]},{"id":332,"text":"Địa chỉ ( Address ) .","label":"question","box":[70,475,194,495],"words":[{"text":"Địa","box":[70,476,93,493]},{"text":"chỉ","box":[100,475,120,494]},{"text":"(","box":[124,476,129,494]},{"text":"Address","box":[131,476,178,494]},{"text":")","box":[179,477,183,495]},{"text":".","box":[189,477,194,495]}],"linking":[[332,333]]},{"id":333,"text":"Thôn Phước Long , xã Hòa Tâm , Đông Hòa , Phú Yên","label":"answer","box":[432,478,816,492],"words":[{"text":"Thôn","box":[432,478,467,492]},{"text":"Phước","box":[475,478,523,492]},{"text":"Long","box":[529,478,563,492]},{"text":",","box":[566,478,567,492]},{"text":"xã","box":[574,478,589,492]},{"text":"Hòa","box":[597,478,624,492]},{"text":"Tâm","box":[631,478,661,492]},{"text":",","box":[664,478,665,492]},{"text":"Đông","box":[673,478,710,492]},{"text":"Hòa","box":[717,478,744,492]},{"text":",","box":[747,478,748,492]},{"text":"Phú","box":[757,478,783,492]},{"text":"Yên","box":[789,478,816,492]}],"linking":[[332,333]]},{"id":334,"text":"Hình thức thanh toán ( Method of payment ) -","label":"question","box":[71,504,361,523],"words":[{"text":"Hình","box":[71,504,103,521]},{"text":"thức","box":[109,504,141,521]},{"text":"thanh","box":[147,504,186,522]},{"text":"toán","box":[192,505,222,522]},{"text":"(","box":[230,505,234,522]},{"text":"Method","box":[234,505,279,522]},{"text":"of","box":[283,506,294,523]},{"text":"payment","box":[298,506,350,523]},{"text":")","box":[352,506,353,523]},{"text":"-","box":[360,506,361,523]}],"linking":[[334,335]]},{"id":335,"text":"Chuyển khoản / Tiền mặt","label":"answer","box":[433,502,604,521],"words":[{"text":"Chuyển","box":[433,502,485,521]},{"text":"khoản","box":[493,502,531,520]},{"text":"/","box":[535,502,540,520]},{"text":"Tiền","box":[543,502,571,520]},{"text":"mặt","box":[579,502,604,520]}],"linking":[[334,335]]},{"id":336,"text":"Số tài khoản ( A / C No ) :","label":"question","box":[685,503,840,522],"words":[{"text":"Số","box":[685,503,702,518]},{"text":"tài","box":[709,503,725,519]},{"text":"khoản","box":[732,505,774,519]},{"text":"(","box":[782,505,786,520]},{"text":"A","box":[787,505,791,520]},{"text":"/","box":[794,506,798,521]},{"text":"C","box":[800,506,808,521]},{"text":"No","box":[813,506,828,522]},{"text":")","box":[831,507,833,522]},{"text":":","box":[839,507,840,522]}],"linking":[]},{"id":337,"text":"Ngân hàng ( Bank Name ) :","label":"question","box":[71,536,242,551],"words":[{"text":"Ngân","box":[71,536,107,550]},{"text":"hàng","box":[114,536,148,550]},{"text":"(","box":[156,536,159,550]},{"text":"Bank","box":[160,536,191,550]},{"text":"Name","box":[195,536,230,550]},{"text":")","box":[233,537,235,551]},{"text":":","box":[241,537,242,551]}],"linking":[]}]