[{"id":0,"text":":","label":"","box":[276,224,277,240],"words":[{"text":":","box":[276,224,277,240]}],"linking":[]},{"id":1,"text":":","label":"","box":[227,253,228,270],"words":[{"text":":","box":[227,253,228,270]}],"linking":[]},{"id":2,"text":".","label":"","box":[229,312,231,327],"words":[{"text":".","box":[229,312,231,327]}],"linking":[]},{"id":3,"text":")","label":"","box":[220,420,222,434],"words":[{"text":")","box":[220,420,222,434]}],"linking":[]},{"id":4,"text":":","label":"","box":[228,421,229,435],"words":[{"text":":","box":[228,421,229,435]}],"linking":[]},{"id":5,"text":".","label":"","box":[228,447,228,464],"words":[{"text":".","box":[228,447,228,464]}],"linking":[]},{"id":6,"text":"STT","label":"","box":[63,621,92,632],"words":[{"text":"STT","box":[63,621,92,632]}],"linking":[]},{"id":7,"text":"No.","label":"","box":[66,645,89,656],"words":[{"text":"No.","box":[66,645,89,656]}],"linking":[]},{"id":8,"text":"1","label":"","box":[73,701,80,712],"words":[{"text":"1","box":[73,701,80,712]}],"linking":[]},{"id":9,"text":"2","label":"","box":[72,739,82,749],"words":[{"text":"2","box":[72,739,82,749]}],"linking":[]},{"id":10,"text":"3","label":"","box":[72,778,82,789],"words":[{"text":"3","box":[72,778,82,789]}],"linking":[]},{"id":11,"text":"4","label":"","box":[72,817,80,828],"words":[{"text":"4","box":[72,817,80,828]}],"linking":[]},{"id":12,"text":"5","label":"","box":[72,854,83,866],"words":[{"text":"5","box":[72,854,83,866]}],"linking":[]},{"id":13,"text":"6","label":"","box":[73,894,81,904],"words":[{"text":"6","box":[73,894,81,904]}],"linking":[]},{"id":14,"text":"Đơn","label":"","box":[173,56,197,71],"words":[{"text":"Đơn","box":[173,56,197,71]}],"linking":[]},{"id":15,"text":"vị","label":"","box":[203,56,211,71],"words":[{"text":"vị","box":[203,56,211,71]}],"linking":[]},{"id":16,"text":"hỗ","label":"","box":[215,56,229,71],"words":[{"text":"hỗ","box":[215,56,229,71]}],"linking":[]},{"id":17,"text":"trợ","label":"","box":[234,56,250,71],"words":[{"text":"trợ","box":[234,56,250,71]}],"linking":[]},{"id":18,"text":"cung","label":"","box":[254,56,282,71],"words":[{"text":"cung","box":[254,56,282,71]}],"linking":[]},{"id":19,"text":"cấp","label":"","box":[287,56,307,71],"words":[{"text":"cấp","box":[287,56,307,71]}],"linking":[]},{"id":20,"text":"công","label":"","box":[312,56,339,71],"words":[{"text":"công","box":[312,56,339,71]}],"linking":[]},{"id":21,"text":"cụ","label":"","box":[344,56,357,71],"words":[{"text":"cụ","box":[344,56,357,71]}],"linking":[]},{"id":22,"text":"phát","label":"","box":[361,56,387,71],"words":[{"text":"phát","box":[361,56,387,71]}],"linking":[]},{"id":23,"text":"hành","label":"","box":[392,56,420,71],"words":[{"text":"hành","box":[392,56,420,71]}],"linking":[]},{"id":24,"text":"hóa","label":"","box":[425,56,446,71],"words":[{"text":"hóa","box":[425,56,446,71]}],"linking":[]},{"id":25,"text":"đơn","label":"","box":[451,56,473,71],"words":[{"text":"đơn","box":[451,56,473,71]}],"linking":[]},{"id":26,"text":"điện","label":"","box":[478,56,502,71],"words":[{"text":"điện","box":[478,56,502,71]}],"linking":[]},{"id":27,"text":"tử","label":"","box":[507,56,514,71],"words":[{"text":"tử","box":[507,56,514,71]}],"linking":[]},{"id":28,"text":":","label":"","box":[518,56,521,71],"words":[{"text":":","box":[518,56,521,71]}],"linking":[]},{"id":29,"text":"Công","label":"","box":[527,56,557,71],"words":[{"text":"Công","box":[527,56,557,71]}],"linking":[]},{"id":30,"text":"ty","label":"","box":[562,56,572,71],"words":[{"text":"ty","box":[562,56,572,71]}],"linking":[]},{"id":31,"text":"Cổ","label":"","box":[576,56,592,71],"words":[{"text":"Cổ","box":[576,56,592,71]}],"linking":[]},{"id":32,"text":"phần","label":"","box":[596,56,625,71],"words":[{"text":"phần","box":[596,56,625,71]}],"linking":[]},{"id":33,"text":"Định","label":"","box":[630,56,656,71],"words":[{"text":"Định","box":[630,56,656,71]}],"linking":[]},{"id":34,"text":"Gia","label":"","box":[661,56,680,71],"words":[{"text":"Gia","box":[661,56,680,71]}],"linking":[]},{"id":35,"text":"Nét","label":"","box":[686,56,706,71],"words":[{"text":"Nét","box":[686,56,706,71]}],"linking":[]},{"id":36,"text":"-","label":"","box":[710,56,713,71],"words":[{"text":"-","box":[710,56,713,71]}],"linking":[]},{"id":37,"text":"DigiNet","label":"","box":[718,56,761,71],"words":[{"text":"DigiNet","box":[718,56,761,71]}],"linking":[]},{"id":38,"text":"Corp","label":"","box":[765,56,791,71],"words":[{"text":"Corp","box":[765,56,791,71]}],"linking":[]},{"id":39,"text":",","label":"","box":[793,56,795,71],"words":[{"text":",","box":[793,56,795,71]}],"linking":[]},{"id":40,"text":"MST","label":"","box":[801,56,825,71],"words":[{"text":"MST","box":[801,56,825,71]}],"linking":[]},{"id":41,"text":":","label":"","box":[828,56,832,71],"words":[{"text":":","box":[828,56,832,71]}],"linking":[]},{"id":42,"text":"0303359278","label":"","box":[837,56,907,71],"words":[{"text":"0303359278","box":[837,56,907,71]}],"linking":[]},{"id":43,"text":",","label":"","box":[910,56,912,71],"words":[{"text":",","box":[910,56,912,71]}],"linking":[]},{"id":44,"text":"Điện","label":"","box":[918,56,944,71],"words":[{"text":"Điện","box":[918,56,944,71]}],"linking":[]},{"id":45,"text":"thoại","label":"","box":[949,56,977,71],"words":[{"text":"thoại","box":[949,56,977,71]}],"linking":[]},{"id":46,"text":":","label":"","box":[979,56,980,71],"words":[{"text":":","box":[979,56,980,71]}],"linking":[]},{"id":47,"text":"028","label":"","box":[985,56,1006,71],"words":[{"text":"028","box":[985,56,1006,71]}],"linking":[]},{"id":48,"text":"35123878","label":"","box":[1011,56,1069,71],"words":[{"text":"35123878","box":[1011,56,1069,71]}],"linking":[]},{"id":49,"text":"HÓA","label":"","box":[389,93,453,127],"words":[{"text":"HÓA","box":[389,93,453,127]}],"linking":[]},{"id":50,"text":"ĐƠN","label":"","box":[462,93,532,127],"words":[{"text":"ĐƠN","box":[462,93,532,127]}],"linking":[]},{"id":51,"text":"GIÁ","label":"","box":[545,93,597,127],"words":[{"text":"GIÁ","box":[545,93,597,127]}],"linking":[]},{"id":52,"text":"TRỊ","label":"","box":[606,93,654,127],"words":[{"text":"TRỊ","box":[606,93,654,127]}],"linking":[]},{"id":53,"text":"GIA","label":"","box":[666,93,718,127],"words":[{"text":"GIA","box":[666,93,718,127]}],"linking":[]},{"id":54,"text":"TĂNG","label":"","box":[728,93,811,127],"words":[{"text":"TĂNG","box":[728,93,811,127]}],"linking":[]},{"id":55,"text":"VAT","label":"","box":[522,142,573,161],"words":[{"text":"VAT","box":[522,142,573,161]}],"linking":[]},{"id":56,"text":"INVOICE","label":"","box":[578,142,681,161],"words":[{"text":"INVOICE","box":[578,142,681,161]}],"linking":[]},{"id":57,"text":"Ngày","label":"","box":[431,177,467,192],"words":[{"text":"Ngày","box":[431,177,467,192]}],"linking":[]},{"id":58,"text":"(","label":"","box":[474,177,477,192],"words":[{"text":"(","box":[474,177,477,192]}],"linking":[]},{"id":59,"text":"Date","label":"","box":[477,177,504,192],"words":[{"text":"Date","box":[477,177,504,192]}],"linking":[]},{"id":60,"text":")","label":"","box":[507,177,510,192],"words":[{"text":")","box":[507,177,510,192]}],"linking":[]},{"id":61,"text":"28","label":"","box":[515,177,532,192],"words":[{"text":"28","box":[515,177,532,192]}],"linking":[]},{"id":62,"text":"tháng","label":"","box":[538,177,577,192],"words":[{"text":"tháng","box":[538,177,577,192]}],"linking":[]},{"id":63,"text":"(","label":"","box":[585,177,588,192],"words":[{"text":"(","box":[585,177,588,192]}],"linking":[]},{"id":64,"text":"month","label":"","box":[587,177,623,192],"words":[{"text":"month","box":[587,177,623,192]}],"linking":[]},{"id":65,"text":")","label":"","box":[626,177,630,192],"words":[{"text":")","box":[626,177,630,192]}],"linking":[]},{"id":66,"text":"03","label":"","box":[635,177,652,192],"words":[{"text":"03","box":[635,177,652,192]}],"linking":[]},{"id":67,"text":"năm","label":"","box":[659,177,687,192],"words":[{"text":"năm","box":[659,177,687,192]}],"linking":[]},{"id":68,"text":"(","label":"","box":[696,177,699,192],"words":[{"text":"(","box":[696,177,699,192]}],"linking":[]},{"id":69,"text":"year","label":"","box":[699,177,724,192],"words":[{"text":"year","box":[699,177,724,192]}],"linking":[]},{"id":70,"text":")","label":"","box":[727,177,730,192],"words":[{"text":")","box":[727,177,730,192]}],"linking":[]},{"id":71,"text":"2022","label":"","box":[735,177,769,192],"words":[{"text":"2022","box":[735,177,769,192]}],"linking":[]},{"id":72,"text":"7","label":"","box":[72,932,82,944],"words":[{"text":"7","box":[72,932,82,944]}],"linking":[]},{"id":73,"text":"BINH","label":"","box":[162,172,193,184],"words":[{"text":"BINH","box":[162,172,193,184]}],"linking":[]},{"id":74,"text":"MINH","label":"","box":[199,172,231,183],"words":[{"text":"MINH","box":[199,172,231,183]}],"linking":[]},{"id":75,"text":"8","label":"","box":[72,971,82,982],"words":[{"text":"8","box":[72,971,82,982]}],"linking":[]},{"id":76,"text":"10","label":"","box":[70,1049,85,1060],"words":[{"text":"10","box":[70,1049,85,1060]}],"linking":[]},{"id":77,"text":"TÊN","label":"","box":[177,616,207,634],"words":[{"text":"TÊN","box":[177,616,207,634]}],"linking":[]},{"id":78,"text":"HÀNG","label":"","box":[214,617,257,634],"words":[{"text":"HÀNG","box":[214,617,257,634]}],"linking":[]},{"id":79,"text":"HÓA","label":"","box":[262,617,292,635],"words":[{"text":"HÓA","box":[262,617,292,635]}],"linking":[]},{"id":80,"text":",","label":"","box":[295,617,298,635],"words":[{"text":",","box":[295,617,298,635]}],"linking":[]},{"id":81,"text":"DỊCH","label":"","box":[306,617,342,636],"words":[{"text":"DỊCH","box":[306,617,342,636]}],"linking":[]},{"id":82,"text":"VỤ","label":"","box":[347,618,368,636],"words":[{"text":"VỤ","box":[347,618,368,636]}],"linking":[]},{"id":83,"text":"Description","label":"","box":[234,645,312,659],"words":[{"text":"Description","box":[234,645,312,659]}],"linking":[]},{"id":84,"text":"PL","label":"","box":[105,701,124,712],"words":[{"text":"PL","box":[105,701,124,712]}],"linking":[]},{"id":85,"text":"FEED","label":"","box":[131,701,171,712],"words":[{"text":"FEED","box":[131,701,171,712]}],"linking":[]},{"id":86,"text":"RACEWAY","label":"","box":[178,701,260,712],"words":[{"text":"RACEWAY","box":[178,701,260,712]}],"linking":[]},{"id":87,"text":"1","label":"","box":[268,701,272,712],"words":[{"text":"1","box":[268,701,272,712]}],"linking":[]},{"id":88,"text":"2KG","label":"","box":[280,701,311,712],"words":[{"text":"2KG","box":[280,701,311,712]}],"linking":[]},{"id":89,"text":"PL","label":"","box":[105,739,124,750],"words":[{"text":"PL","box":[105,739,124,750]}],"linking":[]},{"id":90,"text":"FEED","label":"","box":[130,739,171,750],"words":[{"text":"FEED","box":[130,739,171,750]}],"linking":[]},{"id":91,"text":"RACEWAY","label":"","box":[178,739,260,750],"words":[{"text":"RACEWAY","box":[178,739,260,750]}],"linking":[]},{"id":92,"text":"2","label":"","box":[266,739,273,750],"words":[{"text":"2","box":[266,739,273,750]}],"linking":[]},{"id":93,"text":"2KG","label":"","box":[280,739,311,750],"words":[{"text":"2KG","box":[280,739,311,750]}],"linking":[]},{"id":94,"text":"PL","label":"","box":[105,777,124,789],"words":[{"text":"PL","box":[105,777,124,789]}],"linking":[]},{"id":95,"text":"FEED","label":"","box":[130,777,172,789],"words":[{"text":"FEED","box":[130,777,172,789]}],"linking":[]},{"id":96,"text":"RACEWAY","label":"","box":[178,777,260,789],"words":[{"text":"RACEWAY","box":[178,777,260,789]}],"linking":[]},{"id":97,"text":"0","label":"","box":[266,777,273,789],"words":[{"text":"0","box":[266,777,273,789]}],"linking":[]},{"id":98,"text":"2KG","label":"","box":[280,777,311,789],"words":[{"text":"2KG","box":[280,777,311,789]}],"linking":[]},{"id":99,"text":"AMINA","label":"","box":[104,816,155,828],"words":[{"text":"AMINA","box":[104,816,155,828]}],"linking":[]},{"id":100,"text":"5","label":"","box":[161,816,168,827],"words":[{"text":"5","box":[161,816,168,827]}],"linking":[]},{"id":101,"text":"KG","label":"","box":[175,816,196,827],"words":[{"text":"KG","box":[175,816,196,827]}],"linking":[]},{"id":102,"text":"RACEWAY","label":"","box":[105,854,187,867],"words":[{"text":"RACEWAY","box":[105,854,187,867]}],"linking":[]},{"id":103,"text":"AQUACLEAR","label":"","box":[192,854,292,867],"words":[{"text":"AQUACLEAR","box":[192,854,292,867]}],"linking":[]},{"id":104,"text":"100ML","label":"","box":[300,854,348,867],"words":[{"text":"100ML","box":[300,854,348,867]}],"linking":[]},{"id":105,"text":"RACEWAY","label":"","box":[105,893,186,905],"words":[{"text":"RACEWAY","box":[105,893,186,905]}],"linking":[]},{"id":106,"text":"DINE","label":"","box":[193,893,230,905],"words":[{"text":"DINE","box":[193,893,230,905]}],"linking":[]},{"id":107,"text":"MAX","label":"","box":[238,893,270,905],"words":[{"text":"MAX","box":[238,893,270,905]}],"linking":[]},{"id":108,"text":"500ML","label":"","box":[277,893,326,905],"words":[{"text":"500ML","box":[277,893,326,905]}],"linking":[]},{"id":109,"text":"RACEWAY","label":"","box":[105,933,186,945],"words":[{"text":"RACEWAY","box":[105,933,186,945]}],"linking":[]},{"id":110,"text":"ETROVIT","label":"","box":[193,933,263,945],"words":[{"text":"ETROVIT","box":[193,933,263,945]}],"linking":[]},{"id":111,"text":"500GR","label":"","box":[269,933,319,945],"words":[{"text":"500GR","box":[269,933,319,945]}],"linking":[]},{"id":112,"text":"RACEWAY","label":"","box":[105,970,187,982],"words":[{"text":"RACEWAY","box":[105,970,187,982]}],"linking":[]},{"id":113,"text":"HEPATOS","label":"","box":[193,970,269,982],"words":[{"text":"HEPATOS","box":[193,970,269,982]}],"linking":[]},{"id":114,"text":"250ML","label":"","box":[276,970,325,982],"words":[{"text":"250ML","box":[276,970,325,982]}],"linking":[]},{"id":115,"text":"9","label":"","box":[72,1010,81,1021],"words":[{"text":"9","box":[72,1010,81,1021]}],"linking":[]},{"id":116,"text":"RACEWAY","label":"","box":[105,1009,187,1022],"words":[{"text":"RACEWAY","box":[105,1009,187,1022]}],"linking":[]},{"id":117,"text":"DIGEST","label":"","box":[193,1009,252,1022],"words":[{"text":"DIGEST","box":[193,1009,252,1022]}],"linking":[]},{"id":118,"text":"250ML","label":"","box":[258,1009,307,1022],"words":[{"text":"250ML","box":[258,1009,307,1022]}],"linking":[]},{"id":119,"text":"0303880297","label":"answer","box":[330,254,419,265],"words":[{"text":"0303880297","box":[330,254,419,265]}],"linking":[[340,119]]},{"id":120,"text":"112002622316","label":"answer","box":[331,311,439,323],"words":[{"text":"112002622316","box":[331,311,439,323]}],"linking":[[343,120]]},{"id":121,"text":"RACEWAY","label":"","box":[105,1048,186,1060],"words":[{"text":"RACEWAY","box":[105,1048,186,1060]}],"linking":[]},{"id":122,"text":"LIVER","label":"","box":[193,1048,239,1060],"words":[{"text":"LIVER","box":[193,1048,239,1060]}],"linking":[]},{"id":123,"text":"250GR","label":"","box":[244,1048,295,1060],"words":[{"text":"250GR","box":[244,1048,295,1060]}],"linking":[]},{"id":124,"text":"11","label":"","box":[70,1087,85,1099],"words":[{"text":"11","box":[70,1087,85,1099]}],"linking":[]},{"id":125,"text":"RACEWAY","label":"","box":[105,1087,186,1099],"words":[{"text":"RACEWAY","box":[105,1087,186,1099]}],"linking":[]},{"id":126,"text":"PROBIO","label":"","box":[193,1087,255,1099],"words":[{"text":"PROBIO","box":[193,1087,255,1099]}],"linking":[]},{"id":127,"text":"250GR","label":"","box":[260,1087,311,1100],"words":[{"text":"250GR","box":[260,1087,311,1100]}],"linking":[]},{"id":128,"text":"TỔNG","label":"","box":[210,1154,255,1169],"words":[{"text":"TỔNG","box":[210,1154,255,1169]}],"linking":[]},{"id":129,"text":"HỢP","label":"","box":[262,1156,297,1171],"words":[{"text":"HỢP","box":[262,1156,297,1171]}],"linking":[]},{"id":130,"text":"Tổng","label":"","box":[76,1194,111,1211],"words":[{"text":"Tổng","box":[76,1194,111,1211]}],"linking":[]},{"id":131,"text":"tiền","label":"","box":[117,1194,142,1211],"words":[{"text":"tiền","box":[117,1194,142,1211]}],"linking":[]},{"id":132,"text":"không","label":"","box":[150,1194,191,1211],"words":[{"text":"không","box":[150,1194,191,1211]}],"linking":[]},{"id":133,"text":"kê","label":"","box":[199,1194,213,1211],"words":[{"text":"kê","box":[199,1194,213,1211]}],"linking":[]},{"id":134,"text":"khai","label":"","box":[221,1194,248,1211],"words":[{"text":"khai","box":[221,1194,248,1211]}],"linking":[]},{"id":135,"text":"và","label":"","box":[254,1194,270,1211],"words":[{"text":"và","box":[254,1194,270,1211]}],"linking":[]},{"id":136,"text":"nộp","label":"","box":[277,1194,302,1211],"words":[{"text":"nộp","box":[277,1194,302,1211]}],"linking":[]},{"id":137,"text":"thuế","label":"","box":[308,1194,338,1211],"words":[{"text":"thuế","box":[308,1194,338,1211]}],"linking":[]},{"id":138,"text":":","label":"","box":[341,1194,342,1211],"words":[{"text":":","box":[341,1194,342,1211]}],"linking":[]},{"id":139,"text":"Tổng","label":"","box":[76,1221,111,1238],"words":[{"text":"Tổng","box":[76,1221,111,1238]}],"linking":[]},{"id":140,"text":"tiền","label":"","box":[117,1221,142,1238],"words":[{"text":"tiền","box":[117,1221,142,1238]}],"linking":[]},{"id":141,"text":"không","label":"","box":[150,1221,191,1238],"words":[{"text":"không","box":[150,1221,191,1238]}],"linking":[]},{"id":142,"text":"chịu","label":"","box":[198,1221,226,1238],"words":[{"text":"chịu","box":[198,1221,226,1238]}],"linking":[]},{"id":143,"text":"thuế","label":"","box":[232,1221,262,1238],"words":[{"text":"thuế","box":[232,1221,262,1238]}],"linking":[]},{"id":144,"text":"GTGT","label":"","box":[270,1221,314,1238],"words":[{"text":"GTGT","box":[270,1221,314,1238]}],"linking":[]},{"id":145,"text":":","label":"","box":[316,1221,317,1238],"words":[{"text":":","box":[316,1221,317,1238]}],"linking":[]},{"id":146,"text":"Tổng","label":"","box":[76,1246,110,1267],"words":[{"text":"Tổng","box":[76,1246,110,1267]}],"linking":[]},{"id":147,"text":"tiền","label":"","box":[116,1246,141,1266],"words":[{"text":"tiền","box":[116,1246,141,1266]}],"linking":[]},{"id":148,"text":"chịu","label":"","box":[148,1245,176,1266],"words":[{"text":"chịu","box":[148,1245,176,1266]}],"linking":[]},{"id":149,"text":"thuế","label":"","box":[182,1245,212,1265],"words":[{"text":"thuế","box":[182,1245,212,1265]}],"linking":[]},{"id":150,"text":"suất","label":"","box":[220,1244,248,1265],"words":[{"text":"suất","box":[220,1244,248,1265]}],"linking":[]},{"id":151,"text":":","label":"","box":[251,1244,254,1264],"words":[{"text":":","box":[251,1244,254,1264]}],"linking":[]},{"id":152,"text":"Tổng","label":"","box":[76,1273,110,1291],"words":[{"text":"Tổng","box":[76,1273,110,1291]}],"linking":[]},{"id":153,"text":"tiền","label":"","box":[116,1273,141,1290],"words":[{"text":"tiền","box":[116,1273,141,1290]}],"linking":[]},{"id":154,"text":"chịu","label":"","box":[149,1273,176,1290],"words":[{"text":"chịu","box":[149,1273,176,1290]}],"linking":[]},{"id":155,"text":"thuế","label":"","box":[182,1273,212,1290],"words":[{"text":"thuế","box":[182,1273,212,1290]}],"linking":[]},{"id":156,"text":"suất","label":"","box":[220,1272,248,1290],"words":[{"text":"suất","box":[220,1272,248,1290]}],"linking":[]},{"id":157,"text":"Tổng","label":"","box":[77,1297,108,1319],"words":[{"text":"Tổng","box":[77,1297,108,1319]}],"linking":[]},{"id":158,"text":"tiền","label":"","box":[116,1297,140,1319],"words":[{"text":"tiền","box":[116,1297,140,1319]}],"linking":[]},{"id":159,"text":"chịu","label":"","box":[149,1297,172,1319],"words":[{"text":"chịu","box":[149,1297,172,1319]}],"linking":[]},{"id":160,"text":"thuế","label":"","box":[181,1297,211,1319],"words":[{"text":"thuế","box":[181,1297,211,1319]}],"linking":[]},{"id":161,"text":"suất","label":"","box":[218,1297,247,1319],"words":[{"text":"suất","box":[218,1297,247,1319]}],"linking":[]},{"id":162,"text":"Tổng","label":"","box":[76,1325,110,1345],"words":[{"text":"Tổng","box":[76,1325,110,1345]}],"linking":[]},{"id":163,"text":"cộng","label":"","box":[116,1325,150,1344],"words":[{"text":"cộng","box":[116,1325,150,1344]}],"linking":[]},{"id":164,"text":"tiền","label":"","box":[157,1325,181,1344],"words":[{"text":"tiền","box":[157,1325,181,1344]}],"linking":[]},{"id":165,"text":"thanh","label":"","box":[188,1325,227,1344],"words":[{"text":"thanh","box":[188,1325,227,1344]}],"linking":[]},{"id":166,"text":"toán","label":"","box":[233,1324,261,1344],"words":[{"text":"toán","box":[233,1324,261,1344]}],"linking":[]},{"id":167,"text":":","label":"","box":[264,1324,266,1343],"words":[{"text":":","box":[264,1324,266,1343]}],"linking":[]},{"id":168,"text":"Số","label":"","box":[77,1360,94,1377],"words":[{"text":"Số","box":[77,1360,94,1377]}],"linking":[]},{"id":169,"text":"tiền","label":"","box":[99,1360,124,1377],"words":[{"text":"tiền","box":[99,1360,124,1377]}],"linking":[]},{"id":170,"text":"viết","label":"","box":[131,1360,155,1377],"words":[{"text":"viết","box":[131,1360,155,1377]}],"linking":[]},{"id":171,"text":"bằng","label":"","box":[162,1361,196,1378],"words":[{"text":"bằng","box":[162,1361,196,1378]}],"linking":[]},{"id":172,"text":"chữ","label":"","box":[203,1361,229,1378],"words":[{"text":"chữ","box":[203,1361,229,1378]}],"linking":[]},{"id":173,"text":"(","label":"","box":[236,1362,240,1379],"words":[{"text":"(","box":[236,1362,240,1379]}],"linking":[]},{"id":174,"text":"Total","label":"","box":[243,1362,270,1379],"words":[{"text":"Total","box":[243,1362,270,1379]}],"linking":[]},{"id":175,"text":"amount","label":"","box":[275,1363,319,1380],"words":[{"text":"amount","box":[275,1363,319,1380]}],"linking":[]},{"id":176,"text":"in","label":"","box":[324,1363,333,1380],"words":[{"text":"in","box":[324,1363,333,1380]}],"linking":[]},{"id":177,"text":"words","label":"","box":[339,1363,372,1380],"words":[{"text":"words","box":[339,1363,372,1380]}],"linking":[]},{"id":178,"text":")","label":"","box":[375,1363,378,1380],"words":[{"text":")","box":[375,1363,378,1380]}],"linking":[]},{"id":179,"text":"2001334295","label":"answer","box":[432,447,521,460],"words":[{"text":"2001334295","box":[432,447,521,460]}],"linking":[[349,179]]},{"id":180,"text":"ĐƠN","label":"","box":[463,609,497,622],"words":[{"text":"ĐƠN","box":[463,609,497,622]}],"linking":[]},{"id":181,"text":"VỊ","label":"","box":[503,609,516,622],"words":[{"text":"VỊ","box":[503,609,516,622]}],"linking":[]},{"id":182,"text":"ΤΙΝΗ","label":"","box":[475,627,508,644],"words":[{"text":"ΤΙΝΗ","box":[475,627,508,644]}],"linking":[]},{"id":183,"text":"Unit","label":"","box":[480,657,508,667],"words":[{"text":"Unit","box":[480,657,508,667]}],"linking":[]},{"id":184,"text":"Túi","label":"","box":[480,700,503,711],"words":[{"text":"Túi","box":[480,700,503,711]}],"linking":[]},{"id":185,"text":"Túi","label":"","box":[480,738,504,749],"words":[{"text":"Túi","box":[480,738,504,749]}],"linking":[]},{"id":186,"text":"Túi","label":"","box":[480,777,504,788],"words":[{"text":"Túi","box":[480,777,504,788]}],"linking":[]},{"id":187,"text":"Bao","label":"","box":[478,817,506,827],"words":[{"text":"Bao","box":[478,817,506,827]}],"linking":[]},{"id":188,"text":"Chai","label":"","box":[476,854,510,866],"words":[{"text":"Chai","box":[476,854,510,866]}],"linking":[]},{"id":189,"text":"Chai","label":"","box":[476,893,510,905],"words":[{"text":"Chai","box":[476,893,510,905]}],"linking":[]},{"id":190,"text":"Hũ","label":"","box":[482,933,499,944],"words":[{"text":"Hũ","box":[482,933,499,944]}],"linking":[]},{"id":191,"text":"Chai","label":"","box":[476,970,509,982],"words":[{"text":"Chai","box":[476,970,509,982]}],"linking":[]},{"id":192,"text":"Chai","label":"","box":[476,1010,510,1020],"words":[{"text":"Chai","box":[476,1010,510,1020]}],"linking":[]},{"id":193,"text":"Hũ","label":"","box":[482,1049,499,1060],"words":[{"text":"Hũ","box":[482,1049,499,1060]}],"linking":[]},{"id":194,"text":"Hũ","label":"","box":[482,1087,501,1099],"words":[{"text":"Hũ","box":[482,1087,501,1099]}],"linking":[]},{"id":195,"text":"SÓ","label":"","box":[556,606,577,619],"words":[{"text":"SÓ","box":[556,606,577,619]}],"linking":[]},{"id":196,"text":"|","label":"","box":[536,630,537,646],"words":[{"text":"|","box":[536,630,537,646]}],"linking":[]},{"id":197,"text":"LƯỢNG","label":"","box":[539,628,595,645],"words":[{"text":"LƯỢNG","box":[539,628,595,645]}],"linking":[]},{"id":198,"text":"Quantity","label":"","box":[543,657,601,669],"words":[{"text":"Quantity","box":[543,657,601,669]}],"linking":[]},{"id":199,"text":"X","label":"","box":[521,1200,530,1208],"words":[{"text":"X","box":[521,1200,530,1208]}],"linking":[]},{"id":200,"text":"12","label":"","box":[561,701,577,711],"words":[{"text":"12","box":[561,701,577,711]}],"linking":[]},{"id":201,"text":"X","label":"","box":[521,1227,532,1236],"words":[{"text":"X","box":[521,1227,532,1236]}],"linking":[]},{"id":202,"text":"0","label":"","box":[514,1250,523,1261],"words":[{"text":"0","box":[514,1250,523,1261]}],"linking":[]},{"id":203,"text":"%","label":"","box":[523,1250,536,1261],"words":[{"text":"%","box":[523,1250,536,1261]}],"linking":[]},{"id":204,"text":"5","label":"","box":[514,1277,524,1288],"words":[{"text":"5","box":[514,1277,524,1288]}],"linking":[]},{"id":205,"text":"%","label":"","box":[523,1277,536,1288],"words":[{"text":"%","box":[523,1277,536,1288]}],"linking":[]},{"id":206,"text":"10","label":"","box":[512,1303,527,1314],"words":[{"text":"10","box":[512,1303,527,1314]}],"linking":[]},{"id":207,"text":"%","label":"","box":[527,1303,540,1314],"words":[{"text":"%","box":[527,1303,540,1314]}],"linking":[]},{"id":208,"text":"35","label":"","box":[560,738,577,750],"words":[{"text":"35","box":[560,738,577,750]}],"linking":[]},{"id":209,"text":"4","label":"","box":[565,778,573,787],"words":[{"text":"4","box":[565,778,573,787]}],"linking":[]},{"id":210,"text":"12","label":"","box":[561,818,576,828],"words":[{"text":"12","box":[561,818,576,828]}],"linking":[]},{"id":211,"text":"2","label":"","box":[564,855,575,866],"words":[{"text":"2","box":[564,855,575,866]}],"linking":[]},{"id":212,"text":"2","label":"","box":[565,894,576,905],"words":[{"text":"2","box":[565,894,576,905]}],"linking":[]},{"id":213,"text":"6","label":"","box":[565,933,573,943],"words":[{"text":"6","box":[565,933,573,943]}],"linking":[]},{"id":214,"text":"4","label":"","box":[565,971,574,982],"words":[{"text":"4","box":[565,971,574,982]}],"linking":[]},{"id":215,"text":"4","label":"","box":[566,1010,574,1019],"words":[{"text":"4","box":[566,1010,574,1019]}],"linking":[]},{"id":216,"text":"2","label":"","box":[564,1049,575,1060],"words":[{"text":"2","box":[564,1049,575,1060]}],"linking":[]},{"id":217,"text":"THUẾ","label":"","box":[481,1155,523,1169],"words":[{"text":"THUẾ","box":[481,1155,523,1169]}],"linking":[]},{"id":218,"text":"SUẤT","label":"","box":[531,1155,571,1169],"words":[{"text":"SUẤT","box":[531,1155,571,1169]}],"linking":[]},{"id":219,"text":"12","label":"","box":[561,1089,578,1099],"words":[{"text":"12","box":[561,1089,578,1099]}],"linking":[]},{"id":220,"text":"ĐƠN","label":"","box":[637,618,671,632],"words":[{"text":"ĐƠN","box":[637,618,671,632]}],"linking":[]},{"id":221,"text":"GIÁ","label":"","box":[679,618,704,632],"words":[{"text":"GIÁ","box":[679,618,704,632]}],"linking":[]},{"id":222,"text":"Price","label":"","box":[654,645,689,655],"words":[{"text":"Price","box":[654,645,689,655]}],"linking":[]},{"id":223,"text":"THÀNH","label":"","box":[752,618,803,632],"words":[{"text":"THÀNH","box":[752,618,803,632]}],"linking":[]},{"id":224,"text":"TIÊN","label":"","box":[810,618,843,632],"words":[{"text":"TIÊN","box":[810,618,843,632]}],"linking":[]},{"id":225,"text":"Total","label":"","box":[783,644,817,656],"words":[{"text":"Total","box":[783,644,817,656]}],"linking":[]},{"id":226,"text":"180,000.000","label":"","box":[637,699,725,714],"words":[{"text":"180,000.000","box":[637,699,725,714]}],"linking":[]},{"id":227,"text":"2,160,000","label":"","box":[777,701,849,714],"words":[{"text":"2,160,000","box":[777,701,849,714]}],"linking":[]},{"id":228,"text":"X","label":"","box":[891,703,900,711],"words":[{"text":"X","box":[891,703,900,711]}],"linking":[]},{"id":229,"text":"5,670,000","label":"","box":[777,739,849,751],"words":[{"text":"5,670,000","box":[777,739,849,751]}],"linking":[]},{"id":230,"text":"162,000.000","label":"","box":[638,739,727,751],"words":[{"text":"162,000.000","box":[638,739,727,751]}],"linking":[]},{"id":231,"text":"198,000.000","label":"","box":[638,776,726,791],"words":[{"text":"198,000.000","box":[638,776,726,791]}],"linking":[]},{"id":232,"text":"165,000.000","label":"","box":[638,816,726,829],"words":[{"text":"165,000.000","box":[638,816,726,829]}],"linking":[]},{"id":233,"text":"109,523.810","label":"","box":[637,854,725,867],"words":[{"text":"109,523.810","box":[637,854,725,867]}],"linking":[]},{"id":234,"text":"792,000","label":"","box":[792,778,849,791],"words":[{"text":"792,000","box":[792,778,849,791]}],"linking":[]},{"id":235,"text":"1,980,000","label":"","box":[778,817,850,830],"words":[{"text":"1,980,000","box":[778,817,850,830]}],"linking":[]},{"id":236,"text":"219,048","label":"","box":[791,854,848,867],"words":[{"text":"219,048","box":[791,854,848,867]}],"linking":[]},{"id":237,"text":"360,000","label":"","box":[791,894,849,907],"words":[{"text":"360,000","box":[791,894,849,907]}],"linking":[]},{"id":238,"text":"396,000","label":"","box":[792,932,848,944],"words":[{"text":"396,000","box":[792,932,848,944]}],"linking":[]},{"id":239,"text":"400,000","label":"","box":[791,971,849,982],"words":[{"text":"400,000","box":[791,971,849,982]}],"linking":[]},{"id":240,"text":"180,000.000","label":"","box":[637,892,726,907],"words":[{"text":"180,000.000","box":[637,892,726,907]}],"linking":[]},{"id":241,"text":"66,000.000","label":"","box":[645,933,726,945],"words":[{"text":"66,000.000","box":[645,933,726,945]}],"linking":[]},{"id":242,"text":"100,000.000","label":"","box":[637,968,726,984],"words":[{"text":"100,000.000","box":[637,968,726,984]}],"linking":[]},{"id":243,"text":"102,500.000","label":"","box":[638,1010,727,1023],"words":[{"text":"102,500.000","box":[638,1010,727,1023]}],"linking":[]},{"id":244,"text":"157,500.000","label":"","box":[638,1049,727,1061],"words":[{"text":"157,500.000","box":[638,1049,727,1061]}],"linking":[]},{"id":245,"text":"410,000","label":"","box":[791,1010,849,1022],"words":[{"text":"410,000","box":[791,1010,849,1022]}],"linking":[]},{"id":246,"text":"315,000","label":"","box":[791,1049,849,1061],"words":[{"text":"315,000","box":[791,1049,849,1061]}],"linking":[]},{"id":247,"text":"240,909.091","label":"","box":[637,1088,725,1101],"words":[{"text":"240,909.091","box":[637,1088,725,1101]}],"linking":[]},{"id":248,"text":"2,890,909","label":"","box":[777,1088,850,1100],"words":[{"text":"2,890,909","box":[777,1088,850,1100]}],"linking":[]},{"id":249,"text":"10","label":"","box":[881,1088,896,1098],"words":[{"text":"10","box":[881,1088,896,1098]}],"linking":[]},{"id":250,"text":"%","label":"","box":[896,1088,908,1098],"words":[{"text":"%","box":[896,1088,908,1098]}],"linking":[]},{"id":251,"text":"Cộng","label":"","box":[622,1120,658,1134],"words":[{"text":"Cộng","box":[622,1120,658,1134]}],"linking":[]},{"id":252,"text":"(","label":"","box":[666,1120,670,1134],"words":[{"text":"(","box":[666,1120,670,1134]}],"linking":[]},{"id":253,"text":"Sub","label":"","box":[672,1120,693,1134],"words":[{"text":"Sub","box":[672,1120,693,1134]}],"linking":[]},{"id":254,"text":"total","label":"","box":[699,1120,723,1134],"words":[{"text":"total","box":[699,1120,723,1134]}],"linking":[]},{"id":255,"text":")","label":"","box":[725,1120,726,1134],"words":[{"text":")","box":[725,1120,726,1134]}],"linking":[]},{"id":256,"text":"15,592,957","label":"","box":[770,1119,849,1132],"words":[{"text":"15,592,957","box":[770,1119,849,1132]}],"linking":[]},{"id":257,"text":"TRỊ","label":"","box":[626,1155,650,1171],"words":[{"text":"TRỊ","box":[626,1155,650,1171]}],"linking":[]},{"id":258,"text":"GIÁ","label":"","box":[658,1155,685,1171],"words":[{"text":"GIÁ","box":[658,1155,685,1171]}],"linking":[]},{"id":259,"text":"CHƯA","label":"","box":[691,1155,738,1171],"words":[{"text":"CHƯA","box":[691,1155,738,1171]}],"linking":[]},{"id":260,"text":"THUẾ","label":"","box":[743,1155,786,1171],"words":[{"text":"THUẾ","box":[743,1155,786,1171]}],"linking":[]},{"id":261,"text":"GTGT","label":"","box":[794,1155,836,1171],"words":[{"text":"GTGT","box":[794,1155,836,1171]}],"linking":[]},{"id":262,"text":"1/2","label":"","box":[606,1716,636,1731],"words":[{"text":"1/2","box":[606,1716,636,1731]}],"linking":[]},{"id":263,"text":"12,483,000","label":"","box":[763,1223,842,1235],"words":[{"text":"12,483,000","box":[763,1223,842,1235]}],"linking":[]},{"id":264,"text":"219,048","label":"","box":[783,1277,842,1289],"words":[{"text":"219,048","box":[783,1277,842,1289]}],"linking":[]},{"id":265,"text":"2,890,909","label":"","box":[770,1302,841,1316],"words":[{"text":"2,890,909","box":[770,1302,841,1316]}],"linking":[]},{"id":266,"text":"15,592,957","label":"","box":[762,1329,842,1342],"words":[{"text":"15,592,957","box":[762,1329,842,1342]}],"linking":[]},{"id":267,"text":"Mười","label":"","box":[458,1361,495,1378],"words":[{"text":"Mười","box":[458,1361,495,1378]}],"linking":[]},{"id":268,"text":"lăm","label":"","box":[502,1361,525,1378],"words":[{"text":"lăm","box":[502,1361,525,1378]}],"linking":[]},{"id":269,"text":"triệu","label":"","box":[532,1361,562,1378],"words":[{"text":"triệu","box":[532,1361,562,1378]}],"linking":[]},{"id":270,"text":"tám","label":"","box":[569,1361,593,1378],"words":[{"text":"tám","box":[569,1361,593,1378]}],"linking":[]},{"id":271,"text":"trăm","label":"","box":[600,1361,631,1378],"words":[{"text":"trăm","box":[600,1361,631,1378]}],"linking":[]},{"id":272,"text":"chín","label":"","box":[638,1361,667,1378],"words":[{"text":"chín","box":[638,1361,667,1378]}],"linking":[]},{"id":273,"text":"mươi","label":"","box":[674,1361,711,1378],"words":[{"text":"mươi","box":[674,1361,711,1378]}],"linking":[]},{"id":274,"text":"ba","label":"","box":[718,1361,733,1378],"words":[{"text":"ba","box":[718,1361,733,1378]}],"linking":[]},{"id":275,"text":"nghìn","label":"","box":[741,1361,779,1378],"words":[{"text":"nghìn","box":[741,1361,779,1378]}],"linking":[]},{"id":276,"text":"đồng","label":"","box":[786,1361,820,1378],"words":[{"text":"đồng","box":[786,1361,820,1378]}],"linking":[]},{"id":277,"text":"chẵn","label":"","box":[827,1361,860,1378],"words":[{"text":"chẵn","box":[827,1361,860,1378]}],"linking":[]},{"id":278,"text":"THUÊ","label":"","box":[873,595,913,608],"words":[{"text":"THUÊ","box":[873,595,913,608]}],"linking":[]},{"id":279,"text":"SUÅT","label":"","box":[873,617,913,632],"words":[{"text":"SUÅT","box":[873,617,913,632]}],"linking":[]},{"id":280,"text":"GTGT","label":"","box":[875,644,917,655],"words":[{"text":"GTGT","box":[875,644,917,655]}],"linking":[]},{"id":281,"text":"VAT","label":"","box":[866,667,896,679],"words":[{"text":"VAT","box":[866,667,896,679]}],"linking":[]},{"id":282,"text":"rate","label":"","box":[900,667,927,679],"words":[{"text":"rate","box":[900,667,927,679]}],"linking":[]},{"id":283,"text":"X","label":"","box":[890,741,900,749],"words":[{"text":"X","box":[890,741,900,749]}],"linking":[]},{"id":284,"text":"X","label":"","box":[890,781,899,789],"words":[{"text":"X","box":[890,781,899,789]}],"linking":[]},{"id":285,"text":"8x","label":"","box":[885,820,898,868],"words":[{"text":"8x","box":[885,820,898,868]}],"linking":[]},{"id":286,"text":"5","label":"","box":[882,854,892,865],"words":[{"text":"5","box":[882,854,892,865]}],"linking":[]},{"id":287,"text":"%","label":"","box":[892,854,905,865],"words":[{"text":"%","box":[892,854,905,865]}],"linking":[]},{"id":288,"text":"X","label":"","box":[891,896,901,904],"words":[{"text":"X","box":[891,896,901,904]}],"linking":[]},{"id":289,"text":"X","label":"","box":[891,936,900,944],"words":[{"text":"X","box":[891,936,900,944]}],"linking":[]},{"id":290,"text":"X","label":"","box":[891,974,900,982],"words":[{"text":"X","box":[891,974,900,982]}],"linking":[]},{"id":291,"text":"X","label":"","box":[890,1013,899,1021],"words":[{"text":"X","box":[890,1013,899,1021]}],"linking":[]},{"id":292,"text":"X","label":"","box":[890,1052,899,1060],"words":[{"text":"X","box":[890,1052,899,1060]}],"linking":[]},{"id":293,"text":"TIÊN","label":"","box":[946,606,979,620],"words":[{"text":"TIÊN","box":[946,606,979,620]}],"linking":[]},{"id":294,"text":"THUÊ","label":"","box":[986,606,1026,620],"words":[{"text":"THUÊ","box":[986,606,1026,620]}],"linking":[]},{"id":295,"text":"GTGT","label":"","box":[968,631,1011,642],"words":[{"text":"GTGT","box":[968,631,1011,642]}],"linking":[]},{"id":296,"text":"VAT","label":"","box":[947,656,978,667],"words":[{"text":"VAT","box":[947,656,978,667]}],"linking":[]},{"id":297,"text":"amount","label":"","box":[982,656,1035,667],"words":[{"text":"amount","box":[982,656,1035,667]}],"linking":[]},{"id":298,"text":"10,952","label":"","box":[989,854,1037,867],"words":[{"text":"10,952","box":[989,854,1037,867]}],"linking":[]},{"id":299,"text":"TIÊN","label":"","box":[886,1154,920,1170],"words":[{"text":"TIÊN","box":[886,1154,920,1170]}],"linking":[]},{"id":300,"text":"THUÊ","label":"","box":[927,1154,969,1170],"words":[{"text":"THUÊ","box":[927,1154,969,1170]}],"linking":[]},{"id":301,"text":"GTGT","label":"","box":[977,1154,1020,1170],"words":[{"text":"GTGT","box":[977,1154,1020,1170]}],"linking":[]},{"id":302,"text":"10,952","label":"","box":[980,1275,1029,1289],"words":[{"text":"10,952","box":[980,1275,1029,1289]}],"linking":[]},{"id":303,"text":"289,091","label":"","box":[971,1302,1026,1315],"words":[{"text":"289,091","box":[971,1302,1026,1315]}],"linking":[]},{"id":304,"text":"300,043","label":"","box":[971,1329,1028,1342],"words":[{"text":"300,043","box":[971,1329,1028,1342]}],"linking":[]},{"id":305,"text":"289,091","label":"","box":[979,1088,1034,1100],"words":[{"text":"289,091","box":[979,1088,1034,1100]}],"linking":[]},{"id":306,"text":"300,043","label":"","box":[979,1120,1037,1131],"words":[{"text":"300,043","box":[979,1120,1037,1131]}],"linking":[]},{"id":307,"text":"0000562","label":"answer","box":[1039,172,1116,186],"words":[{"text":"0000562","box":[1039,172,1116,186]}],"linking":[[337,307]]},{"id":308,"text":"THÀNH","label":"","box":[1064,606,1115,621],"words":[{"text":"THÀNH","box":[1064,606,1115,621]}],"linking":[]},{"id":309,"text":"TIÊN","label":"","box":[1122,606,1155,621],"words":[{"text":"TIÊN","box":[1122,606,1155,621]}],"linking":[]},{"id":310,"text":"SAU","label":"","box":[1073,629,1102,645],"words":[{"text":"SAU","box":[1073,629,1102,645]}],"linking":[]},{"id":311,"text":"THUÊ","label":"","box":[1109,628,1150,644],"words":[{"text":"THUÊ","box":[1109,628,1150,644]}],"linking":[]},{"id":312,"text":"Amount","label":"","box":[1086,657,1140,668],"words":[{"text":"Amount","box":[1086,657,1140,668]}],"linking":[]},{"id":313,"text":"2,160,000","label":"","box":[1096,701,1168,714],"words":[{"text":"2,160,000","box":[1096,701,1168,714]}],"linking":[]},{"id":314,"text":"5,670,000","label":"","box":[1096,738,1169,751],"words":[{"text":"5,670,000","box":[1096,738,1169,751]}],"linking":[]},{"id":315,"text":"792,000","label":"","box":[1111,778,1168,791],"words":[{"text":"792,000","box":[1111,778,1168,791]}],"linking":[]},{"id":316,"text":"1,980,000","label":"","box":[1098,817,1168,829],"words":[{"text":"1,980,000","box":[1098,817,1168,829]}],"linking":[]},{"id":317,"text":"230,000","label":"","box":[1110,854,1167,867],"words":[{"text":"230,000","box":[1110,854,1167,867]}],"linking":[]},{"id":318,"text":"360,000","label":"","box":[1110,894,1168,907],"words":[{"text":"360,000","box":[1110,894,1168,907]}],"linking":[]},{"id":319,"text":"396,000","label":"","box":[1111,933,1169,946],"words":[{"text":"396,000","box":[1111,933,1169,946]}],"linking":[]},{"id":320,"text":"400,000","label":"","box":[1110,971,1169,983],"words":[{"text":"400,000","box":[1110,971,1169,983]}],"linking":[]},{"id":321,"text":"410,000","label":"","box":[1110,1009,1169,1022],"words":[{"text":"410,000","box":[1110,1009,1169,1022]}],"linking":[]},{"id":322,"text":"315,000","label":"","box":[1110,1048,1168,1062],"words":[{"text":"315,000","box":[1110,1048,1168,1062]}],"linking":[]},{"id":323,"text":"3,180,000","label":"","box":[1097,1088,1169,1099],"words":[{"text":"3,180,000","box":[1097,1088,1169,1099]}],"linking":[]},{"id":324,"text":"15,893,000","label":"","box":[1089,1120,1166,1132],"words":[{"text":"15,893,000","box":[1089,1120,1166,1132]}],"linking":[]},{"id":325,"text":"GIÁ","label":"","box":[1051,1143,1077,1159],"words":[{"text":"GIÁ","box":[1051,1143,1077,1159]}],"linking":[]},{"id":326,"text":"TRỊ","label":"","box":[1083,1143,1107,1159],"words":[{"text":"TRỊ","box":[1083,1143,1107,1159]}],"linking":[]},{"id":327,"text":"THANH","label":"","box":[1114,1143,1169,1159],"words":[{"text":"THANH","box":[1114,1143,1169,1159]}],"linking":[]},{"id":328,"text":"TOÁN","label":"","box":[1090,1168,1133,1182],"words":[{"text":"TOÁN","box":[1090,1168,1133,1182]}],"linking":[]},{"id":329,"text":"12,483,000","label":"","box":[1081,1223,1160,1236],"words":[{"text":"12,483,000","box":[1081,1223,1160,1236]}],"linking":[]},{"id":330,"text":"230,000","label":"","box":[1102,1275,1160,1289],"words":[{"text":"230,000","box":[1102,1275,1160,1289]}],"linking":[]},{"id":331,"text":"3,180,000","label":"","box":[1089,1303,1160,1315],"words":[{"text":"3,180,000","box":[1089,1303,1160,1315]}],"linking":[]},{"id":332,"text":"15,893,000","label":"","box":[1080,1329,1160,1343],"words":[{"text":"15,893,000","box":[1080,1329,1160,1343]}],"linking":[]},{"id":333,"text":"Mẫu số ( Fom ) -","label":"question","box":[874,91,981,112],"words":[{"text":"Mẫu","box":[874,91,905,109]},{"text":"số","box":[910,93,927,110]},{"text":"(","box":[933,93,938,111]},{"text":"Fom","box":[938,94,959,111]},{"text":")","box":[966,94,974,112]},{"text":"-","box":[978,94,981,112]}],"linking":[[333,334]]},{"id":334,"text":"01GTKT0 / 002","label":"answer","box":[1038,96,1140,107],"words":[{"text":"01GTKT0","box":[1038,96,1108,107]},{"text":"/","box":[1109,96,1114,107]},{"text":"002","box":[1114,96,1140,107]}],"linking":[[333,334]]},{"id":335,"text":"Ki hiệu ( Series ) .","label":"question","box":[874,131,984,149],"words":[{"text":"Ki","box":[874,131,888,146]},{"text":"hiệu","box":[894,132,924,147]},{"text":"(","box":[930,132,935,147]},{"text":"Series","box":[934,133,970,148]},{"text":")","box":[972,134,978,149]},{"text":".","box":[980,134,984,149]}],"linking":[]},{"id":336,"text":"BM / 21E","label":"answer","box":[1039,133,1095,144],"words":[{"text":"BM","box":[1039,133,1060,144]},{"text":"/","box":[1062,133,1067,144]},{"text":"21E","box":[1068,133,1095,144]}],"linking":[]},{"id":337,"text":"Số ( No. ) .","label":"question","box":[875,166,942,187],"words":[{"text":"Số","box":[875,166,894,183]},{"text":"(","box":[901,168,905,185]},{"text":"No.","box":[904,170,927,185]},{"text":")","box":[928,170,932,187]},{"text":".","box":[937,170,942,187]}],"linking":[[337,307]]},{"id":338,"text":"Đơn vị bán hàng ( ComName )","label":"question","box":[70,222,270,240],"words":[{"text":"Đơn","box":[70,222,100,238]},{"text":"vị","box":[106,222,117,238]},{"text":"bán","box":[124,222,148,238]},{"text":"hàng","box":[156,223,189,239]},{"text":"(","box":[197,223,201,239]},{"text":"ComName","box":[203,224,265,240]},{"text":")","box":[267,224,270,240]}],"linking":[[338,339]]},{"id":339,"text":"CÔNG TY CỔ PHẦN THUỶ SẢN BÌNH MINH","label":"answer","box":[330,220,660,235],"words":[{"text":"CÔNG","box":[330,220,378,235]},{"text":"TY","box":[384,220,404,235]},{"text":"CỔ","box":[410,220,432,235]},{"text":"PHẦN","box":[440,220,483,235]},{"text":"THUỶ","box":[489,220,533,235]},{"text":"SẢN","box":[538,220,570,235]},{"text":"BÌNH","box":[578,220,614,235]},{"text":"MINH","box":[621,220,660,235]}],"linking":[[338,339]]},{"id":340,"text":"Mã số thuế ( Tax code )","label":"question","box":[71,249,221,270],"words":[{"text":"Mã","box":[71,250,92,266]},{"text":"số","box":[98,249,114,266]},{"text":"thuế","box":[119,250,150,267]},{"text":"(","box":[157,251,162,268]},{"text":"Tax","box":[165,251,183,268]},{"text":"code","box":[188,252,216,269]},{"text":")","box":[219,253,221,270]}],"linking":[[340,119]]},{"id":341,"text":"Địa chỉ ( Address ) .","label":"question","box":[70,281,191,298],"words":[{"text":"Địa","box":[70,282,94,296]},{"text":"chỉ","box":[100,281,119,297]},{"text":"(","box":[126,282,130,297]},{"text":"Address","box":[132,283,179,297]},{"text":")","box":[180,283,185,298]},{"text":".","box":[189,283,191,298]}],"linking":[[341,342]]},{"id":342,"text":"Số 86/28/1 , Phổ Quang , Phường 2 , Quận Tân Bình , TP.HCM","label":"answer","box":[331,280,770,297],"words":[{"text":"Số","box":[331,280,348,297]},{"text":"86/28/1","box":[356,280,406,297]},{"text":",","box":[411,280,412,297]},{"text":"Phổ","box":[420,280,446,297]},{"text":"Quang","box":[454,280,500,297]},{"text":",","box":[503,280,504,297]},{"text":"Phường","box":[512,280,569,297]},{"text":"2","box":[576,280,583,297]},{"text":",","box":[586,280,587,297]},{"text":"Quận","box":[595,280,632,297]},{"text":"Tân","box":[639,280,665,297]},{"text":"Bình","box":[672,280,703,297]},{"text":",","box":[706,280,707,297]},{"text":"TP.HCM","box":[710,280,770,297]}],"linking":[[341,342]]},{"id":343,"text":"Số tài khoản ( BankNo )","label":"question","box":[71,308,223,327],"words":[{"text":"Số","box":[71,308,88,323]},{"text":"tài","box":[95,308,110,324]},{"text":"khoản","box":[118,310,159,324]},{"text":"(","box":[167,310,171,325]},{"text":"BankNo","box":[172,311,216,326]},{"text":")","box":[219,312,223,327]}],"linking":[[343,120]]},{"id":344,"text":"Ngân hàng ( BankName ) :","label":"question","box":[71,338,238,357],"words":[{"text":"Ngân","box":[71,338,107,356]},{"text":"hàng","box":[115,338,148,356]},{"text":"(","box":[155,338,160,356]},{"text":"BankName","box":[162,339,224,357]},{"text":")","box":[228,339,232,357]},{"text":":","box":[235,339,238,357]}],"linking":[[344,345]]},{"id":345,"text":"NH TMCP Công Thương Việt Nam ( Vietinbank ) - CN Tây Sài Gòn , TP.HCM","label":"answer","box":[331,342,880,356],"words":[{"text":"NH","box":[331,342,351,356]},{"text":"TMCP","box":[358,342,403,356]},{"text":"Công","box":[411,342,447,356]},{"text":"Thương","box":[453,342,510,356]},{"text":"Việt","box":[517,342,544,356]},{"text":"Nam","box":[551,342,582,356]},{"text":"(","box":[590,342,595,356]},{"text":"Vietinbank","box":[596,342,666,356]},{"text":")","box":[671,342,675,356]},{"text":"-","box":[681,342,685,356]},{"text":"CN","box":[692,342,712,356]},{"text":"Tây","box":[720,342,746,356]},{"text":"Sài","box":[753,342,774,356]},{"text":"Gòn","box":[781,342,809,356]},{"text":",","box":[812,342,813,356]},{"text":"TP.HCM","box":[820,342,880,356]}],"linking":[[344,345]]},{"id":346,"text":"Họ tên người mua hàng ( Buyer )","label":"question","box":[69,388,293,409],"words":[{"text":"Họ","box":[69,388,86,407]},{"text":"tên","box":[94,388,111,407]},{"text":"người","box":[124,388,165,408]},{"text":"mua","box":[172,389,201,408]},{"text":"hàng","box":[209,389,242,408]},{"text":"(","box":[250,389,253,408]},{"text":"Buyer","box":[256,390,288,409]},{"text":")","box":[291,390,293,409]}],"linking":[]},{"id":347,"text":"Tên đơn vị ( CusName","label":"question","box":[70,417,218,433],"words":[{"text":"Tên","box":[70,417,96,431]},{"text":"đơn","box":[104,418,130,432]},{"text":"vị","box":[136,418,147,432]},{"text":"(","box":[153,419,157,433]},{"text":"CusName","box":[159,419,218,433]}],"linking":[[347,348]]},{"id":348,"text":"Diệp Mỹ Tiên","label":"answer","box":[433,415,525,434],"words":[{"text":"Diệp","box":[433,416,462,434]},{"text":"Mỹ","box":[470,417,490,433]},{"text":"Tiên","box":[496,415,525,432]}],"linking":[[347,348]]},{"id":349,"text":"Mã số thuế ( Tax code )","label":"question","box":[71,443,221,464],"words":[{"text":"Mã","box":[71,444,92,460]},{"text":"số","box":[97,443,114,461]},{"text":"thuế","box":[119,445,149,461]},{"text":"(","box":[157,445,162,462]},{"text":"Tax","box":[162,446,183,463]},{"text":"code","box":[187,446,215,463]},{"text":")","box":[218,447,221,464]}],"linking":[[349,179]]},{"id":350,"text":"Địa chỉ ( Address ) .","label":"question","box":[70,475,194,495],"words":[{"text":"Địa","box":[70,476,93,493]},{"text":"chỉ","box":[100,475,120,494]},{"text":"(","box":[124,476,129,494]},{"text":"Address","box":[131,476,178,494]},{"text":")","box":[179,477,183,495]},{"text":".","box":[189,477,194,495]}],"linking":[[350,351]]},{"id":351,"text":"ấp 09 , xã Tân Duyệt , huyện Đầm Dơi , Tỉnh Cà Mau","label":"answer","box":[432,475,804,492],"words":[{"text":"ấp","box":[432,475,448,492]},{"text":"09","box":[456,475,471,492]},{"text":",","box":[474,475,475,492]},{"text":"xã","box":[482,475,497,492]},{"text":"Tân","box":[504,475,530,492]},{"text":"Duyệt","box":[538,475,579,492]},{"text":",","box":[581,475,582,492]},{"text":"huyện","box":[590,475,631,492]},{"text":"Đầm","box":[638,475,670,492]},{"text":"Dơi","box":[678,475,702,492]},{"text":",","box":[705,475,706,492]},{"text":"Tỉnh","box":[713,475,742,492]},{"text":"Cà","box":[750,475,768,492]},{"text":"Mau","box":[776,475,804,492]}],"linking":[[350,351]]},{"id":352,"text":"Hình thức thanh toán ( Method of payment ) -","label":"question","box":[71,504,361,523],"words":[{"text":"Hình","box":[71,504,103,521]},{"text":"thức","box":[109,504,141,521]},{"text":"thanh","box":[147,504,186,522]},{"text":"toán","box":[192,505,222,522]},{"text":"(","box":[230,505,234,522]},{"text":"Method","box":[234,505,279,522]},{"text":"of","box":[283,506,294,523]},{"text":"payment","box":[298,506,350,523]},{"text":")","box":[352,506,353,523]},{"text":"-","box":[360,506,361,523]}],"linking":[[352,353]]},{"id":353,"text":"Chuyển khoản / Tiền mặt","label":"answer","box":[433,504,605,521],"words":[{"text":"Chuyển","box":[433,504,486,521]},{"text":"khoản","box":[494,504,533,521]},{"text":"/","box":[537,504,542,521]},{"text":"Tiền","box":[544,504,572,521]},{"text":"mặt","box":[580,504,605,521]}],"linking":[[352,353]]},{"id":354,"text":"Số tài khoản ( A / C No ) :","label":"question","box":[685,503,840,523],"words":[{"text":"Số","box":[685,503,702,519]},{"text":"tài","box":[709,503,725,520]},{"text":"khoản","box":[732,505,775,520]},{"text":"(","box":[782,505,786,521]},{"text":"A","box":[787,505,791,521]},{"text":"/","box":[794,506,798,522]},{"text":"C","box":[800,506,808,522]},{"text":"No","box":[813,506,828,522]},{"text":")","box":[831,507,833,523]},{"text":":","box":[840,507,840,523]}],"linking":[]},{"id":355,"text":"Ngân hàng ( Bank Name ) :","label":"question","box":[71,536,242,551],"words":[{"text":"Ngân","box":[71,536,107,550]},{"text":"hàng","box":[114,536,148,550]},{"text":"(","box":[156,536,159,550]},{"text":"Bank","box":[160,536,191,550]},{"text":"Name","box":[195,536,230,550]},{"text":")","box":[233,537,235,551]},{"text":":","box":[241,537,242,551]}],"linking":[]}]