[{"id":0,"text":")","label":"","box":[180,284,185,298],"words":[{"text":")","box":[180,284,185,298]}],"linking":[]},{"id":1,"text":":","label":"","box":[189,284,193,298],"words":[{"text":":","box":[189,284,193,298]}],"linking":[]},{"id":2,"text":"STT","label":"","box":[62,621,90,632],"words":[{"text":"STT","box":[62,621,90,632]}],"linking":[]},{"id":3,"text":"No.","label":"","box":[65,645,88,655],"words":[{"text":"No.","box":[65,645,88,655]}],"linking":[]},{"id":4,"text":"Đơn","label":"","box":[173,56,197,71],"words":[{"text":"Đơn","box":[173,56,197,71]}],"linking":[]},{"id":5,"text":"vị","label":"","box":[203,56,211,71],"words":[{"text":"vị","box":[203,56,211,71]}],"linking":[]},{"id":6,"text":"hỗ","label":"","box":[215,56,229,71],"words":[{"text":"hỗ","box":[215,56,229,71]}],"linking":[]},{"id":7,"text":"trợ","label":"","box":[234,56,250,71],"words":[{"text":"trợ","box":[234,56,250,71]}],"linking":[]},{"id":8,"text":"cung","label":"","box":[254,56,282,71],"words":[{"text":"cung","box":[254,56,282,71]}],"linking":[]},{"id":9,"text":"cấp","label":"","box":[287,56,307,71],"words":[{"text":"cấp","box":[287,56,307,71]}],"linking":[]},{"id":10,"text":"công","label":"","box":[312,56,339,71],"words":[{"text":"công","box":[312,56,339,71]}],"linking":[]},{"id":11,"text":"cụ","label":"","box":[344,56,357,71],"words":[{"text":"cụ","box":[344,56,357,71]}],"linking":[]},{"id":12,"text":"phát","label":"","box":[361,56,387,71],"words":[{"text":"phát","box":[361,56,387,71]}],"linking":[]},{"id":13,"text":"hành","label":"","box":[392,56,420,71],"words":[{"text":"hành","box":[392,56,420,71]}],"linking":[]},{"id":14,"text":"hóa","label":"","box":[425,56,446,71],"words":[{"text":"hóa","box":[425,56,446,71]}],"linking":[]},{"id":15,"text":"đơn","label":"","box":[451,56,473,71],"words":[{"text":"đơn","box":[451,56,473,71]}],"linking":[]},{"id":16,"text":"điện","label":"","box":[478,56,502,71],"words":[{"text":"điện","box":[478,56,502,71]}],"linking":[]},{"id":17,"text":"tử","label":"","box":[507,56,514,71],"words":[{"text":"tử","box":[507,56,514,71]}],"linking":[]},{"id":18,"text":":","label":"","box":[518,56,521,71],"words":[{"text":":","box":[518,56,521,71]}],"linking":[]},{"id":19,"text":"Công","label":"","box":[527,56,557,71],"words":[{"text":"Công","box":[527,56,557,71]}],"linking":[]},{"id":20,"text":"ty","label":"","box":[562,56,572,71],"words":[{"text":"ty","box":[562,56,572,71]}],"linking":[]},{"id":21,"text":"Cổ","label":"","box":[576,56,592,71],"words":[{"text":"Cổ","box":[576,56,592,71]}],"linking":[]},{"id":22,"text":"phần","label":"","box":[596,56,625,71],"words":[{"text":"phần","box":[596,56,625,71]}],"linking":[]},{"id":23,"text":"Định","label":"","box":[630,56,656,71],"words":[{"text":"Định","box":[630,56,656,71]}],"linking":[]},{"id":24,"text":"Gia","label":"","box":[661,56,680,71],"words":[{"text":"Gia","box":[661,56,680,71]}],"linking":[]},{"id":25,"text":"Nét","label":"","box":[686,56,706,71],"words":[{"text":"Nét","box":[686,56,706,71]}],"linking":[]},{"id":26,"text":"-","label":"","box":[710,56,713,71],"words":[{"text":"-","box":[710,56,713,71]}],"linking":[]},{"id":27,"text":"DigiNet","label":"","box":[718,56,761,71],"words":[{"text":"DigiNet","box":[718,56,761,71]}],"linking":[]},{"id":28,"text":"Corp","label":"","box":[765,56,791,71],"words":[{"text":"Corp","box":[765,56,791,71]}],"linking":[]},{"id":29,"text":",","label":"","box":[793,56,795,71],"words":[{"text":",","box":[793,56,795,71]}],"linking":[]},{"id":30,"text":"MST","label":"","box":[801,56,825,71],"words":[{"text":"MST","box":[801,56,825,71]}],"linking":[]},{"id":31,"text":":","label":"","box":[828,56,832,71],"words":[{"text":":","box":[828,56,832,71]}],"linking":[]},{"id":32,"text":"0303359278","label":"","box":[837,56,907,71],"words":[{"text":"0303359278","box":[837,56,907,71]}],"linking":[]},{"id":33,"text":",","label":"","box":[910,56,912,71],"words":[{"text":",","box":[910,56,912,71]}],"linking":[]},{"id":34,"text":"Điện","label":"","box":[918,56,944,71],"words":[{"text":"Điện","box":[918,56,944,71]}],"linking":[]},{"id":35,"text":"thoại","label":"","box":[949,56,977,71],"words":[{"text":"thoại","box":[949,56,977,71]}],"linking":[]},{"id":36,"text":":","label":"","box":[979,56,980,71],"words":[{"text":":","box":[979,56,980,71]}],"linking":[]},{"id":37,"text":"028","label":"","box":[985,56,1006,71],"words":[{"text":"028","box":[985,56,1006,71]}],"linking":[]},{"id":38,"text":"35123878","label":"","box":[1011,56,1069,71],"words":[{"text":"35123878","box":[1011,56,1069,71]}],"linking":[]},{"id":39,"text":"HÓA","label":"","box":[389,94,453,128],"words":[{"text":"HÓA","box":[389,94,453,128]}],"linking":[]},{"id":40,"text":"ĐƠN","label":"","box":[462,94,532,128],"words":[{"text":"ĐƠN","box":[462,94,532,128]}],"linking":[]},{"id":41,"text":"GIÁ","label":"","box":[545,94,597,128],"words":[{"text":"GIÁ","box":[545,94,597,128]}],"linking":[]},{"id":42,"text":"TRỊ","label":"","box":[606,94,654,128],"words":[{"text":"TRỊ","box":[606,94,654,128]}],"linking":[]},{"id":43,"text":"GIA","label":"","box":[666,94,718,128],"words":[{"text":"GIA","box":[666,94,718,128]}],"linking":[]},{"id":44,"text":"TĂNG","label":"","box":[728,94,811,128],"words":[{"text":"TĂNG","box":[728,94,811,128]}],"linking":[]},{"id":45,"text":"VAT","label":"","box":[522,144,572,162],"words":[{"text":"VAT","box":[522,144,572,162]}],"linking":[]},{"id":46,"text":"INVOICE","label":"","box":[578,144,681,162],"words":[{"text":"INVOICE","box":[578,144,681,162]}],"linking":[]},{"id":47,"text":"Ngày","label":"","box":[431,177,466,194],"words":[{"text":"Ngày","box":[431,177,466,194]}],"linking":[]},{"id":48,"text":"(","label":"","box":[473,177,476,193],"words":[{"text":"(","box":[473,177,476,193]}],"linking":[]},{"id":49,"text":"Date","label":"","box":[477,177,503,193],"words":[{"text":"Date","box":[477,177,503,193]}],"linking":[]},{"id":50,"text":")","label":"","box":[506,177,509,193],"words":[{"text":")","box":[506,177,509,193]}],"linking":[]},{"id":51,"text":"25","label":"","box":[514,177,531,193],"words":[{"text":"25","box":[514,177,531,193]}],"linking":[]},{"id":52,"text":"tháng","label":"","box":[537,177,576,193],"words":[{"text":"tháng","box":[537,177,576,193]}],"linking":[]},{"id":53,"text":"(","label":"","box":[584,177,587,193],"words":[{"text":"(","box":[584,177,587,193]}],"linking":[]},{"id":54,"text":"month","label":"","box":[586,177,623,193],"words":[{"text":"month","box":[586,177,623,193]}],"linking":[]},{"id":55,"text":")","label":"","box":[626,177,629,193],"words":[{"text":")","box":[626,177,629,193]}],"linking":[]},{"id":56,"text":"03","label":"","box":[634,176,651,193],"words":[{"text":"03","box":[634,176,651,193]}],"linking":[]},{"id":57,"text":"năm","label":"","box":[658,176,686,192],"words":[{"text":"năm","box":[658,176,686,192]}],"linking":[]},{"id":58,"text":"(","label":"","box":[695,176,699,192],"words":[{"text":"(","box":[695,176,699,192]}],"linking":[]},{"id":59,"text":"year","label":"","box":[699,176,723,192],"words":[{"text":"year","box":[699,176,723,192]}],"linking":[]},{"id":60,"text":")","label":"","box":[726,176,729,192],"words":[{"text":")","box":[726,176,729,192]}],"linking":[]},{"id":61,"text":"2022","label":"","box":[734,176,768,192],"words":[{"text":"2022","box":[734,176,768,192]}],"linking":[]},{"id":62,"text":"1","label":"","box":[72,700,79,712],"words":[{"text":"1","box":[72,700,79,712]}],"linking":[]},{"id":63,"text":"BINH","label":"","box":[161,172,189,185],"words":[{"text":"BINH","box":[161,172,189,185]}],"linking":[]},{"id":64,"text":"MINH","label":"","box":[196,172,229,184],"words":[{"text":"MINH","box":[196,172,229,184]}],"linking":[]},{"id":65,"text":":","label":"","box":[360,505,361,522],"words":[{"text":":","box":[360,505,361,522]}],"linking":[]},{"id":66,"text":"2","label":"","box":[71,740,80,750],"words":[{"text":"2","box":[71,740,80,750]}],"linking":[]},{"id":67,"text":"0303880297","label":"answer","box":[330,254,419,265],"words":[{"text":"0303880297","box":[330,254,419,265]}],"linking":[[229,67]]},{"id":68,"text":"112002622316","label":"answer","box":[331,311,439,323],"words":[{"text":"112002622316","box":[331,311,439,323]}],"linking":[[232,68]]},{"id":69,"text":"TÊN","label":"","box":[179,617,209,634],"words":[{"text":"TÊN","box":[179,617,209,634]}],"linking":[]},{"id":70,"text":"HÀNG","label":"","box":[214,618,258,634],"words":[{"text":"HÀNG","box":[214,618,258,634]}],"linking":[]},{"id":71,"text":"HÓA","label":"","box":[264,618,293,635],"words":[{"text":"HÓA","box":[264,618,293,635]}],"linking":[]},{"id":72,"text":",","label":"","box":[297,618,299,635],"words":[{"text":",","box":[297,618,299,635]}],"linking":[]},{"id":73,"text":"DỊCH","label":"","box":[307,618,343,635],"words":[{"text":"DỊCH","box":[307,618,343,635]}],"linking":[]},{"id":74,"text":"VỤ","label":"","box":[349,619,369,636],"words":[{"text":"VỤ","box":[349,619,369,636]}],"linking":[]},{"id":75,"text":"Description","label":"","box":[236,645,313,658],"words":[{"text":"Description","box":[236,645,313,658]}],"linking":[]},{"id":76,"text":"VITA","label":"","box":[102,701,138,712],"words":[{"text":"VITA","box":[102,701,138,712]}],"linking":[]},{"id":77,"text":"ANTI","label":"","box":[143,701,180,712],"words":[{"text":"ANTI","box":[143,701,180,712]}],"linking":[]},{"id":78,"text":"TRESS","label":"","box":[186,701,239,712],"words":[{"text":"TRESS","box":[186,701,239,712]}],"linking":[]},{"id":79,"text":"1KG","label":"","box":[246,701,276,712],"words":[{"text":"1KG","box":[246,701,276,712]}],"linking":[]},{"id":80,"text":"SUPERZIM","label":"","box":[103,738,184,751],"words":[{"text":"SUPERZIM","box":[103,738,184,751]}],"linking":[]},{"id":81,"text":"500ML","label":"","box":[193,738,241,751],"words":[{"text":"500ML","box":[193,738,241,751]}],"linking":[]},{"id":82,"text":"TỔNG","label":"","box":[212,1047,258,1063],"words":[{"text":"TỔNG","box":[212,1047,258,1063]}],"linking":[]},{"id":83,"text":"HỢP","label":"","box":[265,1048,299,1064],"words":[{"text":"HỢP","box":[265,1048,299,1064]}],"linking":[]},{"id":84,"text":"Tổng","label":"","box":[76,1087,111,1104],"words":[{"text":"Tổng","box":[76,1087,111,1104]}],"linking":[]},{"id":85,"text":"tiền","label":"","box":[117,1087,142,1104],"words":[{"text":"tiền","box":[117,1087,142,1104]}],"linking":[]},{"id":86,"text":"không","label":"","box":[150,1087,191,1104],"words":[{"text":"không","box":[150,1087,191,1104]}],"linking":[]},{"id":87,"text":"kê","label":"","box":[199,1087,213,1104],"words":[{"text":"kê","box":[199,1087,213,1104]}],"linking":[]},{"id":88,"text":"khai","label":"","box":[221,1087,248,1104],"words":[{"text":"khai","box":[221,1087,248,1104]}],"linking":[]},{"id":89,"text":"và","label":"","box":[254,1087,270,1104],"words":[{"text":"và","box":[254,1087,270,1104]}],"linking":[]},{"id":90,"text":"nộp","label":"","box":[277,1087,302,1104],"words":[{"text":"nộp","box":[277,1087,302,1104]}],"linking":[]},{"id":91,"text":"thuế","label":"","box":[308,1087,338,1104],"words":[{"text":"thuế","box":[308,1087,338,1104]}],"linking":[]},{"id":92,"text":":","label":"","box":[341,1087,341,1104],"words":[{"text":":","box":[341,1087,341,1104]}],"linking":[]},{"id":93,"text":"Tổng","label":"","box":[76,1112,110,1131],"words":[{"text":"Tổng","box":[76,1112,110,1131]}],"linking":[]},{"id":94,"text":"tiền","label":"","box":[116,1112,141,1130],"words":[{"text":"tiền","box":[116,1112,141,1130]}],"linking":[]},{"id":95,"text":"không","label":"","box":[149,1112,190,1130],"words":[{"text":"không","box":[149,1112,190,1130]}],"linking":[]},{"id":96,"text":"chịu","label":"","box":[197,1112,225,1130],"words":[{"text":"chịu","box":[197,1112,225,1130]}],"linking":[]},{"id":97,"text":"thuế","label":"","box":[231,1112,261,1130],"words":[{"text":"thuế","box":[231,1112,261,1130]}],"linking":[]},{"id":98,"text":"GTGT","label":"","box":[269,1111,311,1130],"words":[{"text":"GTGT","box":[269,1111,311,1130]}],"linking":[]},{"id":99,"text":":","label":"","box":[314,1111,316,1129],"words":[{"text":":","box":[314,1111,316,1129]}],"linking":[]},{"id":100,"text":"Tổng","label":"","box":[76,1138,110,1158],"words":[{"text":"Tổng","box":[76,1138,110,1158]}],"linking":[]},{"id":101,"text":"tiền","label":"","box":[116,1138,141,1157],"words":[{"text":"tiền","box":[116,1138,141,1157]}],"linking":[]},{"id":102,"text":"chịu","label":"","box":[148,1138,176,1157],"words":[{"text":"chịu","box":[148,1138,176,1157]}],"linking":[]},{"id":103,"text":"thuế","label":"","box":[182,1137,212,1157],"words":[{"text":"thuế","box":[182,1137,212,1157]}],"linking":[]},{"id":104,"text":"suất","label":"","box":[220,1137,248,1156],"words":[{"text":"suất","box":[220,1137,248,1156]}],"linking":[]},{"id":105,"text":":","label":"","box":[251,1137,251,1156],"words":[{"text":":","box":[251,1137,251,1156]}],"linking":[]},{"id":106,"text":"Tổng","label":"","box":[76,1164,111,1184],"words":[{"text":"Tổng","box":[76,1164,111,1184]}],"linking":[]},{"id":107,"text":"tiền","label":"","box":[117,1164,142,1184],"words":[{"text":"tiền","box":[117,1164,142,1184]}],"linking":[]},{"id":108,"text":"chịu","label":"","box":[150,1164,177,1184],"words":[{"text":"chịu","box":[150,1164,177,1184]}],"linking":[]},{"id":109,"text":"thuế","label":"","box":[183,1164,213,1184],"words":[{"text":"thuế","box":[183,1164,213,1184]}],"linking":[]},{"id":110,"text":"suất","label":"","box":[221,1164,251,1184],"words":[{"text":"suất","box":[221,1164,251,1184]}],"linking":[]},{"id":111,"text":"Tổng","label":"","box":[76,1193,111,1210],"words":[{"text":"Tổng","box":[76,1193,111,1210]}],"linking":[]},{"id":112,"text":"tiền","label":"","box":[117,1193,142,1210],"words":[{"text":"tiền","box":[117,1193,142,1210]}],"linking":[]},{"id":113,"text":"chịu","label":"","box":[149,1193,177,1210],"words":[{"text":"chịu","box":[149,1193,177,1210]}],"linking":[]},{"id":114,"text":"thuế","label":"","box":[183,1193,213,1210],"words":[{"text":"thuế","box":[183,1193,213,1210]}],"linking":[]},{"id":115,"text":"suất","label":"","box":[221,1193,249,1210],"words":[{"text":"suất","box":[221,1193,249,1210]}],"linking":[]},{"id":116,"text":":","label":"","box":[252,1193,253,1210],"words":[{"text":":","box":[252,1193,253,1210]}],"linking":[]},{"id":117,"text":"Tổng","label":"","box":[76,1218,111,1238],"words":[{"text":"Tổng","box":[76,1218,111,1238]}],"linking":[]},{"id":118,"text":"cộng","label":"","box":[117,1218,151,1238],"words":[{"text":"cộng","box":[117,1218,151,1238]}],"linking":[]},{"id":119,"text":"tiền","label":"","box":[158,1218,182,1238],"words":[{"text":"tiền","box":[158,1218,182,1238]}],"linking":[]},{"id":120,"text":"thanh","label":"","box":[189,1218,228,1238],"words":[{"text":"thanh","box":[189,1218,228,1238]}],"linking":[]},{"id":121,"text":"toán","label":"","box":[232,1218,261,1238],"words":[{"text":"toán","box":[232,1218,261,1238]}],"linking":[]},{"id":122,"text":")","label":"","box":[375,1255,378,1272],"words":[{"text":")","box":[375,1255,378,1272]}],"linking":[]},{"id":123,"text":"Người","label":"","box":[255,1301,298,1316],"words":[{"text":"Người","box":[255,1301,298,1316]}],"linking":[]},{"id":124,"text":"mua","label":"","box":[306,1301,336,1316],"words":[{"text":"mua","box":[306,1301,336,1316]}],"linking":[]},{"id":125,"text":"hàng","label":"","box":[342,1301,376,1317],"words":[{"text":"hàng","box":[342,1301,376,1317]}],"linking":[]},{"id":126,"text":"(","label":"","box":[384,1302,387,1317],"words":[{"text":"(","box":[384,1302,387,1317]}],"linking":[]},{"id":127,"text":"Buyer","label":"","box":[387,1302,423,1317],"words":[{"text":"Buyer","box":[387,1302,423,1317]}],"linking":[]},{"id":128,"text":")","label":"","box":[425,1302,427,1317],"words":[{"text":")","box":[425,1302,427,1317]}],"linking":[]},{"id":129,"text":"ĐƠN","label":"","box":[469,609,503,622],"words":[{"text":"ĐƠN","box":[469,609,503,622]}],"linking":[]},{"id":130,"text":"VỊ","label":"","box":[509,609,522,622],"words":[{"text":"VỊ","box":[509,609,522,622]}],"linking":[]},{"id":131,"text":"ΤΊΝΗ","label":"","box":[481,630,516,644],"words":[{"text":"ΤΊΝΗ","box":[481,630,516,644]}],"linking":[]},{"id":132,"text":"Unit","label":"","box":[486,657,513,668],"words":[{"text":"Unit","box":[486,657,513,668]}],"linking":[]},{"id":133,"text":"Hũ","label":"","box":[488,701,506,712],"words":[{"text":"Hũ","box":[488,701,506,712]}],"linking":[]},{"id":134,"text":"Chai","label":"","box":[482,738,514,750],"words":[{"text":"Chai","box":[482,738,514,750]}],"linking":[]},{"id":135,"text":"SÓ","label":"","box":[563,607,584,620],"words":[{"text":"SÓ","box":[563,607,584,620]}],"linking":[]},{"id":136,"text":"LƯỢNG","label":"","box":[549,632,606,645],"words":[{"text":"LƯỢNG","box":[549,632,606,645]}],"linking":[]},{"id":137,"text":"Quantity","label":"","box":[549,657,607,670],"words":[{"text":"Quantity","box":[549,657,607,670]}],"linking":[]},{"id":138,"text":"0","label":"","box":[521,1142,530,1153],"words":[{"text":"0","box":[521,1142,530,1153]}],"linking":[]},{"id":139,"text":"%","label":"","box":[529,1142,541,1153],"words":[{"text":"%","box":[529,1142,541,1153]}],"linking":[]},{"id":140,"text":"5","label":"","box":[521,1169,530,1179],"words":[{"text":"5","box":[521,1169,530,1179]}],"linking":[]},{"id":141,"text":"%","label":"","box":[529,1169,542,1179],"words":[{"text":"%","box":[529,1169,542,1179]}],"linking":[]},{"id":142,"text":"10","label":"","box":[517,1196,534,1207],"words":[{"text":"10","box":[517,1196,534,1207]}],"linking":[]},{"id":143,"text":"%","label":"","box":[535,1196,547,1207],"words":[{"text":"%","box":[535,1196,547,1207]}],"linking":[]},{"id":144,"text":"120","label":"","box":[564,701,589,711],"words":[{"text":"120","box":[564,701,589,711]}],"linking":[]},{"id":145,"text":"120","label":"","box":[564,739,588,750],"words":[{"text":"120","box":[564,739,588,750]}],"linking":[]},{"id":146,"text":"THUẾ","label":"","box":[487,1048,530,1062],"words":[{"text":"THUẾ","box":[487,1048,530,1062]}],"linking":[]},{"id":147,"text":"SUẤT","label":"","box":[537,1048,579,1062],"words":[{"text":"SUẤT","box":[537,1048,579,1062]}],"linking":[]},{"id":148,"text":"ĐƠN","label":"","box":[645,618,678,636],"words":[{"text":"ĐƠN","box":[645,618,678,636]}],"linking":[]},{"id":149,"text":"GIÁ","label":"","box":[687,616,709,634],"words":[{"text":"GIÁ","box":[687,616,709,634]}],"linking":[]},{"id":150,"text":"Price","label":"","box":[662,644,697,655],"words":[{"text":"Price","box":[662,644,697,655]}],"linking":[]},{"id":151,"text":"1/1","label":"","box":[606,1716,635,1731],"words":[{"text":"1/1","box":[606,1716,635,1731]}],"linking":[]},{"id":152,"text":"132,500.000","label":"","box":[646,699,734,715],"words":[{"text":"132,500.000","box":[646,699,734,715]}],"linking":[]},{"id":153,"text":"192,500.000","label":"","box":[646,737,735,752],"words":[{"text":"192,500.000","box":[646,737,735,752]}],"linking":[]},{"id":154,"text":"THÀNH","label":"","box":[763,617,816,632],"words":[{"text":"THÀNH","box":[763,617,816,632]}],"linking":[]},{"id":155,"text":"TIÊN","label":"","box":[821,617,856,633],"words":[{"text":"TIÊN","box":[821,617,856,633]}],"linking":[]},{"id":156,"text":"Total","label":"","box":[794,644,828,656],"words":[{"text":"Total","box":[794,644,828,656]}],"linking":[]},{"id":157,"text":"Cộng","label":"","box":[630,1012,666,1027],"words":[{"text":"Cộng","box":[630,1012,666,1027]}],"linking":[]},{"id":158,"text":"(","label":"","box":[674,1012,678,1027],"words":[{"text":"(","box":[674,1012,678,1027]}],"linking":[]},{"id":159,"text":"Sub","label":"","box":[680,1012,701,1027],"words":[{"text":"Sub","box":[680,1012,701,1027]}],"linking":[]},{"id":160,"text":"total","label":"","box":[707,1012,731,1027],"words":[{"text":"total","box":[707,1012,731,1027]}],"linking":[]},{"id":161,"text":")","label":"","box":[733,1012,735,1027],"words":[{"text":")","box":[733,1012,735,1027]}],"linking":[]},{"id":162,"text":":","label":"","box":[739,1012,742,1027],"words":[{"text":":","box":[739,1012,742,1027]}],"linking":[]},{"id":163,"text":"39,000,000","label":"","box":[784,1013,865,1026],"words":[{"text":"39,000,000","box":[784,1013,865,1026]}],"linking":[]},{"id":164,"text":"TRỊ","label":"","box":[637,1048,661,1064],"words":[{"text":"TRỊ","box":[637,1048,661,1064]}],"linking":[]},{"id":165,"text":"GIÁ","label":"","box":[669,1048,696,1064],"words":[{"text":"GIÁ","box":[669,1048,696,1064]}],"linking":[]},{"id":166,"text":"CHƯA","label":"","box":[702,1048,749,1064],"words":[{"text":"CHƯA","box":[702,1048,749,1064]}],"linking":[]},{"id":167,"text":"THUẾ","label":"","box":[754,1048,797,1064],"words":[{"text":"THUẾ","box":[754,1048,797,1064]}],"linking":[]},{"id":168,"text":"GTGT","label":"","box":[805,1048,847,1064],"words":[{"text":"GTGT","box":[805,1048,847,1064]}],"linking":[]},{"id":169,"text":"15,900,000","label":"","box":[785,701,865,714],"words":[{"text":"15,900,000","box":[785,701,865,714]}],"linking":[]},{"id":170,"text":"X","label":"","box":[903,704,912,712],"words":[{"text":"X","box":[903,704,912,712]}],"linking":[]},{"id":171,"text":"23,100,000","label":"","box":[783,739,864,752],"words":[{"text":"23,100,000","box":[783,739,864,752]}],"linking":[]},{"id":172,"text":"X","label":"","box":[904,742,914,750],"words":[{"text":"X","box":[904,742,914,750]}],"linking":[]},{"id":173,"text":"39,000,000","label":"","box":[776,1115,855,1129],"words":[{"text":"39,000,000","box":[776,1115,855,1129]}],"linking":[]},{"id":174,"text":"THUÊ","label":"","box":[886,593,927,608],"words":[{"text":"THUÊ","box":[886,593,927,608]}],"linking":[]},{"id":175,"text":"SUÅT","label":"","box":[886,620,928,632],"words":[{"text":"SUÅT","box":[886,620,928,632]}],"linking":[]},{"id":176,"text":"GTGT","label":"","box":[888,644,932,655],"words":[{"text":"GTGT","box":[888,644,932,655]}],"linking":[]},{"id":177,"text":"VAT","label":"","box":[879,669,908,678],"words":[{"text":"VAT","box":[879,669,908,678]}],"linking":[]},{"id":178,"text":"rate","label":"","box":[913,668,939,678],"words":[{"text":"rate","box":[913,668,939,678]}],"linking":[]},{"id":179,"text":"39,000,000","label":"","box":[775,1221,855,1235],"words":[{"text":"39,000,000","box":[775,1221,855,1235]}],"linking":[]},{"id":180,"text":"TIÊN","label":"","box":[892,1047,926,1062],"words":[{"text":"TIÊN","box":[892,1047,926,1062]}],"linking":[]},{"id":181,"text":"THUÊ","label":"","box":[935,1047,976,1062],"words":[{"text":"THUÊ","box":[935,1047,976,1062]}],"linking":[]},{"id":182,"text":"GIGT","label":"","box":[984,1047,1026,1062],"words":[{"text":"GIGT","box":[984,1047,1026,1062]}],"linking":[]},{"id":183,"text":"Người","label":"","box":[817,1301,860,1316],"words":[{"text":"Người","box":[817,1301,860,1316]}],"linking":[]},{"id":184,"text":"bán","label":"","box":[868,1301,893,1316],"words":[{"text":"bán","box":[868,1301,893,1316]}],"linking":[]},{"id":185,"text":"hàng","label":"","box":[900,1301,934,1317],"words":[{"text":"hàng","box":[900,1301,934,1317]}],"linking":[]},{"id":186,"text":"(","label":"","box":[942,1302,946,1317],"words":[{"text":"(","box":[942,1302,946,1317]}],"linking":[]},{"id":187,"text":"Seller","label":"","box":[947,1302,978,1317],"words":[{"text":"Seller","box":[947,1302,978,1317]}],"linking":[]},{"id":188,"text":")","label":"","box":[981,1302,984,1317],"words":[{"text":")","box":[981,1302,984,1317]}],"linking":[]},{"id":189,"text":"TIÊN","label":"","box":[952,605,984,621],"words":[{"text":"TIÊN","box":[952,605,984,621]}],"linking":[]},{"id":190,"text":"THUÊ","label":"","box":[991,605,1031,620],"words":[{"text":"THUÊ","box":[991,605,1031,620]}],"linking":[]},{"id":191,"text":"GTGT","label":"","box":[973,632,1017,643],"words":[{"text":"GTGT","box":[973,632,1017,643]}],"linking":[]},{"id":192,"text":"VAT","label":"","box":[953,657,982,668],"words":[{"text":"VAT","box":[953,657,982,668]}],"linking":[]},{"id":193,"text":"amount","label":"","box":[987,657,1040,668],"words":[{"text":"amount","box":[987,657,1040,668]}],"linking":[]},{"id":194,"text":"0000556","label":"answer","box":[1039,173,1115,186],"words":[{"text":"0000556","box":[1039,173,1115,186]}],"linking":[[244,194]]},{"id":195,"text":"THÀNH","label":"","box":[1063,606,1115,620],"words":[{"text":"THÀNH","box":[1063,606,1115,620]}],"linking":[]},{"id":196,"text":"TIỀN","label":"","box":[1121,606,1155,620],"words":[{"text":"TIỀN","box":[1121,606,1155,620]}],"linking":[]},{"id":197,"text":"SAU","label":"","box":[1074,629,1101,645],"words":[{"text":"SAU","box":[1074,629,1101,645]}],"linking":[]},{"id":198,"text":"THUÊ","label":"","box":[1108,628,1150,644],"words":[{"text":"THUÊ","box":[1108,628,1150,644]}],"linking":[]},{"id":199,"text":"Amount","label":"","box":[1086,656,1139,667],"words":[{"text":"Amount","box":[1086,656,1139,667]}],"linking":[]},{"id":200,"text":"Signature","label":"","box":[777,1349,845,1366],"words":[{"text":"Signature","box":[777,1349,845,1366]}],"linking":[]},{"id":201,"text":"Valid","label":"","box":[850,1348,890,1364],"words":[{"text":"Valid","box":[850,1348,890,1364]}],"linking":[]},{"id":202,"text":"Ký","label":"","box":[777,1368,797,1390],"words":[{"text":"Ký","box":[777,1368,797,1390]}],"linking":[]},{"id":203,"text":"bởi","label":"","box":[803,1368,825,1389],"words":[{"text":"bởi","box":[803,1368,825,1389]}],"linking":[]},{"id":204,"text":":","label":"","box":[828,1368,829,1389],"words":[{"text":":","box":[828,1368,829,1389]}],"linking":[]},{"id":205,"text":"CÔNG","label":"","box":[837,1368,887,1389],"words":[{"text":"CÔNG","box":[837,1368,887,1389]}],"linking":[]},{"id":206,"text":"TY","label":"","box":[895,1368,911,1389],"words":[{"text":"TY","box":[895,1368,911,1389]}],"linking":[]},{"id":207,"text":"CỔ","label":"","box":[921,1367,940,1388],"words":[{"text":"CỔ","box":[921,1367,940,1388]}],"linking":[]},{"id":208,"text":"PHẦN","label":"","box":[952,1367,1000,1388],"words":[{"text":"PHẦN","box":[952,1367,1000,1388]}],"linking":[]},{"id":209,"text":"THỦY","label":"","box":[1006,1367,1055,1388],"words":[{"text":"THỦY","box":[1006,1367,1055,1388]}],"linking":[]},{"id":210,"text":"SẢN","label":"","box":[778,1395,813,1410],"words":[{"text":"SẢN","box":[778,1395,813,1410]}],"linking":[]},{"id":211,"text":"BÌNH","label":"","box":[818,1395,862,1410],"words":[{"text":"BÌNH","box":[818,1395,862,1410]}],"linking":[]},{"id":212,"text":"MINH","label":"","box":[867,1395,915,1410],"words":[{"text":"MINH","box":[867,1395,915,1410]}],"linking":[]},{"id":213,"text":"|","label":"","box":[772,1419,773,1440],"words":[{"text":"|","box":[772,1419,773,1440]}],"linking":[]},{"id":214,"text":"Ngày","label":"","box":[774,1417,812,1439],"words":[{"text":"Ngày","box":[774,1417,812,1439]}],"linking":[]},{"id":215,"text":"ký","label":"","box":[820,1418,835,1439],"words":[{"text":"ký","box":[820,1418,835,1439]}],"linking":[]},{"id":216,"text":":","label":"","box":[838,1418,841,1439],"words":[{"text":":","box":[838,1418,841,1439]}],"linking":[]},{"id":217,"text":"25/03/2022","label":"","box":[848,1416,929,1439],"words":[{"text":"25/03/2022","box":[848,1416,929,1439]}],"linking":[]},{"id":218,"text":"15,900,000","label":"","box":[1089,701,1169,714],"words":[{"text":"15,900,000","box":[1089,701,1169,714]}],"linking":[]},{"id":219,"text":"23,100,000","label":"","box":[1087,739,1169,752],"words":[{"text":"23,100,000","box":[1087,739,1169,752]}],"linking":[]},{"id":220,"text":"39,000,000","label":"","box":[1088,1013,1169,1025],"words":[{"text":"39,000,000","box":[1088,1013,1169,1025]}],"linking":[]},{"id":221,"text":"GIÁ","label":"","box":[1051,1036,1077,1052],"words":[{"text":"GIÁ","box":[1051,1036,1077,1052]}],"linking":[]},{"id":222,"text":"TRỊ","label":"","box":[1082,1036,1106,1052],"words":[{"text":"TRỊ","box":[1082,1036,1106,1052]}],"linking":[]},{"id":223,"text":"THANH","label":"","box":[1113,1036,1167,1052],"words":[{"text":"THANH","box":[1113,1036,1167,1052]}],"linking":[]},{"id":224,"text":"TOÁN","label":"","box":[1089,1059,1131,1074],"words":[{"text":"TOÁN","box":[1089,1059,1131,1074]}],"linking":[]},{"id":225,"text":"39,000,000","label":"","box":[1080,1114,1159,1128],"words":[{"text":"39,000,000","box":[1080,1114,1159,1128]}],"linking":[]},{"id":226,"text":"39,000,000","label":"","box":[1079,1222,1161,1235],"words":[{"text":"39,000,000","box":[1079,1222,1161,1235]}],"linking":[]},{"id":227,"text":"CÔNG TY CỔ PHẦN THUỶ SẢN BÌNH MINH","label":"answer","box":[330,222,660,236],"words":[{"text":"CÔNG","box":[330,222,378,236]},{"text":"TY","box":[384,222,404,236]},{"text":"CỔ","box":[410,222,432,236]},{"text":"PHẦN","box":[440,222,483,236]},{"text":"THUỶ","box":[489,222,533,236]},{"text":"SẢN","box":[538,222,570,236]},{"text":"BÌNH","box":[578,222,614,236]},{"text":"MINH","box":[621,222,660,236]}],"linking":[[228,227]]},{"id":228,"text":"Đơn vị bán hàng ( ComName ) :","label":"question","box":[68,221,277,240],"words":[{"text":"Đơn","box":[68,221,97,239]},{"text":"vị","box":[104,221,119,239]},{"text":"bán","box":[124,221,148,239]},{"text":"hàng","box":[156,221,189,239]},{"text":"(","box":[196,221,201,239]},{"text":"ComName","box":[203,221,264,240]},{"text":")","box":[267,222,271,240]},{"text":":","box":[274,222,277,240]}],"linking":[[228,227]]},{"id":229,"text":"Mã số thuế ( Tax code )","label":"question","box":[70,249,221,271],"words":[{"text":"Mã","box":[70,250,92,267]},{"text":"số","box":[97,249,114,268]},{"text":"thuế","box":[118,251,149,268]},{"text":"(","box":[156,251,162,269]},{"text":"Tax","box":[162,252,183,270]},{"text":"code","box":[187,253,215,270]},{"text":")","box":[217,253,221,271]}],"linking":[[229,67]]},{"id":230,"text":"Dia chỉ ( Address","label":"question","box":[70,283,179,297],"words":[{"text":"Dia","box":[70,283,94,296]},{"text":"chỉ","box":[99,283,119,297]},{"text":"(","box":[126,283,131,297]},{"text":"Address","box":[129,284,179,297]}],"linking":[[230,231]]},{"id":231,"text":"Số 86/28/1 , Phổ Quang , Phường 2 , Quận Tân Bình , TP.HCM","label":"answer","box":[331,281,770,298],"words":[{"text":"Số","box":[331,281,348,298]},{"text":"86/28/1","box":[356,281,406,298]},{"text":",","box":[411,281,412,298]},{"text":"Phổ","box":[420,281,446,298]},{"text":"Quang","box":[454,281,500,298]},{"text":",","box":[503,281,504,298]},{"text":"Phường","box":[512,281,569,298]},{"text":"2","box":[576,281,583,298]},{"text":",","box":[586,281,587,298]},{"text":"Quận","box":[595,281,632,298]},{"text":"Tân","box":[639,281,665,298]},{"text":"Bình","box":[672,281,703,298]},{"text":",","box":[706,281,707,298]},{"text":"TP.HCM","box":[710,281,770,298]}],"linking":[[230,231]]},{"id":232,"text":"Số tài khoản ( BankNo ) .","label":"question","box":[71,309,230,328],"words":[{"text":"Số","box":[71,309,88,325]},{"text":"tài","box":[95,309,110,325]},{"text":"khoản","box":[118,310,159,326]},{"text":"(","box":[167,311,171,327]},{"text":"BankNo","box":[172,311,216,327]},{"text":")","box":[219,312,223,328]},{"text":".","box":[229,312,230,328]}],"linking":[[232,68]]},{"id":233,"text":"Ngân hàng ( BankName ) :","label":"question","box":[71,338,238,357],"words":[{"text":"Ngân","box":[71,338,107,356]},{"text":"hàng","box":[115,338,148,356]},{"text":"(","box":[155,338,160,356]},{"text":"BankName","box":[162,339,224,357]},{"text":")","box":[228,339,232,357]},{"text":":","box":[235,339,238,357]}],"linking":[[233,234]]},{"id":234,"text":"NH TMCP Công Thương Việt Nam ( Vietinbank ) - CN Tây Sài Gòn , TP.HCM","label":"answer","box":[331,342,880,356],"words":[{"text":"NH","box":[331,342,351,356]},{"text":"TMCP","box":[358,342,403,356]},{"text":"Công","box":[411,342,447,356]},{"text":"Thương","box":[453,342,510,356]},{"text":"Việt","box":[517,342,544,356]},{"text":"Nam","box":[551,342,582,356]},{"text":"(","box":[590,342,594,356]},{"text":"Vietinbank","box":[595,342,668,356]},{"text":")","box":[671,342,675,356]},{"text":"-","box":[681,342,685,356]},{"text":"CN","box":[692,342,712,356]},{"text":"Tây","box":[720,342,746,356]},{"text":"Sài","box":[753,342,774,356]},{"text":"Gòn","box":[781,342,809,356]},{"text":",","box":[812,342,813,356]},{"text":"TP.HCM","box":[820,342,880,356]}],"linking":[[233,234]]},{"id":235,"text":"Họ tên người mua hàng ( Buyer ) :","label":"question","box":[71,391,300,407],"words":[{"text":"Họ","box":[71,391,89,406]},{"text":"tên","box":[96,391,116,406]},{"text":"người","box":[124,391,165,406]},{"text":"mua","box":[172,391,201,406]},{"text":"hàng","box":[209,391,242,407]},{"text":"(","box":[250,392,254,407]},{"text":"Buyer","box":[255,392,289,407]},{"text":")","box":[289,392,293,407]},{"text":":","box":[297,392,300,407]}],"linking":[[235,236]]},{"id":236,"text":"VÕ CHÍ ĐỨC","label":"answer","box":[432,389,529,403],"words":[{"text":"VÕ","box":[432,389,454,403]},{"text":"CHÍ","box":[461,389,487,403]},{"text":"ĐỨC","box":[493,389,529,403]}],"linking":[[235,236]]},{"id":237,"text":"Tên đơn vị ( CusName ) -","label":"question","box":[70,419,229,436],"words":[{"text":"Tên","box":[70,419,96,434]},{"text":"đơn","box":[103,420,130,434]},{"text":"vị","box":[136,420,146,435]},{"text":"(","box":[154,420,158,435]},{"text":"CusName","box":[161,421,218,436]},{"text":")","box":[220,421,222,436]},{"text":"-","box":[228,421,229,436]}],"linking":[]},{"id":238,"text":"Mã số thuế ( Tax code ) .","label":"question","box":[71,444,228,465],"words":[{"text":"Mã","box":[71,444,92,462]},{"text":"số","box":[98,444,114,462]},{"text":"thuế","box":[119,445,150,463]},{"text":"(","box":[157,445,162,463]},{"text":"Tax","box":[163,446,183,464]},{"text":"code","box":[188,447,215,465]},{"text":")","box":[218,447,221,465]},{"text":".","box":[227,447,228,465]}],"linking":[]},{"id":239,"text":"Địa chỉ ( Address )","label":"question","box":[70,474,183,492],"words":[{"text":"Địa","box":[70,474,93,491]},{"text":"chỉ","box":[100,474,121,491]},{"text":"(","box":[125,474,130,491]},{"text":"Address","box":[131,475,179,492]},{"text":")","box":[181,475,183,492]}],"linking":[[239,240]]},{"id":240,"text":"Ấp Vĩnh Mới , Xã Vĩnh Thịnh , Hòa Bình , Bạc Liêu","label":"answer","box":[432,474,784,491],"words":[{"text":"Ấp","box":[432,474,450,491]},{"text":"Vĩnh","box":[456,474,488,491]},{"text":"Mới","box":[496,474,521,491]},{"text":",","box":[524,474,525,491]},{"text":"Xã","box":[532,474,550,491]},{"text":"Vĩnh","box":[557,474,588,491]},{"text":"Thịnh","box":[595,474,634,491]},{"text":",","box":[637,474,638,491]},{"text":"Hòa","box":[646,474,673,491]},{"text":"Bình","box":[681,474,711,491]},{"text":",","box":[715,474,716,491]},{"text":"Bạc","box":[724,474,750,491]},{"text":"Liêu","box":[757,474,784,491]}],"linking":[[239,240]]},{"id":241,"text":"Hình thức thanh toán ( Method of payment )","label":"question","box":[71,503,353,522],"words":[{"text":"Hình","box":[71,503,103,520]},{"text":"thức","box":[109,503,141,520]},{"text":"thanh","box":[147,503,186,520]},{"text":"toán","box":[192,503,222,521]},{"text":"(","box":[230,504,234,521]},{"text":"Method","box":[235,504,279,521]},{"text":"of","box":[286,504,293,521]},{"text":"payment","box":[297,504,349,522]},{"text":")","box":[351,505,353,522]}],"linking":[[241,251]]},{"id":242,"text":"Số tài khoản ( A / C No ) .","label":"question","box":[684,502,840,523],"words":[{"text":"Số","box":[684,502,703,518]},{"text":"tài","box":[708,502,725,519]},{"text":"khoản","box":[731,503,775,519]},{"text":"(","box":[781,504,786,521]},{"text":"A","box":[788,504,792,521]},{"text":"/","box":[792,504,797,521]},{"text":"C","box":[799,504,808,521]},{"text":"No","box":[812,505,827,522]},{"text":")","box":[830,505,834,522]},{"text":".","box":[838,506,840,523]}],"linking":[]},{"id":243,"text":"Ngân hàng ( Bank Name )","label":"question","box":[71,533,236,551],"words":[{"text":"Ngân","box":[71,533,107,551]},{"text":"hàng","box":[115,533,148,551]},{"text":"(","box":[154,533,159,551]},{"text":"Bank","box":[162,533,190,551]},{"text":"Name","box":[192,533,230,551]},{"text":")","box":[233,533,236,551]}],"linking":[]},{"id":244,"text":"Số ( No. ) .","label":"question","box":[875,167,939,188],"words":[{"text":"Số","box":[875,167,894,184]},{"text":"(","box":[901,168,905,185]},{"text":"No.","box":[905,170,927,186]},{"text":")","box":[928,170,932,187]},{"text":".","box":[938,171,939,188]}],"linking":[[244,194]]},{"id":245,"text":"Mẫu số ( Fom ) :","label":"question","box":[874,91,981,111],"words":[{"text":"Mẫu","box":[874,91,905,108]},{"text":"số","box":[910,92,927,109]},{"text":"(","box":[932,92,937,109]},{"text":"Fom","box":[937,93,959,110]},{"text":")","box":[966,93,974,110]},{"text":":","box":[978,94,981,111]}],"linking":[[245,249]]},{"id":246,"text":"Ki hiệu ( Series ) .","label":"question","box":[875,132,984,149],"words":[{"text":"Ki","box":[875,132,887,146]},{"text":"hiệu","box":[895,133,924,147]},{"text":"(","box":[931,133,936,147]},{"text":"Series","box":[937,134,973,148]},{"text":")","box":[974,135,978,149]},{"text":".","box":[981,135,984,149]}],"linking":[[246,250]]},{"id":247,"text":"Số tiền viết bằng chữ ( Total amount in words","label":"question","box":[77,1253,372,1272],"words":[{"text":"Số","box":[77,1253,94,1270]},{"text":"tiền","box":[99,1253,123,1270]},{"text":"viết","box":[131,1253,155,1270]},{"text":"bằng","box":[162,1253,196,1271]},{"text":"chữ","box":[203,1254,229,1271]},{"text":"(","box":[236,1254,240,1271]},{"text":"Total","box":[243,1254,270,1271]},{"text":"amount","box":[275,1254,319,1272]},{"text":"in","box":[324,1255,333,1272]},{"text":"words","box":[339,1255,372,1272]}],"linking":[[247,248]]},{"id":248,"text":"Ba mươi chín triệu đồng chẵn","label":"answer","box":[462,1253,676,1275],"words":[{"text":"Ba","box":[462,1254,478,1275]},{"text":"mươi","box":[482,1254,526,1274]},{"text":"chín","box":[531,1254,559,1274]},{"text":"triệu","box":[566,1254,595,1274]},{"text":"đồng","box":[603,1253,636,1274]},{"text":"chẵn","box":[644,1253,676,1273]}],"linking":[[247,248]]},{"id":249,"text":"01GTKT0 / 002","label":"answer","box":[1039,95,1141,107],"words":[{"text":"01GTKT0","box":[1039,95,1108,107]},{"text":"/","box":[1109,95,1115,107]},{"text":"002","box":[1114,95,1141,107]}],"linking":[[245,249]]},{"id":250,"text":"BM / 21E","label":"answer","box":[1040,133,1094,145],"words":[{"text":"BM","box":[1040,133,1060,145]},{"text":"/","box":[1063,133,1068,145]},{"text":"21E","box":[1068,133,1094,145]}],"linking":[[246,250]]},{"id":251,"text":"Chuyển khoản / Tiền mặt","label":"answer","box":[433,503,605,520],"words":[{"text":"Chuyển","box":[433,503,486,520]},{"text":"khoản","box":[494,503,533,520]},{"text":"/","box":[536,503,541,520]},{"text":"Tiền","box":[545,503,572,520]},{"text":"mặt","box":[580,503,605,520]}],"linking":[[241,251]]}]