[{"id":0,"text":".","label":"","box":[229,312,230,328],"words":[{"text":".","box":[229,312,230,328]}],"linking":[]},{"id":1,"text":"STT","label":"","box":[62,621,90,632],"words":[{"text":"STT","box":[62,621,90,632]}],"linking":[]},{"id":2,"text":"No.","label":"","box":[65,645,87,656],"words":[{"text":"No.","box":[65,645,87,656]}],"linking":[]},{"id":3,"text":"Đơn","label":"","box":[173,56,197,71],"words":[{"text":"Đơn","box":[173,56,197,71]}],"linking":[]},{"id":4,"text":"vị","label":"","box":[203,56,211,71],"words":[{"text":"vị","box":[203,56,211,71]}],"linking":[]},{"id":5,"text":"hỗ","label":"","box":[215,56,229,71],"words":[{"text":"hỗ","box":[215,56,229,71]}],"linking":[]},{"id":6,"text":"trợ","label":"","box":[234,56,250,71],"words":[{"text":"trợ","box":[234,56,250,71]}],"linking":[]},{"id":7,"text":"cung","label":"","box":[254,56,282,71],"words":[{"text":"cung","box":[254,56,282,71]}],"linking":[]},{"id":8,"text":"cấp","label":"","box":[287,56,307,71],"words":[{"text":"cấp","box":[287,56,307,71]}],"linking":[]},{"id":9,"text":"công","label":"","box":[312,56,339,71],"words":[{"text":"công","box":[312,56,339,71]}],"linking":[]},{"id":10,"text":"cụ","label":"","box":[344,56,357,71],"words":[{"text":"cụ","box":[344,56,357,71]}],"linking":[]},{"id":11,"text":"phát","label":"","box":[361,56,387,71],"words":[{"text":"phát","box":[361,56,387,71]}],"linking":[]},{"id":12,"text":"hành","label":"","box":[392,56,420,71],"words":[{"text":"hành","box":[392,56,420,71]}],"linking":[]},{"id":13,"text":"hóa","label":"","box":[425,56,446,71],"words":[{"text":"hóa","box":[425,56,446,71]}],"linking":[]},{"id":14,"text":"đơn","label":"","box":[451,56,473,71],"words":[{"text":"đơn","box":[451,56,473,71]}],"linking":[]},{"id":15,"text":"điện","label":"","box":[478,56,502,71],"words":[{"text":"điện","box":[478,56,502,71]}],"linking":[]},{"id":16,"text":"tử","label":"","box":[507,56,514,71],"words":[{"text":"tử","box":[507,56,514,71]}],"linking":[]},{"id":17,"text":":","label":"","box":[518,56,521,71],"words":[{"text":":","box":[518,56,521,71]}],"linking":[]},{"id":18,"text":"Công","label":"","box":[527,56,557,71],"words":[{"text":"Công","box":[527,56,557,71]}],"linking":[]},{"id":19,"text":"ty","label":"","box":[562,56,572,71],"words":[{"text":"ty","box":[562,56,572,71]}],"linking":[]},{"id":20,"text":"Cổ","label":"","box":[576,56,592,71],"words":[{"text":"Cổ","box":[576,56,592,71]}],"linking":[]},{"id":21,"text":"phần","label":"","box":[596,56,625,71],"words":[{"text":"phần","box":[596,56,625,71]}],"linking":[]},{"id":22,"text":"Định","label":"","box":[630,56,656,71],"words":[{"text":"Định","box":[630,56,656,71]}],"linking":[]},{"id":23,"text":"Gia","label":"","box":[661,56,680,71],"words":[{"text":"Gia","box":[661,56,680,71]}],"linking":[]},{"id":24,"text":"Nét","label":"","box":[686,56,706,71],"words":[{"text":"Nét","box":[686,56,706,71]}],"linking":[]},{"id":25,"text":"-","label":"","box":[710,56,713,71],"words":[{"text":"-","box":[710,56,713,71]}],"linking":[]},{"id":26,"text":"DigiNet","label":"","box":[718,56,761,71],"words":[{"text":"DigiNet","box":[718,56,761,71]}],"linking":[]},{"id":27,"text":"Corp","label":"","box":[765,56,791,71],"words":[{"text":"Corp","box":[765,56,791,71]}],"linking":[]},{"id":28,"text":",","label":"","box":[793,56,795,71],"words":[{"text":",","box":[793,56,795,71]}],"linking":[]},{"id":29,"text":"MST","label":"","box":[801,56,825,71],"words":[{"text":"MST","box":[801,56,825,71]}],"linking":[]},{"id":30,"text":":","label":"","box":[828,56,832,71],"words":[{"text":":","box":[828,56,832,71]}],"linking":[]},{"id":31,"text":"0303359278","label":"","box":[837,56,907,71],"words":[{"text":"0303359278","box":[837,56,907,71]}],"linking":[]},{"id":32,"text":",","label":"","box":[910,56,912,71],"words":[{"text":",","box":[910,56,912,71]}],"linking":[]},{"id":33,"text":"Điện","label":"","box":[918,56,944,71],"words":[{"text":"Điện","box":[918,56,944,71]}],"linking":[]},{"id":34,"text":"thoại","label":"","box":[949,56,977,71],"words":[{"text":"thoại","box":[949,56,977,71]}],"linking":[]},{"id":35,"text":":","label":"","box":[979,56,980,71],"words":[{"text":":","box":[979,56,980,71]}],"linking":[]},{"id":36,"text":"028","label":"","box":[985,56,1006,71],"words":[{"text":"028","box":[985,56,1006,71]}],"linking":[]},{"id":37,"text":"35123878","label":"","box":[1011,56,1069,71],"words":[{"text":"35123878","box":[1011,56,1069,71]}],"linking":[]},{"id":38,"text":"HÓA","label":"","box":[389,94,453,128],"words":[{"text":"HÓA","box":[389,94,453,128]}],"linking":[]},{"id":39,"text":"ĐƠN","label":"","box":[462,94,532,128],"words":[{"text":"ĐƠN","box":[462,94,532,128]}],"linking":[]},{"id":40,"text":"GIÁ","label":"","box":[545,94,597,128],"words":[{"text":"GIÁ","box":[545,94,597,128]}],"linking":[]},{"id":41,"text":"TRỊ","label":"","box":[606,94,654,128],"words":[{"text":"TRỊ","box":[606,94,654,128]}],"linking":[]},{"id":42,"text":"GIA","label":"","box":[666,94,718,128],"words":[{"text":"GIA","box":[666,94,718,128]}],"linking":[]},{"id":43,"text":"TĂNG","label":"","box":[728,94,811,128],"words":[{"text":"TĂNG","box":[728,94,811,128]}],"linking":[]},{"id":44,"text":"VAT","label":"","box":[522,144,572,162],"words":[{"text":"VAT","box":[522,144,572,162]}],"linking":[]},{"id":45,"text":"INVOICE","label":"","box":[578,144,681,162],"words":[{"text":"INVOICE","box":[578,144,681,162]}],"linking":[]},{"id":46,"text":"Ngày","label":"","box":[431,177,466,194],"words":[{"text":"Ngày","box":[431,177,466,194]}],"linking":[]},{"id":47,"text":"(","label":"","box":[473,177,476,193],"words":[{"text":"(","box":[473,177,476,193]}],"linking":[]},{"id":48,"text":"Date","label":"","box":[477,177,503,193],"words":[{"text":"Date","box":[477,177,503,193]}],"linking":[]},{"id":49,"text":")","label":"","box":[506,177,509,193],"words":[{"text":")","box":[506,177,509,193]}],"linking":[]},{"id":50,"text":"30","label":"","box":[514,177,531,193],"words":[{"text":"30","box":[514,177,531,193]}],"linking":[]},{"id":51,"text":"tháng","label":"","box":[537,177,576,193],"words":[{"text":"tháng","box":[537,177,576,193]}],"linking":[]},{"id":52,"text":"(","label":"","box":[584,177,587,193],"words":[{"text":"(","box":[584,177,587,193]}],"linking":[]},{"id":53,"text":"month","label":"","box":[586,177,623,193],"words":[{"text":"month","box":[586,177,623,193]}],"linking":[]},{"id":54,"text":")","label":"","box":[626,177,629,193],"words":[{"text":")","box":[626,177,629,193]}],"linking":[]},{"id":55,"text":"03","label":"","box":[634,177,651,193],"words":[{"text":"03","box":[634,177,651,193]}],"linking":[]},{"id":56,"text":"năm","label":"","box":[658,176,686,192],"words":[{"text":"năm","box":[658,176,686,192]}],"linking":[]},{"id":57,"text":"(","label":"","box":[695,176,699,192],"words":[{"text":"(","box":[695,176,699,192]}],"linking":[]},{"id":58,"text":"year","label":"","box":[699,176,723,192],"words":[{"text":"year","box":[699,176,723,192]}],"linking":[]},{"id":59,"text":")","label":"","box":[726,176,729,192],"words":[{"text":")","box":[726,176,729,192]}],"linking":[]},{"id":60,"text":"2022","label":"","box":[734,176,768,192],"words":[{"text":"2022","box":[734,176,768,192]}],"linking":[]},{"id":61,"text":"1","label":"","box":[72,700,80,711],"words":[{"text":"1","box":[72,700,80,711]}],"linking":[]},{"id":62,"text":"BINH","label":"","box":[161,172,189,185],"words":[{"text":"BINH","box":[161,172,189,185]}],"linking":[]},{"id":63,"text":"MINH","label":"","box":[196,172,229,184],"words":[{"text":"MINH","box":[196,172,229,184]}],"linking":[]},{"id":64,"text":"2","label":"","box":[71,740,81,750],"words":[{"text":"2","box":[71,740,81,750]}],"linking":[]},{"id":65,"text":"0303880297","label":"answer","box":[330,254,419,265],"words":[{"text":"0303880297","box":[330,254,419,265]}],"linking":[[263,65]]},{"id":66,"text":"112002622316","label":"answer","box":[331,311,439,323],"words":[{"text":"112002622316","box":[331,311,439,323]}],"linking":[[266,66]]},{"id":67,"text":"TÊN","label":"","box":[175,616,205,634],"words":[{"text":"TÊN","box":[175,616,205,634]}],"linking":[]},{"id":68,"text":"HÀNG","label":"","box":[212,617,255,634],"words":[{"text":"HÀNG","box":[212,617,255,634]}],"linking":[]},{"id":69,"text":"HÓA","label":"","box":[260,617,290,635],"words":[{"text":"HÓA","box":[260,617,290,635]}],"linking":[]},{"id":70,"text":",","label":"","box":[293,617,296,635],"words":[{"text":",","box":[293,617,296,635]}],"linking":[]},{"id":71,"text":"DỊCH","label":"","box":[304,617,340,635],"words":[{"text":"DỊCH","box":[304,617,340,635]}],"linking":[]},{"id":72,"text":"VỤ","label":"","box":[345,618,365,636],"words":[{"text":"VỤ","box":[345,618,365,636]}],"linking":[]},{"id":73,"text":"Description","label":"","box":[232,645,310,659],"words":[{"text":"Description","box":[232,645,310,659]}],"linking":[]},{"id":74,"text":"ABM","label":"","box":[102,700,135,712],"words":[{"text":"ABM","box":[102,700,135,712]}],"linking":[]},{"id":75,"text":"BIOMI","label":"","box":[143,700,188,712],"words":[{"text":"BIOMI","box":[143,700,188,712]}],"linking":[]},{"id":76,"text":"10KG","label":"","box":[194,700,234,712],"words":[{"text":"10KG","box":[194,700,234,712]}],"linking":[]},{"id":77,"text":"ZOCO","label":"","box":[102,738,147,750],"words":[{"text":"ZOCO","box":[102,738,147,750]}],"linking":[]},{"id":78,"text":"POWER","label":"","box":[155,738,214,750],"words":[{"text":"POWER","box":[155,738,214,750]}],"linking":[]},{"id":79,"text":"1LIT","label":"","box":[222,738,252,750],"words":[{"text":"1LIT","box":[222,738,252,750]}],"linking":[]},{"id":80,"text":"TỔNG","label":"","box":[209,1047,255,1063],"words":[{"text":"TỔNG","box":[209,1047,255,1063]}],"linking":[]},{"id":81,"text":"HỢP","label":"","box":[262,1048,296,1064],"words":[{"text":"HỢP","box":[262,1048,296,1064]}],"linking":[]},{"id":82,"text":"Tổng","label":"","box":[76,1087,111,1104],"words":[{"text":"Tổng","box":[76,1087,111,1104]}],"linking":[]},{"id":83,"text":"tiền","label":"","box":[117,1087,142,1104],"words":[{"text":"tiền","box":[117,1087,142,1104]}],"linking":[]},{"id":84,"text":"không","label":"","box":[150,1087,191,1104],"words":[{"text":"không","box":[150,1087,191,1104]}],"linking":[]},{"id":85,"text":"kê","label":"","box":[199,1087,213,1104],"words":[{"text":"kê","box":[199,1087,213,1104]}],"linking":[]},{"id":86,"text":"khai","label":"","box":[221,1087,248,1104],"words":[{"text":"khai","box":[221,1087,248,1104]}],"linking":[]},{"id":87,"text":"và","label":"","box":[254,1087,270,1104],"words":[{"text":"và","box":[254,1087,270,1104]}],"linking":[]},{"id":88,"text":"nộp","label":"","box":[277,1087,302,1104],"words":[{"text":"nộp","box":[277,1087,302,1104]}],"linking":[]},{"id":89,"text":"thuế","label":"","box":[308,1087,338,1104],"words":[{"text":"thuế","box":[308,1087,338,1104]}],"linking":[]},{"id":90,"text":":","label":"","box":[341,1087,341,1104],"words":[{"text":":","box":[341,1087,341,1104]}],"linking":[]},{"id":91,"text":"Tổng","label":"","box":[76,1112,110,1131],"words":[{"text":"Tổng","box":[76,1112,110,1131]}],"linking":[]},{"id":92,"text":"tiền","label":"","box":[116,1112,141,1130],"words":[{"text":"tiền","box":[116,1112,141,1130]}],"linking":[]},{"id":93,"text":"không","label":"","box":[149,1112,190,1130],"words":[{"text":"không","box":[149,1112,190,1130]}],"linking":[]},{"id":94,"text":"chịu","label":"","box":[197,1112,225,1130],"words":[{"text":"chịu","box":[197,1112,225,1130]}],"linking":[]},{"id":95,"text":"thuế","label":"","box":[231,1112,261,1130],"words":[{"text":"thuế","box":[231,1112,261,1130]}],"linking":[]},{"id":96,"text":"GTGT","label":"","box":[269,1111,311,1130],"words":[{"text":"GTGT","box":[269,1111,311,1130]}],"linking":[]},{"id":97,"text":":","label":"","box":[314,1111,316,1129],"words":[{"text":":","box":[314,1111,316,1129]}],"linking":[]},{"id":98,"text":"Tổng","label":"","box":[76,1138,110,1158],"words":[{"text":"Tổng","box":[76,1138,110,1158]}],"linking":[]},{"id":99,"text":"tiền","label":"","box":[116,1138,141,1157],"words":[{"text":"tiền","box":[116,1138,141,1157]}],"linking":[]},{"id":100,"text":"chịu","label":"","box":[148,1138,176,1157],"words":[{"text":"chịu","box":[148,1138,176,1157]}],"linking":[]},{"id":101,"text":"thuế","label":"","box":[182,1137,212,1157],"words":[{"text":"thuế","box":[182,1137,212,1157]}],"linking":[]},{"id":102,"text":"suất","label":"","box":[220,1137,248,1156],"words":[{"text":"suất","box":[220,1137,248,1156]}],"linking":[]},{"id":103,"text":":","label":"","box":[251,1137,251,1156],"words":[{"text":":","box":[251,1137,251,1156]}],"linking":[]},{"id":104,"text":"Tổng","label":"","box":[76,1164,111,1184],"words":[{"text":"Tổng","box":[76,1164,111,1184]}],"linking":[]},{"id":105,"text":"tiền","label":"","box":[117,1164,142,1184],"words":[{"text":"tiền","box":[117,1164,142,1184]}],"linking":[]},{"id":106,"text":"chịu","label":"","box":[150,1164,177,1184],"words":[{"text":"chịu","box":[150,1164,177,1184]}],"linking":[]},{"id":107,"text":"thuế","label":"","box":[183,1164,213,1184],"words":[{"text":"thuế","box":[183,1164,213,1184]}],"linking":[]},{"id":108,"text":"suất","label":"","box":[221,1164,251,1184],"words":[{"text":"suất","box":[221,1164,251,1184]}],"linking":[]},{"id":109,"text":"Tổng","label":"","box":[76,1193,111,1210],"words":[{"text":"Tổng","box":[76,1193,111,1210]}],"linking":[]},{"id":110,"text":"tiền","label":"","box":[117,1193,142,1210],"words":[{"text":"tiền","box":[117,1193,142,1210]}],"linking":[]},{"id":111,"text":"chịu","label":"","box":[149,1193,177,1210],"words":[{"text":"chịu","box":[149,1193,177,1210]}],"linking":[]},{"id":112,"text":"thuế","label":"","box":[183,1193,213,1210],"words":[{"text":"thuế","box":[183,1193,213,1210]}],"linking":[]},{"id":113,"text":"suất","label":"","box":[221,1193,249,1210],"words":[{"text":"suất","box":[221,1193,249,1210]}],"linking":[]},{"id":114,"text":":","label":"","box":[252,1193,253,1210],"words":[{"text":":","box":[252,1193,253,1210]}],"linking":[]},{"id":115,"text":"Tổng","label":"","box":[76,1218,111,1238],"words":[{"text":"Tổng","box":[76,1218,111,1238]}],"linking":[]},{"id":116,"text":"cộng","label":"","box":[117,1218,151,1238],"words":[{"text":"cộng","box":[117,1218,151,1238]}],"linking":[]},{"id":117,"text":"tiền","label":"","box":[158,1218,182,1238],"words":[{"text":"tiền","box":[158,1218,182,1238]}],"linking":[]},{"id":118,"text":"thanh","label":"","box":[189,1218,228,1238],"words":[{"text":"thanh","box":[189,1218,228,1238]}],"linking":[]},{"id":119,"text":"toán","label":"","box":[232,1218,261,1238],"words":[{"text":"toán","box":[232,1218,261,1238]}],"linking":[]},{"id":120,"text":"Số","label":"","box":[77,1253,94,1270],"words":[{"text":"Số","box":[77,1253,94,1270]}],"linking":[]},{"id":121,"text":"tiền","label":"","box":[99,1253,123,1270],"words":[{"text":"tiền","box":[99,1253,123,1270]}],"linking":[]},{"id":122,"text":"viết","label":"","box":[131,1253,155,1270],"words":[{"text":"viết","box":[131,1253,155,1270]}],"linking":[]},{"id":123,"text":"bằng","label":"","box":[162,1253,196,1271],"words":[{"text":"bằng","box":[162,1253,196,1271]}],"linking":[]},{"id":124,"text":"chữ","label":"","box":[203,1254,229,1271],"words":[{"text":"chữ","box":[203,1254,229,1271]}],"linking":[]},{"id":125,"text":"(","label":"","box":[236,1254,240,1271],"words":[{"text":"(","box":[236,1254,240,1271]}],"linking":[]},{"id":126,"text":"Total","label":"","box":[243,1254,270,1271],"words":[{"text":"Total","box":[243,1254,270,1271]}],"linking":[]},{"id":127,"text":"amount","label":"","box":[275,1254,319,1272],"words":[{"text":"amount","box":[275,1254,319,1272]}],"linking":[]},{"id":128,"text":"in","label":"","box":[324,1255,333,1272],"words":[{"text":"in","box":[324,1255,333,1272]}],"linking":[]},{"id":129,"text":"words","label":"","box":[339,1255,372,1272],"words":[{"text":"words","box":[339,1255,372,1272]}],"linking":[]},{"id":130,"text":")","label":"","box":[375,1255,378,1272],"words":[{"text":")","box":[375,1255,378,1272]}],"linking":[]},{"id":131,"text":"Người","label":"","box":[255,1301,298,1316],"words":[{"text":"Người","box":[255,1301,298,1316]}],"linking":[]},{"id":132,"text":"mua","label":"","box":[306,1301,336,1316],"words":[{"text":"mua","box":[306,1301,336,1316]}],"linking":[]},{"id":133,"text":"hàng","label":"","box":[342,1301,376,1317],"words":[{"text":"hàng","box":[342,1301,376,1317]}],"linking":[]},{"id":134,"text":"(","label":"","box":[384,1302,387,1317],"words":[{"text":"(","box":[384,1302,387,1317]}],"linking":[]},{"id":135,"text":"Buyer","label":"","box":[387,1302,423,1317],"words":[{"text":"Buyer","box":[387,1302,423,1317]}],"linking":[]},{"id":136,"text":")","label":"","box":[425,1302,427,1317],"words":[{"text":")","box":[425,1302,427,1317]}],"linking":[]},{"id":137,"text":"ĐƠN","label":"","box":[462,609,495,621],"words":[{"text":"ĐƠN","box":[462,609,495,621]}],"linking":[]},{"id":138,"text":"VỊ","label":"","box":[502,608,514,621],"words":[{"text":"VỊ","box":[502,608,514,621]}],"linking":[]},{"id":139,"text":"SÓ","label":"","box":[554,606,576,620],"words":[{"text":"SÓ","box":[554,606,576,620]}],"linking":[]},{"id":140,"text":"ΤΙΝΗ","label":"","box":[473,629,507,643],"words":[{"text":"ΤΙΝΗ","box":[473,629,507,643]}],"linking":[]},{"id":141,"text":"Unit","label":"","box":[478,657,507,668],"words":[{"text":"Unit","box":[478,657,507,668]}],"linking":[]},{"id":142,"text":"Bao","label":"","box":[477,701,505,712],"words":[{"text":"Bao","box":[477,701,505,712]}],"linking":[]},{"id":143,"text":"Chai","label":"","box":[474,738,508,750],"words":[{"text":"Chai","box":[474,738,508,750]}],"linking":[]},{"id":144,"text":"|","label":"","box":[535,630,536,646],"words":[{"text":"|","box":[535,630,536,646]}],"linking":[]},{"id":145,"text":"LƯỢNG","label":"","box":[540,630,597,646],"words":[{"text":"LƯỢNG","box":[540,630,597,646]}],"linking":[]},{"id":146,"text":"Quantity","label":"","box":[540,657,599,670],"words":[{"text":"Quantity","box":[540,657,599,670]}],"linking":[]},{"id":147,"text":"50","label":"","box":[559,701,576,711],"words":[{"text":"50","box":[559,701,576,711]}],"linking":[]},{"id":148,"text":"X","label":"","box":[521,1118,530,1126],"words":[{"text":"X","box":[521,1118,530,1126]}],"linking":[]},{"id":149,"text":"0","label":"","box":[513,1142,522,1153],"words":[{"text":"0","box":[513,1142,522,1153]}],"linking":[]},{"id":150,"text":"%","label":"","box":[521,1142,533,1153],"words":[{"text":"%","box":[521,1142,533,1153]}],"linking":[]},{"id":151,"text":"5","label":"","box":[513,1169,522,1179],"words":[{"text":"5","box":[513,1169,522,1179]}],"linking":[]},{"id":152,"text":"%","label":"","box":[521,1169,534,1179],"words":[{"text":"%","box":[521,1169,534,1179]}],"linking":[]},{"id":153,"text":"10","label":"","box":[510,1196,525,1207],"words":[{"text":"10","box":[510,1196,525,1207]}],"linking":[]},{"id":154,"text":"%","label":"","box":[528,1196,540,1207],"words":[{"text":"%","box":[528,1196,540,1207]}],"linking":[]},{"id":155,"text":"20","label":"","box":[559,739,575,749],"words":[{"text":"20","box":[559,739,575,749]}],"linking":[]},{"id":156,"text":"THUẾ","label":"","box":[479,1048,522,1062],"words":[{"text":"THUẾ","box":[479,1048,522,1062]}],"linking":[]},{"id":157,"text":"SUẤT","label":"","box":[529,1048,569,1062],"words":[{"text":"SUẤT","box":[529,1048,569,1062]}],"linking":[]},{"id":158,"text":"ĐƠN","label":"","box":[636,618,669,632],"words":[{"text":"ĐƠN","box":[636,618,669,632]}],"linking":[]},{"id":159,"text":"GIÁ","label":"","box":[677,618,702,632],"words":[{"text":"GIÁ","box":[677,618,702,632]}],"linking":[]},{"id":160,"text":"Price","label":"","box":[652,644,687,655],"words":[{"text":"Price","box":[652,644,687,655]}],"linking":[]},{"id":161,"text":"190,909.091","label":"","box":[636,700,723,713],"words":[{"text":"190,909.091","box":[636,700,723,713]}],"linking":[]},{"id":162,"text":"114,285.714","label":"","box":[636,739,725,752],"words":[{"text":"114,285.714","box":[636,739,725,752]}],"linking":[]},{"id":163,"text":"THÀNH","label":"","box":[750,618,801,632],"words":[{"text":"THÀNH","box":[750,618,801,632]}],"linking":[]},{"id":164,"text":"TIỀN","label":"","box":[808,618,841,632],"words":[{"text":"TIỀN","box":[808,618,841,632]}],"linking":[]},{"id":165,"text":"Total","label":"","box":[780,644,815,655],"words":[{"text":"Total","box":[780,644,815,655]}],"linking":[]},{"id":166,"text":"1/1","label":"","box":[606,1716,635,1731],"words":[{"text":"1/1","box":[606,1716,635,1731]}],"linking":[]},{"id":167,"text":"Cộng","label":"","box":[620,1013,656,1027],"words":[{"text":"Cộng","box":[620,1013,656,1027]}],"linking":[]},{"id":168,"text":"(","label":"","box":[664,1013,668,1027],"words":[{"text":"(","box":[664,1013,668,1027]}],"linking":[]},{"id":169,"text":"Sub","label":"","box":[670,1013,691,1027],"words":[{"text":"Sub","box":[670,1013,691,1027]}],"linking":[]},{"id":170,"text":"total","label":"","box":[696,1013,721,1027],"words":[{"text":"total","box":[696,1013,721,1027]}],"linking":[]},{"id":171,"text":")","label":"","box":[723,1013,725,1027],"words":[{"text":")","box":[723,1013,725,1027]}],"linking":[]},{"id":172,"text":"11,831,169","label":"","box":[767,1013,848,1026],"words":[{"text":"11,831,169","box":[767,1013,848,1026]}],"linking":[]},{"id":173,"text":"TRỊ","label":"","box":[624,1048,648,1064],"words":[{"text":"TRỊ","box":[624,1048,648,1064]}],"linking":[]},{"id":174,"text":"GIÁ","label":"","box":[656,1048,683,1064],"words":[{"text":"GIÁ","box":[656,1048,683,1064]}],"linking":[]},{"id":175,"text":"CHƯA","label":"","box":[689,1048,736,1064],"words":[{"text":"CHƯA","box":[689,1048,736,1064]}],"linking":[]},{"id":176,"text":"THUẾ","label":"","box":[741,1048,784,1064],"words":[{"text":"THUẾ","box":[741,1048,784,1064]}],"linking":[]},{"id":177,"text":"GTGT","label":"","box":[792,1048,834,1064],"words":[{"text":"GTGT","box":[792,1048,834,1064]}],"linking":[]},{"id":178,"text":"Mười","label":"","box":[457,1253,494,1270],"words":[{"text":"Mười","box":[457,1253,494,1270]}],"linking":[]},{"id":179,"text":"hai","label":"","box":[501,1253,520,1270],"words":[{"text":"hai","box":[501,1253,520,1270]}],"linking":[]},{"id":180,"text":"triệu","label":"","box":[526,1253,556,1270],"words":[{"text":"triệu","box":[526,1253,556,1270]}],"linking":[]},{"id":181,"text":"chín","label":"","box":[563,1253,592,1270],"words":[{"text":"chín","box":[563,1253,592,1270]}],"linking":[]},{"id":182,"text":"trăm","label":"","box":[598,1253,630,1270],"words":[{"text":"trăm","box":[598,1253,630,1270]}],"linking":[]},{"id":183,"text":"nghìn","label":"","box":[637,1253,675,1270],"words":[{"text":"nghìn","box":[637,1253,675,1270]}],"linking":[]},{"id":184,"text":"đồng","label":"","box":[681,1253,716,1270],"words":[{"text":"đồng","box":[681,1253,716,1270]}],"linking":[]},{"id":185,"text":"chẵn","label":"","box":[723,1254,756,1271],"words":[{"text":"chẵn","box":[723,1254,756,1271]}],"linking":[]},{"id":186,"text":"9,545,455","label":"","box":[776,700,847,714],"words":[{"text":"9,545,455","box":[776,700,847,714]}],"linking":[]},{"id":187,"text":"10","label":"","box":[877,701,895,712],"words":[{"text":"10","box":[877,701,895,712]}],"linking":[]},{"id":188,"text":"%","label":"","box":[895,701,908,712],"words":[{"text":"%","box":[895,701,908,712]}],"linking":[]},{"id":189,"text":"2,285,714","label":"","box":[775,738,847,751],"words":[{"text":"2,285,714","box":[775,738,847,751]}],"linking":[]},{"id":190,"text":"5","label":"","box":[881,739,890,749],"words":[{"text":"5","box":[881,739,890,749]}],"linking":[]},{"id":191,"text":"%","label":"","box":[890,739,902,749],"words":[{"text":"%","box":[890,739,902,749]}],"linking":[]},{"id":192,"text":"THUÉ","label":"","box":[869,594,910,607],"words":[{"text":"THUÉ","box":[869,594,910,607]}],"linking":[]},{"id":193,"text":"SUÁT","label":"","box":[870,618,912,631],"words":[{"text":"SUÁT","box":[870,618,912,631]}],"linking":[]},{"id":194,"text":"GTGT","label":"","box":[872,644,916,655],"words":[{"text":"GTGT","box":[872,644,916,655]}],"linking":[]},{"id":195,"text":"VAT","label":"","box":[864,668,895,678],"words":[{"text":"VAT","box":[864,668,895,678]}],"linking":[]},{"id":196,"text":"rate","label":"","box":[898,668,925,678],"words":[{"text":"rate","box":[898,668,925,678]}],"linking":[]},{"id":197,"text":"2,285,714","label":"","box":[767,1169,839,1183],"words":[{"text":"2,285,714","box":[767,1169,839,1183]}],"linking":[]},{"id":198,"text":"9,545,455","label":"","box":[767,1196,839,1208],"words":[{"text":"9,545,455","box":[767,1196,839,1208]}],"linking":[]},{"id":199,"text":"11,831,169","label":"","box":[760,1222,840,1235],"words":[{"text":"11,831,169","box":[760,1222,840,1235]}],"linking":[]},{"id":200,"text":"TIỀN","label":"","box":[945,606,978,620],"words":[{"text":"TIỀN","box":[945,606,978,620]}],"linking":[]},{"id":201,"text":"THUÊ","label":"","box":[985,606,1026,620],"words":[{"text":"THUÊ","box":[985,606,1026,620]}],"linking":[]},{"id":202,"text":"GTGT","label":"","box":[967,629,1008,643],"words":[{"text":"GTGT","box":[967,629,1008,643]}],"linking":[]},{"id":203,"text":"VAT","label":"","box":[946,657,976,667],"words":[{"text":"VAT","box":[946,657,976,667]}],"linking":[]},{"id":204,"text":"amount","label":"","box":[981,657,1033,667],"words":[{"text":"amount","box":[981,657,1033,667]}],"linking":[]},{"id":205,"text":"954,545","label":"","box":[979,700,1037,713],"words":[{"text":"954,545","box":[979,700,1037,713]}],"linking":[]},{"id":206,"text":"114,286","label":"","box":[979,739,1036,752],"words":[{"text":"114,286","box":[979,739,1036,752]}],"linking":[]},{"id":207,"text":"1,068,831","label":"","box":[965,1012,1034,1026],"words":[{"text":"1,068,831","box":[965,1012,1034,1026]}],"linking":[]},{"id":208,"text":"TIỀN","label":"","box":[884,1048,919,1063],"words":[{"text":"TIỀN","box":[884,1048,919,1063]}],"linking":[]},{"id":209,"text":"THUÊ","label":"","box":[926,1048,968,1063],"words":[{"text":"THUÊ","box":[926,1048,968,1063]}],"linking":[]},{"id":210,"text":"GTGT","label":"","box":[976,1048,1019,1063],"words":[{"text":"GTGT","box":[976,1048,1019,1063]}],"linking":[]},{"id":211,"text":"|","label":"","box":[773,1395,774,1414],"words":[{"text":"|","box":[773,1395,774,1414]}],"linking":[]},{"id":212,"text":"SẢN","label":"","box":[777,1394,805,1413],"words":[{"text":"SẢN","box":[777,1394,805,1413]}],"linking":[]},{"id":213,"text":"BÌNH","label":"","box":[817,1394,861,1413],"words":[{"text":"BÌNH","box":[817,1394,861,1413]}],"linking":[]},{"id":214,"text":"MINH","label":"","box":[866,1394,913,1413],"words":[{"text":"MINH","box":[866,1394,913,1413]}],"linking":[]},{"id":215,"text":"|","label":"","box":[772,1419,773,1440],"words":[{"text":"|","box":[772,1419,773,1440]}],"linking":[]},{"id":216,"text":"Ngày","label":"","box":[774,1418,812,1439],"words":[{"text":"Ngày","box":[774,1418,812,1439]}],"linking":[]},{"id":217,"text":"ký","label":"","box":[820,1418,835,1439],"words":[{"text":"ký","box":[820,1418,835,1439]}],"linking":[]},{"id":218,"text":":","label":"","box":[838,1418,841,1439],"words":[{"text":":","box":[838,1418,841,1439]}],"linking":[]},{"id":219,"text":"30/03/2022","label":"","box":[849,1416,929,1439],"words":[{"text":"30/03/2022","box":[849,1416,929,1439]}],"linking":[]},{"id":220,"text":"114,286","label":"","box":[971,1169,1030,1183],"words":[{"text":"114,286","box":[971,1169,1030,1183]}],"linking":[]},{"id":221,"text":"954,545","label":"","box":[971,1195,1031,1207],"words":[{"text":"954,545","box":[971,1195,1031,1207]}],"linking":[]},{"id":222,"text":"1,068,831","label":"","box":[959,1221,1028,1234],"words":[{"text":"1,068,831","box":[959,1221,1028,1234]}],"linking":[]},{"id":223,"text":"Người","label":"","box":[817,1301,861,1317],"words":[{"text":"Người","box":[817,1301,861,1317]}],"linking":[]},{"id":224,"text":"bán","label":"","box":[868,1301,893,1317],"words":[{"text":"bán","box":[868,1301,893,1317]}],"linking":[]},{"id":225,"text":"hàng","label":"","box":[900,1301,934,1318],"words":[{"text":"hàng","box":[900,1301,934,1318]}],"linking":[]},{"id":226,"text":"(","label":"","box":[942,1302,946,1318],"words":[{"text":"(","box":[942,1302,946,1318]}],"linking":[]},{"id":227,"text":"Seller","label":"","box":[947,1302,978,1318],"words":[{"text":"Seller","box":[947,1302,978,1318]}],"linking":[]},{"id":228,"text":")","label":"","box":[981,1302,984,1318],"words":[{"text":")","box":[981,1302,984,1318]}],"linking":[]},{"id":229,"text":"0000577","label":"answer","box":[1039,172,1114,186],"words":[{"text":"0000577","box":[1039,172,1114,186]}],"linking":[[260,229]]},{"id":230,"text":"Signature","label":"","box":[777,1349,845,1366],"words":[{"text":"Signature","box":[777,1349,845,1366]}],"linking":[]},{"id":231,"text":"Valid","label":"","box":[850,1348,890,1364],"words":[{"text":"Valid","box":[850,1348,890,1364]}],"linking":[]},{"id":232,"text":"|","label":"","box":[772,1369,773,1390],"words":[{"text":"|","box":[772,1369,773,1390]}],"linking":[]},{"id":233,"text":"Ký","label":"","box":[776,1368,793,1389],"words":[{"text":"Ký","box":[776,1368,793,1389]}],"linking":[]},{"id":234,"text":"bởi","label":"","box":[803,1368,825,1389],"words":[{"text":"bởi","box":[803,1368,825,1389]}],"linking":[]},{"id":235,"text":":","label":"","box":[829,1368,829,1389],"words":[{"text":":","box":[829,1368,829,1389]}],"linking":[]},{"id":236,"text":"CÔNG","label":"","box":[837,1368,887,1389],"words":[{"text":"CÔNG","box":[837,1368,887,1389]}],"linking":[]},{"id":237,"text":"TY","label":"","box":[894,1368,910,1389],"words":[{"text":"TY","box":[894,1368,910,1389]}],"linking":[]},{"id":238,"text":"CỔ","label":"","box":[922,1367,942,1388],"words":[{"text":"CỔ","box":[922,1367,942,1388]}],"linking":[]},{"id":239,"text":"PHẦN","label":"","box":[952,1367,1000,1388],"words":[{"text":"PHẦN","box":[952,1367,1000,1388]}],"linking":[]},{"id":240,"text":"THỦY","label":"","box":[1006,1367,1054,1388],"words":[{"text":"THỦY","box":[1006,1367,1054,1388]}],"linking":[]},{"id":241,"text":"THÀNH","label":"","box":[1064,606,1114,620],"words":[{"text":"THÀNH","box":[1064,606,1114,620]}],"linking":[]},{"id":242,"text":"TIỀN","label":"","box":[1123,606,1155,620],"words":[{"text":"TIỀN","box":[1123,606,1155,620]}],"linking":[]},{"id":243,"text":"SAU","label":"","box":[1073,628,1102,645],"words":[{"text":"SAU","box":[1073,628,1102,645]}],"linking":[]},{"id":244,"text":"THUẾ","label":"","box":[1109,627,1150,644],"words":[{"text":"THUẾ","box":[1109,627,1150,644]}],"linking":[]},{"id":245,"text":"Amount","label":"","box":[1086,656,1141,668],"words":[{"text":"Amount","box":[1086,656,1141,668]}],"linking":[]},{"id":246,"text":"10,500,000","label":"","box":[1088,700,1167,714],"words":[{"text":"10,500,000","box":[1088,700,1167,714]}],"linking":[]},{"id":247,"text":"2,400,000","label":"","box":[1096,738,1167,751],"words":[{"text":"2,400,000","box":[1096,738,1167,751]}],"linking":[]},{"id":248,"text":"12,900,000","label":"","box":[1088,1013,1167,1025],"words":[{"text":"12,900,000","box":[1088,1013,1167,1025]}],"linking":[]},{"id":249,"text":"GIÁ","label":"","box":[1051,1036,1077,1052],"words":[{"text":"GIÁ","box":[1051,1036,1077,1052]}],"linking":[]},{"id":250,"text":"TRỊ","label":"","box":[1083,1036,1107,1052],"words":[{"text":"TRỊ","box":[1083,1036,1107,1052]}],"linking":[]},{"id":251,"text":"THANH","label":"","box":[1114,1036,1168,1052],"words":[{"text":"THANH","box":[1114,1036,1168,1052]}],"linking":[]},{"id":252,"text":"TOÁN","label":"","box":[1090,1060,1133,1074],"words":[{"text":"TOÁN","box":[1090,1060,1133,1074]}],"linking":[]},{"id":253,"text":"2,400,000","label":"","box":[1088,1168,1160,1182],"words":[{"text":"2,400,000","box":[1088,1168,1160,1182]}],"linking":[]},{"id":254,"text":"10,500,000","label":"","box":[1081,1196,1160,1208],"words":[{"text":"10,500,000","box":[1081,1196,1160,1208]}],"linking":[]},{"id":255,"text":"12,900,000","label":"","box":[1081,1222,1161,1234],"words":[{"text":"12,900,000","box":[1081,1222,1161,1234]}],"linking":[]},{"id":256,"text":"Mẫu số ( Fom ) :","label":"question","box":[874,91,981,111],"words":[{"text":"Mẫu","box":[874,91,905,108]},{"text":"số","box":[910,92,927,109]},{"text":"(","box":[932,92,937,109]},{"text":"Fom","box":[937,93,959,110]},{"text":")","box":[966,93,974,110]},{"text":":","box":[978,94,981,111]}],"linking":[[256,257]]},{"id":257,"text":"01GTKT0 / 002","label":"answer","box":[1039,95,1141,107],"words":[{"text":"01GTKT0","box":[1039,95,1108,107]},{"text":"/","box":[1109,95,1115,107]},{"text":"002","box":[1114,95,1141,107]}],"linking":[[256,257]]},{"id":258,"text":"Ki hiệu ( Series )","label":"question","box":[875,132,977,149],"words":[{"text":"Ki","box":[875,132,887,146]},{"text":"hiệu","box":[895,133,923,147]},{"text":"(","box":[931,133,935,147]},{"text":"Series","box":[936,134,972,148]},{"text":")","box":[974,135,977,149]}],"linking":[[258,259]]},{"id":259,"text":"BM / 21E","label":"answer","box":[1040,133,1094,145],"words":[{"text":"BM","box":[1040,133,1060,145]},{"text":"/","box":[1063,133,1068,145]},{"text":"21E","box":[1068,133,1094,145]}],"linking":[[258,259]]},{"id":260,"text":"Số ( No. ) .","label":"question","box":[875,167,939,188],"words":[{"text":"Số","box":[875,167,894,184]},{"text":"(","box":[901,168,905,185]},{"text":"No.","box":[905,170,927,186]},{"text":")","box":[928,170,932,187]},{"text":".","box":[938,171,939,188]}],"linking":[[260,229]]},{"id":261,"text":"Đơn vị bán hàng ( ComName ) :","label":"question","box":[71.81,221,280.81,240],"words":[{"text":"Đơn","box":[68,221,97,239]},{"text":"vị","box":[104,221,119,239]},{"text":"bán","box":[124,221,148,239]},{"text":"hàng","box":[156,221,189,239]},{"text":"(","box":[196,221,201,239]},{"text":"ComName","box":[203,221,264,240]},{"text":")","box":[267,222,271,240]},{"text":":","box":[274,222,277,240]}],"linking":[[261,262]]},{"id":262,"text":"CÔNG TY CỔ PHẦN THUỶ SẢN BÌNH MINH","label":"answer","box":[330,222,660,236],"words":[{"text":"CÔNG","box":[330,222,378,236]},{"text":"TY","box":[384,222,404,236]},{"text":"CỔ","box":[410,222,432,236]},{"text":"PHẦN","box":[440,222,483,236]},{"text":"THUỶ","box":[489,222,533,236]},{"text":"SẢN","box":[538,222,570,236]},{"text":"BÌNH","box":[578,222,614,236]},{"text":"MINH","box":[621,222,660,236]}],"linking":[[261,262]]},{"id":263,"text":"Mã số thuế ( Tax code )","label":"question","box":[70,249,221,271],"words":[{"text":"Mã","box":[70,250,92,267]},{"text":"số","box":[97,249,114,268]},{"text":"thuế","box":[118,251,149,268]},{"text":"(","box":[156,251,162,269]},{"text":"Tax","box":[162,252,183,270]},{"text":"code","box":[187,253,215,270]},{"text":")","box":[217,253,221,271]}],"linking":[[263,65]]},{"id":264,"text":"Dia chỉ ( Address ) :","label":"question","box":[70,283,193,298],"words":[{"text":"Dia","box":[70,283,94,296]},{"text":"chỉ","box":[99,283,119,297]},{"text":"(","box":[126,283,131,297]},{"text":"Address","box":[129,284,179,297]},{"text":")","box":[180,284,185,298]},{"text":":","box":[189,284,193,298]}],"linking":[[264,265]]},{"id":265,"text":"Số 86/28/1 , Phổ Quang , Phường 2 , Quận Tân Bình , TP.HCM","label":"answer","box":[331,281,770,298],"words":[{"text":"Số","box":[331,281,348,298]},{"text":"86/28/1","box":[356,281,406,298]},{"text":",","box":[411,281,412,298]},{"text":"Phổ","box":[420,281,446,298]},{"text":"Quang","box":[454,281,500,298]},{"text":",","box":[503,281,504,298]},{"text":"Phường","box":[512,281,569,298]},{"text":"2","box":[576,281,583,298]},{"text":",","box":[586,281,587,298]},{"text":"Quận","box":[595,281,632,298]},{"text":"Tân","box":[639,281,665,298]},{"text":"Bình","box":[672,281,703,298]},{"text":",","box":[706,281,707,298]},{"text":"TP.HCM","box":[710,281,770,298]}],"linking":[[264,265]]},{"id":266,"text":"Số tài khoản ( BankNo )","label":"question","box":[71,309,223,328],"words":[{"text":"Số","box":[71,309,88,325]},{"text":"tài","box":[95,309,110,325]},{"text":"khoản","box":[118,310,159,326]},{"text":"(","box":[167,311,171,327]},{"text":"BankNo","box":[172,311,216,327]},{"text":")","box":[219,312,223,328]}],"linking":[[266,66]]},{"id":267,"text":"Ngân hàng ( BankName ) :","label":"question","box":[71,338,238,357],"words":[{"text":"Ngân","box":[71,338,107,356]},{"text":"hàng","box":[115,338,148,356]},{"text":"(","box":[155,338,160,356]},{"text":"BankName","box":[162,339,224,357]},{"text":")","box":[228,339,232,357]},{"text":":","box":[235,339,238,357]}],"linking":[[267,268]]},{"id":268,"text":"NH TMCP Công Thương Việt Nam ( Vietinbank ) - CN Tây Sài Gòn , TP.HCM","label":"answer","box":[331,342,880,356],"words":[{"text":"NH","box":[331,342,351,356]},{"text":"TMCP","box":[358,342,403,356]},{"text":"Công","box":[411,342,447,356]},{"text":"Thương","box":[453,342,510,356]},{"text":"Việt","box":[517,342,544,356]},{"text":"Nam","box":[551,342,582,356]},{"text":"(","box":[590,342,594,356]},{"text":"Vietinbank","box":[595,342,668,356]},{"text":")","box":[671,342,675,356]},{"text":"-","box":[681,342,685,356]},{"text":"CN","box":[692,342,712,356]},{"text":"Tây","box":[720,342,746,356]},{"text":"Sài","box":[753,342,774,356]},{"text":"Gòn","box":[781,342,809,356]},{"text":",","box":[812,342,813,356]},{"text":"TP.HCM","box":[820,342,880,356]}],"linking":[[267,268]]},{"id":269,"text":"Họ tên người mua hàng ( Buyer ) :","label":"question","box":[71,391,300,407],"words":[{"text":"Họ","box":[71,391,89,406]},{"text":"tên","box":[96,391,116,406]},{"text":"người","box":[124,391,165,406]},{"text":"mua","box":[172,391,201,406]},{"text":"hàng","box":[209,391,242,407]},{"text":"(","box":[250,392,254,407]},{"text":"Buyer","box":[255,392,289,407]},{"text":")","box":[289,392,293,407]},{"text":":","box":[297,392,300,407]}],"linking":[[269,270]]},{"id":270,"text":"CAO ĐÌNH THIÊN","label":"answer","box":[433,386,562,404],"words":[{"text":"CAO","box":[433,387,465,404]},{"text":"ĐÌNH","box":[471,387,508,403]},{"text":"THIÊN","box":[516,386,562,403]}],"linking":[[269,270]]},{"id":271,"text":"Tên đơn vị ( CusName ) -","label":"question","box":[70,419,229,436],"words":[{"text":"Tên","box":[70,419,96,434]},{"text":"đơn","box":[103,420,130,434]},{"text":"vị","box":[136,420,146,435]},{"text":"(","box":[154,420,158,435]},{"text":"CusName","box":[161,421,218,436]},{"text":")","box":[220,421,222,436]},{"text":"-","box":[228,421,229,436]}],"linking":[]},{"id":272,"text":"Mã số thuế ( Tax code ) .","label":"question","box":[71,444,228,465],"words":[{"text":"Mã","box":[71,444,92,462]},{"text":"số","box":[98,444,114,462]},{"text":"thuế","box":[119,445,150,463]},{"text":"(","box":[157,445,162,463]},{"text":"Tax","box":[163,446,183,464]},{"text":"code","box":[188,447,215,465]},{"text":")","box":[218,447,221,465]},{"text":".","box":[227,447,228,465]}],"linking":[]},{"id":273,"text":"Địa chỉ ( Address )","label":"question","box":[70,474,183,492],"words":[{"text":"Địa","box":[70,474,93,491]},{"text":"chỉ","box":[100,474,121,491]},{"text":"(","box":[125,474,130,491]},{"text":"Address","box":[131,475,179,492]},{"text":")","box":[181,475,183,492]}],"linking":[[273,274]]},{"id":274,"text":"Xóm 12 - Quỳnh Thanh - Quỳnh Lưu - Nghệ An","label":"answer","box":[432,477,776,491],"words":[{"text":"Xóm","box":[432,477,464,491]},{"text":"12","box":[472,477,486,491]},{"text":"-","box":[493,477,497,491]},{"text":"Quỳnh","box":[504,477,549,491]},{"text":"Thanh","box":[556,477,600,491]},{"text":"-","box":[607,477,611,491]},{"text":"Quỳnh","box":[618,477,663,491]},{"text":"Lưu","box":[671,477,697,491]},{"text":"-","box":[704,477,708,491]},{"text":"Nghệ","box":[715,477,751,491]},{"text":"An","box":[758,477,776,491]}],"linking":[[273,274]]},{"id":275,"text":"Hình thức thanh toán ( Method of payment ) .","label":"question","box":[71,503,361,522],"words":[{"text":"Hình","box":[71,503,103,520]},{"text":"thức","box":[109,503,141,520]},{"text":"thanh","box":[147,503,186,520]},{"text":"toán","box":[192,503,222,521]},{"text":"(","box":[230,504,234,521]},{"text":"Method","box":[234,504,279,521]},{"text":"of","box":[284,504,295,521]},{"text":"payment","box":[299,504,349,522]},{"text":")","box":[351,505,352,522]},{"text":".","box":[360,505,361,522]}],"linking":[[275,276]]},{"id":276,"text":"Chuyển khoản / Tiền mặt","label":"answer","box":[433,503,605,520],"words":[{"text":"Chuyển","box":[433,503,486,520]},{"text":"khoản","box":[494,503,533,520]},{"text":"/","box":[536,503,541,520]},{"text":"Tiền","box":[545,503,572,520]},{"text":"mặt","box":[580,503,605,520]}],"linking":[[275,276]]},{"id":277,"text":"Số tài khoản ( A / C No ) .","label":"question","box":[684,502,840,522],"words":[{"text":"Số","box":[684,502,703,517]},{"text":"tài","box":[708,502,726,518]},{"text":"khoản","box":[731,504,775,518]},{"text":"(","box":[782,504,785,520]},{"text":"A","box":[786,504,791,520]},{"text":"/","box":[793,504,799,520]},{"text":"C","box":[801,505,808,521]},{"text":"No","box":[812,506,828,521]},{"text":")","box":[829,506,834,522]},{"text":".","box":[839,506,840,522]}],"linking":[]},{"id":278,"text":"Ngân hàng ( Bank Name ) :","label":"question","box":[71,535,241,549],"words":[{"text":"Ngân","box":[71,535,107,549]},{"text":"hàng","box":[115,535,148,549]},{"text":"(","box":[156,535,158,549]},{"text":"Bank","box":[161,535,191,549]},{"text":"Name","box":[195,535,230,549]},{"text":")","box":[232,535,235,549]},{"text":":","box":[241,535,241,549]}],"linking":[]}]