[{"id":0,"text":"Đơn","label":"","box":[173,56,197,71],"words":[{"text":"Đơn","box":[173,56,197,71]}],"linking":[]},{"id":1,"text":"vị","label":"","box":[203,56,211,71],"words":[{"text":"vị","box":[203,56,211,71]}],"linking":[]},{"id":2,"text":"hỗ","label":"","box":[215,56,229,71],"words":[{"text":"hỗ","box":[215,56,229,71]}],"linking":[]},{"id":3,"text":"trợ","label":"","box":[234,56,250,71],"words":[{"text":"trợ","box":[234,56,250,71]}],"linking":[]},{"id":4,"text":"cung","label":"","box":[254,56,282,71],"words":[{"text":"cung","box":[254,56,282,71]}],"linking":[]},{"id":5,"text":"cấp","label":"","box":[287,56,307,71],"words":[{"text":"cấp","box":[287,56,307,71]}],"linking":[]},{"id":6,"text":"công","label":"","box":[312,56,339,71],"words":[{"text":"công","box":[312,56,339,71]}],"linking":[]},{"id":7,"text":"cụ","label":"","box":[344,56,357,71],"words":[{"text":"cụ","box":[344,56,357,71]}],"linking":[]},{"id":8,"text":"phát","label":"","box":[361,56,387,71],"words":[{"text":"phát","box":[361,56,387,71]}],"linking":[]},{"id":9,"text":"hành","label":"","box":[392,56,420,71],"words":[{"text":"hành","box":[392,56,420,71]}],"linking":[]},{"id":10,"text":"hóa","label":"","box":[425,56,446,71],"words":[{"text":"hóa","box":[425,56,446,71]}],"linking":[]},{"id":11,"text":"đơn","label":"","box":[451,56,473,71],"words":[{"text":"đơn","box":[451,56,473,71]}],"linking":[]},{"id":12,"text":"điện","label":"","box":[478,56,502,71],"words":[{"text":"điện","box":[478,56,502,71]}],"linking":[]},{"id":13,"text":"tử","label":"","box":[507,56,514,71],"words":[{"text":"tử","box":[507,56,514,71]}],"linking":[]},{"id":14,"text":":","label":"","box":[518,56,521,71],"words":[{"text":":","box":[518,56,521,71]}],"linking":[]},{"id":15,"text":"Công","label":"","box":[527,56,557,71],"words":[{"text":"Công","box":[527,56,557,71]}],"linking":[]},{"id":16,"text":"ty","label":"","box":[562,56,572,71],"words":[{"text":"ty","box":[562,56,572,71]}],"linking":[]},{"id":17,"text":"Cổ","label":"","box":[576,56,592,71],"words":[{"text":"Cổ","box":[576,56,592,71]}],"linking":[]},{"id":18,"text":"phần","label":"","box":[596,56,625,71],"words":[{"text":"phần","box":[596,56,625,71]}],"linking":[]},{"id":19,"text":"Định","label":"","box":[630,56,656,71],"words":[{"text":"Định","box":[630,56,656,71]}],"linking":[]},{"id":20,"text":"Gia","label":"","box":[661,56,680,71],"words":[{"text":"Gia","box":[661,56,680,71]}],"linking":[]},{"id":21,"text":"Nét","label":"","box":[686,56,706,71],"words":[{"text":"Nét","box":[686,56,706,71]}],"linking":[]},{"id":22,"text":"-","label":"","box":[710,56,713,71],"words":[{"text":"-","box":[710,56,713,71]}],"linking":[]},{"id":23,"text":"DigiNet","label":"","box":[718,56,761,71],"words":[{"text":"DigiNet","box":[718,56,761,71]}],"linking":[]},{"id":24,"text":"Corp","label":"","box":[765,56,789,71],"words":[{"text":"Corp","box":[765,56,789,71]}],"linking":[]},{"id":25,"text":",","label":"","box":[792,56,795,71],"words":[{"text":",","box":[792,56,795,71]}],"linking":[]},{"id":26,"text":"MST","label":"","box":[801,56,825,71],"words":[{"text":"MST","box":[801,56,825,71]}],"linking":[]},{"id":27,"text":":","label":"","box":[828,56,832,71],"words":[{"text":":","box":[828,56,832,71]}],"linking":[]},{"id":28,"text":"0303359278","label":"","box":[837,56,907,71],"words":[{"text":"0303359278","box":[837,56,907,71]}],"linking":[]},{"id":29,"text":",","label":"","box":[910,56,912,71],"words":[{"text":",","box":[910,56,912,71]}],"linking":[]},{"id":30,"text":"Điện","label":"","box":[918,56,944,71],"words":[{"text":"Điện","box":[918,56,944,71]}],"linking":[]},{"id":31,"text":"thoại","label":"","box":[949,56,977,71],"words":[{"text":"thoại","box":[949,56,977,71]}],"linking":[]},{"id":32,"text":":","label":"","box":[979,56,980,71],"words":[{"text":":","box":[979,56,980,71]}],"linking":[]},{"id":33,"text":"028","label":"","box":[985,56,1006,71],"words":[{"text":"028","box":[985,56,1006,71]}],"linking":[]},{"id":34,"text":"35123878","label":"","box":[1011,56,1069,71],"words":[{"text":"35123878","box":[1011,56,1069,71]}],"linking":[]},{"id":35,"text":"HÓA","label":"","box":[389,93,453,127],"words":[{"text":"HÓA","box":[389,93,453,127]}],"linking":[]},{"id":36,"text":"ĐƠN","label":"","box":[462,93,532,127],"words":[{"text":"ĐƠN","box":[462,93,532,127]}],"linking":[]},{"id":37,"text":"GIÁ","label":"","box":[545,93,597,127],"words":[{"text":"GIÁ","box":[545,93,597,127]}],"linking":[]},{"id":38,"text":"TRỊ","label":"","box":[606,93,654,127],"words":[{"text":"TRỊ","box":[606,93,654,127]}],"linking":[]},{"id":39,"text":"GIA","label":"","box":[666,93,718,127],"words":[{"text":"GIA","box":[666,93,718,127]}],"linking":[]},{"id":40,"text":"TĂNG","label":"","box":[728,93,811,127],"words":[{"text":"TĂNG","box":[728,93,811,127]}],"linking":[]},{"id":41,"text":"VAT","label":"","box":[522,143,573,161],"words":[{"text":"VAT","box":[522,143,573,161]}],"linking":[]},{"id":42,"text":"INVOICE","label":"","box":[578,143,680,161],"words":[{"text":"INVOICE","box":[578,143,680,161]}],"linking":[]},{"id":43,"text":"Ngày","label":"","box":[431,177,467,192],"words":[{"text":"Ngày","box":[431,177,467,192]}],"linking":[]},{"id":44,"text":"(","label":"","box":[474,177,477,192],"words":[{"text":"(","box":[474,177,477,192]}],"linking":[]},{"id":45,"text":"Date","label":"","box":[477,177,504,192],"words":[{"text":"Date","box":[477,177,504,192]}],"linking":[]},{"id":46,"text":")","label":"","box":[507,177,510,192],"words":[{"text":")","box":[507,177,510,192]}],"linking":[]},{"id":47,"text":"14","label":"","box":[516,177,532,192],"words":[{"text":"14","box":[516,177,532,192]}],"linking":[]},{"id":48,"text":"tháng","label":"","box":[538,177,577,192],"words":[{"text":"tháng","box":[538,177,577,192]}],"linking":[]},{"id":49,"text":"(","label":"","box":[585,177,588,192],"words":[{"text":"(","box":[585,177,588,192]}],"linking":[]},{"id":50,"text":"month","label":"","box":[587,177,623,192],"words":[{"text":"month","box":[587,177,623,192]}],"linking":[]},{"id":51,"text":")","label":"","box":[626,177,630,192],"words":[{"text":")","box":[626,177,630,192]}],"linking":[]},{"id":52,"text":"03","label":"","box":[635,177,652,192],"words":[{"text":"03","box":[635,177,652,192]}],"linking":[]},{"id":53,"text":"năm","label":"","box":[659,177,687,192],"words":[{"text":"năm","box":[659,177,687,192]}],"linking":[]},{"id":54,"text":"(","label":"","box":[696,177,699,192],"words":[{"text":"(","box":[696,177,699,192]}],"linking":[]},{"id":55,"text":"year","label":"","box":[699,177,724,192],"words":[{"text":"year","box":[699,177,724,192]}],"linking":[]},{"id":56,"text":")","label":"","box":[727,177,730,192],"words":[{"text":")","box":[727,177,730,192]}],"linking":[]},{"id":57,"text":"2022","label":"","box":[735,177,769,192],"words":[{"text":"2022","box":[735,177,769,192]}],"linking":[]},{"id":58,"text":"BINH","label":"","box":[162,172,193,184],"words":[{"text":"BINH","box":[162,172,193,184]}],"linking":[]},{"id":59,"text":"MINH","label":"","box":[199,172,231,183],"words":[{"text":"MINH","box":[199,172,231,183]}],"linking":[]},{"id":60,"text":"STT","label":"","box":[62,621,90,632],"words":[{"text":"STT","box":[62,621,90,632]}],"linking":[]},{"id":61,"text":"No.","label":"","box":[64,645,88,655],"words":[{"text":"No.","box":[64,645,88,655]}],"linking":[]},{"id":62,"text":"1","label":"","box":[72,700,79,711],"words":[{"text":"1","box":[72,700,79,711]}],"linking":[]},{"id":63,"text":"0303880297","label":"answer","box":[330,254,419,265],"words":[{"text":"0303880297","box":[330,254,419,265]}],"linking":[[252,63]]},{"id":64,"text":"112002622316","label":"answer","box":[331,312,439,323],"words":[{"text":"112002622316","box":[331,312,439,323]}],"linking":[[255,64]]},{"id":65,"text":"TÊN","label":"","box":[171,617,200,635],"words":[{"text":"TÊN","box":[171,617,200,635]}],"linking":[]},{"id":66,"text":"HÀNG","label":"","box":[208,617,251,635],"words":[{"text":"HÀNG","box":[208,617,251,635]}],"linking":[]},{"id":67,"text":"HÓA","label":"","box":[256,617,286,635],"words":[{"text":"HÓA","box":[256,617,286,635]}],"linking":[]},{"id":68,"text":",","label":"","box":[289,617,292,635],"words":[{"text":",","box":[289,617,292,635]}],"linking":[]},{"id":69,"text":"DỊCH","label":"","box":[300,617,335,635],"words":[{"text":"DỊCH","box":[300,617,335,635]}],"linking":[]},{"id":70,"text":"VỤ","label":"","box":[341,617,361,635],"words":[{"text":"VỤ","box":[341,617,361,635]}],"linking":[]},{"id":71,"text":"Description","label":"","box":[228,645,306,658],"words":[{"text":"Description","box":[228,645,306,658]}],"linking":[]},{"id":72,"text":"ENVIRON","label":"","box":[103,699,175,714],"words":[{"text":"ENVIRON","box":[103,699,175,714]}],"linking":[]},{"id":73,"text":"-","label":"","box":[177,699,181,714],"words":[{"text":"-","box":[177,699,181,714]}],"linking":[]},{"id":74,"text":"AC","label":"","box":[183,699,204,715],"words":[{"text":"AC","box":[183,699,204,715]}],"linking":[]},{"id":75,"text":"Túi","label":"","box":[210,700,230,715],"words":[{"text":"Túi","box":[210,700,230,715]}],"linking":[]},{"id":76,"text":"5Kg","label":"","box":[238,700,265,715],"words":[{"text":"5Kg","box":[238,700,265,715]}],"linking":[]},{"id":77,"text":"TỔNG","label":"","box":[205,1044,251,1059],"words":[{"text":"TỔNG","box":[205,1044,251,1059]}],"linking":[]},{"id":78,"text":"HỢP","label":"","box":[258,1045,292,1060],"words":[{"text":"HỢP","box":[258,1045,292,1060]}],"linking":[]},{"id":79,"text":"Tổng","label":"","box":[76,1082,111,1099],"words":[{"text":"Tổng","box":[76,1082,111,1099]}],"linking":[]},{"id":80,"text":"tiền","label":"","box":[117,1082,142,1099],"words":[{"text":"tiền","box":[117,1082,142,1099]}],"linking":[]},{"id":81,"text":"không","label":"","box":[150,1082,191,1099],"words":[{"text":"không","box":[150,1082,191,1099]}],"linking":[]},{"id":82,"text":"kê","label":"","box":[199,1082,213,1099],"words":[{"text":"kê","box":[199,1082,213,1099]}],"linking":[]},{"id":83,"text":"khai","label":"","box":[221,1082,248,1099],"words":[{"text":"khai","box":[221,1082,248,1099]}],"linking":[]},{"id":84,"text":"và","label":"","box":[254,1082,270,1099],"words":[{"text":"và","box":[254,1082,270,1099]}],"linking":[]},{"id":85,"text":"nộp","label":"","box":[277,1082,302,1099],"words":[{"text":"nộp","box":[277,1082,302,1099]}],"linking":[]},{"id":86,"text":"thuế","label":"","box":[308,1082,338,1099],"words":[{"text":"thuế","box":[308,1082,338,1099]}],"linking":[]},{"id":87,"text":":","label":"","box":[341,1082,342,1099],"words":[{"text":":","box":[341,1082,342,1099]}],"linking":[]},{"id":88,"text":"Tổng","label":"","box":[76,1109,111,1126],"words":[{"text":"Tổng","box":[76,1109,111,1126]}],"linking":[]},{"id":89,"text":"tiền","label":"","box":[117,1109,142,1126],"words":[{"text":"tiền","box":[117,1109,142,1126]}],"linking":[]},{"id":90,"text":"không","label":"","box":[150,1109,191,1126],"words":[{"text":"không","box":[150,1109,191,1126]}],"linking":[]},{"id":91,"text":"chịu","label":"","box":[199,1109,226,1126],"words":[{"text":"chịu","box":[199,1109,226,1126]}],"linking":[]},{"id":92,"text":"thuế","label":"","box":[232,1109,262,1126],"words":[{"text":"thuế","box":[232,1109,262,1126]}],"linking":[]},{"id":93,"text":"GTGT","label":"","box":[270,1109,314,1126],"words":[{"text":"GTGT","box":[270,1109,314,1126]}],"linking":[]},{"id":94,"text":":","label":"","box":[316,1109,316,1126],"words":[{"text":":","box":[316,1109,316,1126]}],"linking":[]},{"id":95,"text":"Tổng","label":"","box":[76,1132,110,1154],"words":[{"text":"Tổng","box":[76,1132,110,1154]}],"linking":[]},{"id":96,"text":"tiền","label":"","box":[116,1132,141,1153],"words":[{"text":"tiền","box":[116,1132,141,1153]}],"linking":[]},{"id":97,"text":"chịu","label":"","box":[148,1132,176,1153],"words":[{"text":"chịu","box":[148,1132,176,1153]}],"linking":[]},{"id":98,"text":"thuế","label":"","box":[180,1131,210,1152],"words":[{"text":"thuế","box":[180,1131,210,1152]}],"linking":[]},{"id":99,"text":"suất","label":"","box":[220,1131,249,1152],"words":[{"text":"suất","box":[220,1131,249,1152]}],"linking":[]},{"id":100,"text":":","label":"","box":[251,1131,252,1152],"words":[{"text":":","box":[251,1131,252,1152]}],"linking":[]},{"id":101,"text":"Tổng","label":"","box":[76,1160,110,1179],"words":[{"text":"Tổng","box":[76,1160,110,1179]}],"linking":[]},{"id":102,"text":"tiền","label":"","box":[116,1160,141,1178],"words":[{"text":"tiền","box":[116,1160,141,1178]}],"linking":[]},{"id":103,"text":"chịu","label":"","box":[148,1160,176,1178],"words":[{"text":"chịu","box":[148,1160,176,1178]}],"linking":[]},{"id":104,"text":"thuế","label":"","box":[182,1160,212,1178],"words":[{"text":"thuế","box":[182,1160,212,1178]}],"linking":[]},{"id":105,"text":"suất","label":"","box":[220,1160,248,1178],"words":[{"text":"suất","box":[220,1160,248,1178]}],"linking":[]},{"id":106,"text":":","label":"","box":[251,1160,252,1178],"words":[{"text":":","box":[251,1160,252,1178]}],"linking":[]},{"id":107,"text":"Tổng","label":"","box":[76,1187,110,1207],"words":[{"text":"Tổng","box":[76,1187,110,1207]}],"linking":[]},{"id":108,"text":"tiền","label":"","box":[116,1187,141,1206],"words":[{"text":"tiền","box":[116,1187,141,1206]}],"linking":[]},{"id":109,"text":"chịu","label":"","box":[148,1187,176,1206],"words":[{"text":"chịu","box":[148,1187,176,1206]}],"linking":[]},{"id":110,"text":"thuế","label":"","box":[182,1186,212,1205],"words":[{"text":"thuế","box":[182,1186,212,1205]}],"linking":[]},{"id":111,"text":"suất","label":"","box":[220,1186,248,1205],"words":[{"text":"suất","box":[220,1186,248,1205]}],"linking":[]},{"id":112,"text":":","label":"","box":[251,1186,251,1205],"words":[{"text":":","box":[251,1186,251,1205]}],"linking":[]},{"id":113,"text":"Tổng","label":"","box":[76,1213,110,1233],"words":[{"text":"Tổng","box":[76,1213,110,1233]}],"linking":[]},{"id":114,"text":"cộng","label":"","box":[116,1213,150,1232],"words":[{"text":"cộng","box":[116,1213,150,1232]}],"linking":[]},{"id":115,"text":"tiền","label":"","box":[157,1213,181,1232],"words":[{"text":"tiền","box":[157,1213,181,1232]}],"linking":[]},{"id":116,"text":"thanh","label":"","box":[188,1213,227,1232],"words":[{"text":"thanh","box":[188,1213,227,1232]}],"linking":[]},{"id":117,"text":"toán","label":"","box":[233,1213,263,1232],"words":[{"text":"toán","box":[233,1213,263,1232]}],"linking":[]},{"id":118,"text":"Số","label":"","box":[77,1247,94,1265],"words":[{"text":"Số","box":[77,1247,94,1265]}],"linking":[]},{"id":119,"text":"tiền","label":"","box":[100,1247,124,1265],"words":[{"text":"tiền","box":[100,1247,124,1265]}],"linking":[]},{"id":120,"text":"viết","label":"","box":[131,1247,156,1266],"words":[{"text":"viết","box":[131,1247,156,1266]}],"linking":[]},{"id":121,"text":"bằng","label":"","box":[162,1248,196,1266],"words":[{"text":"bằng","box":[162,1248,196,1266]}],"linking":[]},{"id":122,"text":"chữ","label":"","box":[202,1248,229,1267],"words":[{"text":"chữ","box":[202,1248,229,1267]}],"linking":[]},{"id":123,"text":"(","label":"","box":[236,1249,240,1267],"words":[{"text":"(","box":[236,1249,240,1267]}],"linking":[]},{"id":124,"text":"Total","label":"","box":[243,1249,270,1267],"words":[{"text":"Total","box":[243,1249,270,1267]}],"linking":[]},{"id":125,"text":"amount","label":"","box":[275,1250,319,1268],"words":[{"text":"amount","box":[275,1250,319,1268]}],"linking":[]},{"id":126,"text":"in","label":"","box":[324,1250,333,1268],"words":[{"text":"in","box":[324,1250,333,1268]}],"linking":[]},{"id":127,"text":"words","label":"","box":[339,1250,373,1269],"words":[{"text":"words","box":[339,1250,373,1269]}],"linking":[]},{"id":128,"text":")","label":"","box":[375,1251,378,1269],"words":[{"text":")","box":[375,1251,378,1269]}],"linking":[]},{"id":129,"text":"Người","label":"","box":[255,1298,299,1312],"words":[{"text":"Người","box":[255,1298,299,1312]}],"linking":[]},{"id":130,"text":"mua","label":"","box":[306,1298,335,1312],"words":[{"text":"mua","box":[306,1298,335,1312]}],"linking":[]},{"id":131,"text":"hàng","label":"","box":[342,1298,376,1312],"words":[{"text":"hàng","box":[342,1298,376,1312]}],"linking":[]},{"id":132,"text":"(","label":"","box":[384,1298,387,1312],"words":[{"text":"(","box":[384,1298,387,1312]}],"linking":[]},{"id":133,"text":"Buyer","label":"","box":[388,1298,422,1312],"words":[{"text":"Buyer","box":[388,1298,422,1312]}],"linking":[]},{"id":134,"text":")","label":"","box":[425,1298,427,1312],"words":[{"text":")","box":[425,1298,427,1312]}],"linking":[]},{"id":135,"text":"0305695363","label":"answer","box":[432,446,520,460],"words":[{"text":"0305695363","box":[432,446,520,460]}],"linking":[[261,135]]},{"id":136,"text":"ĐƠN","label":"","box":[449,608,482,622],"words":[{"text":"ĐƠN","box":[449,608,482,622]}],"linking":[]},{"id":137,"text":"VỊ","label":"","box":[488,608,501,621],"words":[{"text":"VỊ","box":[488,608,501,621]}],"linking":[]},{"id":138,"text":"SÓ","label":"","box":[537,606,558,619],"words":[{"text":"SÓ","box":[537,606,558,619]}],"linking":[]},{"id":139,"text":"ΤΊΝΗ","label":"","box":[461,629,495,643],"words":[{"text":"ΤΊΝΗ","box":[461,629,495,643]}],"linking":[]},{"id":140,"text":"LƯỢNG","label":"","box":[523,631,580,644],"words":[{"text":"LƯỢNG","box":[523,631,580,644]}],"linking":[]},{"id":141,"text":"Unit","label":"","box":[466,657,493,667],"words":[{"text":"Unit","box":[466,657,493,667]}],"linking":[]},{"id":142,"text":"Quantity","label":"","box":[524,657,581,670],"words":[{"text":"Quantity","box":[524,657,581,670]}],"linking":[]},{"id":143,"text":"Túi","label":"","box":[466,700,490,711],"words":[{"text":"Túi","box":[466,700,490,711]}],"linking":[]},{"id":144,"text":"1,650","label":"","box":[532,700,569,714],"words":[{"text":"1,650","box":[532,700,569,714]}],"linking":[]},{"id":145,"text":"THUẾ","label":"","box":[467,1044,510,1058],"words":[{"text":"THUẾ","box":[467,1044,510,1058]}],"linking":[]},{"id":146,"text":"SUẤT","label":"","box":[517,1044,558,1058],"words":[{"text":"SUẤT","box":[517,1044,558,1058]}],"linking":[]},{"id":147,"text":"X","label":"","box":[508,1087,517,1096],"words":[{"text":"X","box":[508,1087,517,1096]}],"linking":[]},{"id":148,"text":"X","label":"","box":[508,1115,517,1123],"words":[{"text":"X","box":[508,1115,517,1123]}],"linking":[]},{"id":149,"text":"0","label":"","box":[501,1137,510,1148],"words":[{"text":"0","box":[501,1137,510,1148]}],"linking":[]},{"id":150,"text":"%","label":"","box":[510,1136,522,1147],"words":[{"text":"%","box":[510,1136,522,1147]}],"linking":[]},{"id":151,"text":"5","label":"","box":[501,1165,510,1176],"words":[{"text":"5","box":[501,1165,510,1176]}],"linking":[]},{"id":152,"text":"%","label":"","box":[510,1165,523,1176],"words":[{"text":"%","box":[510,1165,523,1176]}],"linking":[]},{"id":153,"text":"10","label":"","box":[498,1192,514,1203],"words":[{"text":"10","box":[498,1192,514,1203]}],"linking":[]},{"id":154,"text":"%","label":"","box":[514,1192,526,1203],"words":[{"text":"%","box":[514,1192,526,1203]}],"linking":[]},{"id":155,"text":"ĐƠN","label":"","box":[618,618,652,632],"words":[{"text":"ĐƠN","box":[618,618,652,632]}],"linking":[]},{"id":156,"text":"GIÁ","label":"","box":[660,618,685,632],"words":[{"text":"GIÁ","box":[660,618,685,632]}],"linking":[]},{"id":157,"text":"Price","label":"","box":[635,644,670,655],"words":[{"text":"Price","box":[635,644,670,655]}],"linking":[]},{"id":158,"text":"260,000.000","label":"","box":[616,699,706,713],"words":[{"text":"260,000.000","box":[616,699,706,713]}],"linking":[]},{"id":159,"text":"THÀNH","label":"","box":[736,616,786,633],"words":[{"text":"THÀNH","box":[736,616,786,633]}],"linking":[]},{"id":160,"text":"TIÊN","label":"","box":[793,616,826,632],"words":[{"text":"TIÊN","box":[793,616,826,632]}],"linking":[]},{"id":161,"text":"Total","label":"","box":[766,644,800,656],"words":[{"text":"Total","box":[766,644,800,656]}],"linking":[]},{"id":162,"text":"Cộng","label":"","box":[602,1009,638,1023],"words":[{"text":"Cộng","box":[602,1009,638,1023]}],"linking":[]},{"id":163,"text":"(","label":"","box":[646,1008,650,1023],"words":[{"text":"(","box":[646,1008,650,1023]}],"linking":[]},{"id":164,"text":"Sub","label":"","box":[651,1008,673,1024],"words":[{"text":"Sub","box":[651,1008,673,1024]}],"linking":[]},{"id":165,"text":"total","label":"","box":[677,1009,703,1024],"words":[{"text":"total","box":[677,1009,703,1024]}],"linking":[]},{"id":166,"text":")","label":"","box":[705,1009,707,1024],"words":[{"text":")","box":[705,1009,707,1024]}],"linking":[]},{"id":167,"text":"429,000,000","label":"","box":[747,1008,838,1020],"words":[{"text":"429,000,000","box":[747,1008,838,1020]}],"linking":[]},{"id":168,"text":"TRỊ","label":"","box":[611,1044,635,1060],"words":[{"text":"TRỊ","box":[611,1044,635,1060]}],"linking":[]},{"id":169,"text":"GIÁ","label":"","box":[643,1044,669,1060],"words":[{"text":"GIÁ","box":[643,1044,669,1060]}],"linking":[]},{"id":170,"text":"CHƯA","label":"","box":[676,1044,723,1060],"words":[{"text":"CHƯA","box":[676,1044,723,1060]}],"linking":[]},{"id":171,"text":"THUẾ","label":"","box":[728,1044,771,1060],"words":[{"text":"THUẾ","box":[728,1044,771,1060]}],"linking":[]},{"id":172,"text":"GTGT","label":"","box":[778,1044,821,1060],"words":[{"text":"GTGT","box":[778,1044,821,1060]}],"linking":[]},{"id":173,"text":"1/1","label":"","box":[606,1716,635,1731],"words":[{"text":"1/1","box":[606,1716,635,1731]}],"linking":[]},{"id":174,"text":"THUÊ","label":"","box":[860,594,899,608],"words":[{"text":"THUÊ","box":[860,594,899,608]}],"linking":[]},{"id":175,"text":"SUÁT","label":"","box":[860,618,902,631],"words":[{"text":"SUÁT","box":[860,618,902,631]}],"linking":[]},{"id":176,"text":"GTGT","label":"","box":[861,642,903,656],"words":[{"text":"GTGT","box":[861,642,903,656]}],"linking":[]},{"id":177,"text":"VAT","label":"","box":[853,667,883,678],"words":[{"text":"VAT","box":[853,667,883,678]}],"linking":[]},{"id":178,"text":"rate","label":"","box":[887,668,913,679],"words":[{"text":"rate","box":[887,668,913,679]}],"linking":[]},{"id":179,"text":"429,000,000","label":"","box":[747,699,836,713],"words":[{"text":"429,000,000","box":[747,699,836,713]}],"linking":[]},{"id":180,"text":"10","label":"","box":[868,701,883,711],"words":[{"text":"10","box":[868,701,883,711]}],"linking":[]},{"id":181,"text":"%","label":"","box":[883,701,895,711],"words":[{"text":"%","box":[883,701,895,711]}],"linking":[]},{"id":182,"text":"429,000,000","label":"","box":[739,1191,830,1203],"words":[{"text":"429,000,000","box":[739,1191,830,1203]}],"linking":[]},{"id":183,"text":"429,000,000","label":"","box":[739,1218,829,1231],"words":[{"text":"429,000,000","box":[739,1218,829,1231]}],"linking":[]},{"id":184,"text":"Bốn","label":"","box":[449,1249,475,1266],"words":[{"text":"Bốn","box":[449,1249,475,1266]}],"linking":[]},{"id":185,"text":"trăm","label":"","box":[482,1249,512,1266],"words":[{"text":"trăm","box":[482,1249,512,1266]}],"linking":[]},{"id":186,"text":"bảy","label":"","box":[521,1249,545,1266],"words":[{"text":"bảy","box":[521,1249,545,1266]}],"linking":[]},{"id":187,"text":"mươi","label":"","box":[552,1249,588,1266],"words":[{"text":"mươi","box":[552,1249,588,1266]}],"linking":[]},{"id":188,"text":"mốt","label":"","box":[595,1249,620,1266],"words":[{"text":"mốt","box":[595,1249,620,1266]}],"linking":[]},{"id":189,"text":"triệu","label":"","box":[626,1249,656,1266],"words":[{"text":"triệu","box":[626,1249,656,1266]}],"linking":[]},{"id":190,"text":"chín","label":"","box":[664,1249,692,1266],"words":[{"text":"chín","box":[664,1249,692,1266]}],"linking":[]},{"id":191,"text":"trăm","label":"","box":[698,1249,728,1266],"words":[{"text":"trăm","box":[698,1249,728,1266]}],"linking":[]},{"id":192,"text":"nghìn","label":"","box":[737,1249,775,1266],"words":[{"text":"nghìn","box":[737,1249,775,1266]}],"linking":[]},{"id":193,"text":"đồng","label":"","box":[781,1249,816,1266],"words":[{"text":"đồng","box":[781,1249,816,1266]}],"linking":[]},{"id":194,"text":"chẵn","label":"","box":[823,1249,856,1266],"words":[{"text":"chẵn","box":[823,1249,856,1266]}],"linking":[]},{"id":195,"text":"TIỀN","label":"","box":[937,606,971,620],"words":[{"text":"TIỀN","box":[937,606,971,620]}],"linking":[]},{"id":196,"text":"THUÊ","label":"","box":[977,606,1018,620],"words":[{"text":"THUÊ","box":[977,606,1018,620]}],"linking":[]},{"id":197,"text":"GTGT","label":"","box":[959,632,1001,643],"words":[{"text":"GTGT","box":[959,632,1001,643]}],"linking":[]},{"id":198,"text":"VAT","label":"","box":[938,657,967,667],"words":[{"text":"VAT","box":[938,657,967,667]}],"linking":[]},{"id":199,"text":"amount","label":"","box":[972,657,1025,667],"words":[{"text":"amount","box":[972,657,1025,667]}],"linking":[]},{"id":200,"text":"42,900,000","label":"","box":[952,701,1033,714],"words":[{"text":"42,900,000","box":[952,701,1033,714]}],"linking":[]},{"id":201,"text":"42,900,000","label":"","box":[951,1008,1033,1020],"words":[{"text":"42,900,000","box":[951,1008,1033,1020]}],"linking":[]},{"id":202,"text":"TIỀN","label":"","box":[877,1044,912,1058],"words":[{"text":"TIỀN","box":[877,1044,912,1058]}],"linking":[]},{"id":203,"text":"THUẾ","label":"","box":[919,1044,962,1058],"words":[{"text":"THUẾ","box":[919,1044,962,1058]}],"linking":[]},{"id":204,"text":"GIGI","label":"","box":[969,1044,1012,1058],"words":[{"text":"GIGI","box":[969,1044,1012,1058]}],"linking":[]},{"id":205,"text":"42,900,000","label":"","box":[944,1191,1026,1203],"words":[{"text":"42,900,000","box":[944,1191,1026,1203]}],"linking":[]},{"id":206,"text":"42,900,000","label":"","box":[944,1217,1025,1230],"words":[{"text":"42,900,000","box":[944,1217,1025,1230]}],"linking":[]},{"id":207,"text":"Người","label":"","box":[817,1298,861,1312],"words":[{"text":"Người","box":[817,1298,861,1312]}],"linking":[]},{"id":208,"text":"bán","label":"","box":[868,1298,893,1312],"words":[{"text":"bán","box":[868,1298,893,1312]}],"linking":[]},{"id":209,"text":"hàng","label":"","box":[900,1298,934,1312],"words":[{"text":"hàng","box":[900,1298,934,1312]}],"linking":[]},{"id":210,"text":"(","label":"","box":[942,1298,946,1312],"words":[{"text":"(","box":[942,1298,946,1312]}],"linking":[]},{"id":211,"text":"Seller","label":"","box":[947,1298,979,1312],"words":[{"text":"Seller","box":[947,1298,979,1312]}],"linking":[]},{"id":212,"text":")","label":"","box":[982,1298,984,1312],"words":[{"text":")","box":[982,1298,984,1312]}],"linking":[]},{"id":213,"text":"0000491","label":"answer","box":[1038,172,1114,186],"words":[{"text":"0000491","box":[1038,172,1114,186]}],"linking":[[249,213]]},{"id":214,"text":"THÀNH","label":"","box":[1062,604,1112,621],"words":[{"text":"THÀNH","box":[1062,604,1112,621]}],"linking":[]},{"id":215,"text":"TIÊN","label":"","box":[1120,604,1152,620],"words":[{"text":"TIÊN","box":[1120,604,1152,620]}],"linking":[]},{"id":216,"text":"SAU","label":"","box":[1072,628,1100,645],"words":[{"text":"SAU","box":[1072,628,1100,645]}],"linking":[]},{"id":217,"text":"THUẾ","label":"","box":[1107,627,1148,644],"words":[{"text":"THUẾ","box":[1107,627,1148,644]}],"linking":[]},{"id":218,"text":"Amount","label":"","box":[1084,658,1138,669],"words":[{"text":"Amount","box":[1084,658,1138,669]}],"linking":[]},{"id":219,"text":"Signature","label":"","box":[777,1344,845,1362],"words":[{"text":"Signature","box":[777,1344,845,1362]}],"linking":[]},{"id":220,"text":"Valid","label":"","box":[850,1343,890,1360],"words":[{"text":"Valid","box":[850,1343,890,1360]}],"linking":[]},{"id":221,"text":"|","label":"","box":[773,1366,774,1386],"words":[{"text":"|","box":[773,1366,774,1386]}],"linking":[]},{"id":222,"text":"Ký","label":"","box":[775,1365,796,1385],"words":[{"text":"Ký","box":[775,1365,796,1385]}],"linking":[]},{"id":223,"text":"bởi","label":"","box":[803,1365,826,1385],"words":[{"text":"bởi","box":[803,1365,826,1385]}],"linking":[]},{"id":224,"text":":","label":"","box":[829,1365,829,1385],"words":[{"text":":","box":[829,1365,829,1385]}],"linking":[]},{"id":225,"text":"CÔNG","label":"","box":[837,1365,887,1385],"words":[{"text":"CÔNG","box":[837,1365,887,1385]}],"linking":[]},{"id":226,"text":"TY","label":"","box":[895,1365,911,1385],"words":[{"text":"TY","box":[895,1365,911,1385]}],"linking":[]},{"id":227,"text":"CỔ","label":"","box":[922,1364,941,1385],"words":[{"text":"CỔ","box":[922,1364,941,1385]}],"linking":[]},{"id":228,"text":"PHẦN","label":"","box":[952,1364,1000,1384],"words":[{"text":"PHẦN","box":[952,1364,1000,1384]}],"linking":[]},{"id":229,"text":"THỦY","label":"","box":[1006,1364,1055,1384],"words":[{"text":"THỦY","box":[1006,1364,1055,1384]}],"linking":[]},{"id":230,"text":"SẢN","label":"","box":[778,1390,813,1407],"words":[{"text":"SẢN","box":[778,1390,813,1407]}],"linking":[]},{"id":231,"text":"BÌNH","label":"","box":[817,1390,862,1407],"words":[{"text":"BÌNH","box":[817,1390,862,1407]}],"linking":[]},{"id":232,"text":"MINH","label":"","box":[867,1390,915,1408],"words":[{"text":"MINH","box":[867,1390,915,1408]}],"linking":[]},{"id":233,"text":"Ngày","label":"","box":[777,1416,815,1434],"words":[{"text":"Ngày","box":[777,1416,815,1434]}],"linking":[]},{"id":234,"text":"ký","label":"","box":[820,1416,835,1433],"words":[{"text":"ký","box":[820,1416,835,1433]}],"linking":[]},{"id":235,"text":":","label":"","box":[838,1416,842,1433],"words":[{"text":":","box":[838,1416,842,1433]}],"linking":[]},{"id":236,"text":"14/03/2022","label":"","box":[850,1415,929,1433],"words":[{"text":"14/03/2022","box":[850,1415,929,1433]}],"linking":[]},{"id":237,"text":"471,900,000","label":"","box":[1078,701,1168,714],"words":[{"text":"471,900,000","box":[1078,701,1168,714]}],"linking":[]},{"id":238,"text":"471,900,000","label":"","box":[1078,1008,1168,1020],"words":[{"text":"471,900,000","box":[1078,1008,1168,1020]}],"linking":[]},{"id":239,"text":"GIÁ","label":"","box":[1049,1031,1075,1047],"words":[{"text":"GIÁ","box":[1049,1031,1075,1047]}],"linking":[]},{"id":240,"text":"TRỊ","label":"","box":[1082,1031,1105,1047],"words":[{"text":"TRỊ","box":[1082,1031,1105,1047]}],"linking":[]},{"id":241,"text":"THANH","label":"","box":[1112,1032,1167,1048],"words":[{"text":"THANH","box":[1112,1032,1167,1048]}],"linking":[]},{"id":242,"text":"TOÁN","label":"","box":[1088,1057,1131,1070],"words":[{"text":"TOÁN","box":[1088,1057,1131,1070]}],"linking":[]},{"id":243,"text":"471,900,000","label":"","box":[1070,1191,1161,1203],"words":[{"text":"471,900,000","box":[1070,1191,1161,1203]}],"linking":[]},{"id":244,"text":"471,900,000","label":"","box":[1070,1218,1161,1231],"words":[{"text":"471,900,000","box":[1070,1218,1161,1231]}],"linking":[]},{"id":245,"text":"Mẫu số ( Fom ) -","label":"question","box":[874,91,981,112],"words":[{"text":"Mẫu","box":[874,91,905,109]},{"text":"số","box":[910,93,927,110]},{"text":"(","box":[933,93,938,111]},{"text":"Fom","box":[938,94,959,111]},{"text":")","box":[966,94,974,112]},{"text":"-","box":[978,94,981,112]}],"linking":[[245,246]]},{"id":246,"text":"01GTKT0 / 002","label":"answer","box":[1038,96,1140,107],"words":[{"text":"01GTKT0","box":[1038,96,1108,107]},{"text":"/","box":[1109,96,1114,107]},{"text":"002","box":[1114,96,1140,107]}],"linking":[[245,246]]},{"id":247,"text":"Kí hiệu ( Series ) .","label":"question","box":[875,131,984,148],"words":[{"text":"Kí","box":[875,131,888,145]},{"text":"hiệu","box":[895,132,924,146]},{"text":"(","box":[931,132,935,146]},{"text":"Series","box":[936,133,971,147]},{"text":")","box":[973,134,978,148]},{"text":".","box":[981,134,984,148]}],"linking":[[247,248]]},{"id":248,"text":"BM / 21E","label":"answer","box":[1040,132,1096,144],"words":[{"text":"BM","box":[1040,132,1060,144]},{"text":"/","box":[1062,132,1067,144]},{"text":"21E","box":[1067,132,1096,144]}],"linking":[[247,248]]},{"id":249,"text":"Số ( No. ) .","label":"question","box":[875,164.09,942,185.09],"words":[{"text":"Số","box":[875,166,894,183]},{"text":"(","box":[901,168,905,185]},{"text":"No.","box":[904,170,927,185]},{"text":")","box":[928,170,932,187]},{"text":".","box":[937,170,942,187]}],"linking":[[249,213]]},{"id":250,"text":"Đơn vị bán hàng ( ComName ) :","label":"question","box":[70,222,277,240],"words":[{"text":"Đơn","box":[70,222,100,238]},{"text":"vị","box":[106,222,117,238]},{"text":"bán","box":[124,222,148,238]},{"text":"hàng","box":[156,223,189,239]},{"text":"(","box":[197,223,201,239]},{"text":"ComName","box":[203,224,265,240]},{"text":")","box":[267,224,270,240]},{"text":":","box":[276,224,277,240]}],"linking":[[250,251]]},{"id":251,"text":"CÔNG TY CỔ PHẦN THUỶ SẢN BÌNH MINH","label":"answer","box":[330,220,660,235],"words":[{"text":"CÔNG","box":[330,220,378,235]},{"text":"TY","box":[384,220,404,235]},{"text":"CỔ","box":[410,220,432,235]},{"text":"PHẦN","box":[440,220,483,235]},{"text":"THUỶ","box":[489,220,533,235]},{"text":"SẢN","box":[538,220,570,235]},{"text":"BÌNH","box":[578,220,614,235]},{"text":"MINH","box":[621,220,660,235]}],"linking":[[250,251]]},{"id":252,"text":"Mã số thuế ( Tax code ) :","label":"question","box":[71,249,228,270],"words":[{"text":"Mã","box":[71,250,92,266]},{"text":"số","box":[98,249,114,266]},{"text":"thuế","box":[119,250,150,267]},{"text":"(","box":[157,251,162,268]},{"text":"Tax","box":[165,251,183,268]},{"text":"code","box":[188,252,216,269]},{"text":")","box":[219,253,221,270]},{"text":":","box":[227,253,228,270]}],"linking":[[252,63]]},{"id":253,"text":"Địa chỉ ( Address ) .","label":"question","box":[70,281,191,298],"words":[{"text":"Địa","box":[70,282,94,296]},{"text":"chỉ","box":[100,281,119,297]},{"text":"(","box":[126,282,130,297]},{"text":"Address","box":[132,283,179,297]},{"text":")","box":[180,283,185,298]},{"text":".","box":[189,283,191,298]}],"linking":[[253,254]]},{"id":254,"text":"Số 86/28/1 , Phổ Quang , Phường 2 , Quận Tân Bình , TP.HCM","label":"answer","box":[331,280,770,297],"words":[{"text":"Số","box":[331,280,348,297]},{"text":"86/28/1","box":[356,280,406,297]},{"text":",","box":[411,280,412,297]},{"text":"Phổ","box":[420,280,446,297]},{"text":"Quang","box":[454,280,500,297]},{"text":",","box":[503,280,504,297]},{"text":"Phường","box":[512,280,569,297]},{"text":"2","box":[576,280,583,297]},{"text":",","box":[586,280,587,297]},{"text":"Quận","box":[595,280,632,297]},{"text":"Tân","box":[639,280,665,297]},{"text":"Bình","box":[672,280,703,297]},{"text":",","box":[706,280,707,297]},{"text":"TP.HCM","box":[710,280,770,297]}],"linking":[[253,254]]},{"id":255,"text":"Số tài khoản ( BankNo ) .","label":"question","box":[71,308,231,327],"words":[{"text":"Số","box":[71,308,88,323]},{"text":"tài","box":[95,308,110,324]},{"text":"khoản","box":[118,310,159,324]},{"text":"(","box":[167,310,171,325]},{"text":"BankNo","box":[172,311,216,326]},{"text":")","box":[219,312,223,327]},{"text":".","box":[229,312,231,327]}],"linking":[[255,64]]},{"id":256,"text":"Ngân hàng ( BankName ) :","label":"question","box":[72.91,338,239.91,357],"words":[{"text":"Ngân","box":[71,338,107,356]},{"text":"hàng","box":[115,338,148,356]},{"text":"(","box":[155,338,160,356]},{"text":"BankName","box":[162,339,224,357]},{"text":")","box":[228,339,232,357]},{"text":":","box":[235,339,238,357]}],"linking":[[256,257]]},{"id":257,"text":"NH TMCP Công Thương Việt Nam ( Vietinbank ) - CN Tây Sài Gòn , TP.HCM","label":"answer","box":[331,342,880,356],"words":[{"text":"NH","box":[331,342,351,356]},{"text":"TMCP","box":[358,342,403,356]},{"text":"Công","box":[411,342,447,356]},{"text":"Thương","box":[453,342,510,356]},{"text":"Việt","box":[517,342,544,356]},{"text":"Nam","box":[551,342,582,356]},{"text":"(","box":[590,342,594,356]},{"text":"Vietinbank","box":[597,342,667,356]},{"text":")","box":[670,342,675,356]},{"text":"-","box":[681,342,685,356]},{"text":"CN","box":[692,342,712,356]},{"text":"Tây","box":[720,342,746,356]},{"text":"Sài","box":[753,342,774,356]},{"text":"Gòn","box":[781,342,809,356]},{"text":",","box":[812,342,813,356]},{"text":"TP.HCM","box":[820,342,880,356]}],"linking":[[256,257]]},{"id":258,"text":"Họ tên người mua hàng ( Buyer )","label":"question","box":[69,388,293,409],"words":[{"text":"Họ","box":[69,388,86,407]},{"text":"tên","box":[94,388,111,407]},{"text":"người","box":[124,388,165,408]},{"text":"mua","box":[172,389,201,408]},{"text":"hàng","box":[209,389,242,408]},{"text":"(","box":[250,389,253,408]},{"text":"Buyer","box":[256,390,288,409]},{"text":")","box":[291,390,293,409]}],"linking":[]},{"id":259,"text":"Tên đơn vị ( CusName ) :","label":"question","box":[70,417,229,435],"words":[{"text":"Tên","box":[70,417,96,431]},{"text":"đơn","box":[104,418,130,432]},{"text":"vị","box":[136,418,147,432]},{"text":"(","box":[153,419,157,433]},{"text":"CusName","box":[159,419,218,433]},{"text":")","box":[220,420,222,434]},{"text":":","box":[228,421,229,435]}],"linking":[[259,260]]},{"id":260,"text":"Công ty Cổ Phần Thủy Sản Ánh Dương","label":"answer","box":[433,416,720,433],"words":[{"text":"Công","box":[433,416,469,433]},{"text":"ty","box":[476,416,487,433]},{"text":"Cổ","box":[494,416,512,433]},{"text":"Phần","box":[519,416,555,433]},{"text":"Thủy","box":[561,416,597,433]},{"text":"Sản","box":[603,416,629,433]},{"text":"Ánh","box":[636,416,663,433]},{"text":"Dương","box":[671,416,720,433]}],"linking":[[259,260]]},{"id":261,"text":"Mã số thuế ( Tax code ) .","label":"question","box":[71,443,228,464],"words":[{"text":"Mã","box":[71,444,92,460]},{"text":"số","box":[97,443,114,461]},{"text":"thuế","box":[119,445,149,461]},{"text":"(","box":[157,445,162,462]},{"text":"Tax","box":[162,446,183,463]},{"text":"code","box":[187,446,215,463]},{"text":")","box":[218,447,221,464]},{"text":".","box":[228,447,228,464]}],"linking":[[261,135]]},{"id":262,"text":"Địa chỉ ( Address ) .","label":"question","box":[70,475,194,495],"words":[{"text":"Địa","box":[70,476,93,493]},{"text":"chỉ","box":[100,475,120,494]},{"text":"(","box":[124,476,129,494]},{"text":"Address","box":[131,476,178,494]},{"text":")","box":[179,477,183,495]},{"text":".","box":[189,477,194,495]}],"linking":[[262,263]]},{"id":263,"text":"304/48 Trưởng Chinh , Phường 13 , Quận Tân Bình , TP.HCM","label":"answer","box":[433,478,871,492],"words":[{"text":"304/48","box":[433,478,480,492]},{"text":"Trưởng","box":[487,478,540,492]},{"text":"Chinh","box":[548,478,587,492]},{"text":",","box":[591,478,592,492]},{"text":"Phường","box":[600,478,657,492]},{"text":"13","box":[665,478,679,492]},{"text":",","box":[683,478,684,492]},{"text":"Quận","box":[692,478,729,492]},{"text":"Tân","box":[735,478,762,492]},{"text":"Bình","box":[769,478,800,492]},{"text":",","box":[803,478,804,492]},{"text":"TP.HCM","box":[811,478,871,492]}],"linking":[[262,263]]},{"id":264,"text":"Hình thức thanh toán ( Method of payment ) -","label":"question","box":[71,504,361,523],"words":[{"text":"Hình","box":[71,504,103,521]},{"text":"thức","box":[109,504,141,521]},{"text":"thanh","box":[147,504,186,522]},{"text":"toán","box":[192,505,222,522]},{"text":"(","box":[230,505,234,522]},{"text":"Method","box":[234,505,279,522]},{"text":"of","box":[284,505,294,523]},{"text":"payment","box":[298,506,350,523]},{"text":")","box":[352,506,353,523]},{"text":"-","box":[360,506,361,523]}],"linking":[[264,265]]},{"id":265,"text":"Chuyển khoản / Tiền mặt","label":"answer","box":[433,504,605,521],"words":[{"text":"Chuyển","box":[433,504,486,521]},{"text":"khoản","box":[494,504,534,521]},{"text":"/","box":[536,504,541,521]},{"text":"Tiền","box":[545,504,572,521]},{"text":"mặt","box":[580,504,605,521]}],"linking":[[264,265]]},{"id":266,"text":"Số tài khoản ( A / C No ) .","label":"answer","box":[684,504,840,524],"words":[{"text":"Số","box":[684,504,703,519]},{"text":"tài","box":[708,504,725,520]},{"text":"khoản","box":[731,506,775,520]},{"text":"(","box":[782,506,786,522]},{"text":"A","box":[787,506,792,522]},{"text":"/","box":[794,506,799,522]},{"text":"C","box":[800,507,808,523]},{"text":"No","box":[812,508,827,523]},{"text":")","box":[830,508,834,524]},{"text":".","box":[839,508,840,524]}],"linking":[]},{"id":267,"text":"Ngân hàng ( Bank Name ) .","label":"question","box":[71,535,242,552],"words":[{"text":"Ngân","box":[71,535,107,551]},{"text":"hàng","box":[114,535,148,551]},{"text":"(","box":[156,535,160,551]},{"text":"Bank","box":[162,535,191,551]},{"text":"Name","box":[195,535,229,552]},{"text":")","box":[232,536,235,552]},{"text":".","box":[241,536,242,552]}],"linking":[]}]