[{"id":0,"text":"STT","label":"","box":[62,621,90,632],"words":[{"text":"STT","box":[62,621,90,632]}],"linking":[]},{"id":1,"text":"No.","label":"","box":[64,645,88,655],"words":[{"text":"No.","box":[64,645,88,655]}],"linking":[]},{"id":2,"text":"1","label":"","box":[72,700,79,712],"words":[{"text":"1","box":[72,700,79,712]}],"linking":[]},{"id":3,"text":"2","label":"","box":[70,739,81,750],"words":[{"text":"2","box":[70,739,81,750]}],"linking":[]},{"id":4,"text":"Đơn","label":"","box":[173,56,197,71],"words":[{"text":"Đơn","box":[173,56,197,71]}],"linking":[]},{"id":5,"text":"vị","label":"","box":[203,56,211,71],"words":[{"text":"vị","box":[203,56,211,71]}],"linking":[]},{"id":6,"text":"hỗ","label":"","box":[215,56,229,71],"words":[{"text":"hỗ","box":[215,56,229,71]}],"linking":[]},{"id":7,"text":"trợ","label":"","box":[234,56,250,71],"words":[{"text":"trợ","box":[234,56,250,71]}],"linking":[]},{"id":8,"text":"cung","label":"","box":[254,56,282,71],"words":[{"text":"cung","box":[254,56,282,71]}],"linking":[]},{"id":9,"text":"cấp","label":"","box":[287,56,307,71],"words":[{"text":"cấp","box":[287,56,307,71]}],"linking":[]},{"id":10,"text":"công","label":"","box":[312,56,339,71],"words":[{"text":"công","box":[312,56,339,71]}],"linking":[]},{"id":11,"text":"cụ","label":"","box":[344,56,357,71],"words":[{"text":"cụ","box":[344,56,357,71]}],"linking":[]},{"id":12,"text":"phát","label":"","box":[361,56,387,71],"words":[{"text":"phát","box":[361,56,387,71]}],"linking":[]},{"id":13,"text":"hành","label":"","box":[392,56,420,71],"words":[{"text":"hành","box":[392,56,420,71]}],"linking":[]},{"id":14,"text":"hóa","label":"","box":[425,56,446,71],"words":[{"text":"hóa","box":[425,56,446,71]}],"linking":[]},{"id":15,"text":"đơn","label":"","box":[451,56,473,71],"words":[{"text":"đơn","box":[451,56,473,71]}],"linking":[]},{"id":16,"text":"điện","label":"","box":[478,56,502,71],"words":[{"text":"điện","box":[478,56,502,71]}],"linking":[]},{"id":17,"text":"tử","label":"","box":[507,56,514,71],"words":[{"text":"tử","box":[507,56,514,71]}],"linking":[]},{"id":18,"text":":","label":"","box":[518,56,521,71],"words":[{"text":":","box":[518,56,521,71]}],"linking":[]},{"id":19,"text":"Công","label":"","box":[527,56,557,71],"words":[{"text":"Công","box":[527,56,557,71]}],"linking":[]},{"id":20,"text":"ty","label":"","box":[562,56,572,71],"words":[{"text":"ty","box":[562,56,572,71]}],"linking":[]},{"id":21,"text":"Cổ","label":"","box":[576,56,592,71],"words":[{"text":"Cổ","box":[576,56,592,71]}],"linking":[]},{"id":22,"text":"phần","label":"","box":[596,56,625,71],"words":[{"text":"phần","box":[596,56,625,71]}],"linking":[]},{"id":23,"text":"Định","label":"","box":[630,56,656,71],"words":[{"text":"Định","box":[630,56,656,71]}],"linking":[]},{"id":24,"text":"Gia","label":"","box":[661,56,680,71],"words":[{"text":"Gia","box":[661,56,680,71]}],"linking":[]},{"id":25,"text":"Nét","label":"","box":[686,56,706,71],"words":[{"text":"Nét","box":[686,56,706,71]}],"linking":[]},{"id":26,"text":"-","label":"","box":[710,56,713,71],"words":[{"text":"-","box":[710,56,713,71]}],"linking":[]},{"id":27,"text":"DigiNet","label":"","box":[718,56,761,71],"words":[{"text":"DigiNet","box":[718,56,761,71]}],"linking":[]},{"id":28,"text":"Corp","label":"","box":[765,56,791,71],"words":[{"text":"Corp","box":[765,56,791,71]}],"linking":[]},{"id":29,"text":",","label":"","box":[793,56,795,71],"words":[{"text":",","box":[793,56,795,71]}],"linking":[]},{"id":30,"text":"MST","label":"","box":[801,56,825,71],"words":[{"text":"MST","box":[801,56,825,71]}],"linking":[]},{"id":31,"text":":","label":"","box":[828,56,832,71],"words":[{"text":":","box":[828,56,832,71]}],"linking":[]},{"id":32,"text":"0303359278","label":"","box":[837,56,907,71],"words":[{"text":"0303359278","box":[837,56,907,71]}],"linking":[]},{"id":33,"text":",","label":"","box":[910,56,912,71],"words":[{"text":",","box":[910,56,912,71]}],"linking":[]},{"id":34,"text":"Điện","label":"","box":[918,56,944,71],"words":[{"text":"Điện","box":[918,56,944,71]}],"linking":[]},{"id":35,"text":"thoại","label":"","box":[949,56,977,71],"words":[{"text":"thoại","box":[949,56,977,71]}],"linking":[]},{"id":36,"text":":","label":"","box":[979,56,980,71],"words":[{"text":":","box":[979,56,980,71]}],"linking":[]},{"id":37,"text":"028","label":"","box":[985,56,1006,71],"words":[{"text":"028","box":[985,56,1006,71]}],"linking":[]},{"id":38,"text":"35123878","label":"","box":[1011,56,1069,71],"words":[{"text":"35123878","box":[1011,56,1069,71]}],"linking":[]},{"id":39,"text":"HÓA","label":"","box":[389,94,453,128],"words":[{"text":"HÓA","box":[389,94,453,128]}],"linking":[]},{"id":40,"text":"ĐƠN","label":"","box":[462,94,532,128],"words":[{"text":"ĐƠN","box":[462,94,532,128]}],"linking":[]},{"id":41,"text":"GIÁ","label":"","box":[545,94,597,128],"words":[{"text":"GIÁ","box":[545,94,597,128]}],"linking":[]},{"id":42,"text":"TRỊ","label":"","box":[606,94,654,128],"words":[{"text":"TRỊ","box":[606,94,654,128]}],"linking":[]},{"id":43,"text":"GIA","label":"","box":[666,94,718,128],"words":[{"text":"GIA","box":[666,94,718,128]}],"linking":[]},{"id":44,"text":"TĂNG","label":"","box":[728,94,811,128],"words":[{"text":"TĂNG","box":[728,94,811,128]}],"linking":[]},{"id":45,"text":"VAT","label":"","box":[522,144,572,162],"words":[{"text":"VAT","box":[522,144,572,162]}],"linking":[]},{"id":46,"text":"INVOICE","label":"","box":[578,144,681,162],"words":[{"text":"INVOICE","box":[578,144,681,162]}],"linking":[]},{"id":47,"text":"Ngày","label":"","box":[431,177,466,194],"words":[{"text":"Ngày","box":[431,177,466,194]}],"linking":[]},{"id":48,"text":"(","label":"","box":[473,177,476,193],"words":[{"text":"(","box":[473,177,476,193]}],"linking":[]},{"id":49,"text":"Date","label":"","box":[477,177,503,193],"words":[{"text":"Date","box":[477,177,503,193]}],"linking":[]},{"id":50,"text":")","label":"","box":[506,177,509,193],"words":[{"text":")","box":[506,177,509,193]}],"linking":[]},{"id":51,"text":"28","label":"","box":[514,177,531,193],"words":[{"text":"28","box":[514,177,531,193]}],"linking":[]},{"id":52,"text":"tháng","label":"","box":[537,177,576,193],"words":[{"text":"tháng","box":[537,177,576,193]}],"linking":[]},{"id":53,"text":"(","label":"","box":[584,177,587,193],"words":[{"text":"(","box":[584,177,587,193]}],"linking":[]},{"id":54,"text":"month","label":"","box":[586,177,623,193],"words":[{"text":"month","box":[586,177,623,193]}],"linking":[]},{"id":55,"text":")","label":"","box":[626,176,629,192],"words":[{"text":")","box":[626,176,629,192]}],"linking":[]},{"id":56,"text":"03","label":"","box":[634,176,651,192],"words":[{"text":"03","box":[634,176,651,192]}],"linking":[]},{"id":57,"text":"năm","label":"","box":[658,176,686,192],"words":[{"text":"năm","box":[658,176,686,192]}],"linking":[]},{"id":58,"text":"(","label":"","box":[695,176,699,192],"words":[{"text":"(","box":[695,176,699,192]}],"linking":[]},{"id":59,"text":"year","label":"","box":[699,176,723,192],"words":[{"text":"year","box":[699,176,723,192]}],"linking":[]},{"id":60,"text":")","label":"","box":[726,176,729,192],"words":[{"text":")","box":[726,176,729,192]}],"linking":[]},{"id":61,"text":"2022","label":"","box":[734,176,768,192],"words":[{"text":"2022","box":[734,176,768,192]}],"linking":[]},{"id":62,"text":"3","label":"","box":[71,778,80,789],"words":[{"text":"3","box":[71,778,80,789]}],"linking":[]},{"id":63,"text":"BINH","label":"","box":[161,172,189,185],"words":[{"text":"BINH","box":[161,172,189,185]}],"linking":[]},{"id":64,"text":"MINH","label":"","box":[196,172,229,184],"words":[{"text":"MINH","box":[196,172,229,184]}],"linking":[]},{"id":65,"text":"4","label":"","box":[71,817,80,827],"words":[{"text":"4","box":[71,817,80,827]}],"linking":[]},{"id":66,"text":"0303880297","label":"answer","box":[330,254,419,265],"words":[{"text":"0303880297","box":[330,254,419,265]}],"linking":[[259,66]]},{"id":67,"text":"112002622316","label":"answer","box":[331,311,439,323],"words":[{"text":"112002622316","box":[331,311,439,323]}],"linking":[[262,67]]},{"id":68,"text":"TÊN","label":"","box":[173,617,202,633],"words":[{"text":"TÊN","box":[173,617,202,633]}],"linking":[]},{"id":69,"text":"HÀNG","label":"","box":[208,617,252,633],"words":[{"text":"HÀNG","box":[208,617,252,633]}],"linking":[]},{"id":70,"text":"HÓA","label":"","box":[259,617,288,634],"words":[{"text":"HÓA","box":[259,617,288,634]}],"linking":[]},{"id":71,"text":",","label":"","box":[291,618,293,634],"words":[{"text":",","box":[291,618,293,634]}],"linking":[]},{"id":72,"text":"DỊCH","label":"","box":[301,618,336,634],"words":[{"text":"DỊCH","box":[301,618,336,634]}],"linking":[]},{"id":73,"text":"VỤ","label":"","box":[343,618,362,634],"words":[{"text":"VỤ","box":[343,618,362,634]}],"linking":[]},{"id":74,"text":"Description","label":"","box":[230,645,307,659],"words":[{"text":"Description","box":[230,645,307,659]}],"linking":[]},{"id":75,"text":"FANTAI","label":"","box":[103,701,159,712],"words":[{"text":"FANTAI","box":[103,701,159,712]}],"linking":[]},{"id":76,"text":"TCCA","label":"","box":[166,701,209,712],"words":[{"text":"TCCA","box":[166,701,209,712]}],"linking":[]},{"id":77,"text":"90","label":"","box":[215,701,232,712],"words":[{"text":"90","box":[215,701,232,712]}],"linking":[]},{"id":78,"text":"%","label":"","box":[233,701,245,712],"words":[{"text":"%","box":[233,701,245,712]}],"linking":[]},{"id":79,"text":"CHITA","label":"","box":[103,739,151,751],"words":[{"text":"CHITA","box":[103,739,151,751]}],"linking":[]},{"id":80,"text":"TCCA","label":"","box":[155,739,200,751],"words":[{"text":"TCCA","box":[155,739,200,751]}],"linking":[]},{"id":81,"text":"10","label":"","box":[207,739,223,751],"words":[{"text":"10","box":[207,739,223,751]}],"linking":[]},{"id":82,"text":"KG","label":"","box":[229,739,250,751],"words":[{"text":"KG","box":[229,739,250,751]}],"linking":[]},{"id":83,"text":"Hàng","label":"","box":[104,774,139,795],"words":[{"text":"Hàng","box":[104,774,139,795]}],"linking":[]},{"id":84,"text":"khuyến","label":"","box":[146,774,196,794],"words":[{"text":"khuyến","box":[146,774,196,794]}],"linking":[]},{"id":85,"text":"mại","label":"","box":[204,774,228,794],"words":[{"text":"mại","box":[204,774,228,794]}],"linking":[]},{"id":86,"text":"không","label":"","box":[235,774,277,794],"words":[{"text":"không","box":[235,774,277,794]}],"linking":[]},{"id":87,"text":"tinh","label":"","box":[283,774,308,794],"words":[{"text":"tinh","box":[283,774,308,794]}],"linking":[]},{"id":88,"text":"tiền","label":"","box":[317,774,339,794],"words":[{"text":"tiền","box":[317,774,339,794]}],"linking":[]},{"id":89,"text":":","label":"","box":[343,774,348,794],"words":[{"text":":","box":[343,774,348,794]}],"linking":[]},{"id":90,"text":"CHITA","label":"","box":[103,817,151,828],"words":[{"text":"CHITA","box":[103,817,151,828]}],"linking":[]},{"id":91,"text":"TCCA","label":"","box":[156,817,200,828],"words":[{"text":"TCCA","box":[156,817,200,828]}],"linking":[]},{"id":92,"text":"10","label":"","box":[206,817,222,828],"words":[{"text":"10","box":[206,817,222,828]}],"linking":[]},{"id":93,"text":"KG","label":"","box":[229,817,250,828],"words":[{"text":"KG","box":[229,817,250,828]}],"linking":[]},{"id":94,"text":"TỔNG","label":"","box":[206,1058,252,1071],"words":[{"text":"TỔNG","box":[206,1058,252,1071]}],"linking":[]},{"id":95,"text":"HỢP","label":"","box":[259,1059,294,1073],"words":[{"text":"HỢP","box":[259,1059,294,1073]}],"linking":[]},{"id":96,"text":"Tổng","label":"","box":[76,1095,111,1112],"words":[{"text":"Tổng","box":[76,1095,111,1112]}],"linking":[]},{"id":97,"text":"tiền","label":"","box":[117,1095,142,1112],"words":[{"text":"tiền","box":[117,1095,142,1112]}],"linking":[]},{"id":98,"text":"không","label":"","box":[150,1095,191,1112],"words":[{"text":"không","box":[150,1095,191,1112]}],"linking":[]},{"id":99,"text":"kê","label":"","box":[199,1095,213,1112],"words":[{"text":"kê","box":[199,1095,213,1112]}],"linking":[]},{"id":100,"text":"khai","label":"","box":[221,1095,248,1112],"words":[{"text":"khai","box":[221,1095,248,1112]}],"linking":[]},{"id":101,"text":"và","label":"","box":[254,1095,270,1112],"words":[{"text":"và","box":[254,1095,270,1112]}],"linking":[]},{"id":102,"text":"nộp","label":"","box":[277,1095,302,1112],"words":[{"text":"nộp","box":[277,1095,302,1112]}],"linking":[]},{"id":103,"text":"thuế","label":"","box":[308,1095,338,1112],"words":[{"text":"thuế","box":[308,1095,338,1112]}],"linking":[]},{"id":104,"text":":","label":"","box":[341,1095,341,1112],"words":[{"text":":","box":[341,1095,341,1112]}],"linking":[]},{"id":105,"text":"Tổng","label":"","box":[76,1121,110,1140],"words":[{"text":"Tổng","box":[76,1121,110,1140]}],"linking":[]},{"id":106,"text":"tiền","label":"","box":[116,1121,141,1139],"words":[{"text":"tiền","box":[116,1121,141,1139]}],"linking":[]},{"id":107,"text":"không","label":"","box":[149,1121,190,1139],"words":[{"text":"không","box":[149,1121,190,1139]}],"linking":[]},{"id":108,"text":"chịu","label":"","box":[197,1121,225,1139],"words":[{"text":"chịu","box":[197,1121,225,1139]}],"linking":[]},{"id":109,"text":"thuế","label":"","box":[231,1120,261,1138],"words":[{"text":"thuế","box":[231,1120,261,1138]}],"linking":[]},{"id":110,"text":"GTGT","label":"","box":[269,1120,310,1138],"words":[{"text":"GTGT","box":[269,1120,310,1138]}],"linking":[]},{"id":111,"text":":","label":"","box":[313,1120,314,1138],"words":[{"text":":","box":[313,1120,314,1138]}],"linking":[]},{"id":112,"text":"Tổng","label":"","box":[76,1148,111,1165],"words":[{"text":"Tổng","box":[76,1148,111,1165]}],"linking":[]},{"id":113,"text":"tiền","label":"","box":[117,1148,142,1165],"words":[{"text":"tiền","box":[117,1148,142,1165]}],"linking":[]},{"id":114,"text":"chịu","label":"","box":[149,1148,177,1165],"words":[{"text":"chịu","box":[149,1148,177,1165]}],"linking":[]},{"id":115,"text":"thuế","label":"","box":[183,1148,213,1165],"words":[{"text":"thuế","box":[183,1148,213,1165]}],"linking":[]},{"id":116,"text":"suất","label":"","box":[221,1148,248,1165],"words":[{"text":"suất","box":[221,1148,248,1165]}],"linking":[]},{"id":117,"text":":","label":"","box":[251,1148,252,1165],"words":[{"text":":","box":[251,1148,252,1165]}],"linking":[]},{"id":118,"text":"Tổng","label":"","box":[76,1173,110,1193],"words":[{"text":"Tổng","box":[76,1173,110,1193]}],"linking":[]},{"id":119,"text":"tiền","label":"","box":[116,1173,141,1192],"words":[{"text":"tiền","box":[116,1173,141,1192]}],"linking":[]},{"id":120,"text":"chịu","label":"","box":[148,1172,176,1192],"words":[{"text":"chịu","box":[148,1172,176,1192]}],"linking":[]},{"id":121,"text":"thuế","label":"","box":[182,1172,212,1191],"words":[{"text":"thuế","box":[182,1172,212,1191]}],"linking":[]},{"id":122,"text":"suất","label":"","box":[219,1172,248,1191],"words":[{"text":"suất","box":[219,1172,248,1191]}],"linking":[]},{"id":123,"text":":","label":"","box":[251,1172,251,1191],"words":[{"text":":","box":[251,1172,251,1191]}],"linking":[]},{"id":124,"text":"Tổng","label":"","box":[76,1198,110,1218],"words":[{"text":"Tổng","box":[76,1198,110,1218]}],"linking":[]},{"id":125,"text":"tiền","label":"","box":[116,1198,141,1217],"words":[{"text":"tiền","box":[116,1198,141,1217]}],"linking":[]},{"id":126,"text":"chịu","label":"","box":[148,1198,176,1217],"words":[{"text":"chịu","box":[148,1198,176,1217]}],"linking":[]},{"id":127,"text":"thuế","label":"","box":[182,1197,212,1217],"words":[{"text":"thuế","box":[182,1197,212,1217]}],"linking":[]},{"id":128,"text":"suất","label":"","box":[220,1197,248,1216],"words":[{"text":"suất","box":[220,1197,248,1216]}],"linking":[]},{"id":129,"text":":","label":"","box":[250,1197,250,1216],"words":[{"text":":","box":[250,1197,250,1216]}],"linking":[]},{"id":130,"text":"Tổng","label":"","box":[76,1226,111,1247],"words":[{"text":"Tổng","box":[76,1226,111,1247]}],"linking":[]},{"id":131,"text":"cộng","label":"","box":[117,1226,151,1247],"words":[{"text":"cộng","box":[117,1226,151,1247]}],"linking":[]},{"id":132,"text":"tiền","label":"","box":[158,1226,182,1247],"words":[{"text":"tiền","box":[158,1226,182,1247]}],"linking":[]},{"id":133,"text":"thanh","label":"","box":[189,1226,228,1247],"words":[{"text":"thanh","box":[189,1226,228,1247]}],"linking":[]},{"id":134,"text":"toán","label":"","box":[233,1226,262,1247],"words":[{"text":"toán","box":[233,1226,262,1247]}],"linking":[]},{"id":135,"text":":","label":"","box":[266,1226,271,1247],"words":[{"text":":","box":[266,1226,271,1247]}],"linking":[]},{"id":136,"text":"Người","label":"","box":[255,1310,298,1325],"words":[{"text":"Người","box":[255,1310,298,1325]}],"linking":[]},{"id":137,"text":"mua","label":"","box":[306,1310,335,1325],"words":[{"text":"mua","box":[306,1310,335,1325]}],"linking":[]},{"id":138,"text":"hàng","label":"","box":[342,1310,376,1325],"words":[{"text":"hàng","box":[342,1310,376,1325]}],"linking":[]},{"id":139,"text":"(","label":"","box":[384,1310,387,1325],"words":[{"text":"(","box":[384,1310,387,1325]}],"linking":[]},{"id":140,"text":"Buyer","label":"","box":[388,1310,421,1325],"words":[{"text":"Buyer","box":[388,1310,421,1325]}],"linking":[]},{"id":141,"text":")","label":"","box":[424,1310,427,1325],"words":[{"text":")","box":[424,1310,427,1325]}],"linking":[]},{"id":142,"text":"ĐƠN","label":"","box":[460,607,494,622],"words":[{"text":"ĐƠN","box":[460,607,494,622]}],"linking":[]},{"id":143,"text":"VỊ","label":"","box":[499,608,512,623],"words":[{"text":"VỊ","box":[499,608,512,623]}],"linking":[]},{"id":144,"text":"SŐ","label":"","box":[555,606,576,619],"words":[{"text":"SŐ","box":[555,606,576,619]}],"linking":[]},{"id":145,"text":"TÍNH","label":"","box":[471,629,505,643],"words":[{"text":"TÍNH","box":[471,629,505,643]}],"linking":[]},{"id":146,"text":"Unit","label":"","box":[476,657,505,667],"words":[{"text":"Unit","box":[476,657,505,667]}],"linking":[]},{"id":147,"text":"Xô","label":"","box":[478,701,498,712],"words":[{"text":"Xô","box":[478,701,498,712]}],"linking":[]},{"id":148,"text":"Thùng","label":"","box":[466,737,509,754],"words":[{"text":"Thùng","box":[466,737,509,754]}],"linking":[]},{"id":149,"text":"Thùng","label":"","box":[466,816,510,830],"words":[{"text":"Thùng","box":[466,816,510,830]}],"linking":[]},{"id":150,"text":"|","label":"","box":[535,630,536,646],"words":[{"text":"|","box":[535,630,536,646]}],"linking":[]},{"id":151,"text":"LƯỢNG","label":"","box":[538,630,594,646],"words":[{"text":"LƯỢNG","box":[538,630,594,646]}],"linking":[]},{"id":152,"text":"Quantity","label":"","box":[541,656,598,670],"words":[{"text":"Quantity","box":[541,656,598,670]}],"linking":[]},{"id":153,"text":"X","label":"","box":[518,1100,527,1108],"words":[{"text":"X","box":[518,1100,527,1108]}],"linking":[]},{"id":154,"text":"55","label":"","box":[559,701,576,711],"words":[{"text":"55","box":[559,701,576,711]}],"linking":[]},{"id":155,"text":"X","label":"","box":[517,1128,526,1136],"words":[{"text":"X","box":[517,1128,526,1136]}],"linking":[]},{"id":156,"text":"0","label":"","box":[511,1150,521,1161],"words":[{"text":"0","box":[511,1150,521,1161]}],"linking":[]},{"id":157,"text":"%","label":"","box":[519,1150,532,1161],"words":[{"text":"%","box":[519,1150,532,1161]}],"linking":[]},{"id":158,"text":"5","label":"","box":[511,1178,520,1188],"words":[{"text":"5","box":[511,1178,520,1188]}],"linking":[]},{"id":159,"text":"%","label":"","box":[519,1178,532,1188],"words":[{"text":"%","box":[519,1178,532,1188]}],"linking":[]},{"id":160,"text":"10","label":"","box":[508,1204,523,1215],"words":[{"text":"10","box":[508,1204,523,1215]}],"linking":[]},{"id":161,"text":"%","label":"","box":[524,1204,536,1215],"words":[{"text":"%","box":[524,1204,536,1215]}],"linking":[]},{"id":162,"text":"10","label":"","box":[560,739,575,750],"words":[{"text":"10","box":[560,739,575,750]}],"linking":[]},{"id":163,"text":"THUẾ","label":"","box":[477,1057,520,1071],"words":[{"text":"THUẾ","box":[477,1057,520,1071]}],"linking":[]},{"id":164,"text":"SUẤT","label":"","box":[527,1057,568,1071],"words":[{"text":"SUẤT","box":[527,1057,568,1071]}],"linking":[]},{"id":165,"text":"1","label":"","box":[565,817,572,828],"words":[{"text":"1","box":[565,817,572,828]}],"linking":[]},{"id":166,"text":"ĐƠN","label":"","box":[636,618,669,632],"words":[{"text":"ĐƠN","box":[636,618,669,632]}],"linking":[]},{"id":167,"text":"GIÁ","label":"","box":[677,618,702,632],"words":[{"text":"GIÁ","box":[677,618,702,632]}],"linking":[]},{"id":168,"text":"Price","label":"","box":[652,644,687,655],"words":[{"text":"Price","box":[652,644,687,655]}],"linking":[]},{"id":169,"text":"428,571.429","label":"","box":[633,701,725,714],"words":[{"text":"428,571.429","box":[633,701,725,714]}],"linking":[]},{"id":170,"text":"800,000.000","label":"","box":[635,738,723,751],"words":[{"text":"800,000.000","box":[635,738,723,751]}],"linking":[]},{"id":171,"text":"THÀNH","label":"","box":[751,618,802,632],"words":[{"text":"THÀNH","box":[751,618,802,632]}],"linking":[]},{"id":172,"text":"TIỀN","label":"","box":[809,618,842,632],"words":[{"text":"TIỀN","box":[809,618,842,632]}],"linking":[]},{"id":173,"text":"Total","label":"","box":[781,644,817,656],"words":[{"text":"Total","box":[781,644,817,656]}],"linking":[]},{"id":174,"text":"Cộng","label":"","box":[619,1021,655,1035],"words":[{"text":"Cộng","box":[619,1021,655,1035]}],"linking":[]},{"id":175,"text":"(","label":"","box":[663,1021,667,1035],"words":[{"text":"(","box":[663,1021,667,1035]}],"linking":[]},{"id":176,"text":"Sub","label":"","box":[669,1021,690,1035],"words":[{"text":"Sub","box":[669,1021,690,1035]}],"linking":[]},{"id":177,"text":"total","label":"","box":[696,1021,719,1035],"words":[{"text":"total","box":[696,1021,719,1035]}],"linking":[]},{"id":178,"text":")","label":"","box":[722,1021,724,1035],"words":[{"text":")","box":[722,1021,724,1035]}],"linking":[]},{"id":179,"text":"31,571,429","label":"","box":[769,1020,850,1033],"words":[{"text":"31,571,429","box":[769,1020,850,1033]}],"linking":[]},{"id":180,"text":"TRỊ","label":"","box":[626,1057,650,1073],"words":[{"text":"TRỊ","box":[626,1057,650,1073]}],"linking":[]},{"id":181,"text":"GIÁ","label":"","box":[658,1057,684,1073],"words":[{"text":"GIÁ","box":[658,1057,684,1073]}],"linking":[]},{"id":182,"text":"CHƯA","label":"","box":[691,1057,737,1073],"words":[{"text":"CHƯA","box":[691,1057,737,1073]}],"linking":[]},{"id":183,"text":"THUẾ","label":"","box":[743,1057,786,1073],"words":[{"text":"THUẾ","box":[743,1057,786,1073]}],"linking":[]},{"id":184,"text":"GTGT","label":"","box":[793,1057,837,1073],"words":[{"text":"GTGT","box":[793,1057,837,1073]}],"linking":[]},{"id":185,"text":"1/1","label":"","box":[606,1716,635,1731],"words":[{"text":"1/1","box":[606,1716,635,1731]}],"linking":[]},{"id":186,"text":"23,571,429","label":"","box":[769,700,851,714],"words":[{"text":"23,571,429","box":[769,700,851,714]}],"linking":[]},{"id":187,"text":"5","label":"","box":[881,701,890,711],"words":[{"text":"5","box":[881,701,890,711]}],"linking":[]},{"id":188,"text":"%","label":"","box":[890,701,902,711],"words":[{"text":"%","box":[890,701,902,711]}],"linking":[]},{"id":189,"text":"8,000,000","label":"","box":[778,739,850,751],"words":[{"text":"8,000,000","box":[778,739,850,751]}],"linking":[]},{"id":190,"text":"5","label":"","box":[881,739,890,749],"words":[{"text":"5","box":[881,739,890,749]}],"linking":[]},{"id":191,"text":"%","label":"","box":[889,739,902,749],"words":[{"text":"%","box":[889,739,902,749]}],"linking":[]},{"id":192,"text":"31,571,429","label":"","box":[761,1175,842,1191],"words":[{"text":"31,571,429","box":[761,1175,842,1191]}],"linking":[]},{"id":193,"text":"31,571,429","label":"","box":[762,1230,843,1244],"words":[{"text":"31,571,429","box":[762,1230,843,1244]}],"linking":[]},{"id":194,"text":"THUÊ","label":"","box":[871,593,910,608],"words":[{"text":"THUÊ","box":[871,593,910,608]}],"linking":[]},{"id":195,"text":"SUÅT","label":"","box":[871,619,913,631],"words":[{"text":"SUÅT","box":[871,619,913,631]}],"linking":[]},{"id":196,"text":"GTGT","label":"","box":[872,643,914,655],"words":[{"text":"GTGT","box":[872,643,914,655]}],"linking":[]},{"id":197,"text":"VAT","label":"","box":[864,667,893,679],"words":[{"text":"VAT","box":[864,667,893,679]}],"linking":[]},{"id":198,"text":"rate","label":"","box":[899,667,924,679],"words":[{"text":"rate","box":[899,667,924,679]}],"linking":[]},{"id":199,"text":"X","label":"","box":[889,781,898,789],"words":[{"text":"X","box":[889,781,898,789]}],"linking":[]},{"id":200,"text":"X","label":"","box":[888,820,899,829],"words":[{"text":"X","box":[888,820,899,829]}],"linking":[]},{"id":201,"text":"TIỀN","label":"","box":[945,606,978,620],"words":[{"text":"TIỀN","box":[945,606,978,620]}],"linking":[]},{"id":202,"text":"THUÊ","label":"","box":[985,606,1026,620],"words":[{"text":"THUÊ","box":[985,606,1026,620]}],"linking":[]},{"id":203,"text":"GTGT","label":"","box":[966,630,1009,643],"words":[{"text":"GTGT","box":[966,630,1009,643]}],"linking":[]},{"id":204,"text":"VAT","label":"","box":[946,657,974,668],"words":[{"text":"VAT","box":[946,657,974,668]}],"linking":[]},{"id":205,"text":"amount","label":"","box":[979,657,1033,668],"words":[{"text":"amount","box":[979,657,1033,668]}],"linking":[]},{"id":206,"text":"1,178,571","label":"","box":[967,700,1036,714],"words":[{"text":"1,178,571","box":[967,700,1036,714]}],"linking":[]},{"id":207,"text":"400,000","label":"","box":[979,739,1037,751],"words":[{"text":"400,000","box":[979,739,1037,751]}],"linking":[]},{"id":208,"text":"1,578,571","label":"","box":[968,1020,1036,1034],"words":[{"text":"1,578,571","box":[968,1020,1036,1034]}],"linking":[]},{"id":209,"text":"TIÊN","label":"","box":[886,1057,920,1072],"words":[{"text":"TIÊN","box":[886,1057,920,1072]}],"linking":[]},{"id":210,"text":"THUẾ","label":"","box":[928,1057,970,1072],"words":[{"text":"THUẾ","box":[928,1057,970,1072]}],"linking":[]},{"id":211,"text":"GTGT","label":"","box":[978,1057,1021,1072],"words":[{"text":"GTGT","box":[978,1057,1021,1072]}],"linking":[]},{"id":212,"text":"1,578,571","label":"","box":[959,1177,1030,1191],"words":[{"text":"1,578,571","box":[959,1177,1030,1191]}],"linking":[]},{"id":213,"text":"1,578,571","label":"","box":[960,1231,1029,1244],"words":[{"text":"1,578,571","box":[960,1231,1029,1244]}],"linking":[]},{"id":214,"text":"Người","label":"","box":[817,1310,860,1325],"words":[{"text":"Người","box":[817,1310,860,1325]}],"linking":[]},{"id":215,"text":"bán","label":"","box":[867,1310,892,1325],"words":[{"text":"bán","box":[867,1310,892,1325]}],"linking":[]},{"id":216,"text":"hàng","label":"","box":[899,1310,934,1325],"words":[{"text":"hàng","box":[899,1310,934,1325]}],"linking":[]},{"id":217,"text":"(","label":"","box":[942,1310,945,1325],"words":[{"text":"(","box":[942,1310,945,1325]}],"linking":[]},{"id":218,"text":"Seller","label":"","box":[946,1310,979,1325],"words":[{"text":"Seller","box":[946,1310,979,1325]}],"linking":[]},{"id":219,"text":")","label":"","box":[981,1310,984,1325],"words":[{"text":")","box":[981,1310,984,1325]}],"linking":[]},{"id":220,"text":"0000559","label":"answer","box":[1039,173,1115,186],"words":[{"text":"0000559","box":[1039,173,1115,186]}],"linking":[[257,220]]},{"id":221,"text":"THÀNH","label":"","box":[1064,604,1115,621],"words":[{"text":"THÀNH","box":[1064,604,1115,621]}],"linking":[]},{"id":222,"text":"TIỀN","label":"","box":[1122,604,1155,620],"words":[{"text":"TIỀN","box":[1122,604,1155,620]}],"linking":[]},{"id":223,"text":"SAU","label":"","box":[1074,629,1103,646],"words":[{"text":"SAU","box":[1074,629,1103,646]}],"linking":[]},{"id":224,"text":"THUÊ","label":"","box":[1109,628,1151,645],"words":[{"text":"THUÊ","box":[1109,628,1151,645]}],"linking":[]},{"id":225,"text":"Amount","label":"","box":[1087,658,1140,667],"words":[{"text":"Amount","box":[1087,658,1140,667]}],"linking":[]},{"id":226,"text":"Signature","label":"","box":[777,1357,844,1374],"words":[{"text":"Signature","box":[777,1357,844,1374]}],"linking":[]},{"id":227,"text":"Valid","label":"","box":[850,1356,890,1372],"words":[{"text":"Valid","box":[850,1356,890,1372]}],"linking":[]},{"id":228,"text":"Ký","label":"","box":[777,1378,798,1400],"words":[{"text":"Ký","box":[777,1378,798,1400]}],"linking":[]},{"id":229,"text":"bởi","label":"","box":[804,1378,826,1400],"words":[{"text":"bởi","box":[804,1378,826,1400]}],"linking":[]},{"id":230,"text":":","label":"","box":[828,1378,828,1400],"words":[{"text":":","box":[828,1378,828,1400]}],"linking":[]},{"id":231,"text":"CÔNG","label":"","box":[839,1378,888,1400],"words":[{"text":"CÔNG","box":[839,1378,888,1400]}],"linking":[]},{"id":232,"text":"TY","label":"","box":[896,1378,911,1400],"words":[{"text":"TY","box":[896,1378,911,1400]}],"linking":[]},{"id":233,"text":"CỔ","label":"","box":[923,1378,941,1400],"words":[{"text":"CỔ","box":[923,1378,941,1400]}],"linking":[]},{"id":234,"text":"PHẦN","label":"","box":[953,1378,1001,1400],"words":[{"text":"PHẦN","box":[953,1378,1001,1400]}],"linking":[]},{"id":235,"text":"THỦY","label":"","box":[1007,1378,1056,1400],"words":[{"text":"THỦY","box":[1007,1378,1056,1400]}],"linking":[]},{"id":236,"text":"SẢN","label":"","box":[778,1403,813,1420],"words":[{"text":"SẢN","box":[778,1403,813,1420]}],"linking":[]},{"id":237,"text":"BÌNH","label":"","box":[817,1403,862,1420],"words":[{"text":"BÌNH","box":[817,1403,862,1420]}],"linking":[]},{"id":238,"text":"MINH","label":"","box":[867,1403,915,1420],"words":[{"text":"MINH","box":[867,1403,915,1420]}],"linking":[]},{"id":239,"text":"Ngày","label":"","box":[777,1429,816,1447],"words":[{"text":"Ngày","box":[777,1429,816,1447]}],"linking":[]},{"id":240,"text":"ký","label":"","box":[821,1430,835,1446],"words":[{"text":"ký","box":[821,1430,835,1446]}],"linking":[]},{"id":241,"text":":","label":"","box":[837,1429,841,1445],"words":[{"text":":","box":[837,1429,841,1445]}],"linking":[]},{"id":242,"text":"28/03/2022","label":"","box":[848,1428,929,1446],"words":[{"text":"28/03/2022","box":[848,1428,929,1446]}],"linking":[]},{"id":243,"text":"24,750,000","label":"","box":[1087,699,1168,714],"words":[{"text":"24,750,000","box":[1087,699,1168,714]}],"linking":[]},{"id":244,"text":"8,400,000","label":"","box":[1097,739,1167,751],"words":[{"text":"8,400,000","box":[1097,739,1167,751]}],"linking":[]},{"id":245,"text":"33,150,000","label":"","box":[1088,1020,1169,1033],"words":[{"text":"33,150,000","box":[1088,1020,1169,1033]}],"linking":[]},{"id":246,"text":"GIÁ","label":"","box":[1052,1044,1077,1060],"words":[{"text":"GIÁ","box":[1052,1044,1077,1060]}],"linking":[]},{"id":247,"text":"TRỊ","label":"","box":[1084,1044,1108,1060],"words":[{"text":"TRỊ","box":[1084,1044,1108,1060]}],"linking":[]},{"id":248,"text":"THANH","label":"","box":[1115,1044,1168,1060],"words":[{"text":"THANH","box":[1115,1044,1168,1060]}],"linking":[]},{"id":249,"text":"TOÁN","label":"","box":[1091,1069,1133,1082],"words":[{"text":"TOÁN","box":[1091,1069,1133,1082]}],"linking":[]},{"id":250,"text":"33,150,000","label":"","box":[1079,1178,1161,1191],"words":[{"text":"33,150,000","box":[1079,1178,1161,1191]}],"linking":[]},{"id":251,"text":"33,150,000","label":"","box":[1080,1231,1159,1243],"words":[{"text":"33,150,000","box":[1080,1231,1159,1243]}],"linking":[]},{"id":252,"text":"Đơn vị bán hàng ( ComName ) :","label":"question","box":[68,221,277,240],"words":[{"text":"Đơn","box":[68,221,97,239]},{"text":"vị","box":[104,221,119,239]},{"text":"bán","box":[124,221,148,239]},{"text":"hàng","box":[156,221,189,239]},{"text":"(","box":[196,221,201,239]},{"text":"ComName","box":[203,221,264,240]},{"text":")","box":[267,222,271,240]},{"text":":","box":[274,222,277,240]}],"linking":[[252,258]]},{"id":253,"text":"Mẫu số ( Fom ) :","label":"question","box":[874,91,981,111],"words":[{"text":"Mẫu","box":[874,91,905,108]},{"text":"số","box":[910,92,927,109]},{"text":"(","box":[932,92,937,109]},{"text":"Fom","box":[937,93,959,110]},{"text":")","box":[966,93,974,110]},{"text":":","box":[978,94,981,111]}],"linking":[[253,254]]},{"id":254,"text":"01GTKT0 / 002","label":"answer","box":[1039,95,1141,107],"words":[{"text":"01GTKT0","box":[1039,95,1108,107]},{"text":"/","box":[1109,95,1115,107]},{"text":"002","box":[1114,95,1141,107]}],"linking":[[253,254]]},{"id":255,"text":"Ki hiệu ( Series ) .","label":"question","box":[875,132,984,149],"words":[{"text":"Ki","box":[875,132,887,146]},{"text":"hiệu","box":[895,133,924,147]},{"text":"(","box":[931,133,936,147]},{"text":"Series","box":[937,134,973,148]},{"text":")","box":[974,135,978,149]},{"text":".","box":[981,135,984,149]}],"linking":[[255,256]]},{"id":256,"text":"BM / 21E","label":"answer","box":[1040,133,1094,145],"words":[{"text":"BM","box":[1040,133,1060,145]},{"text":"/","box":[1063,133,1068,145]},{"text":"21E","box":[1068,133,1094,145]}],"linking":[[255,256]]},{"id":257,"text":"Số ( No. ) .","label":"question","box":[875,167,939,188],"words":[{"text":"Số","box":[875,167,894,184]},{"text":"(","box":[901,168,905,185]},{"text":"No.","box":[905,170,927,186]},{"text":")","box":[928,170,932,187]},{"text":".","box":[938,171,939,188]}],"linking":[[257,220]]},{"id":258,"text":"CÔNG TY CỔ PHẦN THUỶ SẢN BÌNH MINH","label":"answer","box":[330,222,660,236],"words":[{"text":"CÔNG","box":[330,222,378,236]},{"text":"TY","box":[384,222,404,236]},{"text":"CỔ","box":[410,222,432,236]},{"text":"PHẦN","box":[440,222,483,236]},{"text":"THUỶ","box":[489,222,533,236]},{"text":"SẢN","box":[538,222,570,236]},{"text":"BÌNH","box":[578,222,614,236]},{"text":"MINH","box":[621,222,660,236]}],"linking":[[252,258]]},{"id":259,"text":"Mã số thuế ( Tax code )","label":"question","box":[70,249,221,271],"words":[{"text":"Mã","box":[70,250,92,267]},{"text":"số","box":[97,249,114,268]},{"text":"thuế","box":[118,251,149,268]},{"text":"(","box":[156,251,162,269]},{"text":"Tax","box":[162,252,183,270]},{"text":"code","box":[187,253,215,270]},{"text":")","box":[217,253,221,271]}],"linking":[[259,66]]},{"id":260,"text":"Dia chỉ ( Address ) :","label":"question","box":[70,282.7,193,297.7],"words":[{"text":"Dia","box":[70,283,94,296]},{"text":"chỉ","box":[99,283,119,297]},{"text":"(","box":[126,283,131,297]},{"text":"Address","box":[129,284,179,297]},{"text":")","box":[180,284,185,298]},{"text":":","box":[189,284,193,298]}],"linking":[[260,261]]},{"id":261,"text":"Số 86/28/1 , Phổ Quang , Phường 2 , Quận Tân Bình , TP.HCM","label":"answer","box":[331,281,770,298],"words":[{"text":"Số","box":[331,281,348,298]},{"text":"86/28/1","box":[356,281,406,298]},{"text":",","box":[411,281,412,298]},{"text":"Phổ","box":[420,281,446,298]},{"text":"Quang","box":[454,281,500,298]},{"text":",","box":[503,281,504,298]},{"text":"Phường","box":[512,281,569,298]},{"text":"2","box":[576,281,583,298]},{"text":",","box":[586,281,587,298]},{"text":"Quận","box":[595,281,632,298]},{"text":"Tân","box":[639,281,665,298]},{"text":"Bình","box":[672,281,703,298]},{"text":",","box":[706,281,707,298]},{"text":"TP.HCM","box":[710,281,770,298]}],"linking":[[260,261]]},{"id":262,"text":"Số tài khoản ( BankNo ) .","label":"question","box":[71,309,230,328],"words":[{"text":"Số","box":[71,309,88,325]},{"text":"tài","box":[95,309,110,325]},{"text":"khoản","box":[118,310,159,326]},{"text":"(","box":[167,311,171,327]},{"text":"BankNo","box":[172,311,216,327]},{"text":")","box":[219,312,223,328]},{"text":".","box":[229,312,230,328]}],"linking":[[262,67]]},{"id":263,"text":"Ngân hàng ( BankName ) :","label":"question","box":[71,338,238,357],"words":[{"text":"Ngân","box":[71,338,107,356]},{"text":"hàng","box":[115,338,148,356]},{"text":"(","box":[155,338,160,356]},{"text":"BankName","box":[162,339,224,357]},{"text":")","box":[228,339,232,357]},{"text":":","box":[235,339,238,357]}],"linking":[[263,264]]},{"id":264,"text":"NH TMCP Công Thương Việt Nam ( Vietinbank ) - CN Tây Sài Gòn , TP.HCM","label":"answer","box":[331,342,880,356],"words":[{"text":"NH","box":[331,342,351,356]},{"text":"TMCP","box":[358,342,403,356]},{"text":"Công","box":[411,342,447,356]},{"text":"Thương","box":[453,342,510,356]},{"text":"Việt","box":[517,342,544,356]},{"text":"Nam","box":[551,342,582,356]},{"text":"(","box":[590,342,594,356]},{"text":"Vietinbank","box":[595,342,668,356]},{"text":")","box":[671,342,675,356]},{"text":"-","box":[681,342,685,356]},{"text":"CN","box":[692,342,712,356]},{"text":"Tây","box":[720,342,746,356]},{"text":"Sài","box":[753,342,774,356]},{"text":"Gòn","box":[781,342,809,356]},{"text":",","box":[812,342,813,356]},{"text":"TP.HCM","box":[820,342,880,356]}],"linking":[[263,264]]},{"id":265,"text":"Họ tên người mua hàng ( Buyer ) :","label":"question","box":[71,391,300,407],"words":[{"text":"Họ","box":[71,391,89,406]},{"text":"tên","box":[96,391,116,406]},{"text":"người","box":[124,391,165,406]},{"text":"mua","box":[172,391,201,406]},{"text":"hàng","box":[209,391,242,407]},{"text":"(","box":[250,392,254,407]},{"text":"Buyer","box":[255,392,289,407]},{"text":")","box":[289,392,293,407]},{"text":":","box":[297,392,300,407]}],"linking":[[265,266]]},{"id":266,"text":"HOÀNG THỊ HUỆ","label":"answer","box":[433,388,560,406],"words":[{"text":"HOÀNG","box":[433,388,490,406]},{"text":"THỊ","box":[498,388,520,406]},{"text":"HUỆ","box":[529,388,560,406]}],"linking":[[265,266]]},{"id":267,"text":"Tên đơn vị ( CusName ) -","label":"question","box":[70,419,229,436],"words":[{"text":"Tên","box":[70,419,96,434]},{"text":"đơn","box":[103,420,130,434]},{"text":"vị","box":[136,420,146,435]},{"text":"(","box":[154,420,158,435]},{"text":"CusName","box":[161,421,218,436]},{"text":")","box":[220,421,222,436]},{"text":"-","box":[228,421,229,436]}],"linking":[]},{"id":268,"text":"Mã số thuế ( Tax code ) .","label":"question","box":[71,444,228,465],"words":[{"text":"Mã","box":[71,444,92,462]},{"text":"số","box":[98,444,114,462]},{"text":"thuế","box":[119,445,150,463]},{"text":"(","box":[157,445,162,463]},{"text":"Tax","box":[163,446,183,464]},{"text":"code","box":[188,447,215,465]},{"text":")","box":[218,447,221,465]},{"text":".","box":[227,447,228,465]}],"linking":[]},{"id":269,"text":"Địa chỉ ( Address )","label":"question","box":[70,474,183,492],"words":[{"text":"Địa","box":[70,474,93,491]},{"text":"chỉ","box":[100,474,121,491]},{"text":"(","box":[125,474,130,491]},{"text":"Address","box":[131,475,179,492]},{"text":")","box":[181,475,183,492]}],"linking":[[269,272]]},{"id":270,"text":"Hình thức thanh toán ( Method of payment ) .","label":"question","box":[71,503,361,522],"words":[{"text":"Hình","box":[71,503,103,520]},{"text":"thức","box":[109,503,141,520]},{"text":"thanh","box":[147,503,186,520]},{"text":"toán","box":[192,503,222,521]},{"text":"(","box":[230,504,234,521]},{"text":"Method","box":[234,504,279,521]},{"text":"of","box":[284,504,295,521]},{"text":"payment","box":[299,504,349,522]},{"text":")","box":[351,505,352,522]},{"text":".","box":[360,505,361,522]}],"linking":[[270,273]]},{"id":271,"text":"Ngân hàng ( Bank Name ) :","label":"question","box":[71,535,242,549],"words":[{"text":"Ngân","box":[71,535,107,549]},{"text":"hàng","box":[115,535,148,549]},{"text":"(","box":[156,535,159,549]},{"text":"Bank","box":[161,535,191,549]},{"text":"Name","box":[195,535,228,549]},{"text":")","box":[231,535,235,549]},{"text":":","box":[241,535,242,549]}],"linking":[]},{"id":272,"text":"Tổ 3 - Khu phố 5 - Phường Ba Đồn - Thị xã Ba Đồn - Quảng Bình","label":"answer","box":[432,474,906,491],"words":[{"text":"Tổ","box":[432,474,450,491]},{"text":"3","box":[457,474,463,491]},{"text":"-","box":[469,474,473,491]},{"text":"Khu","box":[480,474,506,491]},{"text":"phố","box":[514,474,539,491]},{"text":"5","box":[546,474,552,491]},{"text":"-","box":[559,474,563,491]},{"text":"Phường","box":[570,474,627,491]},{"text":"Ba","box":[634,474,651,491]},{"text":"Đồn","box":[658,474,686,491]},{"text":"-","box":[693,474,697,491]},{"text":"Thị","box":[703,474,724,491]},{"text":"xã","box":[730,474,745,491]},{"text":"Ba","box":[753,474,770,491]},{"text":"Đồn","box":[777,474,805,491]},{"text":"-","box":[811,474,815,491]},{"text":"Quảng","box":[822,474,868,491]},{"text":"Bình","box":[876,474,906,491]}],"linking":[[269,272]]},{"id":273,"text":"Chuyển khoản / Tiền mặt","label":"answer","box":[433,503,605,520],"words":[{"text":"Chuyển","box":[433,503,486,520]},{"text":"khoản","box":[494,503,533,520]},{"text":"/","box":[537,503,542,520]},{"text":"Tiền","box":[543,503,572,520]},{"text":"mặt","box":[580,503,605,520]}],"linking":[[270,273]]},{"id":274,"text":"Số tài khoản ( A / C No ) .","label":"question","box":[684,502,840,523],"words":[{"text":"Số","box":[684,502,703,518]},{"text":"tài","box":[708,502,725,519]},{"text":"khoản","box":[731,503,775,519]},{"text":"(","box":[781,504,786,521]},{"text":"A","box":[788,504,792,521]},{"text":"/","box":[792,504,797,521]},{"text":"C","box":[799,504,808,521]},{"text":"No","box":[812,505,827,522]},{"text":")","box":[830,505,834,522]},{"text":".","box":[838,506,840,523]}],"linking":[]},{"id":275,"text":"Số tiền viết bằng chữ ( Total amount in words )","label":"question","box":[77,1261,378,1280],"words":[{"text":"Số","box":[77,1261,94,1278]},{"text":"tiền","box":[99,1261,123,1278]},{"text":"viết","box":[131,1261,155,1278]},{"text":"bằng","box":[162,1261,196,1279]},{"text":"chữ","box":[203,1262,229,1279]},{"text":"(","box":[236,1262,240,1279]},{"text":"Total","box":[243,1262,270,1279]},{"text":"amount","box":[275,1262,319,1280]},{"text":"in","box":[324,1263,333,1280]},{"text":"words","box":[339,1263,372,1280]},{"text":")","box":[375,1263,378,1280]}],"linking":[[275,276]]},{"id":276,"text":"Ba mươi ba triệu một trăm năm mươi nghìn đồng chẵn","label":"answer","box":[452,1262,848,1279],"words":[{"text":"Ba","box":[452,1262,469,1279]},{"text":"mươi","box":[477,1262,513,1279]},{"text":"ba","box":[520,1262,536,1279]},{"text":"triệu","box":[542,1262,572,1279]},{"text":"một","box":[580,1262,605,1279]},{"text":"trăm","box":[611,1262,641,1279]},{"text":"năm","box":[649,1262,677,1279]},{"text":"mươi","box":[686,1262,722,1279]},{"text":"nghìn","box":[729,1262,767,1279]},{"text":"đồng","box":[774,1262,808,1279]},{"text":"chẵn","box":[816,1262,848,1279]}],"linking":[[275,276]]}]