[{"id":0,"text":"Đơn","label":"","box":[173,56,197,71],"words":[{"text":"Đơn","box":[173,56,197,71]}],"linking":[]},{"id":1,"text":"vị","label":"","box":[203,56,211,71],"words":[{"text":"vị","box":[203,56,211,71]}],"linking":[]},{"id":2,"text":"hỗ","label":"","box":[215,56,229,71],"words":[{"text":"hỗ","box":[215,56,229,71]}],"linking":[]},{"id":3,"text":"trợ","label":"","box":[234,56,250,71],"words":[{"text":"trợ","box":[234,56,250,71]}],"linking":[]},{"id":4,"text":"cung","label":"","box":[254,56,282,71],"words":[{"text":"cung","box":[254,56,282,71]}],"linking":[]},{"id":5,"text":"cấp","label":"","box":[287,56,307,71],"words":[{"text":"cấp","box":[287,56,307,71]}],"linking":[]},{"id":6,"text":"công","label":"","box":[312,56,339,71],"words":[{"text":"công","box":[312,56,339,71]}],"linking":[]},{"id":7,"text":"cụ","label":"","box":[344,56,357,71],"words":[{"text":"cụ","box":[344,56,357,71]}],"linking":[]},{"id":8,"text":"phát","label":"","box":[361,56,387,71],"words":[{"text":"phát","box":[361,56,387,71]}],"linking":[]},{"id":9,"text":"hành","label":"","box":[392,56,420,71],"words":[{"text":"hành","box":[392,56,420,71]}],"linking":[]},{"id":10,"text":"hóa","label":"","box":[425,56,446,71],"words":[{"text":"hóa","box":[425,56,446,71]}],"linking":[]},{"id":11,"text":"đơn","label":"","box":[451,56,473,71],"words":[{"text":"đơn","box":[451,56,473,71]}],"linking":[]},{"id":12,"text":"điện","label":"","box":[478,56,502,71],"words":[{"text":"điện","box":[478,56,502,71]}],"linking":[]},{"id":13,"text":"tử","label":"","box":[507,56,514,71],"words":[{"text":"tử","box":[507,56,514,71]}],"linking":[]},{"id":14,"text":":","label":"","box":[518,56,521,71],"words":[{"text":":","box":[518,56,521,71]}],"linking":[]},{"id":15,"text":"Công","label":"","box":[527,56,557,71],"words":[{"text":"Công","box":[527,56,557,71]}],"linking":[]},{"id":16,"text":"ty","label":"","box":[562,56,572,71],"words":[{"text":"ty","box":[562,56,572,71]}],"linking":[]},{"id":17,"text":"Cổ","label":"","box":[576,56,592,71],"words":[{"text":"Cổ","box":[576,56,592,71]}],"linking":[]},{"id":18,"text":"phần","label":"","box":[596,56,625,71],"words":[{"text":"phần","box":[596,56,625,71]}],"linking":[]},{"id":19,"text":"Định","label":"","box":[630,56,656,71],"words":[{"text":"Định","box":[630,56,656,71]}],"linking":[]},{"id":20,"text":"Gia","label":"","box":[661,56,680,71],"words":[{"text":"Gia","box":[661,56,680,71]}],"linking":[]},{"id":21,"text":"Nét","label":"","box":[686,56,706,71],"words":[{"text":"Nét","box":[686,56,706,71]}],"linking":[]},{"id":22,"text":"-","label":"","box":[710,56,713,71],"words":[{"text":"-","box":[710,56,713,71]}],"linking":[]},{"id":23,"text":"DigiNet","label":"","box":[718,56,761,71],"words":[{"text":"DigiNet","box":[718,56,761,71]}],"linking":[]},{"id":24,"text":"Corp","label":"","box":[765,56,791,71],"words":[{"text":"Corp","box":[765,56,791,71]}],"linking":[]},{"id":25,"text":",","label":"","box":[793,56,795,71],"words":[{"text":",","box":[793,56,795,71]}],"linking":[]},{"id":26,"text":"MST","label":"","box":[801,56,825,71],"words":[{"text":"MST","box":[801,56,825,71]}],"linking":[]},{"id":27,"text":":","label":"","box":[828,56,832,71],"words":[{"text":":","box":[828,56,832,71]}],"linking":[]},{"id":28,"text":"0303359278","label":"","box":[837,56,907,71],"words":[{"text":"0303359278","box":[837,56,907,71]}],"linking":[]},{"id":29,"text":",","label":"","box":[910,56,912,71],"words":[{"text":",","box":[910,56,912,71]}],"linking":[]},{"id":30,"text":"Điện","label":"","box":[918,56,944,71],"words":[{"text":"Điện","box":[918,56,944,71]}],"linking":[]},{"id":31,"text":"thoại","label":"","box":[949,56,977,71],"words":[{"text":"thoại","box":[949,56,977,71]}],"linking":[]},{"id":32,"text":":","label":"","box":[979,56,980,71],"words":[{"text":":","box":[979,56,980,71]}],"linking":[]},{"id":33,"text":"028","label":"","box":[985,56,1006,71],"words":[{"text":"028","box":[985,56,1006,71]}],"linking":[]},{"id":34,"text":"35123878","label":"","box":[1011,56,1069,71],"words":[{"text":"35123878","box":[1011,56,1069,71]}],"linking":[]},{"id":35,"text":"HÓA","label":"","box":[389,94,453,128],"words":[{"text":"HÓA","box":[389,94,453,128]}],"linking":[]},{"id":36,"text":"ĐƠN","label":"","box":[462,94,532,128],"words":[{"text":"ĐƠN","box":[462,94,532,128]}],"linking":[]},{"id":37,"text":"GIÁ","label":"","box":[545,94,597,128],"words":[{"text":"GIÁ","box":[545,94,597,128]}],"linking":[]},{"id":38,"text":"TRỊ","label":"","box":[606,94,654,128],"words":[{"text":"TRỊ","box":[606,94,654,128]}],"linking":[]},{"id":39,"text":"GIA","label":"","box":[666,94,718,128],"words":[{"text":"GIA","box":[666,94,718,128]}],"linking":[]},{"id":40,"text":"TĂNG","label":"","box":[728,94,811,128],"words":[{"text":"TĂNG","box":[728,94,811,128]}],"linking":[]},{"id":41,"text":"VAT","label":"","box":[522,144,572,162],"words":[{"text":"VAT","box":[522,144,572,162]}],"linking":[]},{"id":42,"text":"INVOICE","label":"","box":[578,144,681,162],"words":[{"text":"INVOICE","box":[578,144,681,162]}],"linking":[]},{"id":43,"text":"Ngày","label":"","box":[431,177,466,194],"words":[{"text":"Ngày","box":[431,177,466,194]}],"linking":[]},{"id":44,"text":"(","label":"","box":[473,177,476,193],"words":[{"text":"(","box":[473,177,476,193]}],"linking":[]},{"id":45,"text":"Date","label":"","box":[477,177,503,193],"words":[{"text":"Date","box":[477,177,503,193]}],"linking":[]},{"id":46,"text":")","label":"","box":[506,177,509,193],"words":[{"text":")","box":[506,177,509,193]}],"linking":[]},{"id":47,"text":"30","label":"","box":[514,177,531,193],"words":[{"text":"30","box":[514,177,531,193]}],"linking":[]},{"id":48,"text":"tháng","label":"","box":[537,177,576,193],"words":[{"text":"tháng","box":[537,177,576,193]}],"linking":[]},{"id":49,"text":"(","label":"","box":[584,177,587,193],"words":[{"text":"(","box":[584,177,587,193]}],"linking":[]},{"id":50,"text":"month","label":"","box":[586,177,623,193],"words":[{"text":"month","box":[586,177,623,193]}],"linking":[]},{"id":51,"text":")","label":"","box":[626,177,629,193],"words":[{"text":")","box":[626,177,629,193]}],"linking":[]},{"id":52,"text":"03","label":"","box":[634,177,651,193],"words":[{"text":"03","box":[634,177,651,193]}],"linking":[]},{"id":53,"text":"năm","label":"","box":[658,176,686,192],"words":[{"text":"năm","box":[658,176,686,192]}],"linking":[]},{"id":54,"text":"(","label":"","box":[695,176,699,192],"words":[{"text":"(","box":[695,176,699,192]}],"linking":[]},{"id":55,"text":"year","label":"","box":[699,176,723,192],"words":[{"text":"year","box":[699,176,723,192]}],"linking":[]},{"id":56,"text":")","label":"","box":[726,176,729,192],"words":[{"text":")","box":[726,176,729,192]}],"linking":[]},{"id":57,"text":"2022","label":"","box":[734,176,768,192],"words":[{"text":"2022","box":[734,176,768,192]}],"linking":[]},{"id":58,"text":":","label":"","box":[274,222,277,240],"words":[{"text":":","box":[274,222,277,240]}],"linking":[]},{"id":59,"text":"STT","label":"","box":[62,621,90,632],"words":[{"text":"STT","box":[62,621,90,632]}],"linking":[]},{"id":60,"text":"No.","label":"","box":[64,645,88,655],"words":[{"text":"No.","box":[64,645,88,655]}],"linking":[]},{"id":61,"text":"BINH","label":"","box":[161,172,189,185],"words":[{"text":"BINH","box":[161,172,189,185]}],"linking":[]},{"id":62,"text":"MINH","label":"","box":[196,172,229,184],"words":[{"text":"MINH","box":[196,172,229,184]}],"linking":[]},{"id":63,"text":"1","label":"","box":[72,700,80,711],"words":[{"text":"1","box":[72,700,80,711]}],"linking":[]},{"id":64,"text":":","label":"","box":[297,392,300,407],"words":[{"text":":","box":[297,392,300,407]}],"linking":[]},{"id":65,"text":"0303880297","label":"answer","box":[330,254,419,265],"words":[{"text":"0303880297","box":[330,254,419,265]}],"linking":[[247,65]]},{"id":66,"text":"112002622316","label":"answer","box":[331,311,439,323],"words":[{"text":"112002622316","box":[331,311,439,323]}],"linking":[[250,66]]},{"id":67,"text":"TÊN","label":"","box":[170,616,200,635],"words":[{"text":"TÊN","box":[170,616,200,635]}],"linking":[]},{"id":68,"text":"HÀNG","label":"","box":[207,617,250,635],"words":[{"text":"HÀNG","box":[207,617,250,635]}],"linking":[]},{"id":69,"text":"HÓA","label":"","box":[253,616,284,636],"words":[{"text":"HÓA","box":[253,616,284,636]}],"linking":[]},{"id":70,"text":",","label":"","box":[287,617,290,636],"words":[{"text":",","box":[287,617,290,636]}],"linking":[]},{"id":71,"text":"DỊCH","label":"","box":[299,617,335,636],"words":[{"text":"DỊCH","box":[299,617,335,636]}],"linking":[]},{"id":72,"text":"VỤ","label":"","box":[341,618,360,637],"words":[{"text":"VỤ","box":[341,618,360,637]}],"linking":[]},{"id":73,"text":"Description","label":"","box":[227,645,305,658],"words":[{"text":"Description","box":[227,645,305,658]}],"linking":[]},{"id":74,"text":"ABM","label":"","box":[101,700,134,712],"words":[{"text":"ABM","box":[101,700,134,712]}],"linking":[]},{"id":75,"text":"BIOMI","label":"","box":[143,700,188,712],"words":[{"text":"BIOMI","box":[143,700,188,712]}],"linking":[]},{"id":76,"text":"10KG","label":"","box":[195,700,234,712],"words":[{"text":"10KG","box":[195,700,234,712]}],"linking":[]},{"id":77,"text":"TỔNG","label":"","box":[205,1044,250,1059],"words":[{"text":"TỔNG","box":[205,1044,250,1059]}],"linking":[]},{"id":78,"text":"HỢP","label":"","box":[258,1045,291,1060],"words":[{"text":"HỢP","box":[258,1045,291,1060]}],"linking":[]},{"id":79,"text":"Tổng","label":"","box":[76,1082,111,1099],"words":[{"text":"Tổng","box":[76,1082,111,1099]}],"linking":[]},{"id":80,"text":"tiền","label":"","box":[117,1082,142,1099],"words":[{"text":"tiền","box":[117,1082,142,1099]}],"linking":[]},{"id":81,"text":"không","label":"","box":[150,1082,191,1099],"words":[{"text":"không","box":[150,1082,191,1099]}],"linking":[]},{"id":82,"text":"kê","label":"","box":[199,1082,213,1099],"words":[{"text":"kê","box":[199,1082,213,1099]}],"linking":[]},{"id":83,"text":"khai","label":"","box":[221,1082,248,1099],"words":[{"text":"khai","box":[221,1082,248,1099]}],"linking":[]},{"id":84,"text":"và","label":"","box":[254,1082,270,1099],"words":[{"text":"và","box":[254,1082,270,1099]}],"linking":[]},{"id":85,"text":"nộp","label":"","box":[277,1082,302,1099],"words":[{"text":"nộp","box":[277,1082,302,1099]}],"linking":[]},{"id":86,"text":"thuế","label":"","box":[308,1082,338,1099],"words":[{"text":"thuế","box":[308,1082,338,1099]}],"linking":[]},{"id":87,"text":":","label":"","box":[341,1082,342,1099],"words":[{"text":":","box":[341,1082,342,1099]}],"linking":[]},{"id":88,"text":"Tổng","label":"","box":[76,1109,111,1126],"words":[{"text":"Tổng","box":[76,1109,111,1126]}],"linking":[]},{"id":89,"text":"tiền","label":"","box":[117,1109,142,1126],"words":[{"text":"tiền","box":[117,1109,142,1126]}],"linking":[]},{"id":90,"text":"không","label":"","box":[150,1109,191,1126],"words":[{"text":"không","box":[150,1109,191,1126]}],"linking":[]},{"id":91,"text":"chịu","label":"","box":[199,1109,226,1126],"words":[{"text":"chịu","box":[199,1109,226,1126]}],"linking":[]},{"id":92,"text":"thuế","label":"","box":[232,1109,262,1126],"words":[{"text":"thuế","box":[232,1109,262,1126]}],"linking":[]},{"id":93,"text":"GTGT","label":"","box":[270,1109,314,1126],"words":[{"text":"GTGT","box":[270,1109,314,1126]}],"linking":[]},{"id":94,"text":":","label":"","box":[316,1109,317,1126],"words":[{"text":":","box":[316,1109,317,1126]}],"linking":[]},{"id":95,"text":"Tổng","label":"","box":[76,1132,110,1154],"words":[{"text":"Tổng","box":[76,1132,110,1154]}],"linking":[]},{"id":96,"text":"tiền","label":"","box":[116,1132,141,1153],"words":[{"text":"tiền","box":[116,1132,141,1153]}],"linking":[]},{"id":97,"text":"chịu","label":"","box":[148,1132,176,1153],"words":[{"text":"chịu","box":[148,1132,176,1153]}],"linking":[]},{"id":98,"text":"thuế","label":"","box":[180,1131,210,1152],"words":[{"text":"thuế","box":[180,1131,210,1152]}],"linking":[]},{"id":99,"text":"suất","label":"","box":[220,1131,249,1152],"words":[{"text":"suất","box":[220,1131,249,1152]}],"linking":[]},{"id":100,"text":":","label":"","box":[251,1131,252,1152],"words":[{"text":":","box":[251,1131,252,1152]}],"linking":[]},{"id":101,"text":"Tổng","label":"","box":[76,1160,110,1179],"words":[{"text":"Tổng","box":[76,1160,110,1179]}],"linking":[]},{"id":102,"text":"tiền","label":"","box":[116,1160,141,1178],"words":[{"text":"tiền","box":[116,1160,141,1178]}],"linking":[]},{"id":103,"text":"chịu","label":"","box":[148,1160,176,1178],"words":[{"text":"chịu","box":[148,1160,176,1178]}],"linking":[]},{"id":104,"text":"thuế","label":"","box":[182,1160,212,1178],"words":[{"text":"thuế","box":[182,1160,212,1178]}],"linking":[]},{"id":105,"text":"suất","label":"","box":[220,1160,248,1178],"words":[{"text":"suất","box":[220,1160,248,1178]}],"linking":[]},{"id":106,"text":":","label":"","box":[251,1160,252,1178],"words":[{"text":":","box":[251,1160,252,1178]}],"linking":[]},{"id":107,"text":"Tổng","label":"","box":[76,1187,110,1207],"words":[{"text":"Tổng","box":[76,1187,110,1207]}],"linking":[]},{"id":108,"text":"tiền","label":"","box":[116,1187,141,1206],"words":[{"text":"tiền","box":[116,1187,141,1206]}],"linking":[]},{"id":109,"text":"chịu","label":"","box":[148,1187,176,1206],"words":[{"text":"chịu","box":[148,1187,176,1206]}],"linking":[]},{"id":110,"text":"thuế","label":"","box":[182,1186,212,1205],"words":[{"text":"thuế","box":[182,1186,212,1205]}],"linking":[]},{"id":111,"text":"suất","label":"","box":[220,1186,248,1205],"words":[{"text":"suất","box":[220,1186,248,1205]}],"linking":[]},{"id":112,"text":":","label":"","box":[251,1186,251,1205],"words":[{"text":":","box":[251,1186,251,1205]}],"linking":[]},{"id":113,"text":"Tổng","label":"","box":[76,1213,110,1233],"words":[{"text":"Tổng","box":[76,1213,110,1233]}],"linking":[]},{"id":114,"text":"cộng","label":"","box":[116,1213,150,1232],"words":[{"text":"cộng","box":[116,1213,150,1232]}],"linking":[]},{"id":115,"text":"tiền","label":"","box":[157,1213,181,1232],"words":[{"text":"tiền","box":[157,1213,181,1232]}],"linking":[]},{"id":116,"text":"thanh","label":"","box":[188,1213,227,1232],"words":[{"text":"thanh","box":[188,1213,227,1232]}],"linking":[]},{"id":117,"text":"toán","label":"","box":[233,1213,263,1232],"words":[{"text":"toán","box":[233,1213,263,1232]}],"linking":[]},{"id":118,"text":"Số","label":"","box":[77,1248,94,1265],"words":[{"text":"Số","box":[77,1248,94,1265]}],"linking":[]},{"id":119,"text":"tiền","label":"","box":[99,1248,124,1265],"words":[{"text":"tiền","box":[99,1248,124,1265]}],"linking":[]},{"id":120,"text":"viết","label":"","box":[131,1248,155,1266],"words":[{"text":"viết","box":[131,1248,155,1266]}],"linking":[]},{"id":121,"text":"bằng","label":"","box":[162,1249,196,1266],"words":[{"text":"bằng","box":[162,1249,196,1266]}],"linking":[]},{"id":122,"text":"chữ","label":"","box":[203,1249,229,1267],"words":[{"text":"chữ","box":[203,1249,229,1267]}],"linking":[]},{"id":123,"text":"(","label":"","box":[236,1250,240,1267],"words":[{"text":"(","box":[236,1250,240,1267]}],"linking":[]},{"id":124,"text":"Total","label":"","box":[243,1250,270,1267],"words":[{"text":"Total","box":[243,1250,270,1267]}],"linking":[]},{"id":125,"text":"amount","label":"","box":[275,1251,319,1268],"words":[{"text":"amount","box":[275,1251,319,1268]}],"linking":[]},{"id":126,"text":"in","label":"","box":[324,1251,333,1268],"words":[{"text":"in","box":[324,1251,333,1268]}],"linking":[]},{"id":127,"text":"words","label":"","box":[339,1251,372,1269],"words":[{"text":"words","box":[339,1251,372,1269]}],"linking":[]},{"id":128,"text":")","label":"","box":[375,1252,378,1269],"words":[{"text":")","box":[375,1252,378,1269]}],"linking":[]},{"id":129,"text":"Người","label":"","box":[255,1297,299,1312],"words":[{"text":"Người","box":[255,1297,299,1312]}],"linking":[]},{"id":130,"text":"mua","label":"","box":[306,1297,336,1312],"words":[{"text":"mua","box":[306,1297,336,1312]}],"linking":[]},{"id":131,"text":"hàng","label":"","box":[342,1297,376,1312],"words":[{"text":"hàng","box":[342,1297,376,1312]}],"linking":[]},{"id":132,"text":"(","label":"","box":[384,1297,387,1312],"words":[{"text":"(","box":[384,1297,387,1312]}],"linking":[]},{"id":133,"text":"Buyer","label":"","box":[387,1297,421,1312],"words":[{"text":"Buyer","box":[387,1297,421,1312]}],"linking":[]},{"id":134,"text":")","label":"","box":[424,1297,427,1312],"words":[{"text":")","box":[424,1297,427,1312]}],"linking":[]},{"id":135,"text":"ĐƠN","label":"","box":[449,609,484,621],"words":[{"text":"ĐƠN","box":[449,609,484,621]}],"linking":[]},{"id":136,"text":"VỊ","label":"","box":[489,608,502,621],"words":[{"text":"VỊ","box":[489,608,502,621]}],"linking":[]},{"id":137,"text":"SÓ","label":"","box":[539,606,560,619],"words":[{"text":"SÓ","box":[539,606,560,619]}],"linking":[]},{"id":138,"text":"ΤΙΝΗ","label":"","box":[461,628,494,643],"words":[{"text":"ΤΙΝΗ","box":[461,628,494,643]}],"linking":[]},{"id":139,"text":"Unit","label":"","box":[466,657,494,667],"words":[{"text":"Unit","box":[466,657,494,667]}],"linking":[]},{"id":140,"text":"Bao","label":"","box":[464,701,492,712],"words":[{"text":"Bao","box":[464,701,492,712]}],"linking":[]},{"id":141,"text":"LƯỢNG","label":"","box":[525,631,581,645],"words":[{"text":"LƯỢNG","box":[525,631,581,645]}],"linking":[]},{"id":142,"text":"Quantity","label":"","box":[525,657,584,669],"words":[{"text":"Quantity","box":[525,657,584,669]}],"linking":[]},{"id":143,"text":"1,000","label":"","box":[533,701,572,713],"words":[{"text":"1,000","box":[533,701,572,713]}],"linking":[]},{"id":144,"text":"THUÊ","label":"","box":[467,1044,510,1058],"words":[{"text":"THUÊ","box":[467,1044,510,1058]}],"linking":[]},{"id":145,"text":"SUẤT","label":"","box":[517,1044,557,1058],"words":[{"text":"SUẤT","box":[517,1044,557,1058]}],"linking":[]},{"id":146,"text":"X","label":"","box":[508,1087,517,1096],"words":[{"text":"X","box":[508,1087,517,1096]}],"linking":[]},{"id":147,"text":"X","label":"","box":[507,1114,516,1123],"words":[{"text":"X","box":[507,1114,516,1123]}],"linking":[]},{"id":148,"text":"0","label":"","box":[501,1137,510,1149],"words":[{"text":"0","box":[501,1137,510,1149]}],"linking":[]},{"id":149,"text":"%","label":"","box":[510,1137,523,1149],"words":[{"text":"%","box":[510,1137,523,1149]}],"linking":[]},{"id":150,"text":"5","label":"","box":[501,1165,510,1176],"words":[{"text":"5","box":[501,1165,510,1176]}],"linking":[]},{"id":151,"text":"%","label":"","box":[510,1165,523,1176],"words":[{"text":"%","box":[510,1165,523,1176]}],"linking":[]},{"id":152,"text":"10","label":"","box":[498,1192,514,1203],"words":[{"text":"10","box":[498,1192,514,1203]}],"linking":[]},{"id":153,"text":"%","label":"","box":[514,1192,526,1203],"words":[{"text":"%","box":[514,1192,526,1203]}],"linking":[]},{"id":154,"text":"ĐƠN","label":"","box":[620,618,653,632],"words":[{"text":"ĐƠN","box":[620,618,653,632]}],"linking":[]},{"id":155,"text":"GIÁ","label":"","box":[661,618,686,632],"words":[{"text":"GIÁ","box":[661,618,686,632]}],"linking":[]},{"id":156,"text":"Price","label":"","box":[636,645,671,655],"words":[{"text":"Price","box":[636,645,671,655]}],"linking":[]},{"id":157,"text":"181,818.182","label":"","box":[619,701,709,714],"words":[{"text":"181,818.182","box":[619,701,709,714]}],"linking":[]},{"id":158,"text":"Hai","label":"","box":[448,1248,469,1268],"words":[{"text":"Hai","box":[448,1248,469,1268]}],"linking":[]},{"id":159,"text":"trăm","label":"","box":[475,1248,505,1267],"words":[{"text":"trăm","box":[475,1248,505,1267]}],"linking":[]},{"id":160,"text":"triệu","label":"","box":[512,1247,542,1267],"words":[{"text":"triệu","box":[512,1247,542,1267]}],"linking":[]},{"id":161,"text":"đồng","label":"","box":[549,1247,583,1266],"words":[{"text":"đồng","box":[549,1247,583,1266]}],"linking":[]},{"id":162,"text":"chẵn","label":"","box":[590,1246,623,1266],"words":[{"text":"chẵn","box":[590,1246,623,1266]}],"linking":[]},{"id":163,"text":"1/1","label":"","box":[606,1716,635,1731],"words":[{"text":"1/1","box":[606,1716,635,1731]}],"linking":[]},{"id":164,"text":"THUÊ","label":"","box":[860,596,899,608],"words":[{"text":"THUÊ","box":[860,596,899,608]}],"linking":[]},{"id":165,"text":"SUÁT","label":"","box":[861,618,902,631],"words":[{"text":"SUÁT","box":[861,618,902,631]}],"linking":[]},{"id":166,"text":"GTGT","label":"","box":[862,643,904,655],"words":[{"text":"GTGT","box":[862,643,904,655]}],"linking":[]},{"id":167,"text":"VAT","label":"","box":[854,667,884,678],"words":[{"text":"VAT","box":[854,667,884,678]}],"linking":[]},{"id":168,"text":"rate","label":"","box":[889,668,914,679],"words":[{"text":"rate","box":[889,668,914,679]}],"linking":[]},{"id":169,"text":"181,818,182","label":"","box":[749,699,837,715],"words":[{"text":"181,818,182","box":[749,699,837,715]}],"linking":[]},{"id":170,"text":"10","label":"","box":[868,701,883,711],"words":[{"text":"10","box":[868,701,883,711]}],"linking":[]},{"id":171,"text":"%","label":"","box":[885,701,897,711],"words":[{"text":"%","box":[885,701,897,711]}],"linking":[]},{"id":172,"text":"Cộng","label":"","box":[603,1008,639,1023],"words":[{"text":"Cộng","box":[603,1008,639,1023]}],"linking":[]},{"id":173,"text":"(","label":"","box":[647,1008,650,1023],"words":[{"text":"(","box":[647,1008,650,1023]}],"linking":[]},{"id":174,"text":"Sub","label":"","box":[651,1008,674,1023],"words":[{"text":"Sub","box":[651,1008,674,1023]}],"linking":[]},{"id":175,"text":"total","label":"","box":[679,1008,704,1024],"words":[{"text":"total","box":[679,1008,704,1024]}],"linking":[]},{"id":176,"text":")","label":"","box":[706,1009,708,1024],"words":[{"text":")","box":[706,1009,708,1024]}],"linking":[]},{"id":177,"text":"181,818,182","label":"","box":[750,1007,838,1021],"words":[{"text":"181,818,182","box":[750,1007,838,1021]}],"linking":[]},{"id":178,"text":"TRỊ","label":"","box":[612,1044,636,1060],"words":[{"text":"TRỊ","box":[612,1044,636,1060]}],"linking":[]},{"id":179,"text":"GIÁ","label":"","box":[644,1044,671,1060],"words":[{"text":"GIÁ","box":[644,1044,671,1060]}],"linking":[]},{"id":180,"text":"CHƯA","label":"","box":[677,1044,724,1060],"words":[{"text":"CHƯA","box":[677,1044,724,1060]}],"linking":[]},{"id":181,"text":"THUẾ","label":"","box":[729,1044,772,1060],"words":[{"text":"THUẾ","box":[729,1044,772,1060]}],"linking":[]},{"id":182,"text":"GTGT","label":"","box":[780,1044,822,1060],"words":[{"text":"GTGT","box":[780,1044,822,1060]}],"linking":[]},{"id":183,"text":"F","label":"","box":[697,1068,784,1126],"words":[{"text":"F","box":[697,1068,784,1126]}],"linking":[]},{"id":184,"text":"THÀNH","label":"","box":[737,618,788,632],"words":[{"text":"THÀNH","box":[737,618,788,632]}],"linking":[]},{"id":185,"text":"TIỀN","label":"","box":[795,618,828,632],"words":[{"text":"TIỀN","box":[795,618,828,632]}],"linking":[]},{"id":186,"text":"Total","label":"","box":[767,644,800,656],"words":[{"text":"Total","box":[767,644,800,656]}],"linking":[]},{"id":187,"text":"181,818,182","label":"","box":[742,1191,830,1204],"words":[{"text":"181,818,182","box":[742,1191,830,1204]}],"linking":[]},{"id":188,"text":"181,818,182","label":"","box":[742,1218,830,1231],"words":[{"text":"181,818,182","box":[742,1218,830,1231]}],"linking":[]},{"id":189,"text":"TIÊN","label":"","box":[938,606,970,621],"words":[{"text":"TIÊN","box":[938,606,970,621]}],"linking":[]},{"id":190,"text":"THUÊ","label":"","box":[978,606,1017,621],"words":[{"text":"THUÊ","box":[978,606,1017,621]}],"linking":[]},{"id":191,"text":"GTGT","label":"","box":[959,632,1002,643],"words":[{"text":"GTGT","box":[959,632,1002,643]}],"linking":[]},{"id":192,"text":"VAT","label":"","box":[939,657,969,668],"words":[{"text":"VAT","box":[939,657,969,668]}],"linking":[]},{"id":193,"text":"amount","label":"","box":[974,657,1025,668],"words":[{"text":"amount","box":[974,657,1025,668]}],"linking":[]},{"id":194,"text":"18,181,818","label":"","box":[953,701,1033,715],"words":[{"text":"18,181,818","box":[953,701,1033,715]}],"linking":[]},{"id":195,"text":"18,181,818","label":"","box":[954,1007,1032,1021],"words":[{"text":"18,181,818","box":[954,1007,1032,1021]}],"linking":[]},{"id":196,"text":"TIỀN","label":"","box":[878,1044,912,1058],"words":[{"text":"TIỀN","box":[878,1044,912,1058]}],"linking":[]},{"id":197,"text":"THUẾ","label":"","box":[920,1044,961,1058],"words":[{"text":"THUẾ","box":[920,1044,961,1058]}],"linking":[]},{"id":198,"text":"GTGT","label":"","box":[970,1044,1012,1058],"words":[{"text":"GTGT","box":[970,1044,1012,1058]}],"linking":[]},{"id":199,"text":"18,181,818","label":"","box":[945,1191,1024,1202],"words":[{"text":"18,181,818","box":[945,1191,1024,1202]}],"linking":[]},{"id":200,"text":"18,181,818","label":"","box":[946,1217,1025,1229],"words":[{"text":"18,181,818","box":[946,1217,1025,1229]}],"linking":[]},{"id":201,"text":"Người","label":"","box":[817,1297,860,1312],"words":[{"text":"Người","box":[817,1297,860,1312]}],"linking":[]},{"id":202,"text":"bán","label":"","box":[867,1297,892,1312],"words":[{"text":"bán","box":[867,1297,892,1312]}],"linking":[]},{"id":203,"text":"hàng","label":"","box":[900,1297,934,1312],"words":[{"text":"hàng","box":[900,1297,934,1312]}],"linking":[]},{"id":204,"text":"(","label":"","box":[942,1297,945,1312],"words":[{"text":"(","box":[942,1297,945,1312]}],"linking":[]},{"id":205,"text":"Seller","label":"","box":[948,1297,979,1313],"words":[{"text":"Seller","box":[948,1297,979,1313]}],"linking":[]},{"id":206,"text":")","label":"","box":[981,1298,984,1313],"words":[{"text":")","box":[981,1298,984,1313]}],"linking":[]},{"id":207,"text":"0000575","label":"answer","box":[1039,172,1115,187],"words":[{"text":"0000575","box":[1039,172,1115,187]}],"linking":[[244,207]]},{"id":208,"text":"THÀNH","label":"","box":[1062,606,1114,620],"words":[{"text":"THÀNH","box":[1062,606,1114,620]}],"linking":[]},{"id":209,"text":"TIỀN","label":"","box":[1120,606,1153,620],"words":[{"text":"TIỀN","box":[1120,606,1153,620]}],"linking":[]},{"id":210,"text":"SAU","label":"","box":[1073,629,1100,646],"words":[{"text":"SAU","box":[1073,629,1100,646]}],"linking":[]},{"id":211,"text":"THUÊ","label":"","box":[1108,628,1148,645],"words":[{"text":"THUÊ","box":[1108,628,1148,645]}],"linking":[]},{"id":212,"text":"Amount","label":"","box":[1083,657,1140,668],"words":[{"text":"Amount","box":[1083,657,1140,668]}],"linking":[]},{"id":213,"text":"Signature","label":"","box":[777,1345,845,1362],"words":[{"text":"Signature","box":[777,1345,845,1362]}],"linking":[]},{"id":214,"text":"Valid","label":"","box":[850,1343,890,1360],"words":[{"text":"Valid","box":[850,1343,890,1360]}],"linking":[]},{"id":215,"text":"|","label":"","box":[773,1366,774,1386],"words":[{"text":"|","box":[773,1366,774,1386]}],"linking":[]},{"id":216,"text":"Ký","label":"","box":[775,1365,796,1385],"words":[{"text":"Ký","box":[775,1365,796,1385]}],"linking":[]},{"id":217,"text":"bởi","label":"","box":[803,1365,826,1385],"words":[{"text":"bởi","box":[803,1365,826,1385]}],"linking":[]},{"id":218,"text":":","label":"","box":[828,1365,829,1385],"words":[{"text":":","box":[828,1365,829,1385]}],"linking":[]},{"id":219,"text":"CÔNG","label":"","box":[837,1365,887,1385],"words":[{"text":"CÔNG","box":[837,1365,887,1385]}],"linking":[]},{"id":220,"text":"TY","label":"","box":[895,1365,911,1385],"words":[{"text":"TY","box":[895,1365,911,1385]}],"linking":[]},{"id":221,"text":"CỔ","label":"","box":[922,1364,941,1384],"words":[{"text":"CỔ","box":[922,1364,941,1384]}],"linking":[]},{"id":222,"text":"PHẦN","label":"","box":[952,1364,1000,1384],"words":[{"text":"PHẦN","box":[952,1364,1000,1384]}],"linking":[]},{"id":223,"text":"THỦY","label":"","box":[1006,1364,1055,1384],"words":[{"text":"THỦY","box":[1006,1364,1055,1384]}],"linking":[]},{"id":224,"text":"SẢN","label":"","box":[778,1391,813,1406],"words":[{"text":"SẢN","box":[778,1391,813,1406]}],"linking":[]},{"id":225,"text":"BÌNH","label":"","box":[817,1391,861,1406],"words":[{"text":"BÌNH","box":[817,1391,861,1406]}],"linking":[]},{"id":226,"text":"MINH","label":"","box":[867,1391,915,1406],"words":[{"text":"MINH","box":[867,1391,915,1406]}],"linking":[]},{"id":227,"text":"|","label":"","box":[771,1416,772,1435],"words":[{"text":"|","box":[771,1416,772,1435]}],"linking":[]},{"id":228,"text":"Ngày","label":"","box":[774,1415,813,1434],"words":[{"text":"Ngày","box":[774,1415,813,1434]}],"linking":[]},{"id":229,"text":"ký","label":"","box":[820,1415,835,1434],"words":[{"text":"ký","box":[820,1415,835,1434]}],"linking":[]},{"id":230,"text":":","label":"","box":[838,1415,841,1434],"words":[{"text":":","box":[838,1415,841,1434]}],"linking":[]},{"id":231,"text":"30/03/2022","label":"","box":[849,1415,929,1434],"words":[{"text":"30/03/2022","box":[849,1415,929,1434]}],"linking":[]},{"id":232,"text":"200,000,000","label":"","box":[1079,701,1168,714],"words":[{"text":"200,000,000","box":[1079,701,1168,714]}],"linking":[]},{"id":233,"text":"200,000,000","label":"","box":[1078,1008,1169,1020],"words":[{"text":"200,000,000","box":[1078,1008,1169,1020]}],"linking":[]},{"id":234,"text":"GIÁ","label":"","box":[1050,1031,1075,1047],"words":[{"text":"GIÁ","box":[1050,1031,1075,1047]}],"linking":[]},{"id":235,"text":"TRỊ","label":"","box":[1081,1031,1105,1047],"words":[{"text":"TRỊ","box":[1081,1031,1105,1047]}],"linking":[]},{"id":236,"text":"THANH","label":"","box":[1112,1031,1166,1047],"words":[{"text":"THANH","box":[1112,1031,1166,1047]}],"linking":[]},{"id":237,"text":"TOÁN","label":"","box":[1088,1056,1131,1070],"words":[{"text":"TOÁN","box":[1088,1056,1131,1070]}],"linking":[]},{"id":238,"text":"200,000,000","label":"","box":[1071,1189,1160,1203],"words":[{"text":"200,000,000","box":[1071,1189,1160,1203]}],"linking":[]},{"id":239,"text":"200,000,000","label":"","box":[1071,1218,1161,1230],"words":[{"text":"200,000,000","box":[1071,1218,1161,1230]}],"linking":[]},{"id":240,"text":"Mẫu số ( Fom ) :","label":"question","box":[874,91,981,111],"words":[{"text":"Mẫu","box":[874,91,905,108]},{"text":"số","box":[910,92,927,109]},{"text":"(","box":[932,92,937,109]},{"text":"Fom","box":[937,93,959,110]},{"text":")","box":[966,93,974,110]},{"text":":","box":[978,94,981,111]}],"linking":[[240,241]]},{"id":241,"text":"01GTKT0 / 002","label":"answer","box":[1039,95,1141,107],"words":[{"text":"01GTKT0","box":[1039,95,1108,107]},{"text":"/","box":[1109,95,1115,107]},{"text":"002","box":[1114,95,1141,107]}],"linking":[[240,241]]},{"id":242,"text":"Ki hiệu ( Series ) .","label":"question","box":[875,132,984,149],"words":[{"text":"Ki","box":[875,132,887,146]},{"text":"hiệu","box":[895,133,924,147]},{"text":"(","box":[931,133,936,147]},{"text":"Series","box":[937,134,973,148]},{"text":")","box":[974,135,978,149]},{"text":".","box":[981,135,984,149]}],"linking":[[242,243]]},{"id":243,"text":"BM / 21E","label":"answer","box":[1040,133,1094,145],"words":[{"text":"BM","box":[1040,133,1060,145]},{"text":"/","box":[1063,133,1068,145]},{"text":"21E","box":[1068,133,1094,145]}],"linking":[[242,243]]},{"id":244,"text":"Số ( No. ) .","label":"question","box":[875,167,939,188],"words":[{"text":"Số","box":[875,167,894,184]},{"text":"(","box":[901,168,905,185]},{"text":"No.","box":[905,170,927,186]},{"text":")","box":[928,170,932,187]},{"text":".","box":[938,171,939,188]}],"linking":[[244,207]]},{"id":245,"text":"Đơn vị bán hàng ( ComName )","label":"question","box":[68,221,271,240],"words":[{"text":"Đơn","box":[68,221,97,239]},{"text":"vị","box":[104,221,119,239]},{"text":"bán","box":[124,221,148,239]},{"text":"hàng","box":[156,221,189,239]},{"text":"(","box":[196,221,201,239]},{"text":"ComName","box":[203,221,264,240]},{"text":")","box":[267,222,271,240]}],"linking":[[245,246]]},{"id":246,"text":"CÔNG TY CỔ PHẦN THUỶ SẢN BÌNH MINH","label":"answer","box":[330,222,660,236],"words":[{"text":"CÔNG","box":[330,222,378,236]},{"text":"TY","box":[384,222,404,236]},{"text":"CỔ","box":[410,222,432,236]},{"text":"PHẦN","box":[440,222,483,236]},{"text":"THUỶ","box":[489,222,533,236]},{"text":"SẢN","box":[538,222,570,236]},{"text":"BÌNH","box":[578,222,614,236]},{"text":"MINH","box":[621,222,660,236]}],"linking":[[245,246]]},{"id":247,"text":"Mã số thuế ( Tax code )","label":"question","box":[70,249,221,271],"words":[{"text":"Mã","box":[70,250,92,267]},{"text":"số","box":[97,249,114,268]},{"text":"thuế","box":[118,251,149,268]},{"text":"(","box":[156,251,162,269]},{"text":"Tax","box":[162,252,183,270]},{"text":"code","box":[187,253,215,270]},{"text":")","box":[217,253,221,271]}],"linking":[[247,65]]},{"id":248,"text":"Dia chỉ ( Address ) :","label":"question","box":[70,283,193,298],"words":[{"text":"Dia","box":[70,283,94,296]},{"text":"chỉ","box":[99,283,119,297]},{"text":"(","box":[126,283,131,297]},{"text":"Address","box":[129,284,179,297]},{"text":")","box":[180,284,185,298]},{"text":":","box":[189,284,193,298]}],"linking":[[248,249]]},{"id":249,"text":"Số 86/28/1 , Phổ Quang , Phường 2 , Quận Tân Bình , TP.HCM","label":"answer","box":[331,281,770,298],"words":[{"text":"Số","box":[331,281,348,298]},{"text":"86/28/1","box":[356,281,406,298]},{"text":",","box":[411,281,412,298]},{"text":"Phổ","box":[420,281,446,298]},{"text":"Quang","box":[454,281,500,298]},{"text":",","box":[503,281,504,298]},{"text":"Phường","box":[512,281,569,298]},{"text":"2","box":[576,281,583,298]},{"text":",","box":[586,281,587,298]},{"text":"Quận","box":[595,281,632,298]},{"text":"Tân","box":[639,281,665,298]},{"text":"Bình","box":[672,281,703,298]},{"text":",","box":[706,281,707,298]},{"text":"TP.HCM","box":[710,281,770,298]}],"linking":[[248,249]]},{"id":250,"text":"Số tài khoản ( BankNo ) .","label":"question","box":[74.81,309,233.81,328],"words":[{"text":"Số","box":[71,309,88,325]},{"text":"tài","box":[95,309,110,325]},{"text":"khoản","box":[118,310,159,326]},{"text":"(","box":[167,311,171,327]},{"text":"BankNo","box":[172,311,216,327]},{"text":")","box":[219,312,223,328]},{"text":".","box":[229,312,230,328]}],"linking":[[250,66]]},{"id":251,"text":"Ngân hàng ( BankName ) :","label":"question","box":[74.81,338,241.81,357],"words":[{"text":"Ngân","box":[71,338,107,356]},{"text":"hàng","box":[115,338,148,356]},{"text":"(","box":[155,338,160,356]},{"text":"BankName","box":[162,339,224,357]},{"text":")","box":[228,339,232,357]},{"text":":","box":[235,339,238,357]}],"linking":[[251,252]]},{"id":252,"text":"NH TMCP Công Thương Việt Nam ( Vietinbank ) - CN Tây Sài Gòn , TP.HCM","label":"answer","box":[331,342,880,356],"words":[{"text":"NH","box":[331,342,351,356]},{"text":"TMCP","box":[358,342,403,356]},{"text":"Công","box":[411,342,447,356]},{"text":"Thương","box":[453,342,510,356]},{"text":"Việt","box":[517,342,544,356]},{"text":"Nam","box":[551,342,582,356]},{"text":"(","box":[590,342,593,356]},{"text":"Vietinbank","box":[596,342,667,356]},{"text":")","box":[670,342,675,356]},{"text":"-","box":[681,342,685,356]},{"text":"CN","box":[692,342,712,356]},{"text":"Tây","box":[720,342,746,356]},{"text":"Sài","box":[753,342,774,356]},{"text":"Gòn","box":[781,342,809,356]},{"text":",","box":[812,342,813,356]},{"text":"TP.HCM","box":[820,342,880,356]}],"linking":[[251,252]]},{"id":253,"text":"Họ tên người mua hàng ( Buyer )","label":"question","box":[71,391,293,407],"words":[{"text":"Họ","box":[71,391,89,406]},{"text":"tên","box":[96,391,116,406]},{"text":"người","box":[124,391,165,406]},{"text":"mua","box":[172,391,201,406]},{"text":"hàng","box":[209,391,242,407]},{"text":"(","box":[250,392,254,407]},{"text":"Buyer","box":[255,392,289,407]},{"text":")","box":[289,392,293,407]}],"linking":[[253,254]]},{"id":254,"text":"TÁM NHÂN","label":"answer","box":[432,388,514,403],"words":[{"text":"TÁM","box":[432,388,463,403]},{"text":"NHÂN","box":[471,388,514,402]}],"linking":[[253,254]]},{"id":255,"text":"Tên đơn vị ( CusName ) -","label":"question","box":[70,419,229,436],"words":[{"text":"Tên","box":[70,419,96,434]},{"text":"đơn","box":[103,420,130,434]},{"text":"vị","box":[136,420,146,435]},{"text":"(","box":[154,420,158,435]},{"text":"CusName","box":[161,421,218,436]},{"text":")","box":[220,421,222,436]},{"text":"-","box":[228,421,229,436]}],"linking":[]},{"id":256,"text":"Mã số thuế ( Tax code ) .","label":"question","box":[71,444,228,465],"words":[{"text":"Mã","box":[71,444,92,462]},{"text":"số","box":[98,444,114,462]},{"text":"thuế","box":[119,445,150,463]},{"text":"(","box":[157,445,162,463]},{"text":"Tax","box":[163,446,183,464]},{"text":"code","box":[188,447,215,465]},{"text":")","box":[218,447,221,465]},{"text":".","box":[227,447,228,465]}],"linking":[]},{"id":257,"text":"Địa chỉ ( Address )","label":"question","box":[70,474,183,492],"words":[{"text":"Địa","box":[70,474,93,491]},{"text":"chỉ","box":[100,474,121,491]},{"text":"(","box":[125,474,130,491]},{"text":"Address","box":[131,475,179,492]},{"text":")","box":[181,475,183,492]}],"linking":[[257,258]]},{"id":258,"text":"Ấp 9 , xã An Đức , Huyện Ba Trị , Tỉnh Bến Tre","label":"answer","box":[432,474,759,491],"words":[{"text":"Ấp","box":[432,474,450,491]},{"text":"9","box":[457,474,463,491]},{"text":",","box":[467,474,468,491]},{"text":"xã","box":[475,474,490,491]},{"text":"An","box":[497,474,515,491]},{"text":"Đức","box":[521,474,551,491]},{"text":",","box":[553,474,554,491]},{"text":"Huyện","box":[562,474,607,491]},{"text":"Ba","box":[614,474,631,491]},{"text":"Trị","box":[638,474,656,491]},{"text":",","box":[658,474,659,491]},{"text":"Tỉnh","box":[666,474,696,491]},{"text":"Bến","box":[704,474,730,491]},{"text":"Tre","box":[737,474,759,491]}],"linking":[[257,258]]},{"id":259,"text":"Hình thức thanh toán ( Method of payment ) :","label":"question","box":[74.81,503,364.81,522],"words":[{"text":"Hình","box":[71,503,103,520]},{"text":"thức","box":[109,503,141,520]},{"text":"thanh","box":[147,503,186,520]},{"text":"toán","box":[192,503,222,521]},{"text":"(","box":[230,504,234,521]},{"text":"Method","box":[235,504,279,521]},{"text":"of","box":[286,504,293,521]},{"text":"payment","box":[297,504,349,522]},{"text":")","box":[351,505,353,522]},{"text":":","box":[360,505,361,522]}],"linking":[[259,260]]},{"id":260,"text":"Chuyển khoản / Tiền mặt","label":"answer","box":[433,503,605,520],"words":[{"text":"Chuyển","box":[433,503,486,520]},{"text":"khoản","box":[494,503,532,520]},{"text":"/","box":[536,503,541,520]},{"text":"Tiền","box":[543,503,572,520]},{"text":"mặt","box":[580,503,605,520]}],"linking":[[259,260]]},{"id":261,"text":"Số tài khoản ( A / C No ) .","label":"question","box":[684,502,840,523],"words":[{"text":"Số","box":[684,502,703,518]},{"text":"tài","box":[708,502,725,519]},{"text":"khoản","box":[731,503,775,519]},{"text":"(","box":[781,504,786,521]},{"text":"A","box":[788,504,792,521]},{"text":"/","box":[792,504,797,521]},{"text":"C","box":[799,504,808,521]},{"text":"No","box":[812,505,827,522]},{"text":")","box":[830,506,834,523]},{"text":".","box":[839,506,840,523]}],"linking":[]},{"id":262,"text":"Ngân hàng ( Bank Name ) :","label":"question","box":[71,535,241,549],"words":[{"text":"Ngân","box":[71,535,107,549]},{"text":"hàng","box":[115,535,148,549]},{"text":"(","box":[156,535,158,549]},{"text":"Bank","box":[161,535,191,549]},{"text":"Name","box":[195,535,230,549]},{"text":")","box":[232,535,235,549]},{"text":":","box":[241,535,241,549]}],"linking":[]}]