[{"id":0,"text":".","label":"","box":[229,312,230,328],"words":[{"text":".","box":[229,312,230,328]}],"linking":[]},{"id":1,"text":"STT","label":"","box":[62,621,90,632],"words":[{"text":"STT","box":[62,621,90,632]}],"linking":[]},{"id":2,"text":"No.","label":"","box":[64,645,88,655],"words":[{"text":"No.","box":[64,645,88,655]}],"linking":[]},{"id":3,"text":"1","label":"","box":[72,700,79,712],"words":[{"text":"1","box":[72,700,79,712]}],"linking":[]},{"id":4,"text":"2","label":"","box":[71,740,81,750],"words":[{"text":"2","box":[71,740,81,750]}],"linking":[]},{"id":5,"text":"Đơn","label":"","box":[173,56,197,71],"words":[{"text":"Đơn","box":[173,56,197,71]}],"linking":[]},{"id":6,"text":"vị","label":"","box":[203,56,211,71],"words":[{"text":"vị","box":[203,56,211,71]}],"linking":[]},{"id":7,"text":"hỗ","label":"","box":[215,56,229,71],"words":[{"text":"hỗ","box":[215,56,229,71]}],"linking":[]},{"id":8,"text":"trợ","label":"","box":[234,56,250,71],"words":[{"text":"trợ","box":[234,56,250,71]}],"linking":[]},{"id":9,"text":"cung","label":"","box":[254,56,282,71],"words":[{"text":"cung","box":[254,56,282,71]}],"linking":[]},{"id":10,"text":"cấp","label":"","box":[287,56,307,71],"words":[{"text":"cấp","box":[287,56,307,71]}],"linking":[]},{"id":11,"text":"công","label":"","box":[312,56,339,71],"words":[{"text":"công","box":[312,56,339,71]}],"linking":[]},{"id":12,"text":"cụ","label":"","box":[344,56,357,71],"words":[{"text":"cụ","box":[344,56,357,71]}],"linking":[]},{"id":13,"text":"phát","label":"","box":[361,56,387,71],"words":[{"text":"phát","box":[361,56,387,71]}],"linking":[]},{"id":14,"text":"hành","label":"","box":[392,56,420,71],"words":[{"text":"hành","box":[392,56,420,71]}],"linking":[]},{"id":15,"text":"hóa","label":"","box":[425,56,446,71],"words":[{"text":"hóa","box":[425,56,446,71]}],"linking":[]},{"id":16,"text":"đơn","label":"","box":[451,56,473,71],"words":[{"text":"đơn","box":[451,56,473,71]}],"linking":[]},{"id":17,"text":"điện","label":"","box":[478,56,502,71],"words":[{"text":"điện","box":[478,56,502,71]}],"linking":[]},{"id":18,"text":"tử","label":"","box":[507,56,514,71],"words":[{"text":"tử","box":[507,56,514,71]}],"linking":[]},{"id":19,"text":":","label":"","box":[518,56,521,71],"words":[{"text":":","box":[518,56,521,71]}],"linking":[]},{"id":20,"text":"Công","label":"","box":[527,56,557,71],"words":[{"text":"Công","box":[527,56,557,71]}],"linking":[]},{"id":21,"text":"ty","label":"","box":[562,56,572,71],"words":[{"text":"ty","box":[562,56,572,71]}],"linking":[]},{"id":22,"text":"Cổ","label":"","box":[576,56,592,71],"words":[{"text":"Cổ","box":[576,56,592,71]}],"linking":[]},{"id":23,"text":"phần","label":"","box":[596,56,625,71],"words":[{"text":"phần","box":[596,56,625,71]}],"linking":[]},{"id":24,"text":"Định","label":"","box":[630,56,656,71],"words":[{"text":"Định","box":[630,56,656,71]}],"linking":[]},{"id":25,"text":"Gia","label":"","box":[661,56,680,71],"words":[{"text":"Gia","box":[661,56,680,71]}],"linking":[]},{"id":26,"text":"Nét","label":"","box":[686,56,706,71],"words":[{"text":"Nét","box":[686,56,706,71]}],"linking":[]},{"id":27,"text":"-","label":"","box":[710,56,713,71],"words":[{"text":"-","box":[710,56,713,71]}],"linking":[]},{"id":28,"text":"DigiNet","label":"","box":[718,56,761,71],"words":[{"text":"DigiNet","box":[718,56,761,71]}],"linking":[]},{"id":29,"text":"Corp","label":"","box":[765,56,791,71],"words":[{"text":"Corp","box":[765,56,791,71]}],"linking":[]},{"id":30,"text":",","label":"","box":[793,56,795,71],"words":[{"text":",","box":[793,56,795,71]}],"linking":[]},{"id":31,"text":"MST","label":"","box":[801,56,825,71],"words":[{"text":"MST","box":[801,56,825,71]}],"linking":[]},{"id":32,"text":":","label":"","box":[828,56,832,71],"words":[{"text":":","box":[828,56,832,71]}],"linking":[]},{"id":33,"text":"0303359278","label":"","box":[837,56,907,71],"words":[{"text":"0303359278","box":[837,56,907,71]}],"linking":[]},{"id":34,"text":",","label":"","box":[910,56,912,71],"words":[{"text":",","box":[910,56,912,71]}],"linking":[]},{"id":35,"text":"Điện","label":"","box":[918,56,944,71],"words":[{"text":"Điện","box":[918,56,944,71]}],"linking":[]},{"id":36,"text":"thoại","label":"","box":[949,56,977,71],"words":[{"text":"thoại","box":[949,56,977,71]}],"linking":[]},{"id":37,"text":":","label":"","box":[979,56,980,71],"words":[{"text":":","box":[979,56,980,71]}],"linking":[]},{"id":38,"text":"028","label":"","box":[985,56,1006,71],"words":[{"text":"028","box":[985,56,1006,71]}],"linking":[]},{"id":39,"text":"35123878","label":"","box":[1011,56,1069,71],"words":[{"text":"35123878","box":[1011,56,1069,71]}],"linking":[]},{"id":40,"text":"HÓA","label":"","box":[389,94,453,128],"words":[{"text":"HÓA","box":[389,94,453,128]}],"linking":[]},{"id":41,"text":"ĐƠN","label":"","box":[462,94,532,128],"words":[{"text":"ĐƠN","box":[462,94,532,128]}],"linking":[]},{"id":42,"text":"GIÁ","label":"","box":[545,94,597,128],"words":[{"text":"GIÁ","box":[545,94,597,128]}],"linking":[]},{"id":43,"text":"TRỊ","label":"","box":[606,94,654,128],"words":[{"text":"TRỊ","box":[606,94,654,128]}],"linking":[]},{"id":44,"text":"GIA","label":"","box":[666,94,718,128],"words":[{"text":"GIA","box":[666,94,718,128]}],"linking":[]},{"id":45,"text":"TĂNG","label":"","box":[728,94,811,128],"words":[{"text":"TĂNG","box":[728,94,811,128]}],"linking":[]},{"id":46,"text":"VAT","label":"","box":[522,144,572,162],"words":[{"text":"VAT","box":[522,144,572,162]}],"linking":[]},{"id":47,"text":"INVOICE","label":"","box":[578,144,681,162],"words":[{"text":"INVOICE","box":[578,144,681,162]}],"linking":[]},{"id":48,"text":"Ngày","label":"","box":[431,177,466,194],"words":[{"text":"Ngày","box":[431,177,466,194]}],"linking":[]},{"id":49,"text":"(","label":"","box":[473,177,476,193],"words":[{"text":"(","box":[473,177,476,193]}],"linking":[]},{"id":50,"text":"Date","label":"","box":[477,177,503,193],"words":[{"text":"Date","box":[477,177,503,193]}],"linking":[]},{"id":51,"text":")","label":"","box":[506,177,509,193],"words":[{"text":")","box":[506,177,509,193]}],"linking":[]},{"id":52,"text":"22","label":"","box":[514,177,530,193],"words":[{"text":"22","box":[514,177,530,193]}],"linking":[]},{"id":53,"text":"tháng","label":"","box":[537,177,576,193],"words":[{"text":"tháng","box":[537,177,576,193]}],"linking":[]},{"id":54,"text":"(","label":"","box":[584,177,587,193],"words":[{"text":"(","box":[584,177,587,193]}],"linking":[]},{"id":55,"text":"month","label":"","box":[586,177,623,193],"words":[{"text":"month","box":[586,177,623,193]}],"linking":[]},{"id":56,"text":")","label":"","box":[626,177,629,193],"words":[{"text":")","box":[626,177,629,193]}],"linking":[]},{"id":57,"text":"03","label":"","box":[634,177,651,193],"words":[{"text":"03","box":[634,177,651,193]}],"linking":[]},{"id":58,"text":"năm","label":"","box":[658,176,686,192],"words":[{"text":"năm","box":[658,176,686,192]}],"linking":[]},{"id":59,"text":"(","label":"","box":[695,176,699,192],"words":[{"text":"(","box":[695,176,699,192]}],"linking":[]},{"id":60,"text":"year","label":"","box":[699,176,723,192],"words":[{"text":"year","box":[699,176,723,192]}],"linking":[]},{"id":61,"text":")","label":"","box":[726,176,729,192],"words":[{"text":")","box":[726,176,729,192]}],"linking":[]},{"id":62,"text":"2022","label":"","box":[734,176,768,192],"words":[{"text":"2022","box":[734,176,768,192]}],"linking":[]},{"id":63,"text":"3","label":"","box":[71,778,80,789],"words":[{"text":"3","box":[71,778,80,789]}],"linking":[]},{"id":64,"text":"BINH","label":"","box":[161,172,189,185],"words":[{"text":"BINH","box":[161,172,189,185]}],"linking":[]},{"id":65,"text":"MINH","label":"","box":[196,172,229,184],"words":[{"text":"MINH","box":[196,172,229,184]}],"linking":[]},{"id":66,"text":"4","label":"","box":[71,817,80,827],"words":[{"text":"4","box":[71,817,80,827]}],"linking":[]},{"id":67,"text":"0303880297","label":"answer","box":[331.91,254,420.91,265],"words":[{"text":"0303880297","box":[330,254,419,265]}],"linking":[[252,67]]},{"id":68,"text":"112002622316","label":"answer","box":[331,311,439,323],"words":[{"text":"112002622316","box":[331,311,439,323]}],"linking":[[255,68]]},{"id":69,"text":"TÊN","label":"","box":[174,617,203,634],"words":[{"text":"TÊN","box":[174,617,203,634]}],"linking":[]},{"id":70,"text":"HÀNG","label":"","box":[211,617,254,634],"words":[{"text":"HÀNG","box":[211,617,254,634]}],"linking":[]},{"id":71,"text":"HÓA","label":"","box":[260,617,290,634],"words":[{"text":"HÓA","box":[260,617,290,634]}],"linking":[]},{"id":72,"text":",","label":"","box":[292,617,295,634],"words":[{"text":",","box":[292,617,295,634]}],"linking":[]},{"id":73,"text":"DỊCH","label":"","box":[303,617,338,634],"words":[{"text":"DỊCH","box":[303,617,338,634]}],"linking":[]},{"id":74,"text":"VỤ","label":"","box":[344,618,364,635],"words":[{"text":"VỤ","box":[344,618,364,635]}],"linking":[]},{"id":75,"text":"Description","label":"","box":[232,644,308,657],"words":[{"text":"Description","box":[232,644,308,657]}],"linking":[]},{"id":76,"text":"MERABAC","label":"","box":[104,698,181,713],"words":[{"text":"MERABAC","box":[104,698,181,713]}],"linking":[]},{"id":77,"text":"250GR","label":"","box":[188,698,238,712],"words":[{"text":"250GR","box":[188,698,238,712]}],"linking":[]},{"id":78,"text":"TÚI","label":"","box":[244,698,268,712],"words":[{"text":"TÚI","box":[244,698,268,712]}],"linking":[]},{"id":79,"text":"CLINZEX","label":"","box":[103,738,170,750],"words":[{"text":"CLINZEX","box":[103,738,170,750]}],"linking":[]},{"id":80,"text":"10KG","label":"","box":[178,738,217,750],"words":[{"text":"10KG","box":[178,738,217,750]}],"linking":[]},{"id":81,"text":"Hàng","label":"","box":[104,774,139,793],"words":[{"text":"Hàng","box":[104,774,139,793]}],"linking":[]},{"id":82,"text":"khuyến","label":"","box":[147,774,196,792],"words":[{"text":"khuyến","box":[147,774,196,792]}],"linking":[]},{"id":83,"text":"mại","label":"","box":[204,774,228,792],"words":[{"text":"mại","box":[204,774,228,792]}],"linking":[]},{"id":84,"text":"không","label":"","box":[235,774,277,792],"words":[{"text":"không","box":[235,774,277,792]}],"linking":[]},{"id":85,"text":"tính","label":"","box":[283,774,309,792],"words":[{"text":"tính","box":[283,774,309,792]}],"linking":[]},{"id":86,"text":"tiền","label":"","box":[315,774,337,792],"words":[{"text":"tiền","box":[315,774,337,792]}],"linking":[]},{"id":87,"text":":","label":"","box":[341,773,343,791],"words":[{"text":":","box":[341,773,343,791]}],"linking":[]},{"id":88,"text":"CLINZEX","label":"","box":[103,816,170,828],"words":[{"text":"CLINZEX","box":[103,816,170,828]}],"linking":[]},{"id":89,"text":"10KG","label":"","box":[178,816,217,828],"words":[{"text":"10KG","box":[178,816,217,828]}],"linking":[]},{"id":90,"text":"TỔNG","label":"","box":[208,1056,254,1071],"words":[{"text":"TỔNG","box":[208,1056,254,1071]}],"linking":[]},{"id":91,"text":"HỢP","label":"","box":[261,1058,295,1072],"words":[{"text":"HỢP","box":[261,1058,295,1072]}],"linking":[]},{"id":92,"text":"Tổng","label":"","box":[76,1095,111,1112],"words":[{"text":"Tổng","box":[76,1095,111,1112]}],"linking":[]},{"id":93,"text":"tiền","label":"","box":[117,1095,142,1112],"words":[{"text":"tiền","box":[117,1095,142,1112]}],"linking":[]},{"id":94,"text":"không","label":"","box":[150,1095,191,1112],"words":[{"text":"không","box":[150,1095,191,1112]}],"linking":[]},{"id":95,"text":"kê","label":"","box":[199,1095,213,1112],"words":[{"text":"kê","box":[199,1095,213,1112]}],"linking":[]},{"id":96,"text":"khai","label":"","box":[221,1095,248,1112],"words":[{"text":"khai","box":[221,1095,248,1112]}],"linking":[]},{"id":97,"text":"và","label":"","box":[254,1095,270,1112],"words":[{"text":"và","box":[254,1095,270,1112]}],"linking":[]},{"id":98,"text":"nộp","label":"","box":[277,1095,302,1112],"words":[{"text":"nộp","box":[277,1095,302,1112]}],"linking":[]},{"id":99,"text":"thuế","label":"","box":[308,1095,338,1112],"words":[{"text":"thuế","box":[308,1095,338,1112]}],"linking":[]},{"id":100,"text":":","label":"","box":[341,1095,341,1112],"words":[{"text":":","box":[341,1095,341,1112]}],"linking":[]},{"id":101,"text":"Tổng","label":"","box":[76,1121,110,1140],"words":[{"text":"Tổng","box":[76,1121,110,1140]}],"linking":[]},{"id":102,"text":"tiền","label":"","box":[116,1121,141,1139],"words":[{"text":"tiền","box":[116,1121,141,1139]}],"linking":[]},{"id":103,"text":"không","label":"","box":[149,1121,190,1139],"words":[{"text":"không","box":[149,1121,190,1139]}],"linking":[]},{"id":104,"text":"chịu","label":"","box":[197,1121,225,1139],"words":[{"text":"chịu","box":[197,1121,225,1139]}],"linking":[]},{"id":105,"text":"thuế","label":"","box":[231,1120,261,1138],"words":[{"text":"thuế","box":[231,1120,261,1138]}],"linking":[]},{"id":106,"text":"GTGT","label":"","box":[269,1120,310,1138],"words":[{"text":"GTGT","box":[269,1120,310,1138]}],"linking":[]},{"id":107,"text":":","label":"","box":[313,1120,314,1138],"words":[{"text":":","box":[313,1120,314,1138]}],"linking":[]},{"id":108,"text":"Tổng","label":"","box":[76,1148,111,1165],"words":[{"text":"Tổng","box":[76,1148,111,1165]}],"linking":[]},{"id":109,"text":"tiền","label":"","box":[117,1148,142,1165],"words":[{"text":"tiền","box":[117,1148,142,1165]}],"linking":[]},{"id":110,"text":"chịu","label":"","box":[149,1148,177,1165],"words":[{"text":"chịu","box":[149,1148,177,1165]}],"linking":[]},{"id":111,"text":"thuế","label":"","box":[183,1148,213,1165],"words":[{"text":"thuế","box":[183,1148,213,1165]}],"linking":[]},{"id":112,"text":"suất","label":"","box":[221,1148,248,1165],"words":[{"text":"suất","box":[221,1148,248,1165]}],"linking":[]},{"id":113,"text":":","label":"","box":[251,1148,252,1165],"words":[{"text":":","box":[251,1148,252,1165]}],"linking":[]},{"id":114,"text":"Tổng","label":"","box":[76,1173,110,1193],"words":[{"text":"Tổng","box":[76,1173,110,1193]}],"linking":[]},{"id":115,"text":"tiền","label":"","box":[116,1173,141,1192],"words":[{"text":"tiền","box":[116,1173,141,1192]}],"linking":[]},{"id":116,"text":"chịu","label":"","box":[148,1173,176,1192],"words":[{"text":"chịu","box":[148,1173,176,1192]}],"linking":[]},{"id":117,"text":"thuế","label":"","box":[182,1172,212,1191],"words":[{"text":"thuế","box":[182,1172,212,1191]}],"linking":[]},{"id":118,"text":"suất","label":"","box":[220,1172,248,1191],"words":[{"text":"suất","box":[220,1172,248,1191]}],"linking":[]},{"id":119,"text":":","label":"","box":[251,1172,251,1191],"words":[{"text":":","box":[251,1172,251,1191]}],"linking":[]},{"id":120,"text":"Tổng","label":"","box":[76,1198,110,1218],"words":[{"text":"Tổng","box":[76,1198,110,1218]}],"linking":[]},{"id":121,"text":"tiền","label":"","box":[116,1198,141,1217],"words":[{"text":"tiền","box":[116,1198,141,1217]}],"linking":[]},{"id":122,"text":"chịu","label":"","box":[148,1198,176,1217],"words":[{"text":"chịu","box":[148,1198,176,1217]}],"linking":[]},{"id":123,"text":"thuế","label":"","box":[182,1197,212,1217],"words":[{"text":"thuế","box":[182,1197,212,1217]}],"linking":[]},{"id":124,"text":"suất","label":"","box":[220,1197,248,1216],"words":[{"text":"suất","box":[220,1197,248,1216]}],"linking":[]},{"id":125,"text":":","label":"","box":[250,1197,250,1216],"words":[{"text":":","box":[250,1197,250,1216]}],"linking":[]},{"id":126,"text":"Tổng","label":"","box":[76,1226,111,1247],"words":[{"text":"Tổng","box":[76,1226,111,1247]}],"linking":[]},{"id":127,"text":"cộng","label":"","box":[117,1226,151,1247],"words":[{"text":"cộng","box":[117,1226,151,1247]}],"linking":[]},{"id":128,"text":"tiền","label":"","box":[158,1226,182,1247],"words":[{"text":"tiền","box":[158,1226,182,1247]}],"linking":[]},{"id":129,"text":"thanh","label":"","box":[189,1226,228,1247],"words":[{"text":"thanh","box":[189,1226,228,1247]}],"linking":[]},{"id":130,"text":"toán","label":"","box":[233,1226,262,1247],"words":[{"text":"toán","box":[233,1226,262,1247]}],"linking":[]},{"id":131,"text":":","label":"","box":[266,1226,271,1247],"words":[{"text":":","box":[266,1226,271,1247]}],"linking":[]},{"id":132,"text":"Người","label":"","box":[255,1310,298,1325],"words":[{"text":"Người","box":[255,1310,298,1325]}],"linking":[]},{"id":133,"text":"mua","label":"","box":[306,1310,335,1325],"words":[{"text":"mua","box":[306,1310,335,1325]}],"linking":[]},{"id":134,"text":"hàng","label":"","box":[342,1310,376,1325],"words":[{"text":"hàng","box":[342,1310,376,1325]}],"linking":[]},{"id":135,"text":"(","label":"","box":[384,1310,387,1325],"words":[{"text":"(","box":[384,1310,387,1325]}],"linking":[]},{"id":136,"text":"Buyer","label":"","box":[388,1310,421,1325],"words":[{"text":"Buyer","box":[388,1310,421,1325]}],"linking":[]},{"id":137,"text":")","label":"","box":[424,1310,427,1325],"words":[{"text":")","box":[424,1310,427,1325]}],"linking":[]},{"id":138,"text":"ĐƠN","label":"","box":[457,609,490,622],"words":[{"text":"ĐƠN","box":[457,609,490,622]}],"linking":[]},{"id":139,"text":"VỊ","label":"","box":[497,609,509,622],"words":[{"text":"VỊ","box":[497,609,509,622]}],"linking":[]},{"id":140,"text":"SÓ","label":"","box":[548,607,572,620],"words":[{"text":"SÓ","box":[548,607,572,620]}],"linking":[]},{"id":141,"text":"TÍNH","label":"","box":[469,629,503,643],"words":[{"text":"TÍNH","box":[469,629,503,643]}],"linking":[]},{"id":142,"text":"Unit","label":"","box":[474,657,503,667],"words":[{"text":"Unit","box":[474,657,503,667]}],"linking":[]},{"id":143,"text":"Túi","label":"","box":[475,700,497,711],"words":[{"text":"Túi","box":[475,700,497,711]}],"linking":[]},{"id":144,"text":"Bao","label":"","box":[473,739,500,750],"words":[{"text":"Bao","box":[473,739,500,750]}],"linking":[]},{"id":145,"text":"Bao","label":"","box":[473,817,500,828],"words":[{"text":"Bao","box":[473,817,500,828]}],"linking":[]},{"id":146,"text":"|","label":"","box":[528,629,529,646],"words":[{"text":"|","box":[528,629,529,646]}],"linking":[]},{"id":147,"text":"LƯỢNG","label":"","box":[533,629,586,646],"words":[{"text":"LƯỢNG","box":[533,629,586,646]}],"linking":[]},{"id":148,"text":"Quantity","label":"","box":[533,657,593,670],"words":[{"text":"Quantity","box":[533,657,593,670]}],"linking":[]},{"id":149,"text":"X","label":"","box":[516,1100,525,1108],"words":[{"text":"X","box":[516,1100,525,1108]}],"linking":[]},{"id":150,"text":"24","label":"","box":[552,701,570,711],"words":[{"text":"24","box":[552,701,570,711]}],"linking":[]},{"id":151,"text":"X","label":"","box":[515,1128,524,1136],"words":[{"text":"X","box":[515,1128,524,1136]}],"linking":[]},{"id":152,"text":"0","label":"","box":[508,1151,517,1161],"words":[{"text":"0","box":[508,1151,517,1161]}],"linking":[]},{"id":153,"text":"%","label":"","box":[518,1151,530,1161],"words":[{"text":"%","box":[518,1151,530,1161]}],"linking":[]},{"id":154,"text":"5","label":"","box":[508,1178,517,1188],"words":[{"text":"5","box":[508,1178,517,1188]}],"linking":[]},{"id":155,"text":"%","label":"","box":[517,1178,530,1188],"words":[{"text":"%","box":[517,1178,530,1188]}],"linking":[]},{"id":156,"text":"10","label":"","box":[505,1204,522,1215],"words":[{"text":"10","box":[505,1204,522,1215]}],"linking":[]},{"id":157,"text":"%","label":"","box":[523,1204,536,1215],"words":[{"text":"%","box":[523,1204,536,1215]}],"linking":[]},{"id":158,"text":"34","label":"","box":[552,739,570,749],"words":[{"text":"34","box":[552,739,570,749]}],"linking":[]},{"id":159,"text":"THUẾ","label":"","box":[475,1056,517,1071],"words":[{"text":"THUẾ","box":[475,1056,517,1071]}],"linking":[]},{"id":160,"text":"SUẤT","label":"","box":[524,1056,563,1070],"words":[{"text":"SUẤT","box":[524,1056,563,1070]}],"linking":[]},{"id":161,"text":"17","label":"","box":[553,817,569,828],"words":[{"text":"17","box":[553,817,569,828]}],"linking":[]},{"id":162,"text":")","label":"","box":[829,505,834,522],"words":[{"text":")","box":[829,505,834,522]}],"linking":[]},{"id":163,"text":"ĐƠN","label":"","box":[629,618,662,633],"words":[{"text":"ĐƠN","box":[629,618,662,633]}],"linking":[]},{"id":164,"text":"GIẢ","label":"","box":[669,618,694,632],"words":[{"text":"GIẢ","box":[669,618,694,632]}],"linking":[]},{"id":165,"text":"Price","label":"","box":[645,644,682,656],"words":[{"text":"Price","box":[645,644,682,656]}],"linking":[]},{"id":166,"text":"240,909.091","label":"","box":[628,701,717,714],"words":[{"text":"240,909.091","box":[628,701,717,714]}],"linking":[]},{"id":167,"text":"368,983.957","label":"","box":[629,737,718,751],"words":[{"text":"368,983.957","box":[629,737,718,751]}],"linking":[]},{"id":168,"text":"THÀNH","label":"","box":[745,617,795,633],"words":[{"text":"THÀNH","box":[745,617,795,633]}],"linking":[]},{"id":169,"text":"TIÊN","label":"","box":[802,617,835,632],"words":[{"text":"TIÊN","box":[802,617,835,632]}],"linking":[]},{"id":170,"text":"Total","label":"","box":[775,644,810,656],"words":[{"text":"Total","box":[775,644,810,656]}],"linking":[]},{"id":171,"text":"1/1","label":"","box":[606,1716,635,1731],"words":[{"text":"1/1","box":[606,1716,635,1731]}],"linking":[]},{"id":172,"text":"Cộng","label":"","box":[613,1021,649,1035],"words":[{"text":"Cộng","box":[613,1021,649,1035]}],"linking":[]},{"id":173,"text":"(","label":"","box":[657,1021,661,1035],"words":[{"text":"(","box":[657,1021,661,1035]}],"linking":[]},{"id":174,"text":"Sub","label":"","box":[662,1021,684,1035],"words":[{"text":"Sub","box":[662,1021,684,1035]}],"linking":[]},{"id":175,"text":"total","label":"","box":[689,1021,715,1035],"words":[{"text":"total","box":[689,1021,715,1035]}],"linking":[]},{"id":176,"text":")","label":"","box":[717,1021,718,1035],"words":[{"text":")","box":[717,1021,718,1035]}],"linking":[]},{"id":177,"text":"18,327,273","label":"","box":[764,1020,845,1033],"words":[{"text":"18,327,273","box":[764,1020,845,1033]}],"linking":[]},{"id":178,"text":"TRỊ","label":"","box":[620,1057,644,1073],"words":[{"text":"TRỊ","box":[620,1057,644,1073]}],"linking":[]},{"id":179,"text":"GIÁ","label":"","box":[652,1057,678,1073],"words":[{"text":"GIÁ","box":[652,1057,678,1073]}],"linking":[]},{"id":180,"text":"CHƯA","label":"","box":[685,1057,731,1073],"words":[{"text":"CHƯA","box":[685,1057,731,1073]}],"linking":[]},{"id":181,"text":"THUẾ","label":"","box":[737,1057,780,1073],"words":[{"text":"THUẾ","box":[737,1057,780,1073]}],"linking":[]},{"id":182,"text":"GTGT","label":"","box":[787,1057,830,1073],"words":[{"text":"GTGT","box":[787,1057,830,1073]}],"linking":[]},{"id":183,"text":"5,781,818","label":"","box":[772,700,844,714],"words":[{"text":"5,781,818","box":[772,700,844,714]}],"linking":[]},{"id":184,"text":"10","label":"","box":[874,701,891,711],"words":[{"text":"10","box":[874,701,891,711]}],"linking":[]},{"id":185,"text":"%","label":"","box":[892,701,905,711],"words":[{"text":"%","box":[892,701,905,711]}],"linking":[]},{"id":186,"text":"12,545,455","label":"","box":[764,740,845,752],"words":[{"text":"12,545,455","box":[764,740,845,752]}],"linking":[]},{"id":187,"text":"10","label":"","box":[875,739,889,750],"words":[{"text":"10","box":[875,739,889,750]}],"linking":[]},{"id":188,"text":"%","label":"","box":[891,739,903,750],"words":[{"text":"%","box":[891,739,903,750]}],"linking":[]},{"id":189,"text":"18,327,273","label":"","box":[757,1204,836,1216],"words":[{"text":"18,327,273","box":[757,1204,836,1216]}],"linking":[]},{"id":190,"text":"18,327,273","label":"","box":[756,1231,836,1244],"words":[{"text":"18,327,273","box":[756,1231,836,1244]}],"linking":[]},{"id":191,"text":"THUÊ","label":"","box":[866,594,906,609],"words":[{"text":"THUÊ","box":[866,594,906,609]}],"linking":[]},{"id":192,"text":"SUÁT","label":"","box":[868,618,908,632],"words":[{"text":"SUÁT","box":[868,618,908,632]}],"linking":[]},{"id":193,"text":"GTGT","label":"","box":[869,643,912,655],"words":[{"text":"GTGT","box":[869,643,912,655]}],"linking":[]},{"id":194,"text":"VAT","label":"","box":[862,669,890,678],"words":[{"text":"VAT","box":[862,669,890,678]}],"linking":[]},{"id":195,"text":"rate","label":"","box":[895,668,921,678],"words":[{"text":"rate","box":[895,668,921,678]}],"linking":[]},{"id":196,"text":"X","label":"","box":[886,781,896,789],"words":[{"text":"X","box":[886,781,896,789]}],"linking":[]},{"id":197,"text":"X","label":"","box":[885,820,894,828],"words":[{"text":"X","box":[885,820,894,828]}],"linking":[]},{"id":198,"text":"TIÊN","label":"","box":[944,606,976,620],"words":[{"text":"TIÊN","box":[944,606,976,620]}],"linking":[]},{"id":199,"text":"THUÊ","label":"","box":[985,606,1024,620],"words":[{"text":"THUÊ","box":[985,606,1024,620]}],"linking":[]},{"id":200,"text":"GTGT","label":"","box":[965,632,1008,643],"words":[{"text":"GTGT","box":[965,632,1008,643]}],"linking":[]},{"id":201,"text":"VAT","label":"","box":[946,656,975,668],"words":[{"text":"VAT","box":[946,656,975,668]}],"linking":[]},{"id":202,"text":"amount","label":"","box":[979,656,1031,668],"words":[{"text":"amount","box":[979,656,1031,668]}],"linking":[]},{"id":203,"text":"1,832,727","label":"","box":[967,1019,1037,1033],"words":[{"text":"1,832,727","box":[967,1019,1037,1033]}],"linking":[]},{"id":204,"text":"TIỀN","label":"","box":[883,1056,917,1071],"words":[{"text":"TIỀN","box":[883,1056,917,1071]}],"linking":[]},{"id":205,"text":"THUẾ","label":"","box":[926,1056,968,1071],"words":[{"text":"THUẾ","box":[926,1056,968,1071]}],"linking":[]},{"id":206,"text":"GTGT","label":"","box":[975,1056,1018,1072],"words":[{"text":"GTGT","box":[975,1056,1018,1072]}],"linking":[]},{"id":207,"text":"578,182","label":"","box":[980,701,1038,713],"words":[{"text":"578,182","box":[980,701,1038,713]}],"linking":[]},{"id":208,"text":"1,254,545","label":"","box":[966,739,1038,752],"words":[{"text":"1,254,545","box":[966,739,1038,752]}],"linking":[]},{"id":209,"text":"1,832,727","label":"","box":[959,1203,1028,1217],"words":[{"text":"1,832,727","box":[959,1203,1028,1217]}],"linking":[]},{"id":210,"text":"1,832,727","label":"","box":[958,1230,1029,1244],"words":[{"text":"1,832,727","box":[958,1230,1029,1244]}],"linking":[]},{"id":211,"text":"Người","label":"","box":[817,1310,861,1325],"words":[{"text":"Người","box":[817,1310,861,1325]}],"linking":[]},{"id":212,"text":"bán","label":"","box":[868,1310,893,1325],"words":[{"text":"bán","box":[868,1310,893,1325]}],"linking":[]},{"id":213,"text":"hàng","label":"","box":[900,1310,934,1325],"words":[{"text":"hàng","box":[900,1310,934,1325]}],"linking":[]},{"id":214,"text":"(","label":"","box":[942,1310,945,1325],"words":[{"text":"(","box":[942,1310,945,1325]}],"linking":[]},{"id":215,"text":"Seller","label":"","box":[946,1310,978,1325],"words":[{"text":"Seller","box":[946,1310,978,1325]}],"linking":[]},{"id":216,"text":")","label":"","box":[981,1310,984,1325],"words":[{"text":")","box":[981,1310,984,1325]}],"linking":[]},{"id":217,"text":"0000543","label":"answer","box":[1040.91,174.91,1117.91,187.91],"words":[{"text":"0000543","box":[1039,173,1116,186]}],"linking":[[262,217]]},{"id":218,"text":"THÀNH","label":"","box":[1064,606,1115,621],"words":[{"text":"THÀNH","box":[1064,606,1115,621]}],"linking":[]},{"id":219,"text":"TIÊN","label":"","box":[1123,606,1156,621],"words":[{"text":"TIÊN","box":[1123,606,1156,621]}],"linking":[]},{"id":220,"text":"SAU","label":"","box":[1074,630,1102,645],"words":[{"text":"SAU","box":[1074,630,1102,645]}],"linking":[]},{"id":221,"text":"THUẾ","label":"","box":[1109,629,1151,644],"words":[{"text":"THUẾ","box":[1109,629,1151,644]}],"linking":[]},{"id":222,"text":"Amount","label":"","box":[1086,657,1142,667],"words":[{"text":"Amount","box":[1086,657,1142,667]}],"linking":[]},{"id":223,"text":"Signature","label":"","box":[777,1357,845,1375],"words":[{"text":"Signature","box":[777,1357,845,1375]}],"linking":[]},{"id":224,"text":"Valid","label":"","box":[850,1356,890,1373],"words":[{"text":"Valid","box":[850,1356,890,1373]}],"linking":[]},{"id":225,"text":"Ký","label":"","box":[777,1378,798,1400],"words":[{"text":"Ký","box":[777,1378,798,1400]}],"linking":[]},{"id":226,"text":"bởi","label":"","box":[804,1378,826,1400],"words":[{"text":"bởi","box":[804,1378,826,1400]}],"linking":[]},{"id":227,"text":":","label":"","box":[828,1378,828,1400],"words":[{"text":":","box":[828,1378,828,1400]}],"linking":[]},{"id":228,"text":"CÔNG","label":"","box":[839,1378,888,1400],"words":[{"text":"CÔNG","box":[839,1378,888,1400]}],"linking":[]},{"id":229,"text":"TY","label":"","box":[896,1378,911,1400],"words":[{"text":"TY","box":[896,1378,911,1400]}],"linking":[]},{"id":230,"text":"CỔ","label":"","box":[923,1378,941,1400],"words":[{"text":"CỔ","box":[923,1378,941,1400]}],"linking":[]},{"id":231,"text":"PHẦN","label":"","box":[953,1378,1001,1400],"words":[{"text":"PHẦN","box":[953,1378,1001,1400]}],"linking":[]},{"id":232,"text":"THỦY","label":"","box":[1007,1378,1056,1400],"words":[{"text":"THỦY","box":[1007,1378,1056,1400]}],"linking":[]},{"id":233,"text":"|","label":"","box":[773,1404,774,1422],"words":[{"text":"|","box":[773,1404,774,1422]}],"linking":[]},{"id":234,"text":"SẢN","label":"","box":[776,1403,805,1421],"words":[{"text":"SẢN","box":[776,1403,805,1421]}],"linking":[]},{"id":235,"text":"BÌNH","label":"","box":[817,1403,861,1421],"words":[{"text":"BÌNH","box":[817,1403,861,1421]}],"linking":[]},{"id":236,"text":"MINH","label":"","box":[866,1403,914,1421],"words":[{"text":"MINH","box":[866,1403,914,1421]}],"linking":[]},{"id":237,"text":"Ngày","label":"","box":[777,1429,816,1447],"words":[{"text":"Ngày","box":[777,1429,816,1447]}],"linking":[]},{"id":238,"text":"ký","label":"","box":[821,1430,835,1446],"words":[{"text":"ký","box":[821,1430,835,1446]}],"linking":[]},{"id":239,"text":":","label":"","box":[837,1429,841,1445],"words":[{"text":":","box":[837,1429,841,1445]}],"linking":[]},{"id":240,"text":"22/03/2022","label":"","box":[848,1428,929,1446],"words":[{"text":"22/03/2022","box":[848,1428,929,1446]}],"linking":[]},{"id":241,"text":"6,360,000","label":"","box":[1096,699,1167,715],"words":[{"text":"6,360,000","box":[1096,699,1167,715]}],"linking":[]},{"id":242,"text":"13,800,000","label":"","box":[1088,739,1169,752],"words":[{"text":"13,800,000","box":[1088,739,1169,752]}],"linking":[]},{"id":243,"text":"20,160,000","label":"","box":[1087,1020,1169,1033],"words":[{"text":"20,160,000","box":[1087,1020,1169,1033]}],"linking":[]},{"id":244,"text":"GIÁ","label":"","box":[1052,1044,1077,1060],"words":[{"text":"GIÁ","box":[1052,1044,1077,1060]}],"linking":[]},{"id":245,"text":"TRỊ","label":"","box":[1084,1044,1107,1060],"words":[{"text":"TRỊ","box":[1084,1044,1107,1060]}],"linking":[]},{"id":246,"text":"THANH","label":"","box":[1115,1044,1168,1060],"words":[{"text":"THANH","box":[1115,1044,1168,1060]}],"linking":[]},{"id":247,"text":"TOÁN","label":"","box":[1090,1069,1133,1083],"words":[{"text":"TOÁN","box":[1090,1069,1133,1083]}],"linking":[]},{"id":248,"text":"20,160,000","label":"","box":[1079,1202,1160,1216],"words":[{"text":"20,160,000","box":[1079,1202,1160,1216]}],"linking":[]},{"id":249,"text":"20,160,000","label":"","box":[1080,1231,1160,1243],"words":[{"text":"20,160,000","box":[1080,1231,1160,1243]}],"linking":[]},{"id":250,"text":"Đơn vị bán hàng ( ComName ) :","label":"question","box":[68,221,277,240],"words":[{"text":"Đơn","box":[68,221,97,239]},{"text":"vị","box":[104,221,119,239]},{"text":"bán","box":[124,221,148,239]},{"text":"hàng","box":[156,221,189,239]},{"text":"(","box":[196,221,201,239]},{"text":"ComName","box":[203,221,264,240]},{"text":")","box":[267,222,271,240]},{"text":":","box":[274,222,277,240]}],"linking":[[250,251]]},{"id":251,"text":"CÔNG TY CỔ PHẦN THUỶ SẢN BÌNH MINH","label":"answer","box":[330,221,660,236],"words":[{"text":"CÔNG","box":[330,221,378,236]},{"text":"TY","box":[384,221,404,236]},{"text":"CỔ","box":[410,221,432,236]},{"text":"PHẦN","box":[440,221,483,236]},{"text":"THUỶ","box":[489,221,533,236]},{"text":"SẢN","box":[538,221,570,236]},{"text":"BÌNH","box":[578,221,614,236]},{"text":"MINH","box":[621,221,660,236]}],"linking":[[250,251]]},{"id":252,"text":"Mã số thuế ( Tax code )","label":"question","box":[70,249,221,271],"words":[{"text":"Mã","box":[70,250,92,267]},{"text":"số","box":[97,249,114,268]},{"text":"thuế","box":[118,251,149,268]},{"text":"(","box":[156,251,162,269]},{"text":"Tax","box":[162,252,183,270]},{"text":"code","box":[187,253,215,270]},{"text":")","box":[217,253,221,271]}],"linking":[[252,67]]},{"id":253,"text":"Dia chỉ ( Address ) :","label":"question","box":[71.91,283,194.91,298],"words":[{"text":"Dia","box":[70,283,94,296]},{"text":"chỉ","box":[99,283,119,297]},{"text":"(","box":[126,283,131,297]},{"text":"Address","box":[129,284,179,297]},{"text":")","box":[180,284,185,298]},{"text":":","box":[189,284,193,298]}],"linking":[[253,254]]},{"id":254,"text":"Số 86/28/1 , Phổ Quang , Phường 2 , Quận Tân Bình , TP.HCM","label":"answer","box":[331,281,770,298],"words":[{"text":"Số","box":[331,281,348,298]},{"text":"86/28/1","box":[356,281,406,298]},{"text":",","box":[411,281,412,298]},{"text":"Phổ","box":[420,281,446,298]},{"text":"Quang","box":[454,281,500,298]},{"text":",","box":[503,281,504,298]},{"text":"Phường","box":[512,281,569,298]},{"text":"2","box":[576,281,583,298]},{"text":",","box":[586,281,587,298]},{"text":"Quận","box":[595,281,632,298]},{"text":"Tân","box":[639,281,665,298]},{"text":"Bình","box":[672,281,703,298]},{"text":",","box":[706,281,707,298]},{"text":"TP.HCM","box":[710,281,770,298]}],"linking":[[253,254]]},{"id":255,"text":"Số tài khoản ( BankNo )","label":"question","box":[71,309,223,328],"words":[{"text":"Số","box":[71,309,88,325]},{"text":"tài","box":[95,309,110,325]},{"text":"khoản","box":[118,310,159,326]},{"text":"(","box":[167,311,171,327]},{"text":"BankNo","box":[172,311,216,327]},{"text":")","box":[219,312,223,328]}],"linking":[[255,68]]},{"id":256,"text":"Ngân hàng ( BankName ) :","label":"question","box":[71,338,238,357],"words":[{"text":"Ngân","box":[71,338,107,356]},{"text":"hàng","box":[115,338,148,356]},{"text":"(","box":[155,338,160,356]},{"text":"BankName","box":[162,339,224,357]},{"text":")","box":[228,339,232,357]},{"text":":","box":[235,339,238,357]}],"linking":[[256,257]]},{"id":257,"text":"NH TMCP Công Thương Việt Nam ( Vietinbank ) - CN Tây Sài Gòn , TP.HCM","label":"answer","box":[331,342,880,356],"words":[{"text":"NH","box":[331,342,351,356]},{"text":"TMCP","box":[358,342,403,356]},{"text":"Công","box":[411,342,447,356]},{"text":"Thương","box":[453,342,510,356]},{"text":"Việt","box":[517,342,544,356]},{"text":"Nam","box":[551,342,582,356]},{"text":"(","box":[590,342,593,356]},{"text":"Vietinbank","box":[596,342,667,356]},{"text":")","box":[670,342,675,356]},{"text":"-","box":[681,342,685,356]},{"text":"CN","box":[692,342,712,356]},{"text":"Tây","box":[720,342,746,356]},{"text":"Sài","box":[753,342,774,356]},{"text":"Gòn","box":[781,342,809,356]},{"text":",","box":[812,342,813,356]},{"text":"TP.HCM","box":[820,342,880,356]}],"linking":[[256,257]]},{"id":258,"text":"Mẫu số ( Fom ) :","label":"question","box":[874,91,981,111],"words":[{"text":"Mẫu","box":[874,91,905,108]},{"text":"số","box":[910,92,927,109]},{"text":"(","box":[932,92,937,109]},{"text":"Fom","box":[937,93,959,110]},{"text":")","box":[966,93,974,110]},{"text":":","box":[978,94,981,111]}],"linking":[[258,261]]},{"id":259,"text":"Ki hiệu ( Series ) .","label":"question","box":[875,132,984,149],"words":[{"text":"Ki","box":[875,132,887,146]},{"text":"hiệu","box":[895,133,924,147]},{"text":"(","box":[931,133,936,147]},{"text":"Series","box":[937,134,973,148]},{"text":")","box":[974,135,978,149]},{"text":".","box":[981,135,984,149]}],"linking":[[259,260]]},{"id":260,"text":"BM / 21E","label":"answer","box":[1039,134,1095,145],"words":[{"text":"BM","box":[1039,134,1060,145]},{"text":"/","box":[1062,134,1067,145]},{"text":"21E","box":[1067,134,1095,145]}],"linking":[[259,260]]},{"id":261,"text":"01GTKT0 / 002","label":"answer","box":[1039,95,1141,107],"words":[{"text":"01GTKT0","box":[1039,95,1108,107]},{"text":"/","box":[1109,95,1115,107]},{"text":"002","box":[1114,95,1141,107]}],"linking":[[258,261]]},{"id":262,"text":"Số ( No. ) .","label":"question","box":[875,167,939,188],"words":[{"text":"Số","box":[875,167,894,184]},{"text":"(","box":[901,168,905,185]},{"text":"No.","box":[905,170,927,186]},{"text":")","box":[928,170,932,187]},{"text":".","box":[938,171,939,188]}],"linking":[[262,217]]},{"id":263,"text":"Họ tên người mua hàng ( Buyer ) :","label":"question","box":[71,391,300,407],"words":[{"text":"Họ","box":[71,391,89,406]},{"text":"tên","box":[96,391,116,406]},{"text":"người","box":[124,391,165,406]},{"text":"mua","box":[172,391,201,406]},{"text":"hàng","box":[209,391,242,407]},{"text":"(","box":[250,392,254,407]},{"text":"Buyer","box":[255,392,289,407]},{"text":")","box":[289,392,293,407]},{"text":":","box":[297,392,300,407]}],"linking":[[263,264]]},{"id":264,"text":"PHẠM THỊ SƯƠNG","label":"answer","box":[434.91,390,576.91,405],"words":[{"text":"PHẠM","box":[433,390,476,405]},{"text":"THỊ","box":[483,390,507,404]},{"text":"SƯƠNG","box":[515,390,575,404]}],"linking":[[263,264]]},{"id":265,"text":"Tên đơn vị ( CusName ) -","label":"question","box":[70,419,229,436],"words":[{"text":"Tên","box":[70,419,96,434]},{"text":"đơn","box":[103,420,130,434]},{"text":"vị","box":[136,420,146,435]},{"text":"(","box":[154,420,158,435]},{"text":"CusName","box":[161,421,218,436]},{"text":")","box":[220,421,222,436]},{"text":"-","box":[228,421,229,436]}],"linking":[]},{"id":266,"text":"Mã số thuế ( Tax code ) .","label":"question","box":[71,444,228,465],"words":[{"text":"Mã","box":[71,444,92,462]},{"text":"số","box":[98,444,114,462]},{"text":"thuế","box":[119,445,150,463]},{"text":"(","box":[157,445,162,463]},{"text":"Tax","box":[163,446,183,464]},{"text":"code","box":[188,447,215,465]},{"text":")","box":[218,447,221,465]},{"text":".","box":[227,447,228,465]}],"linking":[]},{"id":267,"text":"Địa chỉ ( Address )","label":"question","box":[70,474,183,492],"words":[{"text":"Địa","box":[70,474,93,491]},{"text":"chỉ","box":[100,474,121,491]},{"text":"(","box":[125,474,130,491]},{"text":"Address","box":[131,475,179,492]},{"text":")","box":[181,475,183,492]}],"linking":[[267,268]]},{"id":268,"text":"Đa Ngư , Hòa Hiệp Nam , Đông Hòa , Phú Yên","label":"answer","box":[432,475,758,492],"words":[{"text":"Đa","box":[432,476,450,492]},{"text":"Ngư","box":[457,476,486,491]},{"text":",","box":[489,476,490,491]},{"text":"Hòa","box":[498,476,525,491]},{"text":"Hiệp","box":[533,476,564,491]},{"text":"Nam","box":[572,476,602,491]},{"text":",","box":[606,476,607,491]},{"text":"Đông","box":[614,476,651,491]},{"text":"Hòa","box":[659,476,686,491]},{"text":",","box":[689,476,690,491]},{"text":"Phú","box":[698,475,724,491]},{"text":"Yên","box":[731,475,758,490]}],"linking":[[267,268]]},{"id":269,"text":"Hình thức thanh toán ( Method of payment ) :","label":"question","box":[71,503,361,522],"words":[{"text":"Hình","box":[71,503,103,520]},{"text":"thức","box":[109,503,141,520]},{"text":"thanh","box":[147,503,186,520]},{"text":"toán","box":[192,503,222,521]},{"text":"(","box":[230,504,234,521]},{"text":"Method","box":[235,504,279,521]},{"text":"of","box":[286,504,293,521]},{"text":"payment","box":[297,504,349,522]},{"text":")","box":[351,505,353,522]},{"text":":","box":[360,505,361,522]}],"linking":[[269,270]]},{"id":270,"text":"Chuyển khoản / Tiền mặt","label":"answer","box":[433,503,605,520],"words":[{"text":"Chuyển","box":[433,503,486,520]},{"text":"khoản","box":[494,503,533,520]},{"text":"/","box":[537,503,542,520]},{"text":"Tiền","box":[544,503,572,520]},{"text":"mặt","box":[580,503,605,520]}],"linking":[[269,270]]},{"id":271,"text":"Số tài khoản ( A / C No","label":"question","box":[684,502,828,522],"words":[{"text":"Số","box":[684,502,703,518]},{"text":"tài","box":[708,502,725,519]},{"text":"khoản","box":[731,503,775,519]},{"text":"(","box":[781,504,785,521]},{"text":"A","box":[786,504,791,521]},{"text":"/","box":[793,504,799,521]},{"text":"C","box":[801,504,808,521]},{"text":"No","box":[812,505,828,522]}],"linking":[]},{"id":272,"text":"Ngân hàng ( Bank Name )","label":"question","box":[71,533,236,551],"words":[{"text":"Ngân","box":[71,533,107,551]},{"text":"hàng","box":[115,533,148,551]},{"text":"(","box":[154,533,159,551]},{"text":"Bank","box":[162,533,190,551]},{"text":"Name","box":[192,533,230,551]},{"text":")","box":[233,533,236,551]}],"linking":[]},{"id":273,"text":"Số tiền viết bằng chữ ( Total amount in words )","label":"question","box":[77,1261,378,1280],"words":[{"text":"Số","box":[77,1261,94,1278]},{"text":"tiền","box":[99,1261,123,1278]},{"text":"viết","box":[131,1261,155,1278]},{"text":"bằng","box":[162,1261,196,1279]},{"text":"chữ","box":[203,1262,229,1279]},{"text":"(","box":[236,1262,240,1279]},{"text":"Total","box":[243,1262,270,1279]},{"text":"amount","box":[275,1262,319,1280]},{"text":"in","box":[324,1263,333,1280]},{"text":"words","box":[339,1263,372,1280]},{"text":")","box":[375,1263,378,1280]}],"linking":[[273,274]]},{"id":274,"text":"Hai mươi triệu một trăm sáu mươi nghìn đồng chẵn","label":"answer","box":[455,1262,827,1279],"words":[{"text":"Hai","box":[455,1262,477,1279]},{"text":"mươi","box":[484,1262,520,1279]},{"text":"triệu","box":[527,1262,556,1279]},{"text":"một","box":[564,1262,589,1279]},{"text":"trăm","box":[595,1262,625,1279]},{"text":"sáu","box":[633,1262,657,1279]},{"text":"mươi","box":[664,1262,701,1279]},{"text":"nghìn","box":[708,1262,746,1279]},{"text":"đồng","box":[753,1262,787,1279]},{"text":"chẵn","box":[795,1262,827,1279]}],"linking":[[273,274]]}]