[{"id":0,"text":"STT","label":"","box":[62,621,90,632],"words":[{"text":"STT","box":[62,621,90,632]}],"linking":[]},{"id":1,"text":"No.","label":"","box":[64,645,88,655],"words":[{"text":"No.","box":[64,645,88,655]}],"linking":[]},{"id":2,"text":"1","label":"","box":[72,700,79,712],"words":[{"text":"1","box":[72,700,79,712]}],"linking":[]},{"id":3,"text":"Đơn","label":"","box":[173,56,197,71],"words":[{"text":"Đơn","box":[173,56,197,71]}],"linking":[]},{"id":4,"text":"vị","label":"","box":[203,56,211,71],"words":[{"text":"vị","box":[203,56,211,71]}],"linking":[]},{"id":5,"text":"hỗ","label":"","box":[215,56,229,71],"words":[{"text":"hỗ","box":[215,56,229,71]}],"linking":[]},{"id":6,"text":"trợ","label":"","box":[234,56,250,71],"words":[{"text":"trợ","box":[234,56,250,71]}],"linking":[]},{"id":7,"text":"cung","label":"","box":[254,56,282,71],"words":[{"text":"cung","box":[254,56,282,71]}],"linking":[]},{"id":8,"text":"cấp","label":"","box":[287,56,307,71],"words":[{"text":"cấp","box":[287,56,307,71]}],"linking":[]},{"id":9,"text":"công","label":"","box":[312,56,339,71],"words":[{"text":"công","box":[312,56,339,71]}],"linking":[]},{"id":10,"text":"cụ","label":"","box":[344,56,357,71],"words":[{"text":"cụ","box":[344,56,357,71]}],"linking":[]},{"id":11,"text":"phát","label":"","box":[361,56,387,71],"words":[{"text":"phát","box":[361,56,387,71]}],"linking":[]},{"id":12,"text":"hành","label":"","box":[392,56,420,71],"words":[{"text":"hành","box":[392,56,420,71]}],"linking":[]},{"id":13,"text":"hóa","label":"","box":[425,56,446,71],"words":[{"text":"hóa","box":[425,56,446,71]}],"linking":[]},{"id":14,"text":"đơn","label":"","box":[451,56,473,71],"words":[{"text":"đơn","box":[451,56,473,71]}],"linking":[]},{"id":15,"text":"điện","label":"","box":[478,56,502,71],"words":[{"text":"điện","box":[478,56,502,71]}],"linking":[]},{"id":16,"text":"tử","label":"","box":[507,56,514,71],"words":[{"text":"tử","box":[507,56,514,71]}],"linking":[]},{"id":17,"text":":","label":"","box":[518,56,521,71],"words":[{"text":":","box":[518,56,521,71]}],"linking":[]},{"id":18,"text":"Công","label":"","box":[527,56,557,71],"words":[{"text":"Công","box":[527,56,557,71]}],"linking":[]},{"id":19,"text":"ty","label":"","box":[562,56,572,71],"words":[{"text":"ty","box":[562,56,572,71]}],"linking":[]},{"id":20,"text":"Cổ","label":"","box":[576,56,592,71],"words":[{"text":"Cổ","box":[576,56,592,71]}],"linking":[]},{"id":21,"text":"phần","label":"","box":[596,56,625,71],"words":[{"text":"phần","box":[596,56,625,71]}],"linking":[]},{"id":22,"text":"Định","label":"","box":[630,56,656,71],"words":[{"text":"Định","box":[630,56,656,71]}],"linking":[]},{"id":23,"text":"Gia","label":"","box":[661,56,680,71],"words":[{"text":"Gia","box":[661,56,680,71]}],"linking":[]},{"id":24,"text":"Nét","label":"","box":[686,56,706,71],"words":[{"text":"Nét","box":[686,56,706,71]}],"linking":[]},{"id":25,"text":"-","label":"","box":[710,56,713,71],"words":[{"text":"-","box":[710,56,713,71]}],"linking":[]},{"id":26,"text":"DigiNet","label":"","box":[718,56,761,71],"words":[{"text":"DigiNet","box":[718,56,761,71]}],"linking":[]},{"id":27,"text":"Corp","label":"","box":[765,56,791,71],"words":[{"text":"Corp","box":[765,56,791,71]}],"linking":[]},{"id":28,"text":",","label":"","box":[793,56,795,71],"words":[{"text":",","box":[793,56,795,71]}],"linking":[]},{"id":29,"text":"MST","label":"","box":[801,56,825,71],"words":[{"text":"MST","box":[801,56,825,71]}],"linking":[]},{"id":30,"text":":","label":"","box":[828,56,832,71],"words":[{"text":":","box":[828,56,832,71]}],"linking":[]},{"id":31,"text":"0303359278","label":"","box":[837,56,907,71],"words":[{"text":"0303359278","box":[837,56,907,71]}],"linking":[]},{"id":32,"text":",","label":"","box":[910,56,912,71],"words":[{"text":",","box":[910,56,912,71]}],"linking":[]},{"id":33,"text":"Điện","label":"","box":[918,56,944,71],"words":[{"text":"Điện","box":[918,56,944,71]}],"linking":[]},{"id":34,"text":"thoại","label":"","box":[949,56,977,71],"words":[{"text":"thoại","box":[949,56,977,71]}],"linking":[]},{"id":35,"text":":","label":"","box":[979,56,980,71],"words":[{"text":":","box":[979,56,980,71]}],"linking":[]},{"id":36,"text":"028","label":"","box":[985,56,1006,71],"words":[{"text":"028","box":[985,56,1006,71]}],"linking":[]},{"id":37,"text":"35123878","label":"","box":[1011,56,1069,71],"words":[{"text":"35123878","box":[1011,56,1069,71]}],"linking":[]},{"id":38,"text":"HÓA","label":"","box":[389,94,453,128],"words":[{"text":"HÓA","box":[389,94,453,128]}],"linking":[]},{"id":39,"text":"ĐƠN","label":"","box":[462,94,532,128],"words":[{"text":"ĐƠN","box":[462,94,532,128]}],"linking":[]},{"id":40,"text":"GIÁ","label":"","box":[545,94,597,128],"words":[{"text":"GIÁ","box":[545,94,597,128]}],"linking":[]},{"id":41,"text":"TRỊ","label":"","box":[606,94,654,128],"words":[{"text":"TRỊ","box":[606,94,654,128]}],"linking":[]},{"id":42,"text":"GIA","label":"","box":[666,94,718,128],"words":[{"text":"GIA","box":[666,94,718,128]}],"linking":[]},{"id":43,"text":"TĂNG","label":"","box":[728,94,811,128],"words":[{"text":"TĂNG","box":[728,94,811,128]}],"linking":[]},{"id":44,"text":"VAT","label":"","box":[522,144,572,162],"words":[{"text":"VAT","box":[522,144,572,162]}],"linking":[]},{"id":45,"text":"INVOICE","label":"","box":[578,144,681,162],"words":[{"text":"INVOICE","box":[578,144,681,162]}],"linking":[]},{"id":46,"text":"Ngày","label":"","box":[431,178,466,194],"words":[{"text":"Ngày","box":[431,178,466,194]}],"linking":[]},{"id":47,"text":"(","label":"","box":[473,178,476,193],"words":[{"text":"(","box":[473,178,476,193]}],"linking":[]},{"id":48,"text":"Date","label":"","box":[477,178,503,193],"words":[{"text":"Date","box":[477,178,503,193]}],"linking":[]},{"id":49,"text":")","label":"","box":[506,178,509,193],"words":[{"text":")","box":[506,178,509,193]}],"linking":[]},{"id":50,"text":"15","label":"","box":[515,178,531,193],"words":[{"text":"15","box":[515,178,531,193]}],"linking":[]},{"id":51,"text":"tháng","label":"","box":[537,178,576,193],"words":[{"text":"tháng","box":[537,178,576,193]}],"linking":[]},{"id":52,"text":"(","label":"","box":[584,178,587,193],"words":[{"text":"(","box":[584,178,587,193]}],"linking":[]},{"id":53,"text":"month","label":"","box":[586,178,623,193],"words":[{"text":"month","box":[586,178,623,193]}],"linking":[]},{"id":54,"text":")","label":"","box":[626,178,629,193],"words":[{"text":")","box":[626,178,629,193]}],"linking":[]},{"id":55,"text":"03","label":"","box":[635,178,652,193],"words":[{"text":"03","box":[635,178,652,193]}],"linking":[]},{"id":56,"text":"năm","label":"","box":[658,178,687,193],"words":[{"text":"năm","box":[658,178,687,193]}],"linking":[]},{"id":57,"text":"(","label":"","box":[695,177,699,192],"words":[{"text":"(","box":[695,177,699,192]}],"linking":[]},{"id":58,"text":"year","label":"","box":[699,177,723,192],"words":[{"text":"year","box":[699,177,723,192]}],"linking":[]},{"id":59,"text":")","label":"","box":[726,177,729,192],"words":[{"text":")","box":[726,177,729,192]}],"linking":[]},{"id":60,"text":"2022","label":"","box":[734,177,768,192],"words":[{"text":"2022","box":[734,177,768,192]}],"linking":[]},{"id":61,"text":"2","label":"","box":[70,739,81,750],"words":[{"text":"2","box":[70,739,81,750]}],"linking":[]},{"id":62,"text":"BINH","label":"","box":[161,172,189,185],"words":[{"text":"BINH","box":[161,172,189,185]}],"linking":[]},{"id":63,"text":"MINH","label":"","box":[196,172,229,184],"words":[{"text":"MINH","box":[196,172,229,184]}],"linking":[]},{"id":64,"text":"3","label":"","box":[71,778,80,790],"words":[{"text":"3","box":[71,778,80,790]}],"linking":[]},{"id":65,"text":"0303880297","label":"answer","box":[330,254,419,265],"words":[{"text":"0303880297","box":[330,254,419,265]}],"linking":[[263,65]]},{"id":66,"text":"112002622316","label":"answer","box":[331,311,439,323],"words":[{"text":"112002622316","box":[331,311,439,323]}],"linking":[[266,66]]},{"id":67,"text":"TÊN","label":"","box":[172,617,202,633],"words":[{"text":"TÊN","box":[172,617,202,633]}],"linking":[]},{"id":68,"text":"HÀNG","label":"","box":[208,617,252,633],"words":[{"text":"HÀNG","box":[208,617,252,633]}],"linking":[]},{"id":69,"text":"HÓA","label":"","box":[259,617,286,634],"words":[{"text":"HÓA","box":[259,617,286,634]}],"linking":[]},{"id":70,"text":",","label":"","box":[289,618,292,634],"words":[{"text":",","box":[289,618,292,634]}],"linking":[]},{"id":71,"text":"DỊCH","label":"","box":[301,618,337,634],"words":[{"text":"DỊCH","box":[301,618,337,634]}],"linking":[]},{"id":72,"text":"VỤ","label":"","box":[343,618,362,634],"words":[{"text":"VỤ","box":[343,618,362,634]}],"linking":[]},{"id":73,"text":"Description","label":"","box":[230,645,308,658],"words":[{"text":"Description","box":[230,645,308,658]}],"linking":[]},{"id":74,"text":"AQUA","label":"","box":[103,700,147,712],"words":[{"text":"AQUA","box":[103,700,147,712]}],"linking":[]},{"id":75,"text":"OMNICIDE","label":"","box":[154,700,233,712],"words":[{"text":"OMNICIDE","box":[154,700,233,712]}],"linking":[]},{"id":76,"text":"1LIT","label":"","box":[241,700,271,712],"words":[{"text":"1LIT","box":[241,700,271,712]}],"linking":[]},{"id":77,"text":"Hàng","label":"","box":[104,735,139,755],"words":[{"text":"Hàng","box":[104,735,139,755]}],"linking":[]},{"id":78,"text":"khuyến","label":"","box":[146,734,196,754],"words":[{"text":"khuyến","box":[146,734,196,754]}],"linking":[]},{"id":79,"text":"mại","label":"","box":[204,734,228,753],"words":[{"text":"mại","box":[204,734,228,753]}],"linking":[]},{"id":80,"text":"không","label":"","box":[235,734,276,753],"words":[{"text":"không","box":[235,734,276,753]}],"linking":[]},{"id":81,"text":"tinh","label":"","box":[283,733,308,753],"words":[{"text":"tinh","box":[283,733,308,753]}],"linking":[]},{"id":82,"text":"tiền","label":"","box":[315,733,336,752],"words":[{"text":"tiền","box":[315,733,336,752]}],"linking":[]},{"id":83,"text":":","label":"","box":[340,733,342,752],"words":[{"text":":","box":[340,733,342,752]}],"linking":[]},{"id":84,"text":"AQUA","label":"","box":[102,777,148,789],"words":[{"text":"AQUA","box":[102,777,148,789]}],"linking":[]},{"id":85,"text":"OMNICIDE","label":"","box":[154,777,233,789],"words":[{"text":"OMNICIDE","box":[154,777,233,789]}],"linking":[]},{"id":86,"text":"1LIT","label":"","box":[241,777,272,789],"words":[{"text":"1LIT","box":[241,777,272,789]}],"linking":[]},{"id":87,"text":"TỔNG","label":"","box":[206,1052,251,1067],"words":[{"text":"TỔNG","box":[206,1052,251,1067]}],"linking":[]},{"id":88,"text":"HỢP","label":"","box":[259,1053,294,1069],"words":[{"text":"HỢP","box":[259,1053,294,1069]}],"linking":[]},{"id":89,"text":"Tổng","label":"","box":[76,1091,111,1108],"words":[{"text":"Tổng","box":[76,1091,111,1108]}],"linking":[]},{"id":90,"text":"tiền","label":"","box":[117,1091,142,1108],"words":[{"text":"tiền","box":[117,1091,142,1108]}],"linking":[]},{"id":91,"text":"không","label":"","box":[150,1091,191,1108],"words":[{"text":"không","box":[150,1091,191,1108]}],"linking":[]},{"id":92,"text":"kê","label":"","box":[199,1091,213,1108],"words":[{"text":"kê","box":[199,1091,213,1108]}],"linking":[]},{"id":93,"text":"khai","label":"","box":[221,1091,248,1108],"words":[{"text":"khai","box":[221,1091,248,1108]}],"linking":[]},{"id":94,"text":"và","label":"","box":[254,1091,270,1108],"words":[{"text":"và","box":[254,1091,270,1108]}],"linking":[]},{"id":95,"text":"nộp","label":"","box":[277,1091,302,1108],"words":[{"text":"nộp","box":[277,1091,302,1108]}],"linking":[]},{"id":96,"text":"thuế","label":"","box":[308,1091,338,1108],"words":[{"text":"thuế","box":[308,1091,338,1108]}],"linking":[]},{"id":97,"text":":","label":"","box":[341,1091,341,1108],"words":[{"text":":","box":[341,1091,341,1108]}],"linking":[]},{"id":98,"text":"Tổng","label":"","box":[77,1114,109,1134],"words":[{"text":"Tổng","box":[77,1114,109,1134]}],"linking":[]},{"id":99,"text":"tiền","label":"","box":[117,1114,139,1134],"words":[{"text":"tiền","box":[117,1114,139,1134]}],"linking":[]},{"id":100,"text":"không","label":"","box":[146,1114,190,1134],"words":[{"text":"không","box":[146,1114,190,1134]}],"linking":[]},{"id":101,"text":"chịu","label":"","box":[198,1114,222,1134],"words":[{"text":"chịu","box":[198,1114,222,1134]}],"linking":[]},{"id":102,"text":"thuế","label":"","box":[231,1114,261,1134],"words":[{"text":"thuế","box":[231,1114,261,1134]}],"linking":[]},{"id":103,"text":"GTGT","label":"","box":[269,1114,311,1134],"words":[{"text":"GTGT","box":[269,1114,311,1134]}],"linking":[]},{"id":104,"text":":","label":"","box":[314,1114,317,1134],"words":[{"text":":","box":[314,1114,317,1134]}],"linking":[]},{"id":105,"text":"Tổng","label":"","box":[76,1142,110,1163],"words":[{"text":"Tổng","box":[76,1142,110,1163]}],"linking":[]},{"id":106,"text":"tiền","label":"","box":[116,1142,141,1162],"words":[{"text":"tiền","box":[116,1142,141,1162]}],"linking":[]},{"id":107,"text":"chịu","label":"","box":[148,1142,176,1162],"words":[{"text":"chịu","box":[148,1142,176,1162]}],"linking":[]},{"id":108,"text":"thuế","label":"","box":[182,1142,212,1162],"words":[{"text":"thuế","box":[182,1142,212,1162]}],"linking":[]},{"id":109,"text":"suất","label":"","box":[220,1142,249,1162],"words":[{"text":"suất","box":[220,1142,249,1162]}],"linking":[]},{"id":110,"text":"Tổng","label":"","box":[76,1169,110,1189],"words":[{"text":"Tổng","box":[76,1169,110,1189]}],"linking":[]},{"id":111,"text":"tiền","label":"","box":[116,1169,141,1188],"words":[{"text":"tiền","box":[116,1169,141,1188]}],"linking":[]},{"id":112,"text":"chịu","label":"","box":[148,1169,176,1188],"words":[{"text":"chịu","box":[148,1169,176,1188]}],"linking":[]},{"id":113,"text":"thuế","label":"","box":[182,1168,212,1187],"words":[{"text":"thuế","box":[182,1168,212,1187]}],"linking":[]},{"id":114,"text":"suất","label":"","box":[220,1168,248,1187],"words":[{"text":"suất","box":[220,1168,248,1187]}],"linking":[]},{"id":115,"text":":","label":"","box":[250,1168,250,1187],"words":[{"text":":","box":[250,1168,250,1187]}],"linking":[]},{"id":116,"text":"Tổng","label":"","box":[76,1197,111,1214],"words":[{"text":"Tổng","box":[76,1197,111,1214]}],"linking":[]},{"id":117,"text":"tiền","label":"","box":[117,1197,142,1214],"words":[{"text":"tiền","box":[117,1197,142,1214]}],"linking":[]},{"id":118,"text":"chịu","label":"","box":[150,1197,177,1214],"words":[{"text":"chịu","box":[150,1197,177,1214]}],"linking":[]},{"id":119,"text":"thuế","label":"","box":[183,1197,213,1214],"words":[{"text":"thuế","box":[183,1197,213,1214]}],"linking":[]},{"id":120,"text":"suất","label":"","box":[221,1197,249,1214],"words":[{"text":"suất","box":[221,1197,249,1214]}],"linking":[]},{"id":121,"text":":","label":"","box":[252,1197,253,1214],"words":[{"text":":","box":[252,1197,253,1214]}],"linking":[]},{"id":122,"text":"Tổng","label":"","box":[76,1224,111,1241],"words":[{"text":"Tổng","box":[76,1224,111,1241]}],"linking":[]},{"id":123,"text":"cộng","label":"","box":[118,1224,151,1241],"words":[{"text":"cộng","box":[118,1224,151,1241]}],"linking":[]},{"id":124,"text":"tiền","label":"","box":[158,1224,182,1241],"words":[{"text":"tiền","box":[158,1224,182,1241]}],"linking":[]},{"id":125,"text":"thanh","label":"","box":[189,1224,228,1241],"words":[{"text":"thanh","box":[189,1224,228,1241]}],"linking":[]},{"id":126,"text":"toán","label":"","box":[234,1224,264,1241],"words":[{"text":"toán","box":[234,1224,264,1241]}],"linking":[]},{"id":127,"text":":","label":"","box":[267,1224,267,1241],"words":[{"text":":","box":[267,1224,267,1241]}],"linking":[]},{"id":128,"text":"Số","label":"","box":[77,1257,94,1275],"words":[{"text":"Số","box":[77,1257,94,1275]}],"linking":[]},{"id":129,"text":"tiền","label":"","box":[99,1257,124,1275],"words":[{"text":"tiền","box":[99,1257,124,1275]}],"linking":[]},{"id":130,"text":"viết","label":"","box":[131,1257,156,1275],"words":[{"text":"viết","box":[131,1257,156,1275]}],"linking":[]},{"id":131,"text":"bằng","label":"","box":[162,1258,196,1276],"words":[{"text":"bằng","box":[162,1258,196,1276]}],"linking":[]},{"id":132,"text":"chữ","label":"","box":[202,1258,230,1276],"words":[{"text":"chữ","box":[202,1258,230,1276]}],"linking":[]},{"id":133,"text":"(","label":"","box":[236,1259,240,1277],"words":[{"text":"(","box":[236,1259,240,1277]}],"linking":[]},{"id":134,"text":"Total","label":"","box":[241,1259,270,1277],"words":[{"text":"Total","box":[241,1259,270,1277]}],"linking":[]},{"id":135,"text":"amount","label":"","box":[275,1260,319,1277],"words":[{"text":"amount","box":[275,1260,319,1277]}],"linking":[]},{"id":136,"text":"in","label":"","box":[324,1260,333,1278],"words":[{"text":"in","box":[324,1260,333,1278]}],"linking":[]},{"id":137,"text":"words","label":"","box":[339,1260,372,1278],"words":[{"text":"words","box":[339,1260,372,1278]}],"linking":[]},{"id":138,"text":")","label":"","box":[375,1260,378,1278],"words":[{"text":")","box":[375,1260,378,1278]}],"linking":[]},{"id":139,"text":"Người","label":"","box":[255,1305,299,1320],"words":[{"text":"Người","box":[255,1305,299,1320]}],"linking":[]},{"id":140,"text":"mua","label":"","box":[306,1305,336,1320],"words":[{"text":"mua","box":[306,1305,336,1320]}],"linking":[]},{"id":141,"text":"hàng","label":"","box":[342,1305,376,1320],"words":[{"text":"hàng","box":[342,1305,376,1320]}],"linking":[]},{"id":142,"text":"(","label":"","box":[384,1305,388,1320],"words":[{"text":"(","box":[384,1305,388,1320]}],"linking":[]},{"id":143,"text":"Buyer","label":"","box":[389,1305,421,1320],"words":[{"text":"Buyer","box":[389,1305,421,1320]}],"linking":[]},{"id":144,"text":")","label":"","box":[424,1305,427,1320],"words":[{"text":")","box":[424,1305,427,1320]}],"linking":[]},{"id":145,"text":"ĐƠN","label":"","box":[454,609,488,621],"words":[{"text":"ĐƠN","box":[454,609,488,621]}],"linking":[]},{"id":146,"text":"VỊ","label":"","box":[495,608,507,621],"words":[{"text":"VỊ","box":[495,608,507,621]}],"linking":[]},{"id":147,"text":"SÓ","label":"","box":[546,607,567,620],"words":[{"text":"SÓ","box":[546,607,567,620]}],"linking":[]},{"id":148,"text":"ΤΙΝΗ","label":"","box":[466,628,499,643],"words":[{"text":"ΤΙΝΗ","box":[466,628,499,643]}],"linking":[]},{"id":149,"text":"Unit","label":"","box":[471,657,500,667],"words":[{"text":"Unit","box":[471,657,500,667]}],"linking":[]},{"id":150,"text":"Can","label":"","box":[469,700,498,711],"words":[{"text":"Can","box":[469,700,498,711]}],"linking":[]},{"id":151,"text":"Can","label":"","box":[469,777,497,788],"words":[{"text":"Can","box":[469,777,497,788]}],"linking":[]},{"id":152,"text":"|","label":"","box":[525,630,526,645],"words":[{"text":"|","box":[525,630,526,645]}],"linking":[]},{"id":153,"text":"LƯỢNG","label":"","box":[528,628,584,645],"words":[{"text":"LƯỢNG","box":[528,628,584,645]}],"linking":[]},{"id":154,"text":"Quantity","label":"","box":[531,657,589,670],"words":[{"text":"Quantity","box":[531,657,589,670]}],"linking":[]},{"id":155,"text":"200","label":"","box":[544,701,572,711],"words":[{"text":"200","box":[544,701,572,711]}],"linking":[]},{"id":156,"text":"X","label":"","box":[513,1123,521,1131],"words":[{"text":"X","box":[513,1123,521,1131]}],"linking":[]},{"id":157,"text":"0","label":"","box":[505,1146,515,1158],"words":[{"text":"0","box":[505,1146,515,1158]}],"linking":[]},{"id":158,"text":"%","label":"","box":[514,1146,527,1158],"words":[{"text":"%","box":[514,1146,527,1158]}],"linking":[]},{"id":159,"text":"5","label":"","box":[505,1174,514,1184],"words":[{"text":"5","box":[505,1174,514,1184]}],"linking":[]},{"id":160,"text":"%","label":"","box":[513,1174,526,1184],"words":[{"text":"%","box":[513,1174,526,1184]}],"linking":[]},{"id":161,"text":"10","label":"","box":[502,1200,518,1211],"words":[{"text":"10","box":[502,1200,518,1211]}],"linking":[]},{"id":162,"text":"%","label":"","box":[519,1200,532,1211],"words":[{"text":"%","box":[519,1200,532,1211]}],"linking":[]},{"id":163,"text":"100","label":"","box":[546,778,571,789],"words":[{"text":"100","box":[546,778,571,789]}],"linking":[]},{"id":164,"text":"THUÊ","label":"","box":[472,1050,513,1067],"words":[{"text":"THUÊ","box":[472,1050,513,1067]}],"linking":[]},{"id":165,"text":"SUẤT","label":"","box":[521,1049,560,1066],"words":[{"text":"SUẤT","box":[521,1049,560,1066]}],"linking":[]},{"id":166,"text":"THUÊ","label":"","box":[866,594,906,608],"words":[{"text":"THUÊ","box":[866,594,906,608]}],"linking":[]},{"id":167,"text":"SUÁT","label":"","box":[866,618,906,631],"words":[{"text":"SUÁT","box":[866,618,906,631]}],"linking":[]},{"id":168,"text":"GTGT","label":"","box":[867,643,911,655],"words":[{"text":"GTGT","box":[867,643,911,655]}],"linking":[]},{"id":169,"text":"VAT","label":"","box":[859,668,888,679],"words":[{"text":"VAT","box":[859,668,888,679]}],"linking":[]},{"id":170,"text":"rate","label":"","box":[894,668,919,679],"words":[{"text":"rate","box":[894,668,919,679]}],"linking":[]},{"id":171,"text":"523,809.524","label":"","box":[623,701,713,714],"words":[{"text":"523,809.524","box":[623,701,713,714]}],"linking":[]},{"id":172,"text":"104,761,905","label":"","box":[756,698,845,714],"words":[{"text":"104,761,905","box":[756,698,845,714]}],"linking":[]},{"id":173,"text":"5","label":"","box":[876,701,885,711],"words":[{"text":"5","box":[876,701,885,711]}],"linking":[]},{"id":174,"text":"%","label":"","box":[885,701,897,711],"words":[{"text":"%","box":[885,701,897,711]}],"linking":[]},{"id":175,"text":"ĐƠN","label":"","box":[625,618,658,634],"words":[{"text":"ĐƠN","box":[625,618,658,634]}],"linking":[]},{"id":176,"text":"GIÁ","label":"","box":[664,617,691,633],"words":[{"text":"GIÁ","box":[664,617,691,633]}],"linking":[]},{"id":177,"text":"Price","label":"","box":[642,645,677,656],"words":[{"text":"Price","box":[642,645,677,656]}],"linking":[]},{"id":178,"text":"Cộng","label":"","box":[609,1014,645,1032],"words":[{"text":"Cộng","box":[609,1014,645,1032]}],"linking":[]},{"id":179,"text":"(","label":"","box":[653,1014,656,1032],"words":[{"text":"(","box":[653,1014,656,1032]}],"linking":[]},{"id":180,"text":"Sub","label":"","box":[657,1014,680,1032],"words":[{"text":"Sub","box":[657,1014,680,1032]}],"linking":[]},{"id":181,"text":"total","label":"","box":[685,1014,710,1033],"words":[{"text":"total","box":[685,1014,710,1033]}],"linking":[]},{"id":182,"text":")","label":"","box":[713,1015,714,1033],"words":[{"text":")","box":[713,1015,714,1033]}],"linking":[]},{"id":183,"text":":","label":"","box":[717,1015,721,1033],"words":[{"text":":","box":[717,1015,721,1033]}],"linking":[]},{"id":184,"text":"104,761,905","label":"","box":[756,1016,846,1029],"words":[{"text":"104,761,905","box":[756,1016,846,1029]}],"linking":[]},{"id":185,"text":"TRỊ","label":"","box":[618,1052,642,1068],"words":[{"text":"TRỊ","box":[618,1052,642,1068]}],"linking":[]},{"id":186,"text":"GIÁ","label":"","box":[650,1052,677,1068],"words":[{"text":"GIÁ","box":[650,1052,677,1068]}],"linking":[]},{"id":187,"text":"CHƯA","label":"","box":[683,1052,730,1068],"words":[{"text":"CHƯA","box":[683,1052,730,1068]}],"linking":[]},{"id":188,"text":"THUẾ","label":"","box":[735,1052,778,1068],"words":[{"text":"THUẾ","box":[735,1052,778,1068]}],"linking":[]},{"id":189,"text":"GTGT","label":"","box":[786,1052,828,1068],"words":[{"text":"GTGT","box":[786,1052,828,1068]}],"linking":[]},{"id":190,"text":"Một","label":"","box":[452,1258,476,1276],"words":[{"text":"Một","box":[452,1258,476,1276]}],"linking":[]},{"id":191,"text":"trăm","label":"","box":[482,1258,512,1275],"words":[{"text":"trăm","box":[482,1258,512,1275]}],"linking":[]},{"id":192,"text":"mười","label":"","box":[520,1258,557,1275],"words":[{"text":"mười","box":[520,1258,557,1275]}],"linking":[]},{"id":193,"text":"triệu","label":"","box":[563,1258,593,1275],"words":[{"text":"triệu","box":[563,1258,593,1275]}],"linking":[]},{"id":194,"text":"đồng","label":"","box":[599,1257,634,1274],"words":[{"text":"đồng","box":[599,1257,634,1274]}],"linking":[]},{"id":195,"text":"chẵn","label":"","box":[640,1257,674,1274],"words":[{"text":"chẵn","box":[640,1257,674,1274]}],"linking":[]},{"id":196,"text":"THÀNH","label":"","box":[744,618,794,632],"words":[{"text":"THÀNH","box":[744,618,794,632]}],"linking":[]},{"id":197,"text":"TIỀN","label":"","box":[801,618,834,632],"words":[{"text":"TIỀN","box":[801,618,834,632]}],"linking":[]},{"id":198,"text":"Total","label":"","box":[773,644,808,656],"words":[{"text":"Total","box":[773,644,808,656]}],"linking":[]},{"id":199,"text":"1/1","label":"","box":[606,1716,635,1731],"words":[{"text":"1/1","box":[606,1716,635,1731]}],"linking":[]},{"id":200,"text":"104,761,905","label":"","box":[749,1172,838,1186],"words":[{"text":"104,761,905","box":[749,1172,838,1186]}],"linking":[]},{"id":201,"text":"104,761,905","label":"","box":[748,1225,837,1239],"words":[{"text":"104,761,905","box":[748,1225,837,1239]}],"linking":[]},{"id":202,"text":"X","label":"","box":[883,742,893,750],"words":[{"text":"X","box":[883,742,893,750]}],"linking":[]},{"id":203,"text":"X","label":"","box":[884,781,894,789],"words":[{"text":"X","box":[884,781,894,789]}],"linking":[]},{"id":204,"text":"TIỀN","label":"","box":[939,604,974,620],"words":[{"text":"TIỀN","box":[939,604,974,620]}],"linking":[]},{"id":205,"text":"THUÊ","label":"","box":[979,605,1021,621],"words":[{"text":"THUÊ","box":[979,605,1021,621]}],"linking":[]},{"id":206,"text":"GTGT","label":"","box":[961,632,1004,643],"words":[{"text":"GTGT","box":[961,632,1004,643]}],"linking":[]},{"id":207,"text":"VAT","label":"","box":[940,656,971,667],"words":[{"text":"VAT","box":[940,656,971,667]}],"linking":[]},{"id":208,"text":"amount","label":"","box":[975,656,1028,667],"words":[{"text":"amount","box":[975,656,1028,667]}],"linking":[]},{"id":209,"text":"5,238,095","label":"","box":[960,699,1032,714],"words":[{"text":"5,238,095","box":[960,699,1032,714]}],"linking":[]},{"id":210,"text":"5,238,095","label":"","box":[960,1016,1032,1030],"words":[{"text":"5,238,095","box":[960,1016,1032,1030]}],"linking":[]},{"id":211,"text":"TIÊN","label":"","box":[882,1052,915,1066],"words":[{"text":"TIÊN","box":[882,1052,915,1066]}],"linking":[]},{"id":212,"text":"THUÊ","label":"","box":[923,1052,964,1066],"words":[{"text":"THUÊ","box":[923,1052,964,1066]}],"linking":[]},{"id":213,"text":"GTGT","label":"","box":[973,1052,1014,1066],"words":[{"text":"GTGT","box":[973,1052,1014,1066]}],"linking":[]},{"id":214,"text":"5,238,095","label":"","box":[952,1171,1024,1186],"words":[{"text":"5,238,095","box":[952,1171,1024,1186]}],"linking":[]},{"id":215,"text":"5,238,095","label":"","box":[952,1226,1023,1239],"words":[{"text":"5,238,095","box":[952,1226,1023,1239]}],"linking":[]},{"id":216,"text":"Người","label":"","box":[817,1305,860,1320],"words":[{"text":"Người","box":[817,1305,860,1320]}],"linking":[]},{"id":217,"text":"bán","label":"","box":[868,1305,893,1320],"words":[{"text":"bán","box":[868,1305,893,1320]}],"linking":[]},{"id":218,"text":"hàng","label":"","box":[900,1305,934,1320],"words":[{"text":"hàng","box":[900,1305,934,1320]}],"linking":[]},{"id":219,"text":"(","label":"","box":[942,1306,946,1321],"words":[{"text":"(","box":[942,1306,946,1321]}],"linking":[]},{"id":220,"text":"Seller","label":"","box":[947,1306,979,1321],"words":[{"text":"Seller","box":[947,1306,979,1321]}],"linking":[]},{"id":221,"text":")","label":"","box":[981,1306,984,1321],"words":[{"text":")","box":[981,1306,984,1321]}],"linking":[]},{"id":222,"text":"0000494","label":"answer","box":[1039,173,1115,186],"words":[{"text":"0000494","box":[1039,173,1115,186]}],"linking":[[260,222]]},{"id":223,"text":"THÀNH","label":"","box":[1062,603,1112,622],"words":[{"text":"THÀNH","box":[1062,603,1112,622]}],"linking":[]},{"id":224,"text":"TIỀN","label":"","box":[1119,602,1152,621],"words":[{"text":"TIỀN","box":[1119,602,1152,621]}],"linking":[]},{"id":225,"text":"SAU","label":"","box":[1072,629,1100,645],"words":[{"text":"SAU","box":[1072,629,1100,645]}],"linking":[]},{"id":226,"text":"THUÊ","label":"","box":[1108,628,1149,644],"words":[{"text":"THUÊ","box":[1108,628,1149,644]}],"linking":[]},{"id":227,"text":"Amount","label":"","box":[1084,657,1138,667],"words":[{"text":"Amount","box":[1084,657,1138,667]}],"linking":[]},{"id":228,"text":"Signature","label":"","box":[777,1353,845,1371],"words":[{"text":"Signature","box":[777,1353,845,1371]}],"linking":[]},{"id":229,"text":"Valid","label":"","box":[850,1352,890,1369],"words":[{"text":"Valid","box":[850,1352,890,1369]}],"linking":[]},{"id":230,"text":"|","label":"","box":[771,1376,772,1399],"words":[{"text":"|","box":[771,1376,772,1399]}],"linking":[]},{"id":231,"text":"Ký","label":"","box":[774,1375,796,1398],"words":[{"text":"Ký","box":[774,1375,796,1398]}],"linking":[]},{"id":232,"text":"bởi","label":"","box":[803,1375,826,1398],"words":[{"text":"bởi","box":[803,1375,826,1398]}],"linking":[]},{"id":233,"text":":","label":"","box":[828,1375,829,1398],"words":[{"text":":","box":[828,1375,829,1398]}],"linking":[]},{"id":234,"text":"CÔNG","label":"","box":[832,1374,887,1398],"words":[{"text":"CÔNG","box":[832,1374,887,1398]}],"linking":[]},{"id":235,"text":"TY","label":"","box":[893,1374,912,1397],"words":[{"text":"TY","box":[893,1374,912,1397]}],"linking":[]},{"id":236,"text":"CỔ","label":"","box":[923,1374,942,1397],"words":[{"text":"CỔ","box":[923,1374,942,1397]}],"linking":[]},{"id":237,"text":"PHẦN","label":"","box":[951,1373,1000,1397],"words":[{"text":"PHẦN","box":[951,1373,1000,1397]}],"linking":[]},{"id":238,"text":"THỦY","label":"","box":[1006,1373,1054,1396],"words":[{"text":"THỦY","box":[1006,1373,1054,1396]}],"linking":[]},{"id":239,"text":"|","label":"","box":[773,1398,774,1416],"words":[{"text":"|","box":[773,1398,774,1416]}],"linking":[]},{"id":240,"text":"SẢN","label":"","box":[776,1397,805,1415],"words":[{"text":"SẢN","box":[776,1397,805,1415]}],"linking":[]},{"id":241,"text":"BÌNH","label":"","box":[817,1397,861,1415],"words":[{"text":"BÌNH","box":[817,1397,861,1415]}],"linking":[]},{"id":242,"text":"MINH","label":"","box":[866,1396,913,1415],"words":[{"text":"MINH","box":[866,1396,913,1415]}],"linking":[]},{"id":243,"text":"|","label":"","box":[773,1425,774,1443],"words":[{"text":"|","box":[773,1425,774,1443]}],"linking":[]},{"id":244,"text":"Ngày","label":"","box":[775,1424,813,1442],"words":[{"text":"Ngày","box":[775,1424,813,1442]}],"linking":[]},{"id":245,"text":"ký","label":"","box":[820,1424,834,1442],"words":[{"text":"ký","box":[820,1424,834,1442]}],"linking":[]},{"id":246,"text":":","label":"","box":[838,1424,841,1442],"words":[{"text":":","box":[838,1424,841,1442]}],"linking":[]},{"id":247,"text":"15/03/2022","label":"","box":[850,1422,929,1442],"words":[{"text":"15/03/2022","box":[850,1422,929,1442]}],"linking":[]},{"id":248,"text":"110,000,000","label":"","box":[1080,701,1168,714],"words":[{"text":"110,000,000","box":[1080,701,1168,714]}],"linking":[]},{"id":249,"text":"110,000,000","label":"","box":[1080,1016,1167,1030],"words":[{"text":"110,000,000","box":[1080,1016,1167,1030]}],"linking":[]},{"id":250,"text":"GIÁ","label":"","box":[1049,1040,1074,1054],"words":[{"text":"GIÁ","box":[1049,1040,1074,1054]}],"linking":[]},{"id":251,"text":"TRỊ","label":"","box":[1081,1040,1105,1054],"words":[{"text":"TRỊ","box":[1081,1040,1105,1054]}],"linking":[]},{"id":252,"text":"THANH","label":"","box":[1112,1040,1165,1054],"words":[{"text":"THANH","box":[1112,1040,1165,1054]}],"linking":[]},{"id":253,"text":"TOÁN","label":"","box":[1087,1065,1130,1079],"words":[{"text":"TOÁN","box":[1087,1065,1130,1079]}],"linking":[]},{"id":254,"text":"110,000,000","label":"","box":[1072,1173,1161,1185],"words":[{"text":"110,000,000","box":[1072,1173,1161,1185]}],"linking":[]},{"id":255,"text":"110,000,000","label":"","box":[1072,1227,1159,1239],"words":[{"text":"110,000,000","box":[1072,1227,1159,1239]}],"linking":[]},{"id":256,"text":"Mẫu số ( Fom ) :","label":"question","box":[874,91,981,111],"words":[{"text":"Mẫu","box":[874,91,905,108]},{"text":"số","box":[910,92,927,109]},{"text":"(","box":[932,92,937,109]},{"text":"Fom","box":[937,93,959,110]},{"text":")","box":[966,93,974,110]},{"text":":","box":[978,94,981,111]}],"linking":[[256,257]]},{"id":257,"text":"01GTKT0 / 002","label":"answer","box":[1038,96,1140,107],"words":[{"text":"01GTKT0","box":[1038,96,1108,107]},{"text":"/","box":[1109,96,1114,107]},{"text":"002","box":[1114,96,1140,107]}],"linking":[[256,257]]},{"id":258,"text":"Ki hiệu ( Series ) .","label":"question","box":[875,132,984,149],"words":[{"text":"Ki","box":[875,132,887,146]},{"text":"hiệu","box":[895,133,924,147]},{"text":"(","box":[931,133,936,147]},{"text":"Series","box":[937,134,973,148]},{"text":")","box":[974,135,978,149]},{"text":".","box":[981,135,984,149]}],"linking":[[258,259]]},{"id":259,"text":"BM / 21E","label":"answer","box":[1040,133,1094,145],"words":[{"text":"BM","box":[1040,133,1060,145]},{"text":"/","box":[1063,133,1068,145]},{"text":"21E","box":[1068,133,1094,145]}],"linking":[[258,259]]},{"id":260,"text":"Số ( No. ) .","label":"question","box":[875,167,939,188],"words":[{"text":"Số","box":[875,167,894,184]},{"text":"(","box":[901,168,905,185]},{"text":"No.","box":[905,170,927,186]},{"text":")","box":[928,170,932,187]},{"text":".","box":[938,171,939,188]}],"linking":[[260,222]]},{"id":261,"text":"Đơn vị bán hàng ( ComName ) :","label":"question","box":[68,221,277,240],"words":[{"text":"Đơn","box":[68,221,97,239]},{"text":"vị","box":[104,221,119,239]},{"text":"bán","box":[124,221,148,239]},{"text":"hàng","box":[156,221,189,239]},{"text":"(","box":[196,221,201,239]},{"text":"ComName","box":[203,221,264,240]},{"text":")","box":[267,222,271,240]},{"text":":","box":[274,222,277,240]}],"linking":[[261,262]]},{"id":262,"text":"CÔNG TY CỔ PHẦN THUỶ SẢN BÌNH MINH","label":"answer","box":[330,222,660,236],"words":[{"text":"CÔNG","box":[330,222,378,236]},{"text":"TY","box":[384,222,404,236]},{"text":"CỔ","box":[410,222,432,236]},{"text":"PHẦN","box":[440,222,483,236]},{"text":"THUỶ","box":[489,222,533,236]},{"text":"SẢN","box":[538,222,570,236]},{"text":"BÌNH","box":[578,222,614,236]},{"text":"MINH","box":[621,222,660,236]}],"linking":[[261,262]]},{"id":263,"text":"Mã số thuế ( Tax code )","label":"question","box":[70,249,221,271],"words":[{"text":"Mã","box":[70,250,92,267]},{"text":"số","box":[97,249,114,268]},{"text":"thuế","box":[118,251,149,268]},{"text":"(","box":[156,251,162,269]},{"text":"Tax","box":[162,252,183,270]},{"text":"code","box":[187,253,215,270]},{"text":")","box":[217,253,221,271]}],"linking":[[263,65]]},{"id":264,"text":"Dia chỉ ( Address ) :","label":"question","box":[70,283,193,298],"words":[{"text":"Dia","box":[70,283,94,296]},{"text":"chỉ","box":[99,283,119,297]},{"text":"(","box":[126,283,131,297]},{"text":"Address","box":[129,284,179,297]},{"text":")","box":[180,284,185,298]},{"text":":","box":[189,284,193,298]}],"linking":[[264,265]]},{"id":265,"text":"Số 86/28/1 , Phổ Quang , Phường 2 , Quận Tân Bình , TP.HCM","label":"answer","box":[331,281,770,298],"words":[{"text":"Số","box":[331,281,348,298]},{"text":"86/28/1","box":[356,281,406,298]},{"text":",","box":[411,281,412,298]},{"text":"Phổ","box":[420,281,446,298]},{"text":"Quang","box":[454,281,500,298]},{"text":",","box":[503,281,504,298]},{"text":"Phường","box":[512,281,569,298]},{"text":"2","box":[576,281,583,298]},{"text":",","box":[586,281,587,298]},{"text":"Quận","box":[595,281,632,298]},{"text":"Tân","box":[639,281,665,298]},{"text":"Bình","box":[672,281,703,298]},{"text":",","box":[706,281,707,298]},{"text":"TP.HCM","box":[710,281,770,298]}],"linking":[[264,265]]},{"id":266,"text":"Số tài khoản ( BankNo ) .","label":"question","box":[71,309,230,328],"words":[{"text":"Số","box":[71,309,88,325]},{"text":"tài","box":[95,309,110,325]},{"text":"khoản","box":[118,310,159,326]},{"text":"(","box":[167,311,171,327]},{"text":"BankNo","box":[172,311,216,327]},{"text":")","box":[219,312,223,328]},{"text":".","box":[229,312,230,328]}],"linking":[[266,66]]},{"id":267,"text":"Ngân hàng ( BankName ) :","label":"question","box":[69.09,336.09,236.09,355.09],"words":[{"text":"Ngân","box":[71,338,107,356]},{"text":"hàng","box":[115,338,148,356]},{"text":"(","box":[155,338,160,356]},{"text":"BankName","box":[162,339,224,357]},{"text":")","box":[228,339,232,357]},{"text":":","box":[235,339,238,357]}],"linking":[[267,268]]},{"id":268,"text":"NH TMCP Công Thương Việt Nam ( Vietinbank ) - CN Tây Sài Gòn , TP.HCM","label":"answer","box":[331,342,880,356],"words":[{"text":"NH","box":[331,342,351,356]},{"text":"TMCP","box":[358,342,403,356]},{"text":"Công","box":[411,342,447,356]},{"text":"Thương","box":[453,342,510,356]},{"text":"Việt","box":[517,342,544,356]},{"text":"Nam","box":[551,342,582,356]},{"text":"(","box":[590,342,594,356]},{"text":"Vietinbank","box":[595,342,668,356]},{"text":")","box":[671,342,675,356]},{"text":"-","box":[681,342,685,356]},{"text":"CN","box":[692,342,712,356]},{"text":"Tây","box":[720,342,746,356]},{"text":"Sài","box":[753,342,774,356]},{"text":"Gòn","box":[781,342,809,356]},{"text":",","box":[812,342,813,356]},{"text":"TP.HCM","box":[820,342,880,356]}],"linking":[[267,268]]},{"id":269,"text":"Họ tên người mua hàng ( Buyer ) :","label":"question","box":[71,391,300,407],"words":[{"text":"Họ tên người mua hàng ( Buyer","box":[71,391,289,407]},{"text":")","box":[289,392,293,407]},{"text":":","box":[297,392,300,407]}],"linking":[[269,270]]},{"id":270,"text":"ANH PHỤC","label":"answer","box":[432,391,515,404],"words":[{"text":"ANH","box":[432,391,463,404]},{"text":"PHỤC","box":[471,391,515,403]}],"linking":[[269,270]]},{"id":271,"text":"Tên đơn vị ( CusName ) -","label":"question","box":[70,419,229,436],"words":[{"text":"Tên","box":[70,419,96,434]},{"text":"đơn","box":[103,420,130,434]},{"text":"vị","box":[136,420,146,435]},{"text":"(","box":[154,420,158,435]},{"text":"CusName","box":[161,421,218,436]},{"text":")","box":[220,421,222,436]},{"text":"-","box":[228,421,229,436]}],"linking":[]},{"id":272,"text":"Mã số thuế ( Tax code ) .","label":"question","box":[71,444,228,465],"words":[{"text":"Mã","box":[71,444,92,462]},{"text":"số","box":[98,444,114,462]},{"text":"thuế","box":[119,445,150,463]},{"text":"(","box":[157,445,162,463]},{"text":"Tax","box":[163,446,183,464]},{"text":"code","box":[188,447,215,465]},{"text":")","box":[218,447,221,465]},{"text":".","box":[227,447,228,465]}],"linking":[]},{"id":273,"text":"Địa chỉ ( Address )","label":"question","box":[70,474,182,493],"words":[{"text":"Địa","box":[70,474,93,491]},{"text":"chỉ","box":[100,474,121,491]},{"text":"(","box":[125,474,130,491]},{"text":"Address","box":[131,475,179,492]},{"text":")","box":[180,476,182,493]}],"linking":[[273,274]]},{"id":274,"text":"Số 09/5 Ấp An Thạnh , Xã An Thạnh , Huyện Thạnh Phú , Bến Tre","label":"answer","box":[433,474,901,491],"words":[{"text":"Số","box":[433,474,450,491]},{"text":"09/5","box":[457,474,486,491]},{"text":"Ấp","box":[493,474,511,491]},{"text":"An","box":[518,474,536,491]},{"text":"Thạnh","box":[542,474,587,491]},{"text":",","box":[590,474,591,491]},{"text":"Xã","box":[598,474,616,491]},{"text":"An","box":[623,474,640,491]},{"text":"Thạnh","box":[647,474,692,491]},{"text":",","box":[695,474,696,491]},{"text":"Huyện","box":[704,474,748,491]},{"text":"Thạnh","box":[755,474,799,491]},{"text":"Phú","box":[807,474,833,491]},{"text":",","box":[836,474,837,491]},{"text":"Bến","box":[845,474,871,491]},{"text":"Tre","box":[878,474,901,491]}],"linking":[[273,274]]},{"id":275,"text":"Hình thức thanh toán ( Method of payment ) .","label":"question","box":[71,503,361,522],"words":[{"text":"Hình","box":[71,503,103,520]},{"text":"thức","box":[109,503,141,520]},{"text":"thanh","box":[147,503,186,520]},{"text":"toán","box":[192,503,222,521]},{"text":"(","box":[230,504,234,521]},{"text":"Method","box":[234,504,279,521]},{"text":"of","box":[284,504,295,521]},{"text":"payment","box":[299,504,349,522]},{"text":")","box":[351,505,352,522]},{"text":".","box":[360,505,361,522]}],"linking":[[275,276]]},{"id":276,"text":"Chuyển khoản / Tiền mặt","label":"answer","box":[433,503,605,520],"words":[{"text":"Chuyển","box":[433,503,486,520]},{"text":"khoản","box":[494,503,534,520]},{"text":"/","box":[536,503,541,520]},{"text":"Tiền","box":[545,503,572,520]},{"text":"mặt","box":[580,503,605,520]}],"linking":[[275,276]]},{"id":277,"text":"Số tài khoản ( A / C No )","label":"question","box":[685,502,833,522],"words":[{"text":"Số","box":[685,502,702,518]},{"text":"tài","box":[709,502,725,519]},{"text":"khoản","box":[732,504,774,519]},{"text":"(","box":[782,504,786,520]},{"text":"A","box":[787,504,791,520]},{"text":"/","box":[794,505,798,521]},{"text":"C","box":[801,505,808,521]},{"text":"No","box":[813,505,828,521]},{"text":")","box":[831,506,833,522]}],"linking":[]},{"id":278,"text":"Ngân hàng ( Bank Name ) :","label":"question","box":[71,535,241,549],"words":[{"text":"Ngân","box":[71,535,107,549]},{"text":"hàng","box":[115,535,148,549]},{"text":"(","box":[156,535,158,549]},{"text":"Bank","box":[161,535,191,549]},{"text":"Name","box":[195,535,230,549]},{"text":")","box":[232,535,235,549]},{"text":":","box":[241,535,241,549]}],"linking":[]}]