[{"id":0,"text":"Đơn","label":"","box":[173,56,197,71],"words":[{"text":"Đơn","box":[173,56,197,71]}],"linking":[]},{"id":1,"text":"vị","label":"","box":[203,56,211,71],"words":[{"text":"vị","box":[203,56,211,71]}],"linking":[]},{"id":2,"text":"hỗ","label":"","box":[215,56,229,71],"words":[{"text":"hỗ","box":[215,56,229,71]}],"linking":[]},{"id":3,"text":"trợ","label":"","box":[234,56,250,71],"words":[{"text":"trợ","box":[234,56,250,71]}],"linking":[]},{"id":4,"text":"cung","label":"","box":[254,56,282,71],"words":[{"text":"cung","box":[254,56,282,71]}],"linking":[]},{"id":5,"text":"cấp","label":"","box":[287,56,307,71],"words":[{"text":"cấp","box":[287,56,307,71]}],"linking":[]},{"id":6,"text":"công","label":"","box":[312,56,339,71],"words":[{"text":"công","box":[312,56,339,71]}],"linking":[]},{"id":7,"text":"cụ","label":"","box":[344,56,357,71],"words":[{"text":"cụ","box":[344,56,357,71]}],"linking":[]},{"id":8,"text":"phát","label":"","box":[361,56,387,71],"words":[{"text":"phát","box":[361,56,387,71]}],"linking":[]},{"id":9,"text":"hành","label":"","box":[392,56,420,71],"words":[{"text":"hành","box":[392,56,420,71]}],"linking":[]},{"id":10,"text":"hóa","label":"","box":[425,56,446,71],"words":[{"text":"hóa","box":[425,56,446,71]}],"linking":[]},{"id":11,"text":"đơn","label":"","box":[451,56,473,71],"words":[{"text":"đơn","box":[451,56,473,71]}],"linking":[]},{"id":12,"text":"điện","label":"","box":[478,56,502,71],"words":[{"text":"điện","box":[478,56,502,71]}],"linking":[]},{"id":13,"text":"tử","label":"","box":[507,56,514,71],"words":[{"text":"tử","box":[507,56,514,71]}],"linking":[]},{"id":14,"text":":","label":"","box":[518,56,521,71],"words":[{"text":":","box":[518,56,521,71]}],"linking":[]},{"id":15,"text":"Công","label":"","box":[527,56,557,71],"words":[{"text":"Công","box":[527,56,557,71]}],"linking":[]},{"id":16,"text":"ty","label":"","box":[562,56,572,71],"words":[{"text":"ty","box":[562,56,572,71]}],"linking":[]},{"id":17,"text":"Cổ","label":"","box":[576,56,592,71],"words":[{"text":"Cổ","box":[576,56,592,71]}],"linking":[]},{"id":18,"text":"phần","label":"","box":[596,56,625,71],"words":[{"text":"phần","box":[596,56,625,71]}],"linking":[]},{"id":19,"text":"Định","label":"","box":[630,56,656,71],"words":[{"text":"Định","box":[630,56,656,71]}],"linking":[]},{"id":20,"text":"Gia","label":"","box":[661,56,680,71],"words":[{"text":"Gia","box":[661,56,680,71]}],"linking":[]},{"id":21,"text":"Nét","label":"","box":[686,56,706,71],"words":[{"text":"Nét","box":[686,56,706,71]}],"linking":[]},{"id":22,"text":"-","label":"","box":[710,56,713,71],"words":[{"text":"-","box":[710,56,713,71]}],"linking":[]},{"id":23,"text":"DigiNet","label":"","box":[718,56,761,71],"words":[{"text":"DigiNet","box":[718,56,761,71]}],"linking":[]},{"id":24,"text":"Corp","label":"","box":[765,56,791,71],"words":[{"text":"Corp","box":[765,56,791,71]}],"linking":[]},{"id":25,"text":",","label":"","box":[793,56,795,71],"words":[{"text":",","box":[793,56,795,71]}],"linking":[]},{"id":26,"text":"MST","label":"","box":[801,56,825,71],"words":[{"text":"MST","box":[801,56,825,71]}],"linking":[]},{"id":27,"text":":","label":"","box":[828,56,832,71],"words":[{"text":":","box":[828,56,832,71]}],"linking":[]},{"id":28,"text":"0303359278","label":"","box":[837,56,907,71],"words":[{"text":"0303359278","box":[837,56,907,71]}],"linking":[]},{"id":29,"text":",","label":"","box":[910,56,912,71],"words":[{"text":",","box":[910,56,912,71]}],"linking":[]},{"id":30,"text":"Điện","label":"","box":[918,56,944,71],"words":[{"text":"Điện","box":[918,56,944,71]}],"linking":[]},{"id":31,"text":"thoại","label":"","box":[949,56,977,71],"words":[{"text":"thoại","box":[949,56,977,71]}],"linking":[]},{"id":32,"text":":","label":"","box":[979,56,980,71],"words":[{"text":":","box":[979,56,980,71]}],"linking":[]},{"id":33,"text":"028","label":"","box":[985,56,1006,71],"words":[{"text":"028","box":[985,56,1006,71]}],"linking":[]},{"id":34,"text":"35123878","label":"","box":[1011,56,1069,71],"words":[{"text":"35123878","box":[1011,56,1069,71]}],"linking":[]},{"id":35,"text":"HÓA","label":"","box":[389,94,453,128],"words":[{"text":"HÓA","box":[389,94,453,128]}],"linking":[]},{"id":36,"text":"ĐƠN","label":"","box":[462,94,532,128],"words":[{"text":"ĐƠN","box":[462,94,532,128]}],"linking":[]},{"id":37,"text":"GIÁ","label":"","box":[545,94,597,128],"words":[{"text":"GIÁ","box":[545,94,597,128]}],"linking":[]},{"id":38,"text":"TRỊ","label":"","box":[606,94,654,128],"words":[{"text":"TRỊ","box":[606,94,654,128]}],"linking":[]},{"id":39,"text":"GIA","label":"","box":[666,94,718,128],"words":[{"text":"GIA","box":[666,94,718,128]}],"linking":[]},{"id":40,"text":"TĂNG","label":"","box":[728,94,811,128],"words":[{"text":"TĂNG","box":[728,94,811,128]}],"linking":[]},{"id":41,"text":"VAT","label":"","box":[522,144,572,162],"words":[{"text":"VAT","box":[522,144,572,162]}],"linking":[]},{"id":42,"text":"INVOICE","label":"","box":[578,144,681,162],"words":[{"text":"INVOICE","box":[578,144,681,162]}],"linking":[]},{"id":43,"text":"Ngày","label":"","box":[431,178,466,194],"words":[{"text":"Ngày","box":[431,178,466,194]}],"linking":[]},{"id":44,"text":"(","label":"","box":[473,178,476,193],"words":[{"text":"(","box":[473,178,476,193]}],"linking":[]},{"id":45,"text":"Date","label":"","box":[477,178,503,193],"words":[{"text":"Date","box":[477,178,503,193]}],"linking":[]},{"id":46,"text":")","label":"","box":[506,178,509,193],"words":[{"text":")","box":[506,178,509,193]}],"linking":[]},{"id":47,"text":"28","label":"","box":[514,178,531,193],"words":[{"text":"28","box":[514,178,531,193]}],"linking":[]},{"id":48,"text":"tháng","label":"","box":[537,178,576,193],"words":[{"text":"tháng","box":[537,178,576,193]}],"linking":[]},{"id":49,"text":"(","label":"","box":[584,178,587,193],"words":[{"text":"(","box":[584,178,587,193]}],"linking":[]},{"id":50,"text":"month","label":"","box":[586,178,623,193],"words":[{"text":"month","box":[586,178,623,193]}],"linking":[]},{"id":51,"text":")","label":"","box":[626,178,629,193],"words":[{"text":")","box":[626,178,629,193]}],"linking":[]},{"id":52,"text":"03","label":"","box":[634,177,651,192],"words":[{"text":"03","box":[634,177,651,192]}],"linking":[]},{"id":53,"text":"năm","label":"","box":[658,177,686,192],"words":[{"text":"năm","box":[658,177,686,192]}],"linking":[]},{"id":54,"text":"(","label":"","box":[695,177,699,192],"words":[{"text":"(","box":[695,177,699,192]}],"linking":[]},{"id":55,"text":"year","label":"","box":[699,177,723,192],"words":[{"text":"year","box":[699,177,723,192]}],"linking":[]},{"id":56,"text":")","label":"","box":[726,177,729,192],"words":[{"text":")","box":[726,177,729,192]}],"linking":[]},{"id":57,"text":"2022","label":"","box":[734,177,768,192],"words":[{"text":"2022","box":[734,177,768,192]}],"linking":[]},{"id":58,"text":"STT","label":"","box":[62,621,90,632],"words":[{"text":"STT","box":[62,621,90,632]}],"linking":[]},{"id":59,"text":"No.","label":"","box":[65,645,88,655],"words":[{"text":"No.","box":[65,645,88,655]}],"linking":[]},{"id":60,"text":"BINH","label":"","box":[161,172,189,185],"words":[{"text":"BINH","box":[161,172,189,185]}],"linking":[]},{"id":61,"text":"MINH","label":"","box":[196,172,229,184],"words":[{"text":"MINH","box":[196,172,229,184]}],"linking":[]},{"id":62,"text":"1","label":"","box":[72,700,80,711],"words":[{"text":"1","box":[72,700,80,711]}],"linking":[]},{"id":63,"text":")","label":"","box":[220,421,222,436],"words":[{"text":")","box":[220,421,222,436]}],"linking":[]},{"id":64,"text":"-","label":"","box":[228,421,229,436],"words":[{"text":"-","box":[228,421,229,436]}],"linking":[]},{"id":65,"text":".","label":"","box":[227,447,228,465],"words":[{"text":".","box":[227,447,228,465]}],"linking":[]},{"id":66,"text":"0303880297","label":"answer","box":[330,254,419,265],"words":[{"text":"0303880297","box":[330,254,419,265]}],"linking":[]},{"id":67,"text":"112002622316","label":"answer","box":[331,311,439,323],"words":[{"text":"112002622316","box":[331,311,439,323]}],"linking":[]},{"id":68,"text":"TÊN","label":"","box":[179,617,209,633],"words":[{"text":"TÊN","box":[179,617,209,633]}],"linking":[]},{"id":69,"text":"HÀNG","label":"","box":[216,617,259,633],"words":[{"text":"HÀNG","box":[216,617,259,633]}],"linking":[]},{"id":70,"text":"HÓA","label":"","box":[265,618,295,634],"words":[{"text":"HÓA","box":[265,618,295,634]}],"linking":[]},{"id":71,"text":",","label":"","box":[297,618,299,635],"words":[{"text":",","box":[297,618,299,635]}],"linking":[]},{"id":72,"text":"DỊCH","label":"","box":[308,619,344,635],"words":[{"text":"DỊCH","box":[308,619,344,635]}],"linking":[]},{"id":73,"text":"VỤ","label":"","box":[349,618,369,636],"words":[{"text":"VỤ","box":[349,618,369,636]}],"linking":[]},{"id":74,"text":"Description","label":"","box":[236,645,314,658],"words":[{"text":"Description","box":[236,645,314,658]}],"linking":[]},{"id":75,"text":"FANTAI","label":"","box":[103,701,160,712],"words":[{"text":"FANTAI","box":[103,701,160,712]}],"linking":[]},{"id":76,"text":"TCCA","label":"","box":[166,701,210,712],"words":[{"text":"TCCA","box":[166,701,210,712]}],"linking":[]},{"id":77,"text":"90","label":"","box":[215,701,232,712],"words":[{"text":"90","box":[215,701,232,712]}],"linking":[]},{"id":78,"text":"%","label":"","box":[234,701,246,712],"words":[{"text":"%","box":[234,701,246,712]}],"linking":[]},{"id":79,"text":"TỔNG","label":"","box":[213,1043,259,1058],"words":[{"text":"TỔNG","box":[213,1043,259,1058]}],"linking":[]},{"id":80,"text":"HỢP","label":"","box":[266,1045,300,1059],"words":[{"text":"HỢP","box":[266,1045,300,1059]}],"linking":[]},{"id":81,"text":"Tổng","label":"","box":[76,1082,111,1099],"words":[{"text":"Tổng","box":[76,1082,111,1099]}],"linking":[]},{"id":82,"text":"tiền","label":"","box":[117,1082,142,1099],"words":[{"text":"tiền","box":[117,1082,142,1099]}],"linking":[]},{"id":83,"text":"không","label":"","box":[150,1082,191,1099],"words":[{"text":"không","box":[150,1082,191,1099]}],"linking":[]},{"id":84,"text":"kê","label":"","box":[199,1082,213,1099],"words":[{"text":"kê","box":[199,1082,213,1099]}],"linking":[]},{"id":85,"text":"khai","label":"","box":[221,1082,248,1099],"words":[{"text":"khai","box":[221,1082,248,1099]}],"linking":[]},{"id":86,"text":"và","label":"","box":[254,1082,270,1099],"words":[{"text":"và","box":[254,1082,270,1099]}],"linking":[]},{"id":87,"text":"nộp","label":"","box":[277,1082,302,1099],"words":[{"text":"nộp","box":[277,1082,302,1099]}],"linking":[]},{"id":88,"text":"thuế","label":"","box":[308,1082,338,1099],"words":[{"text":"thuế","box":[308,1082,338,1099]}],"linking":[]},{"id":89,"text":":","label":"","box":[341,1082,342,1099],"words":[{"text":":","box":[341,1082,342,1099]}],"linking":[]},{"id":90,"text":"Tổng","label":"","box":[76,1109,111,1126],"words":[{"text":"Tổng","box":[76,1109,111,1126]}],"linking":[]},{"id":91,"text":"tiền","label":"","box":[117,1109,142,1126],"words":[{"text":"tiền","box":[117,1109,142,1126]}],"linking":[]},{"id":92,"text":"không","label":"","box":[150,1109,191,1126],"words":[{"text":"không","box":[150,1109,191,1126]}],"linking":[]},{"id":93,"text":"chịu","label":"","box":[199,1109,226,1126],"words":[{"text":"chịu","box":[199,1109,226,1126]}],"linking":[]},{"id":94,"text":"thuế","label":"","box":[232,1109,262,1126],"words":[{"text":"thuế","box":[232,1109,262,1126]}],"linking":[]},{"id":95,"text":"GTGT","label":"","box":[270,1109,313,1126],"words":[{"text":"GTGT","box":[270,1109,313,1126]}],"linking":[]},{"id":96,"text":":","label":"","box":[316,1109,317,1126],"words":[{"text":":","box":[316,1109,317,1126]}],"linking":[]},{"id":97,"text":"Tổng","label":"","box":[76,1132,110,1154],"words":[{"text":"Tổng","box":[76,1132,110,1154]}],"linking":[]},{"id":98,"text":"tiền","label":"","box":[116,1132,141,1153],"words":[{"text":"tiền","box":[116,1132,141,1153]}],"linking":[]},{"id":99,"text":"chịu","label":"","box":[148,1132,176,1153],"words":[{"text":"chịu","box":[148,1132,176,1153]}],"linking":[]},{"id":100,"text":"thuế","label":"","box":[180,1131,210,1152],"words":[{"text":"thuế","box":[180,1131,210,1152]}],"linking":[]},{"id":101,"text":"suất","label":"","box":[220,1131,249,1152],"words":[{"text":"suất","box":[220,1131,249,1152]}],"linking":[]},{"id":102,"text":":","label":"","box":[251,1131,252,1152],"words":[{"text":":","box":[251,1131,252,1152]}],"linking":[]},{"id":103,"text":"Tổng","label":"","box":[76,1160,110,1179],"words":[{"text":"Tổng","box":[76,1160,110,1179]}],"linking":[]},{"id":104,"text":"tiền","label":"","box":[116,1160,141,1178],"words":[{"text":"tiền","box":[116,1160,141,1178]}],"linking":[]},{"id":105,"text":"chịu","label":"","box":[148,1160,176,1178],"words":[{"text":"chịu","box":[148,1160,176,1178]}],"linking":[]},{"id":106,"text":"thuế","label":"","box":[182,1160,212,1178],"words":[{"text":"thuế","box":[182,1160,212,1178]}],"linking":[]},{"id":107,"text":"suất","label":"","box":[220,1160,248,1178],"words":[{"text":"suất","box":[220,1160,248,1178]}],"linking":[]},{"id":108,"text":":","label":"","box":[251,1160,252,1178],"words":[{"text":":","box":[251,1160,252,1178]}],"linking":[]},{"id":109,"text":"Tổng","label":"","box":[76,1187,110,1207],"words":[{"text":"Tổng","box":[76,1187,110,1207]}],"linking":[]},{"id":110,"text":"tiền","label":"","box":[116,1187,141,1206],"words":[{"text":"tiền","box":[116,1187,141,1206]}],"linking":[]},{"id":111,"text":"chịu","label":"","box":[148,1187,176,1206],"words":[{"text":"chịu","box":[148,1187,176,1206]}],"linking":[]},{"id":112,"text":"thuế","label":"","box":[182,1186,212,1205],"words":[{"text":"thuế","box":[182,1186,212,1205]}],"linking":[]},{"id":113,"text":"suất","label":"","box":[220,1186,248,1205],"words":[{"text":"suất","box":[220,1186,248,1205]}],"linking":[]},{"id":114,"text":":","label":"","box":[251,1186,251,1205],"words":[{"text":":","box":[251,1186,251,1205]}],"linking":[]},{"id":115,"text":"Tổng","label":"","box":[76,1213,110,1233],"words":[{"text":"Tổng","box":[76,1213,110,1233]}],"linking":[]},{"id":116,"text":"cộng","label":"","box":[116,1213,150,1232],"words":[{"text":"cộng","box":[116,1213,150,1232]}],"linking":[]},{"id":117,"text":"tiền","label":"","box":[157,1213,181,1232],"words":[{"text":"tiền","box":[157,1213,181,1232]}],"linking":[]},{"id":118,"text":"thanh","label":"","box":[188,1213,227,1232],"words":[{"text":"thanh","box":[188,1213,227,1232]}],"linking":[]},{"id":119,"text":"toán","label":"","box":[233,1212,263,1232],"words":[{"text":"toán","box":[233,1212,263,1232]}],"linking":[]},{"id":120,"text":"Người","label":"","box":[255,1298,299,1312],"words":[{"text":"Người","box":[255,1298,299,1312]}],"linking":[]},{"id":121,"text":"mua","label":"","box":[306,1298,335,1312],"words":[{"text":"mua","box":[306,1298,335,1312]}],"linking":[]},{"id":122,"text":"hàng","label":"","box":[342,1298,376,1312],"words":[{"text":"hàng","box":[342,1298,376,1312]}],"linking":[]},{"id":123,"text":"(","label":"","box":[384,1298,387,1312],"words":[{"text":"(","box":[384,1298,387,1312]}],"linking":[]},{"id":124,"text":"Buyer","label":"","box":[388,1298,422,1312],"words":[{"text":"Buyer","box":[388,1298,422,1312]}],"linking":[]},{"id":125,"text":")","label":"","box":[425,1298,427,1312],"words":[{"text":")","box":[425,1298,427,1312]}],"linking":[]},{"id":126,"text":"ĐƠN","label":"","box":[466,608,499,623],"words":[{"text":"ĐƠN","box":[466,608,499,623]}],"linking":[]},{"id":127,"text":"VỊ","label":"","box":[506,608,518,622],"words":[{"text":"VỊ","box":[506,608,518,622]}],"linking":[]},{"id":128,"text":"SÓ","label":"","box":[557,607,578,620],"words":[{"text":"SÓ","box":[557,607,578,620]}],"linking":[]},{"id":129,"text":"ΤΙΝΗ","label":"","box":[478,627,511,644],"words":[{"text":"ΤΙΝΗ","box":[478,627,511,644]}],"linking":[]},{"id":130,"text":"Unit","label":"","box":[483,657,511,667],"words":[{"text":"Unit","box":[483,657,511,667]}],"linking":[]},{"id":131,"text":"Xô","label":"","box":[485,701,504,711],"words":[{"text":"Xô","box":[485,701,504,711]}],"linking":[]},{"id":132,"text":"|","label":"","box":[537,631,538,646],"words":[{"text":"|","box":[537,631,538,646]}],"linking":[]},{"id":133,"text":"LƯỢNG","label":"","box":[540,630,595,645],"words":[{"text":"LƯỢNG","box":[540,630,595,645]}],"linking":[]},{"id":134,"text":"Quantity","label":"","box":[542,657,602,670],"words":[{"text":"Quantity","box":[542,657,602,670]}],"linking":[]},{"id":135,"text":"X","label":"","box":[526,1087,535,1095],"words":[{"text":"X","box":[526,1087,535,1095]}],"linking":[]},{"id":136,"text":"THUÊ","label":"","box":[484,1043,526,1059],"words":[{"text":"THUÊ","box":[484,1043,526,1059]}],"linking":[]},{"id":137,"text":"SUẤT","label":"","box":[534,1043,575,1059],"words":[{"text":"SUẤT","box":[534,1043,575,1059]}],"linking":[]},{"id":138,"text":"8","label":"","box":[566,701,576,711],"words":[{"text":"8","box":[566,701,576,711]}],"linking":[]},{"id":139,"text":"X","label":"","box":[525,1115,535,1123],"words":[{"text":"X","box":[525,1115,535,1123]}],"linking":[]},{"id":140,"text":"0","label":"","box":[518,1137,527,1149],"words":[{"text":"0","box":[518,1137,527,1149]}],"linking":[]},{"id":141,"text":"%","label":"","box":[527,1137,540,1149],"words":[{"text":"%","box":[527,1137,540,1149]}],"linking":[]},{"id":142,"text":"5","label":"","box":[518,1165,527,1175],"words":[{"text":"5","box":[518,1165,527,1175]}],"linking":[]},{"id":143,"text":"%","label":"","box":[526,1165,539,1175],"words":[{"text":"%","box":[526,1165,539,1175]}],"linking":[]},{"id":144,"text":"10","label":"","box":[514,1192,532,1203],"words":[{"text":"10","box":[514,1192,532,1203]}],"linking":[]},{"id":145,"text":"%","label":"","box":[533,1192,545,1203],"words":[{"text":"%","box":[533,1192,545,1203]}],"linking":[]},{"id":146,"text":"ĐƠN","label":"","box":[639,617,672,632],"words":[{"text":"ĐƠN","box":[639,617,672,632]}],"linking":[]},{"id":147,"text":"GIÁ","label":"","box":[680,617,703,631],"words":[{"text":"GIÁ","box":[680,617,703,631]}],"linking":[]},{"id":148,"text":"Price","label":"","box":[656,644,691,655],"words":[{"text":"Price","box":[656,644,691,655]}],"linking":[]},{"id":149,"text":"1/1","label":"","box":[606,1716,635,1731],"words":[{"text":"1/1","box":[606,1716,635,1731]}],"linking":[]},{"id":150,"text":"428,571.429","label":"","box":[639,700,728,714],"words":[{"text":"428,571.429","box":[639,700,728,714]}],"linking":[]},{"id":151,"text":"THÀNH","label":"","box":[755,617,805,633],"words":[{"text":"THÀNH","box":[755,617,805,633]}],"linking":[]},{"id":152,"text":"TIỀN","label":"","box":[813,617,845,632],"words":[{"text":"TIỀN","box":[813,617,845,632]}],"linking":[]},{"id":153,"text":"Total","label":"","box":[785,644,819,656],"words":[{"text":"Total","box":[785,644,819,656]}],"linking":[]},{"id":154,"text":"Cộng","label":"","box":[624,1008,660,1022],"words":[{"text":"Cộng","box":[624,1008,660,1022]}],"linking":[]},{"id":155,"text":"(","label":"","box":[668,1008,672,1022],"words":[{"text":"(","box":[668,1008,672,1022]}],"linking":[]},{"id":156,"text":"Sub","label":"","box":[673,1008,695,1022],"words":[{"text":"Sub","box":[673,1008,695,1022]}],"linking":[]},{"id":157,"text":"total","label":"","box":[701,1008,725,1022],"words":[{"text":"total","box":[701,1008,725,1022]}],"linking":[]},{"id":158,"text":")","label":"","box":[727,1008,728,1022],"words":[{"text":")","box":[727,1008,728,1022]}],"linking":[]},{"id":159,"text":"3,428,571","label":"","box":[781,1008,853,1020],"words":[{"text":"3,428,571","box":[781,1008,853,1020]}],"linking":[]},{"id":160,"text":"TRỊ","label":"","box":[629,1044,653,1060],"words":[{"text":"TRỊ","box":[629,1044,653,1060]}],"linking":[]},{"id":161,"text":"GIÁ","label":"","box":[661,1044,687,1060],"words":[{"text":"GIÁ","box":[661,1044,687,1060]}],"linking":[]},{"id":162,"text":"CHƯA","label":"","box":[694,1044,740,1060],"words":[{"text":"CHƯA","box":[694,1044,740,1060]}],"linking":[]},{"id":163,"text":"THUẾ","label":"","box":[746,1044,789,1060],"words":[{"text":"THUẾ","box":[746,1044,789,1060]}],"linking":[]},{"id":164,"text":"GTGT","label":"","box":[796,1044,839,1060],"words":[{"text":"GTGT","box":[796,1044,839,1060]}],"linking":[]},{"id":165,"text":"3,428,571","label":"","box":[782,700,851,714],"words":[{"text":"3,428,571","box":[782,700,851,714]}],"linking":[]},{"id":166,"text":"3,428,571","label":"","box":[774,1164,844,1178],"words":[{"text":"3,428,571","box":[774,1164,844,1178]}],"linking":[]},{"id":167,"text":"3,428,571","label":"","box":[774,1217,845,1231],"words":[{"text":"3,428,571","box":[774,1217,845,1231]}],"linking":[]},{"id":168,"text":"THUE","label":"","box":[875,596,915,609],"words":[{"text":"THUE","box":[875,596,915,609]}],"linking":[]},{"id":169,"text":"SUÁT","label":"","box":[876,619,917,631],"words":[{"text":"SUÁT","box":[876,619,917,631]}],"linking":[]},{"id":170,"text":"GTGT","label":"","box":[877,642,920,655],"words":[{"text":"GTGT","box":[877,642,920,655]}],"linking":[]},{"id":171,"text":"VAT","label":"","box":[869,668,898,679],"words":[{"text":"VAT","box":[869,668,898,679]}],"linking":[]},{"id":172,"text":"rate","label":"","box":[903,668,929,679],"words":[{"text":"rate","box":[903,668,929,679]}],"linking":[]},{"id":173,"text":"5","label":"","box":[886,701,895,711],"words":[{"text":"5","box":[886,701,895,711]}],"linking":[]},{"id":174,"text":"%","label":"","box":[894,701,907,711],"words":[{"text":"%","box":[894,701,907,711]}],"linking":[]},{"id":175,"text":"TIỀN","label":"","box":[949,606,982,620],"words":[{"text":"TIỀN","box":[949,606,982,620]}],"linking":[]},{"id":176,"text":"THUÊ","label":"","box":[989,606,1030,620],"words":[{"text":"THUÊ","box":[989,606,1030,620]}],"linking":[]},{"id":177,"text":"GTGT","label":"","box":[970,632,1013,643],"words":[{"text":"GTGT","box":[970,632,1013,643]}],"linking":[]},{"id":178,"text":"VAT","label":"","box":[950,657,980,668],"words":[{"text":"VAT","box":[950,657,980,668]}],"linking":[]},{"id":179,"text":"amount","label":"","box":[983,657,1037,668],"words":[{"text":"amount","box":[983,657,1037,668]}],"linking":[]},{"id":180,"text":"TIÊN","label":"","box":[889,1043,923,1059],"words":[{"text":"TIÊN","box":[889,1043,923,1059]}],"linking":[]},{"id":181,"text":"THUÊ","label":"","box":[931,1043,972,1059],"words":[{"text":"THUÊ","box":[931,1043,972,1059]}],"linking":[]},{"id":182,"text":"GTGT","label":"","box":[981,1043,1025,1059],"words":[{"text":"GTGT","box":[981,1043,1025,1059]}],"linking":[]},{"id":183,"text":"171,429","label":"","box":[983,700,1040,713],"words":[{"text":"171,429","box":[983,700,1040,713]}],"linking":[]},{"id":184,"text":"171,429","label":"","box":[976,1165,1032,1176],"words":[{"text":"171,429","box":[976,1165,1032,1176]}],"linking":[]},{"id":185,"text":"171,429","label":"","box":[983,1008,1041,1020],"words":[{"text":"171,429","box":[983,1008,1041,1020]}],"linking":[]},{"id":186,"text":"171,429","label":"","box":[976,1217,1032,1231],"words":[{"text":"171,429","box":[976,1217,1032,1231]}],"linking":[]},{"id":187,"text":"Người","label":"","box":[817,1297,860,1312],"words":[{"text":"Người","box":[817,1297,860,1312]}],"linking":[]},{"id":188,"text":"bán","label":"","box":[867,1297,892,1312],"words":[{"text":"bán","box":[867,1297,892,1312]}],"linking":[]},{"id":189,"text":"hàng","label":"","box":[900,1297,934,1312],"words":[{"text":"hàng","box":[900,1297,934,1312]}],"linking":[]},{"id":190,"text":"(","label":"","box":[942,1297,945,1312],"words":[{"text":"(","box":[942,1297,945,1312]}],"linking":[]},{"id":191,"text":"Seller","label":"","box":[948,1297,979,1312],"words":[{"text":"Seller","box":[948,1297,979,1312]}],"linking":[]},{"id":192,"text":")","label":"","box":[981,1298,984,1313],"words":[{"text":")","box":[981,1298,984,1313]}],"linking":[]},{"id":193,"text":"0000557","label":"answer","box":[1039,172,1115,187],"words":[{"text":"0000557","box":[1039,172,1115,187]}],"linking":[]},{"id":194,"text":"THÀNH","label":"","box":[1065,606,1117,620],"words":[{"text":"THÀNH","box":[1065,606,1117,620]}],"linking":[]},{"id":195,"text":"TIỀN","label":"","box":[1124,606,1157,620],"words":[{"text":"TIỀN","box":[1124,606,1157,620]}],"linking":[]},{"id":196,"text":"SAU","label":"","box":[1076,628,1104,644],"words":[{"text":"SAU","box":[1076,628,1104,644]}],"linking":[]},{"id":197,"text":"THUẾ","label":"","box":[1111,627,1152,643],"words":[{"text":"THUẾ","box":[1111,627,1152,643]}],"linking":[]},{"id":198,"text":"Amount","label":"","box":[1088,656,1143,668],"words":[{"text":"Amount","box":[1088,656,1143,668]}],"linking":[]},{"id":199,"text":"Signature","label":"","box":[777,1344,845,1362],"words":[{"text":"Signature","box":[777,1344,845,1362]}],"linking":[]},{"id":200,"text":"Valid","label":"","box":[851,1343,890,1360],"words":[{"text":"Valid","box":[851,1343,890,1360]}],"linking":[]},{"id":201,"text":"|","label":"","box":[773,1366,774,1386],"words":[{"text":"|","box":[773,1366,774,1386]}],"linking":[]},{"id":202,"text":"Ký","label":"","box":[775,1365,796,1385],"words":[{"text":"Ký","box":[775,1365,796,1385]}],"linking":[]},{"id":203,"text":"bởi","label":"","box":[803,1365,826,1385],"words":[{"text":"bởi","box":[803,1365,826,1385]}],"linking":[]},{"id":204,"text":":","label":"","box":[828,1365,829,1385],"words":[{"text":":","box":[828,1365,829,1385]}],"linking":[]},{"id":205,"text":"CÔNG","label":"","box":[837,1365,887,1385],"words":[{"text":"CÔNG","box":[837,1365,887,1385]}],"linking":[]},{"id":206,"text":"TY","label":"","box":[895,1365,911,1385],"words":[{"text":"TY","box":[895,1365,911,1385]}],"linking":[]},{"id":207,"text":"CỔ","label":"","box":[922,1364,941,1385],"words":[{"text":"CỔ","box":[922,1364,941,1385]}],"linking":[]},{"id":208,"text":"PHẦN","label":"","box":[952,1364,1000,1384],"words":[{"text":"PHẦN","box":[952,1364,1000,1384]}],"linking":[]},{"id":209,"text":"THỦY","label":"","box":[1006,1364,1055,1384],"words":[{"text":"THỦY","box":[1006,1364,1055,1384]}],"linking":[]},{"id":210,"text":"SẢN","label":"","box":[778,1391,813,1406],"words":[{"text":"SẢN","box":[778,1391,813,1406]}],"linking":[]},{"id":211,"text":"BÌNH","label":"","box":[818,1391,862,1406],"words":[{"text":"BÌNH","box":[818,1391,862,1406]}],"linking":[]},{"id":212,"text":"MINH","label":"","box":[867,1391,915,1406],"words":[{"text":"MINH","box":[867,1391,915,1406]}],"linking":[]},{"id":213,"text":"Ngày","label":"","box":[777,1415,815,1434],"words":[{"text":"Ngày","box":[777,1415,815,1434]}],"linking":[]},{"id":214,"text":"ký","label":"","box":[820,1415,835,1433],"words":[{"text":"ký","box":[820,1415,835,1433]}],"linking":[]},{"id":215,"text":":","label":"","box":[838,1415,841,1433],"words":[{"text":":","box":[838,1415,841,1433]}],"linking":[]},{"id":216,"text":"28/03/2022","label":"","box":[848,1413,929,1433],"words":[{"text":"28/03/2022","box":[848,1413,929,1433]}],"linking":[]},{"id":217,"text":"3,600,000","label":"","box":[1097,700,1170,714],"words":[{"text":"3,600,000","box":[1097,700,1170,714]}],"linking":[]},{"id":218,"text":"3,600,000","label":"","box":[1097,1008,1168,1020],"words":[{"text":"3,600,000","box":[1097,1008,1168,1020]}],"linking":[]},{"id":219,"text":"GIÁ","label":"","box":[1053,1031,1078,1047],"words":[{"text":"GIÁ","box":[1053,1031,1078,1047]}],"linking":[]},{"id":220,"text":"TRỊ","label":"","box":[1086,1031,1109,1047],"words":[{"text":"TRỊ","box":[1086,1031,1109,1047]}],"linking":[]},{"id":221,"text":"THANH","label":"","box":[1116,1032,1170,1048],"words":[{"text":"THANH","box":[1116,1032,1170,1048]}],"linking":[]},{"id":222,"text":"TOÁN","label":"","box":[1092,1054,1134,1070],"words":[{"text":"TOÁN","box":[1092,1054,1134,1070]}],"linking":[]},{"id":223,"text":"3,600,000","label":"","box":[1089,1165,1161,1177],"words":[{"text":"3,600,000","box":[1089,1165,1161,1177]}],"linking":[]},{"id":224,"text":"3,600,000","label":"","box":[1089,1218,1161,1231],"words":[{"text":"3,600,000","box":[1089,1218,1161,1231]}],"linking":[]},{"id":225,"text":"CÔNG TY CỔ PHẦN THUỶ SẢN BÌNH MINH","label":"answer","box":[330,223.23,660,237.23],"words":[{"text":"CÔNG","box":[330,222,378,236]},{"text":"TY","box":[384,222,404,236]},{"text":"CỔ","box":[410,222,432,236]},{"text":"PHẦN","box":[440,222,483,236]},{"text":"THUỶ","box":[489,222,533,236]},{"text":"SẢN","box":[538,222,570,236]},{"text":"BÌNH","box":[578,222,614,236]},{"text":"MINH","box":[621,222,660,236]}],"linking":[]},{"id":226,"text":"Đơn vị bán hàng ( ComName ) :","label":"question","box":[68,221,277,240],"words":[{"text":"Đơn","box":[68,221,97,239]},{"text":"vị","box":[104,221,119,239]},{"text":"bán","box":[124,221,148,239]},{"text":"hàng","box":[156,221,189,239]},{"text":"(","box":[196,221,201,239]},{"text":"ComName","box":[203,221,264,240]},{"text":")","box":[267,222,271,240]},{"text":":","box":[274,222,277,240]}],"linking":[]},{"id":227,"text":"Mã số thuế ( Tax code )","label":"question","box":[70,249,221,271],"words":[{"text":"Mã","box":[70,250,92,267]},{"text":"số","box":[97,249,114,268]},{"text":"thuế","box":[118,251,149,268]},{"text":"(","box":[156,251,162,269]},{"text":"Tax","box":[162,252,183,270]},{"text":"code","box":[187,253,215,270]},{"text":")","box":[217,253,221,271]}],"linking":[]},{"id":228,"text":"Dia chỉ ( Address ) :","label":"question","box":[70,283,193,298],"words":[{"text":"Dia","box":[70,283,94,296]},{"text":"chỉ","box":[99,283,119,297]},{"text":"(","box":[126,283,131,297]},{"text":"Address","box":[129,284,179,297]},{"text":")","box":[180,284,185,298]},{"text":":","box":[189,284,193,298]}],"linking":[]},{"id":229,"text":"Số 86/28/1 , Phổ Quang , Phường 2 , Quận Tân Bình , TP.HCM","label":"answer","box":[331,281,770,298],"words":[{"text":"Số","box":[331,281,348,298]},{"text":"86/28/1","box":[356,281,406,298]},{"text":",","box":[411,281,412,298]},{"text":"Phổ","box":[420,281,446,298]},{"text":"Quang","box":[454,281,500,298]},{"text":",","box":[503,281,504,298]},{"text":"Phường","box":[512,281,569,298]},{"text":"2","box":[576,281,583,298]},{"text":",","box":[586,281,587,298]},{"text":"Quận","box":[595,281,632,298]},{"text":"Tân","box":[639,281,665,298]},{"text":"Bình","box":[672,281,703,298]},{"text":",","box":[706,281,707,298]},{"text":"TP.HCM","box":[710,281,770,298]}],"linking":[]},{"id":230,"text":"Số tài khoản ( BankNo ) .","label":"question","box":[71,309,230,328],"words":[{"text":"Số","box":[71,309,88,325]},{"text":"tài","box":[95,309,110,325]},{"text":"khoản","box":[118,310,159,326]},{"text":"(","box":[167,311,171,327]},{"text":"BankNo","box":[172,311,216,327]},{"text":")","box":[219,312,223,328]},{"text":".","box":[229,312,230,328]}],"linking":[]},{"id":231,"text":"Ngân hàng ( BankName ) :","label":"question","box":[71,338,238,357],"words":[{"text":"Ngân","box":[71,338,107,356]},{"text":"hàng","box":[115,338,148,356]},{"text":"(","box":[155,338,160,356]},{"text":"BankName","box":[162,339,224,357]},{"text":")","box":[228,339,232,357]},{"text":":","box":[235,339,238,357]}],"linking":[]},{"id":232,"text":"NH TMCP Công Thương Việt Nam ( Vietinbank ) - CN Tây Sài Gòn , TP.HCM","label":"answer","box":[331,342,880,356],"words":[{"text":"NH","box":[331,342,351,356]},{"text":"TMCP","box":[358,342,403,356]},{"text":"Công","box":[411,342,447,356]},{"text":"Thương","box":[453,342,510,356]},{"text":"Việt","box":[517,342,544,356]},{"text":"Nam","box":[551,342,582,356]},{"text":"(","box":[590,342,593,356]},{"text":"Vietinbank","box":[596,342,667,356]},{"text":")","box":[670,342,675,356]},{"text":"-","box":[681,342,685,356]},{"text":"CN","box":[692,342,712,356]},{"text":"Tây","box":[720,342,746,356]},{"text":"Sài","box":[753,342,774,356]},{"text":"Gòn","box":[781,342,809,356]},{"text":",","box":[812,342,813,356]},{"text":"TP.HCM","box":[820,342,880,356]}],"linking":[]},{"id":233,"text":"Mẫu số ( Fom ) :","label":"question","box":[874,91,981,111],"words":[{"text":"Mẫu","box":[874,91,905,108]},{"text":"số","box":[910,92,927,109]},{"text":"(","box":[932,92,937,109]},{"text":"Fom","box":[937,93,959,110]},{"text":")","box":[966,93,974,110]},{"text":":","box":[978,94,981,111]}],"linking":[]},{"id":234,"text":"01GTKT0 / 002","label":"answer","box":[1039,95,1141,107],"words":[{"text":"01GTKT0","box":[1039,95,1108,107]},{"text":"/","box":[1109,95,1115,107]},{"text":"002","box":[1114,95,1141,107]}],"linking":[]},{"id":235,"text":"Ki hiệu ( Series ) .","label":"question","box":[875,132,984,149],"words":[{"text":"Ki","box":[875,132,887,146]},{"text":"hiệu","box":[895,133,924,147]},{"text":"(","box":[931,133,936,147]},{"text":"Series","box":[937,134,973,148]},{"text":")","box":[974,135,978,149]},{"text":".","box":[981,135,984,149]}],"linking":[]},{"id":236,"text":"BM / 21E","label":"answer","box":[1039,134,1095,145],"words":[{"text":"BM","box":[1039,134,1060,145]},{"text":"/","box":[1062,134,1067,145]},{"text":"21E","box":[1067,134,1095,145]}],"linking":[]},{"id":237,"text":"Số ( No. ) .","label":"question","box":[875,167,939,188],"words":[{"text":"Số","box":[875,167,894,184]},{"text":"(","box":[901,168,905,185]},{"text":"No.","box":[905,170,927,186]},{"text":")","box":[928,170,932,187]},{"text":".","box":[938,171,939,188]}],"linking":[]},{"id":238,"text":"Họ tên người mua hàng ( Buyer ) :","label":"question","box":[72.91,390.59,301.91,406.59],"words":[{"text":"Họ","box":[71,391,89,406]},{"text":"tên","box":[96,391,116,406]},{"text":"người","box":[124,391,165,406]},{"text":"mua","box":[172,391,201,406]},{"text":"hàng","box":[209,391,242,407]},{"text":"(","box":[250,392,254,407]},{"text":"Buyer","box":[255,392,289,407]},{"text":")","box":[289,392,293,407]},{"text":":","box":[297,392,300,407]}],"linking":[]},{"id":239,"text":"ĐẶNG VĂN HỆ","label":"answer","box":[432,388,542,405],"words":[{"text":"ĐẶNG","box":[432,388,476,405]},{"text":"VĂN","box":[483,388,514,404]},{"text":"HỆ","box":[522,388,542,404]}],"linking":[]},{"id":240,"text":"Tên đơn vị ( CusName","label":"question","box":[68.09,417.09,216.09,434.09],"words":[{"text":"Tên","box":[70,419,96,434]},{"text":"đơn","box":[103,420,130,434]},{"text":"vị","box":[136,420,146,435]},{"text":"(","box":[154,420,158,435]},{"text":"CusName","box":[161,421,218,436]}],"linking":[]},{"id":241,"text":"Mã số thuế ( Tax code )","label":"question","box":[71,444,221,465],"words":[{"text":"Mã","box":[71,444,92,462]},{"text":"số","box":[98,444,114,462]},{"text":"thuế","box":[119,445,150,463]},{"text":"(","box":[157,445,162,463]},{"text":"Tax","box":[163,446,183,464]},{"text":"code","box":[188,447,215,465]},{"text":")","box":[218,447,221,465]}],"linking":[]},{"id":242,"text":"Địa chỉ ( Address )","label":"question","box":[70,474,182,493],"words":[{"text":"Địa","box":[70,474,93,491]},{"text":"chỉ","box":[100,474,121,491]},{"text":"(","box":[125,474,130,491]},{"text":"Address","box":[131,475,179,492]},{"text":")","box":[180,476,182,493]}],"linking":[]},{"id":243,"text":"Vạn Long , Vạn Ninh , Khánh Hòa","label":"answer","box":[432,475,667,491],"words":[{"text":"Vạn","box":[432,476,458,491]},{"text":"Long","box":[466,476,499,490]},{"text":",","box":[502,476,503,490]},{"text":"Vạn","box":[510,476,537,490]},{"text":"Ninh","box":[546,476,576,490]},{"text":",","box":[579,476,580,490]},{"text":"Khánh","box":[588,476,632,490]},{"text":"Hòa","box":[640,475,667,490]}],"linking":[]},{"id":244,"text":"Hình thức thanh toán ( Method of payment ) :","label":"question","box":[71,503,361,522],"words":[{"text":"Hình","box":[71,503,103,520]},{"text":"thức","box":[109,503,141,520]},{"text":"thanh","box":[147,503,186,520]},{"text":"toán","box":[192,503,222,521]},{"text":"(","box":[230,504,234,521]},{"text":"Method","box":[235,504,279,521]},{"text":"of","box":[286,504,293,521]},{"text":"payment","box":[297,504,349,522]},{"text":")","box":[351,505,353,522]},{"text":":","box":[360,505,361,522]}],"linking":[]},{"id":245,"text":"Chuyển khoản / Tiền mặt","label":"answer","box":[433,503,605,520],"words":[{"text":"Chuyển","box":[433,503,486,520]},{"text":"khoản","box":[494,503,534,520]},{"text":"/","box":[536,503,541,520]},{"text":"Tiền","box":[545,503,572,520]},{"text":"mặt","box":[580,503,605,520]}],"linking":[]},{"id":246,"text":"Số tài khoản ( A / C No )","label":"question","box":[684,502,834,522],"words":[{"text":"Số","box":[684,502,703,518]},{"text":"tài","box":[708,502,725,519]},{"text":"khoản","box":[731,503,775,519]},{"text":"(","box":[781,504,786,521]},{"text":"A","box":[786,504,791,521]},{"text":"/","box":[793,504,799,521]},{"text":"C","box":[801,504,808,521]},{"text":"No","box":[812,506,828,522]},{"text":")","box":[830,505,834,522]}],"linking":[]},{"id":247,"text":"Ngân hàng ( Bank Name )","label":"question","box":[71,535,235,549],"words":[{"text":"Ngân","box":[71,535,107,549]},{"text":"hàng","box":[115,535,148,549]},{"text":"(","box":[156,535,159,549]},{"text":"Bank","box":[162,535,191,549]},{"text":"Name","box":[195,535,230,549]},{"text":")","box":[233,535,235,549]}],"linking":[]},{"id":248,"text":"Số tiền viết bằng chữ ( Total amount in words )","label":"question","box":[77,1248,378,1269],"words":[{"text":"Số","box":[77,1248,94,1265]},{"text":"tiền","box":[99,1248,124,1265]},{"text":"viết","box":[131,1248,155,1266]},{"text":"bằng","box":[162,1249,196,1266]},{"text":"chữ","box":[203,1249,229,1266]},{"text":"(","box":[236,1250,240,1267]},{"text":"Total","box":[243,1250,270,1267]},{"text":"amount","box":[275,1251,319,1268]},{"text":"in","box":[324,1251,333,1268]},{"text":"words","box":[339,1251,372,1269]},{"text":")","box":[375,1252,378,1269]}],"linking":[]},{"id":249,"text":"Ba triệu sáu trăm nghìn đồng chẵn","label":"answer","box":[465,1248,712,1267],"words":[{"text":"Ba","box":[465,1249,480,1267]},{"text":"triệu","box":[487,1249,517,1266]},{"text":"sáu","box":[525,1249,548,1266]},{"text":"trăm","box":[555,1249,585,1266]},{"text":"nghìn","box":[593,1249,631,1266]},{"text":"đồng","box":[639,1248,672,1266]},{"text":"chẵn","box":[679,1248,712,1265]}],"linking":[]}]