[{"id":0,"text":"Đơn","label":"","box":[173,56,197,71],"words":[{"text":"Đơn","box":[173,56,197,71]}],"linking":[]},{"id":1,"text":"vị","label":"","box":[203,56,211,71],"words":[{"text":"vị","box":[203,56,211,71]}],"linking":[]},{"id":2,"text":"hỗ","label":"","box":[215,56,229,71],"words":[{"text":"hỗ","box":[215,56,229,71]}],"linking":[]},{"id":3,"text":"trợ","label":"","box":[234,56,250,71],"words":[{"text":"trợ","box":[234,56,250,71]}],"linking":[]},{"id":4,"text":"cung","label":"","box":[254,56,282,71],"words":[{"text":"cung","box":[254,56,282,71]}],"linking":[]},{"id":5,"text":"cấp","label":"","box":[287,56,307,71],"words":[{"text":"cấp","box":[287,56,307,71]}],"linking":[]},{"id":6,"text":"công","label":"","box":[312,56,339,71],"words":[{"text":"công","box":[312,56,339,71]}],"linking":[]},{"id":7,"text":"cụ","label":"","box":[344,56,357,71],"words":[{"text":"cụ","box":[344,56,357,71]}],"linking":[]},{"id":8,"text":"phát","label":"","box":[361,56,387,71],"words":[{"text":"phát","box":[361,56,387,71]}],"linking":[]},{"id":9,"text":"hành","label":"","box":[392,56,420,71],"words":[{"text":"hành","box":[392,56,420,71]}],"linking":[]},{"id":10,"text":"hóa","label":"","box":[425,56,446,71],"words":[{"text":"hóa","box":[425,56,446,71]}],"linking":[]},{"id":11,"text":"đơn","label":"","box":[451,56,473,71],"words":[{"text":"đơn","box":[451,56,473,71]}],"linking":[]},{"id":12,"text":"điện","label":"","box":[478,56,502,71],"words":[{"text":"điện","box":[478,56,502,71]}],"linking":[]},{"id":13,"text":"tử","label":"","box":[507,56,514,71],"words":[{"text":"tử","box":[507,56,514,71]}],"linking":[]},{"id":14,"text":":","label":"","box":[518,56,521,71],"words":[{"text":":","box":[518,56,521,71]}],"linking":[]},{"id":15,"text":"Công","label":"","box":[527,56,557,71],"words":[{"text":"Công","box":[527,56,557,71]}],"linking":[]},{"id":16,"text":"ty","label":"","box":[562,56,572,71],"words":[{"text":"ty","box":[562,56,572,71]}],"linking":[]},{"id":17,"text":"Cổ","label":"","box":[576,56,592,71],"words":[{"text":"Cổ","box":[576,56,592,71]}],"linking":[]},{"id":18,"text":"phần","label":"","box":[596,56,625,71],"words":[{"text":"phần","box":[596,56,625,71]}],"linking":[]},{"id":19,"text":"Định","label":"","box":[630,56,656,71],"words":[{"text":"Định","box":[630,56,656,71]}],"linking":[]},{"id":20,"text":"Gia","label":"","box":[661,56,680,71],"words":[{"text":"Gia","box":[661,56,680,71]}],"linking":[]},{"id":21,"text":"Nét","label":"","box":[686,56,706,71],"words":[{"text":"Nét","box":[686,56,706,71]}],"linking":[]},{"id":22,"text":"-","label":"","box":[710,56,713,71],"words":[{"text":"-","box":[710,56,713,71]}],"linking":[]},{"id":23,"text":"DigiNet","label":"","box":[718,56,761,71],"words":[{"text":"DigiNet","box":[718,56,761,71]}],"linking":[]},{"id":24,"text":"Corp","label":"","box":[765,56,791,71],"words":[{"text":"Corp","box":[765,56,791,71]}],"linking":[]},{"id":25,"text":",","label":"","box":[793,56,795,71],"words":[{"text":",","box":[793,56,795,71]}],"linking":[]},{"id":26,"text":"MST","label":"","box":[801,56,825,71],"words":[{"text":"MST","box":[801,56,825,71]}],"linking":[]},{"id":27,"text":":","label":"","box":[828,56,832,71],"words":[{"text":":","box":[828,56,832,71]}],"linking":[]},{"id":28,"text":"0303359278","label":"","box":[837,56,907,71],"words":[{"text":"0303359278","box":[837,56,907,71]}],"linking":[]},{"id":29,"text":",","label":"","box":[910,56,912,71],"words":[{"text":",","box":[910,56,912,71]}],"linking":[]},{"id":30,"text":"Điện","label":"","box":[918,56,944,71],"words":[{"text":"Điện","box":[918,56,944,71]}],"linking":[]},{"id":31,"text":"thoại","label":"","box":[949,56,977,71],"words":[{"text":"thoại","box":[949,56,977,71]}],"linking":[]},{"id":32,"text":":","label":"","box":[979,56,980,71],"words":[{"text":":","box":[979,56,980,71]}],"linking":[]},{"id":33,"text":"028","label":"","box":[985,56,1006,71],"words":[{"text":"028","box":[985,56,1006,71]}],"linking":[]},{"id":34,"text":"35123878","label":"","box":[1011,56,1069,71],"words":[{"text":"35123878","box":[1011,56,1069,71]}],"linking":[]},{"id":35,"text":"HÓA","label":"","box":[389,94,453,128],"words":[{"text":"HÓA","box":[389,94,453,128]}],"linking":[]},{"id":36,"text":"ĐƠN","label":"","box":[462,94,532,128],"words":[{"text":"ĐƠN","box":[462,94,532,128]}],"linking":[]},{"id":37,"text":"GIÁ","label":"","box":[545,94,597,128],"words":[{"text":"GIÁ","box":[545,94,597,128]}],"linking":[]},{"id":38,"text":"TRỊ","label":"","box":[606,94,654,128],"words":[{"text":"TRỊ","box":[606,94,654,128]}],"linking":[]},{"id":39,"text":"GIA","label":"","box":[666,94,718,128],"words":[{"text":"GIA","box":[666,94,718,128]}],"linking":[]},{"id":40,"text":"TĂNG","label":"","box":[728,94,811,128],"words":[{"text":"TĂNG","box":[728,94,811,128]}],"linking":[]},{"id":41,"text":"VAT","label":"","box":[522,144,572,162],"words":[{"text":"VAT","box":[522,144,572,162]}],"linking":[]},{"id":42,"text":"INVOICE","label":"","box":[578,144,681,162],"words":[{"text":"INVOICE","box":[578,144,681,162]}],"linking":[]},{"id":43,"text":"Ngày","label":"","box":[431,177,466,194],"words":[{"text":"Ngày","box":[431,177,466,194]}],"linking":[]},{"id":44,"text":"(","label":"","box":[473,177,476,193],"words":[{"text":"(","box":[473,177,476,193]}],"linking":[]},{"id":45,"text":"Date","label":"","box":[477,177,503,193],"words":[{"text":"Date","box":[477,177,503,193]}],"linking":[]},{"id":46,"text":")","label":"","box":[506,177,509,193],"words":[{"text":")","box":[506,177,509,193]}],"linking":[]},{"id":47,"text":"28","label":"","box":[514,177,531,193],"words":[{"text":"28","box":[514,177,531,193]}],"linking":[]},{"id":48,"text":"tháng","label":"","box":[537,177,576,193],"words":[{"text":"tháng","box":[537,177,576,193]}],"linking":[]},{"id":49,"text":"(","label":"","box":[584,177,587,193],"words":[{"text":"(","box":[584,177,587,193]}],"linking":[]},{"id":50,"text":"month","label":"","box":[586,177,623,193],"words":[{"text":"month","box":[586,177,623,193]}],"linking":[]},{"id":51,"text":")","label":"","box":[626,177,629,193],"words":[{"text":")","box":[626,177,629,193]}],"linking":[]},{"id":52,"text":"03","label":"","box":[634,176,651,193],"words":[{"text":"03","box":[634,176,651,193]}],"linking":[]},{"id":53,"text":"năm","label":"","box":[658,176,686,192],"words":[{"text":"năm","box":[658,176,686,192]}],"linking":[]},{"id":54,"text":"(","label":"","box":[695,176,699,192],"words":[{"text":"(","box":[695,176,699,192]}],"linking":[]},{"id":55,"text":"year","label":"","box":[699,176,723,192],"words":[{"text":"year","box":[699,176,723,192]}],"linking":[]},{"id":56,"text":")","label":"","box":[726,176,729,192],"words":[{"text":")","box":[726,176,729,192]}],"linking":[]},{"id":57,"text":"2022","label":"","box":[734,176,768,192],"words":[{"text":"2022","box":[734,176,768,192]}],"linking":[]},{"id":58,"text":")","label":"","box":[267,222,271,240],"words":[{"text":")","box":[267,222,271,240]}],"linking":[]},{"id":59,"text":":","label":"","box":[274,222,277,240],"words":[{"text":":","box":[274,222,277,240]}],"linking":[]},{"id":60,"text":"STT","label":"","box":[62,621,90,632],"words":[{"text":"STT","box":[62,621,90,632]}],"linking":[]},{"id":61,"text":"No.","label":"","box":[66,645,88,656],"words":[{"text":"No.","box":[66,645,88,656]}],"linking":[]},{"id":62,"text":"BINH","label":"","box":[161,172,189,185],"words":[{"text":"BINH","box":[161,172,189,185]}],"linking":[]},{"id":63,"text":"MINH","label":"","box":[196,172,229,184],"words":[{"text":"MINH","box":[196,172,229,184]}],"linking":[]},{"id":64,"text":"2","label":"","box":[70,739,81,750],"words":[{"text":"2","box":[70,739,81,750]}],"linking":[]},{"id":65,"text":"1","label":"","box":[72,700,79,712],"words":[{"text":"1","box":[72,700,79,712]}],"linking":[]},{"id":66,"text":"ENVISO","label":"","box":[104,698,163,713],"words":[{"text":"ENVISO","box":[104,698,163,713]}],"linking":[]},{"id":67,"text":"Túi","label":"","box":[171,699,191,714],"words":[{"text":"Túi","box":[171,699,191,714]}],"linking":[]},{"id":68,"text":"5Kg","label":"","box":[198,701,224,715],"words":[{"text":"5Kg","box":[198,701,224,715]}],"linking":[]},{"id":69,"text":"0303880297","label":"answer","box":[330,254,419,265],"words":[{"text":"0303880297","box":[330,254,419,265]}],"linking":[[236,69]]},{"id":70,"text":"112002622316","label":"answer","box":[331,311,439,323],"words":[{"text":"112002622316","box":[331,311,439,323]}],"linking":[[239,70]]},{"id":71,"text":"TÊN","label":"","box":[178,616,208,634],"words":[{"text":"TÊN","box":[178,616,208,634]}],"linking":[]},{"id":72,"text":"HÀNG","label":"","box":[214,617,257,635],"words":[{"text":"HÀNG","box":[214,617,257,635]}],"linking":[]},{"id":73,"text":"HÓA","label":"","box":[263,617,293,635],"words":[{"text":"HÓA","box":[263,617,293,635]}],"linking":[]},{"id":74,"text":",","label":"","box":[296,617,299,635],"words":[{"text":",","box":[296,617,299,635]}],"linking":[]},{"id":75,"text":"DỊCH","label":"","box":[306,618,342,636],"words":[{"text":"DỊCH","box":[306,618,342,636]}],"linking":[]},{"id":76,"text":"VỤ","label":"","box":[348,618,368,636],"words":[{"text":"VỤ","box":[348,618,368,636]}],"linking":[]},{"id":77,"text":"Description","label":"","box":[236,646,312,658],"words":[{"text":"Description","box":[236,646,312,658]}],"linking":[]},{"id":78,"text":"ABM","label":"","box":[102,739,136,750],"words":[{"text":"ABM","box":[102,739,136,750]}],"linking":[]},{"id":79,"text":"BIOMI","label":"","box":[143,739,188,750],"words":[{"text":"BIOMI","box":[143,739,188,750]}],"linking":[]},{"id":80,"text":"10KG","label":"","box":[195,739,235,750],"words":[{"text":"10KG","box":[195,739,235,750]}],"linking":[]},{"id":81,"text":"TỔNG","label":"","box":[211,1048,257,1063],"words":[{"text":"TỔNG","box":[211,1048,257,1063]}],"linking":[]},{"id":82,"text":"HỢP","label":"","box":[264,1048,298,1064],"words":[{"text":"HỢP","box":[264,1048,298,1064]}],"linking":[]},{"id":83,"text":"Tổng","label":"","box":[76,1087,111,1104],"words":[{"text":"Tổng","box":[76,1087,111,1104]}],"linking":[]},{"id":84,"text":"tiền","label":"","box":[117,1087,142,1104],"words":[{"text":"tiền","box":[117,1087,142,1104]}],"linking":[]},{"id":85,"text":"không","label":"","box":[150,1087,191,1104],"words":[{"text":"không","box":[150,1087,191,1104]}],"linking":[]},{"id":86,"text":"kê","label":"","box":[199,1087,213,1104],"words":[{"text":"kê","box":[199,1087,213,1104]}],"linking":[]},{"id":87,"text":"khai","label":"","box":[221,1087,248,1104],"words":[{"text":"khai","box":[221,1087,248,1104]}],"linking":[]},{"id":88,"text":"và","label":"","box":[254,1087,270,1104],"words":[{"text":"và","box":[254,1087,270,1104]}],"linking":[]},{"id":89,"text":"nộp","label":"","box":[277,1087,302,1104],"words":[{"text":"nộp","box":[277,1087,302,1104]}],"linking":[]},{"id":90,"text":"thuế","label":"","box":[308,1087,338,1104],"words":[{"text":"thuế","box":[308,1087,338,1104]}],"linking":[]},{"id":91,"text":":","label":"","box":[341,1087,341,1104],"words":[{"text":":","box":[341,1087,341,1104]}],"linking":[]},{"id":92,"text":"Tổng","label":"","box":[76,1112,110,1131],"words":[{"text":"Tổng","box":[76,1112,110,1131]}],"linking":[]},{"id":93,"text":"tiền","label":"","box":[116,1112,141,1130],"words":[{"text":"tiền","box":[116,1112,141,1130]}],"linking":[]},{"id":94,"text":"không","label":"","box":[149,1112,190,1130],"words":[{"text":"không","box":[149,1112,190,1130]}],"linking":[]},{"id":95,"text":"chịu","label":"","box":[197,1112,225,1130],"words":[{"text":"chịu","box":[197,1112,225,1130]}],"linking":[]},{"id":96,"text":"thuế","label":"","box":[231,1112,261,1130],"words":[{"text":"thuế","box":[231,1112,261,1130]}],"linking":[]},{"id":97,"text":"GTGT","label":"","box":[269,1111,311,1130],"words":[{"text":"GTGT","box":[269,1111,311,1130]}],"linking":[]},{"id":98,"text":":","label":"","box":[314,1111,316,1129],"words":[{"text":":","box":[314,1111,316,1129]}],"linking":[]},{"id":99,"text":"Tổng","label":"","box":[76,1138,110,1158],"words":[{"text":"Tổng","box":[76,1138,110,1158]}],"linking":[]},{"id":100,"text":"tiền","label":"","box":[116,1138,141,1157],"words":[{"text":"tiền","box":[116,1138,141,1157]}],"linking":[]},{"id":101,"text":"chịu","label":"","box":[148,1138,176,1157],"words":[{"text":"chịu","box":[148,1138,176,1157]}],"linking":[]},{"id":102,"text":"thuế","label":"","box":[182,1137,212,1157],"words":[{"text":"thuế","box":[182,1137,212,1157]}],"linking":[]},{"id":103,"text":"suất","label":"","box":[220,1137,248,1156],"words":[{"text":"suất","box":[220,1137,248,1156]}],"linking":[]},{"id":104,"text":":","label":"","box":[251,1137,251,1156],"words":[{"text":":","box":[251,1137,251,1156]}],"linking":[]},{"id":105,"text":"Tổng","label":"","box":[76,1164,111,1184],"words":[{"text":"Tổng","box":[76,1164,111,1184]}],"linking":[]},{"id":106,"text":"tiền","label":"","box":[117,1164,142,1184],"words":[{"text":"tiền","box":[117,1164,142,1184]}],"linking":[]},{"id":107,"text":"chịu","label":"","box":[150,1164,177,1184],"words":[{"text":"chịu","box":[150,1164,177,1184]}],"linking":[]},{"id":108,"text":"thuế","label":"","box":[183,1164,213,1184],"words":[{"text":"thuế","box":[183,1164,213,1184]}],"linking":[]},{"id":109,"text":"suất","label":"","box":[221,1164,251,1184],"words":[{"text":"suất","box":[221,1164,251,1184]}],"linking":[]},{"id":110,"text":"Tổng","label":"","box":[76,1193,111,1210],"words":[{"text":"Tổng","box":[76,1193,111,1210]}],"linking":[]},{"id":111,"text":"tiền","label":"","box":[117,1193,142,1210],"words":[{"text":"tiền","box":[117,1193,142,1210]}],"linking":[]},{"id":112,"text":"chịu","label":"","box":[149,1193,177,1210],"words":[{"text":"chịu","box":[149,1193,177,1210]}],"linking":[]},{"id":113,"text":"thuế","label":"","box":[183,1193,213,1210],"words":[{"text":"thuế","box":[183,1193,213,1210]}],"linking":[]},{"id":114,"text":"suất","label":"","box":[221,1193,249,1210],"words":[{"text":"suất","box":[221,1193,249,1210]}],"linking":[]},{"id":115,"text":":","label":"","box":[252,1193,253,1210],"words":[{"text":":","box":[252,1193,253,1210]}],"linking":[]},{"id":116,"text":"Tổng","label":"","box":[76,1218,111,1238],"words":[{"text":"Tổng","box":[76,1218,111,1238]}],"linking":[]},{"id":117,"text":"cộng","label":"","box":[117,1218,151,1238],"words":[{"text":"cộng","box":[117,1218,151,1238]}],"linking":[]},{"id":118,"text":"tiền","label":"","box":[158,1218,182,1238],"words":[{"text":"tiền","box":[158,1218,182,1238]}],"linking":[]},{"id":119,"text":"thanh","label":"","box":[189,1218,228,1238],"words":[{"text":"thanh","box":[189,1218,228,1238]}],"linking":[]},{"id":120,"text":"toán","label":"","box":[232,1218,261,1238],"words":[{"text":"toán","box":[232,1218,261,1238]}],"linking":[]},{"id":121,"text":"Người","label":"","box":[255,1301,298,1316],"words":[{"text":"Người","box":[255,1301,298,1316]}],"linking":[]},{"id":122,"text":"mua","label":"","box":[306,1301,336,1316],"words":[{"text":"mua","box":[306,1301,336,1316]}],"linking":[]},{"id":123,"text":"hàng","label":"","box":[342,1301,376,1317],"words":[{"text":"hàng","box":[342,1301,376,1317]}],"linking":[]},{"id":124,"text":"(","label":"","box":[384,1302,387,1317],"words":[{"text":"(","box":[384,1302,387,1317]}],"linking":[]},{"id":125,"text":"Buyer","label":"","box":[387,1302,423,1317],"words":[{"text":"Buyer","box":[387,1302,423,1317]}],"linking":[]},{"id":126,"text":")","label":"","box":[425,1302,427,1317],"words":[{"text":")","box":[425,1302,427,1317]}],"linking":[]},{"id":127,"text":"ĐƠN","label":"","box":[465,607,500,621],"words":[{"text":"ĐƠN","box":[465,607,500,621]}],"linking":[]},{"id":128,"text":"VỊ","label":"","box":[506,607,517,622],"words":[{"text":"VỊ","box":[506,607,517,622]}],"linking":[]},{"id":129,"text":"SÓ","label":"","box":[559,606,579,619],"words":[{"text":"SÓ","box":[559,606,579,619]}],"linking":[]},{"id":130,"text":"ΤΙΝΗ","label":"","box":[477,629,511,643],"words":[{"text":"ΤΙΝΗ","box":[477,629,511,643]}],"linking":[]},{"id":131,"text":"Unit","label":"","box":[482,657,510,667],"words":[{"text":"Unit","box":[482,657,510,667]}],"linking":[]},{"id":132,"text":"Túi","label":"","box":[484,700,506,711],"words":[{"text":"Túi","box":[484,700,506,711]}],"linking":[]},{"id":133,"text":"Bao","label":"","box":[481,739,510,749],"words":[{"text":"Bao","box":[481,739,510,749]}],"linking":[]},{"id":134,"text":"|","label":"","box":[538,631,539,646],"words":[{"text":"|","box":[538,631,539,646]}],"linking":[]},{"id":135,"text":"LƯỢNG","label":"","box":[541,629,597,646],"words":[{"text":"LƯỢNG","box":[541,629,597,646]}],"linking":[]},{"id":136,"text":"Quantity","label":"","box":[544,657,602,671],"words":[{"text":"Quantity","box":[544,657,602,671]}],"linking":[]},{"id":137,"text":"16","label":"","box":[563,700,579,711],"words":[{"text":"16","box":[563,700,579,711]}],"linking":[]},{"id":138,"text":"X","label":"","box":[524,1119,534,1127],"words":[{"text":"X","box":[524,1119,534,1127]}],"linking":[]},{"id":139,"text":"0","label":"","box":[517,1142,526,1153],"words":[{"text":"0","box":[517,1142,526,1153]}],"linking":[]},{"id":140,"text":"%","label":"","box":[526,1142,538,1153],"words":[{"text":"%","box":[526,1142,538,1153]}],"linking":[]},{"id":141,"text":"5","label":"","box":[517,1168,527,1179],"words":[{"text":"5","box":[517,1168,527,1179]}],"linking":[]},{"id":142,"text":"%","label":"","box":[525,1168,538,1179],"words":[{"text":"%","box":[525,1168,538,1179]}],"linking":[]},{"id":143,"text":"10","label":"","box":[514,1196,529,1207],"words":[{"text":"10","box":[514,1196,529,1207]}],"linking":[]},{"id":144,"text":"%","label":"","box":[531,1196,544,1207],"words":[{"text":"%","box":[531,1196,544,1207]}],"linking":[]},{"id":145,"text":"20","label":"","box":[563,739,578,750],"words":[{"text":"20","box":[563,739,578,750]}],"linking":[]},{"id":146,"text":"THUẾ","label":"","box":[483,1048,526,1062],"words":[{"text":"THUẾ","box":[483,1048,526,1062]}],"linking":[]},{"id":147,"text":"SUẤT","label":"","box":[533,1048,575,1062],"words":[{"text":"SUẤT","box":[533,1048,575,1062]}],"linking":[]},{"id":148,"text":"ĐƠN","label":"","box":[640,617,672,634],"words":[{"text":"ĐƠN","box":[640,617,672,634]}],"linking":[]},{"id":149,"text":"GIÁ","label":"","box":[679,616,703,632],"words":[{"text":"GIÁ","box":[679,616,703,632]}],"linking":[]},{"id":150,"text":"Price","label":"","box":[656,644,691,655],"words":[{"text":"Price","box":[656,644,691,655]}],"linking":[]},{"id":151,"text":"313,636.364","label":"","box":[640,699,729,714],"words":[{"text":"313,636.364","box":[640,699,729,714]}],"linking":[]},{"id":152,"text":"190,909.091","label":"","box":[641,739,728,751],"words":[{"text":"190,909.091","box":[641,739,728,751]}],"linking":[]},{"id":153,"text":"1/1","label":"","box":[606,1716,635,1731],"words":[{"text":"1/1","box":[606,1716,635,1731]}],"linking":[]},{"id":154,"text":"THÀNH","label":"","box":[754,615,805,633],"words":[{"text":"THÀNH","box":[754,615,805,633]}],"linking":[]},{"id":155,"text":"TIỀN","label":"","box":[812,615,844,632],"words":[{"text":"TIỀN","box":[812,615,844,632]}],"linking":[]},{"id":156,"text":"Total","label":"","box":[785,644,820,656],"words":[{"text":"Total","box":[785,644,820,656]}],"linking":[]},{"id":157,"text":"Cộng","label":"","box":[624,1013,660,1027],"words":[{"text":"Cộng","box":[624,1013,660,1027]}],"linking":[]},{"id":158,"text":"(","label":"","box":[668,1013,671,1027],"words":[{"text":"(","box":[668,1013,671,1027]}],"linking":[]},{"id":159,"text":"Sub","label":"","box":[674,1013,695,1027],"words":[{"text":"Sub","box":[674,1013,695,1027]}],"linking":[]},{"id":160,"text":"total","label":"","box":[701,1013,725,1027],"words":[{"text":"total","box":[701,1013,725,1027]}],"linking":[]},{"id":161,"text":")","label":"","box":[727,1013,729,1027],"words":[{"text":")","box":[727,1013,729,1027]}],"linking":[]},{"id":162,"text":"8,836,364","label":"","box":[781,1012,852,1025],"words":[{"text":"8,836,364","box":[781,1012,852,1025]}],"linking":[]},{"id":163,"text":"TRỊ","label":"","box":[629,1047,652,1064],"words":[{"text":"TRỊ","box":[629,1047,652,1064]}],"linking":[]},{"id":164,"text":"GIÁ","label":"","box":[660,1047,686,1063],"words":[{"text":"GIÁ","box":[660,1047,686,1063]}],"linking":[]},{"id":165,"text":"CHƯA","label":"","box":[693,1047,738,1063],"words":[{"text":"CHƯA","box":[693,1047,738,1063]}],"linking":[]},{"id":166,"text":"THUÊ","label":"","box":[745,1047,788,1063],"words":[{"text":"THUÊ","box":[745,1047,788,1063]}],"linking":[]},{"id":167,"text":"GTGT","label":"","box":[795,1047,838,1063],"words":[{"text":"GTGT","box":[795,1047,838,1063]}],"linking":[]},{"id":168,"text":"5,018,182","label":"","box":[780,701,852,713],"words":[{"text":"5,018,182","box":[780,701,852,713]}],"linking":[]},{"id":169,"text":"10","label":"","box":[884,701,898,712],"words":[{"text":"10","box":[884,701,898,712]}],"linking":[]},{"id":170,"text":"%","label":"","box":[899,701,911,712],"words":[{"text":"%","box":[899,701,911,712]}],"linking":[]},{"id":171,"text":"3,818,182","label":"","box":[780,739,852,752],"words":[{"text":"3,818,182","box":[780,739,852,752]}],"linking":[]},{"id":172,"text":"10","label":"","box":[884,739,899,750],"words":[{"text":"10","box":[884,739,899,750]}],"linking":[]},{"id":173,"text":"%","label":"","box":[899,739,911,750],"words":[{"text":"%","box":[899,739,911,750]}],"linking":[]},{"id":174,"text":"8,836,364","label":"","box":[773,1195,843,1209],"words":[{"text":"8,836,364","box":[773,1195,843,1209]}],"linking":[]},{"id":175,"text":"8,836,364","label":"","box":[773,1221,844,1235],"words":[{"text":"8,836,364","box":[773,1221,844,1235]}],"linking":[]},{"id":176,"text":"THUÊ","label":"","box":[876,594,915,608],"words":[{"text":"THUÊ","box":[876,594,915,608]}],"linking":[]},{"id":177,"text":"SUÁT","label":"","box":[876,619,918,632],"words":[{"text":"SUÁT","box":[876,619,918,632]}],"linking":[]},{"id":178,"text":"GTGT","label":"","box":[879,641,920,656],"words":[{"text":"GTGT","box":[879,641,920,656]}],"linking":[]},{"id":179,"text":"VAT","label":"","box":[869,668,899,678],"words":[{"text":"VAT","box":[869,668,899,678]}],"linking":[]},{"id":180,"text":"rate","label":"","box":[903,669,929,679],"words":[{"text":"rate","box":[903,669,929,679]}],"linking":[]},{"id":181,"text":"TIÊN","label":"","box":[950,605,982,620],"words":[{"text":"TIÊN","box":[950,605,982,620]}],"linking":[]},{"id":182,"text":"THUÊ","label":"","box":[989,605,1030,619],"words":[{"text":"THUÊ","box":[989,605,1030,619]}],"linking":[]},{"id":183,"text":"GTGT","label":"","box":[972,632,1015,643],"words":[{"text":"GTGT","box":[972,632,1015,643]}],"linking":[]},{"id":184,"text":"VAT","label":"","box":[951,656,982,668],"words":[{"text":"VAT","box":[951,656,982,668]}],"linking":[]},{"id":185,"text":"amount","label":"","box":[986,656,1038,668],"words":[{"text":"amount","box":[986,656,1038,668]}],"linking":[]},{"id":186,"text":"TIỀN","label":"","box":[889,1048,923,1062],"words":[{"text":"TIỀN","box":[889,1048,923,1062]}],"linking":[]},{"id":187,"text":"THUẾ","label":"","box":[931,1048,973,1062],"words":[{"text":"THUẾ","box":[931,1048,973,1062]}],"linking":[]},{"id":188,"text":"GTGT","label":"","box":[981,1048,1022,1062],"words":[{"text":"GTGT","box":[981,1048,1022,1062]}],"linking":[]},{"id":189,"text":"501,818","label":"","box":[982,700,1042,712],"words":[{"text":"501,818","box":[982,700,1042,712]}],"linking":[]},{"id":190,"text":"381,818","label":"","box":[983,738,1043,751],"words":[{"text":"381,818","box":[983,738,1043,751]}],"linking":[]},{"id":191,"text":"883,636","label":"","box":[976,1195,1032,1208],"words":[{"text":"883,636","box":[976,1195,1032,1208]}],"linking":[]},{"id":192,"text":"883,636","label":"","box":[976,1222,1032,1234],"words":[{"text":"883,636","box":[976,1222,1032,1234]}],"linking":[]},{"id":193,"text":"0000558","label":"answer","box":[1039,173,1116,186],"words":[{"text":"0000558","box":[1039,173,1116,186]}],"linking":[[258,193]]},{"id":194,"text":"883,636","label":"","box":[983,1012,1041,1024],"words":[{"text":"883,636","box":[983,1012,1041,1024]}],"linking":[]},{"id":195,"text":"Người","label":"","box":[817,1301,861,1317],"words":[{"text":"Người","box":[817,1301,861,1317]}],"linking":[]},{"id":196,"text":"bán","label":"","box":[868,1301,893,1317],"words":[{"text":"bán","box":[868,1301,893,1317]}],"linking":[]},{"id":197,"text":"hàng","label":"","box":[900,1301,934,1318],"words":[{"text":"hàng","box":[900,1301,934,1318]}],"linking":[]},{"id":198,"text":"(","label":"","box":[942,1302,945,1318],"words":[{"text":"(","box":[942,1302,945,1318]}],"linking":[]},{"id":199,"text":"Seller","label":"","box":[946,1302,979,1318],"words":[{"text":"Seller","box":[946,1302,979,1318]}],"linking":[]},{"id":200,"text":")","label":"","box":[982,1302,984,1318],"words":[{"text":")","box":[982,1302,984,1318]}],"linking":[]},{"id":201,"text":"THÀNH","label":"","box":[1066,606,1117,620],"words":[{"text":"THÀNH","box":[1066,606,1117,620]}],"linking":[]},{"id":202,"text":"TIỀN","label":"","box":[1124,606,1157,620],"words":[{"text":"TIỀN","box":[1124,606,1157,620]}],"linking":[]},{"id":203,"text":"SAU","label":"","box":[1075,629,1104,646],"words":[{"text":"SAU","box":[1075,629,1104,646]}],"linking":[]},{"id":204,"text":"THUÊ","label":"","box":[1111,628,1151,645],"words":[{"text":"THUÊ","box":[1111,628,1151,645]}],"linking":[]},{"id":205,"text":"Amount","label":"","box":[1088,658,1141,668],"words":[{"text":"Amount","box":[1088,658,1141,668]}],"linking":[]},{"id":206,"text":"Signature","label":"","box":[777,1349,845,1366],"words":[{"text":"Signature","box":[777,1349,845,1366]}],"linking":[]},{"id":207,"text":"Valid","label":"","box":[850,1348,890,1364],"words":[{"text":"Valid","box":[850,1348,890,1364]}],"linking":[]},{"id":208,"text":"|","label":"","box":[772,1369,773,1390],"words":[{"text":"|","box":[772,1369,773,1390]}],"linking":[]},{"id":209,"text":"Ký","label":"","box":[776,1368,796,1389],"words":[{"text":"Ký","box":[776,1368,796,1389]}],"linking":[]},{"id":210,"text":"bởi","label":"","box":[803,1368,825,1389],"words":[{"text":"bởi","box":[803,1368,825,1389]}],"linking":[]},{"id":211,"text":":","label":"","box":[827,1368,829,1389],"words":[{"text":":","box":[827,1368,829,1389]}],"linking":[]},{"id":212,"text":"CÔNG","label":"","box":[837,1368,887,1389],"words":[{"text":"CÔNG","box":[837,1368,887,1389]}],"linking":[]},{"id":213,"text":"TY","label":"","box":[892,1368,912,1389],"words":[{"text":"TY","box":[892,1368,912,1389]}],"linking":[]},{"id":214,"text":"CỔ","label":"","box":[921,1367,941,1388],"words":[{"text":"CỔ","box":[921,1367,941,1388]}],"linking":[]},{"id":215,"text":"PHẦN","label":"","box":[952,1367,1000,1388],"words":[{"text":"PHẦN","box":[952,1367,1000,1388]}],"linking":[]},{"id":216,"text":"THỦY","label":"","box":[1006,1367,1055,1388],"words":[{"text":"THỦY","box":[1006,1367,1055,1388]}],"linking":[]},{"id":217,"text":"SẢN","label":"","box":[778,1395,813,1410],"words":[{"text":"SẢN","box":[778,1395,813,1410]}],"linking":[]},{"id":218,"text":"BÌNH","label":"","box":[818,1395,862,1410],"words":[{"text":"BÌNH","box":[818,1395,862,1410]}],"linking":[]},{"id":219,"text":"MINH","label":"","box":[867,1395,915,1410],"words":[{"text":"MINH","box":[867,1395,915,1410]}],"linking":[]},{"id":220,"text":"|","label":"","box":[772,1420,773,1440],"words":[{"text":"|","box":[772,1420,773,1440]}],"linking":[]},{"id":221,"text":"Ngày","label":"","box":[774,1419,812,1439],"words":[{"text":"Ngày","box":[774,1419,812,1439]}],"linking":[]},{"id":222,"text":"ký","label":"","box":[820,1419,835,1439],"words":[{"text":"ký","box":[820,1419,835,1439]}],"linking":[]},{"id":223,"text":":","label":"","box":[838,1419,841,1439],"words":[{"text":":","box":[838,1419,841,1439]}],"linking":[]},{"id":224,"text":"28/03/2022","label":"","box":[848,1417,929,1439],"words":[{"text":"28/03/2022","box":[848,1417,929,1439]}],"linking":[]},{"id":225,"text":"5,520,000","label":"","box":[1096,698,1167,714],"words":[{"text":"5,520,000","box":[1096,698,1167,714]}],"linking":[]},{"id":226,"text":"4,200,000","label":"","box":[1096,739,1167,751],"words":[{"text":"4,200,000","box":[1096,739,1167,751]}],"linking":[]},{"id":227,"text":"9,720,000","label":"","box":[1096,1010,1167,1025],"words":[{"text":"9,720,000","box":[1096,1010,1167,1025]}],"linking":[]},{"id":228,"text":"GIÁ","label":"","box":[1054,1036,1078,1050],"words":[{"text":"GIÁ","box":[1054,1036,1078,1050]}],"linking":[]},{"id":229,"text":"TRỊ","label":"","box":[1086,1036,1109,1050],"words":[{"text":"TRỊ","box":[1086,1036,1109,1050]}],"linking":[]},{"id":230,"text":"THANH","label":"","box":[1117,1036,1170,1050],"words":[{"text":"THANH","box":[1117,1036,1170,1050]}],"linking":[]},{"id":231,"text":"TOÁN","label":"","box":[1092,1060,1135,1073],"words":[{"text":"TOÁN","box":[1092,1060,1135,1073]}],"linking":[]},{"id":232,"text":"9,720,000","label":"","box":[1088,1196,1160,1208],"words":[{"text":"9,720,000","box":[1088,1196,1160,1208]}],"linking":[]},{"id":233,"text":"9,720,000","label":"","box":[1088,1222,1160,1234],"words":[{"text":"9,720,000","box":[1088,1222,1160,1234]}],"linking":[]},{"id":234,"text":"Đơn vị bán hàng ( ComName","label":"question","box":[68,221,264,240],"words":[{"text":"Đơn","box":[68,221,97,239]},{"text":"vị","box":[104,221,119,239]},{"text":"bán","box":[124,221,148,239]},{"text":"hàng","box":[156,221,189,239]},{"text":"(","box":[196,221,201,239]},{"text":"ComName","box":[203,221,264,240]}],"linking":[[234,235]]},{"id":235,"text":"CÔNG TY CỔ PHẦN THUỶ SẢN BÌNH MINH","label":"answer","box":[330,222,660,236],"words":[{"text":"CÔNG","box":[330,222,378,236]},{"text":"TY","box":[384,222,404,236]},{"text":"CỔ","box":[410,222,432,236]},{"text":"PHẦN","box":[440,222,483,236]},{"text":"THUỶ","box":[489,222,533,236]},{"text":"SẢN","box":[538,222,570,236]},{"text":"BÌNH","box":[578,222,614,236]},{"text":"MINH","box":[621,222,660,236]}],"linking":[[234,235]]},{"id":236,"text":"Mã số thuế ( Tax code )","label":"question","box":[70,249,221,271],"words":[{"text":"Mã","box":[70,250,92,267]},{"text":"số","box":[97,249,114,268]},{"text":"thuế","box":[118,251,149,268]},{"text":"(","box":[156,251,162,269]},{"text":"Tax","box":[162,252,183,270]},{"text":"code","box":[187,253,215,270]},{"text":")","box":[217,253,221,271]}],"linking":[[236,69]]},{"id":237,"text":"Dia chỉ ( Address ) :","label":"question","box":[70,283,193,298],"words":[{"text":"Dia","box":[70,283,94,296]},{"text":"chỉ","box":[99,283,119,297]},{"text":"(","box":[126,283,131,297]},{"text":"Address","box":[129,284,179,297]},{"text":")","box":[180,284,185,298]},{"text":":","box":[189,284,193,298]}],"linking":[[237,238]]},{"id":238,"text":"Số 86/28/1 , Phổ Quang , Phường 2 , Quận Tân Bình , TP.HCM","label":"answer","box":[331,281,770,298],"words":[{"text":"Số","box":[331,281,348,298]},{"text":"86/28/1","box":[356,281,406,298]},{"text":",","box":[411,281,412,298]},{"text":"Phổ","box":[420,281,446,298]},{"text":"Quang","box":[454,281,500,298]},{"text":",","box":[503,281,504,298]},{"text":"Phường","box":[512,281,569,298]},{"text":"2","box":[576,281,583,298]},{"text":",","box":[586,281,587,298]},{"text":"Quận","box":[595,281,632,298]},{"text":"Tân","box":[639,281,665,298]},{"text":"Bình","box":[672,281,703,298]},{"text":",","box":[706,281,707,298]},{"text":"TP.HCM","box":[710,281,770,298]}],"linking":[[237,238]]},{"id":239,"text":"Số tài khoản ( BankNo ) .","label":"question","box":[71,309,230,328],"words":[{"text":"Số","box":[71,309,88,325]},{"text":"tài","box":[95,309,110,325]},{"text":"khoản","box":[118,310,159,326]},{"text":"(","box":[167,311,171,327]},{"text":"BankNo","box":[172,311,216,327]},{"text":")","box":[219,312,223,328]},{"text":".","box":[229,312,230,328]}],"linking":[[239,70]]},{"id":240,"text":"Ngân hàng ( BankName ) :","label":"question","box":[71,338,238,357],"words":[{"text":"Ngân","box":[71,338,107,356]},{"text":"hàng","box":[115,338,148,356]},{"text":"(","box":[155,338,160,356]},{"text":"BankName","box":[162,339,224,357]},{"text":")","box":[228,339,232,357]},{"text":":","box":[235,339,238,357]}],"linking":[[240,241]]},{"id":241,"text":"NH TMCP Công Thương Việt Nam ( Vietinbank ) - CN Tây Sài Gòn , TP.HCM","label":"answer","box":[331,342,880,356],"words":[{"text":"NH","box":[331,342,351,356]},{"text":"TMCP","box":[358,342,403,356]},{"text":"Công","box":[411,342,447,356]},{"text":"Thương","box":[453,342,510,356]},{"text":"Việt","box":[517,342,544,356]},{"text":"Nam","box":[551,342,582,356]},{"text":"(","box":[590,342,594,356]},{"text":"Vietinbank","box":[595,342,668,356]},{"text":")","box":[671,342,675,356]},{"text":"-","box":[681,342,685,356]},{"text":"CN","box":[692,342,712,356]},{"text":"Tây","box":[720,342,746,356]},{"text":"Sài","box":[753,342,774,356]},{"text":"Gòn","box":[781,342,809,356]},{"text":",","box":[812,342,813,356]},{"text":"TP.HCM","box":[820,342,880,356]}],"linking":[[240,241]]},{"id":242,"text":"Họ tên người mua hàng ( Buyer ) :","label":"question","box":[71,391,300,407],"words":[{"text":"Họ","box":[71,391,89,406]},{"text":"tên","box":[96,391,116,406]},{"text":"người","box":[124,391,165,406]},{"text":"mua","box":[172,391,201,406]},{"text":"hàng","box":[209,391,242,407]},{"text":"(","box":[250,392,254,407]},{"text":"Buyer","box":[255,392,289,407]},{"text":")","box":[289,392,293,407]},{"text":":","box":[297,392,300,407]}],"linking":[[242,243]]},{"id":243,"text":"BÌNH TRẠNG","label":"answer","box":[433,389,531,404],"words":[{"text":"BÌNH","box":[433,389,468,404]},{"text":"TRẠNG","box":[476,389,531,404]}],"linking":[[242,243]]},{"id":244,"text":"Tên đơn vị ( CusName ) -","label":"question","box":[70,419,229,436],"words":[{"text":"Tên","box":[70,419,96,434]},{"text":"đơn","box":[103,420,130,434]},{"text":"vị","box":[136,420,146,435]},{"text":"(","box":[154,420,158,435]},{"text":"CusName","box":[161,421,218,436]},{"text":")","box":[220,421,222,436]},{"text":"-","box":[228,421,229,436]}],"linking":[]},{"id":245,"text":"Mã số thuế ( Tax code ) .","label":"question","box":[71,444,228,465],"words":[{"text":"Mã","box":[71,444,92,462]},{"text":"số","box":[98,444,114,462]},{"text":"thuế","box":[119,445,150,463]},{"text":"(","box":[157,445,162,463]},{"text":"Tax","box":[163,446,183,464]},{"text":"code","box":[188,447,215,465]},{"text":")","box":[218,447,221,465]},{"text":".","box":[227,447,228,465]}],"linking":[]},{"id":246,"text":"Địa chỉ ( Address )","label":"question","box":[70,474,182,493],"words":[{"text":"Địa","box":[70,474,93,491]},{"text":"chỉ","box":[100,474,121,491]},{"text":"(","box":[125,474,130,491]},{"text":"Address","box":[131,475,179,492]},{"text":")","box":[180,476,182,493]}],"linking":[[246,247]]},{"id":247,"text":"Tổ 7 , Ấp Bình Hòa , xã Bình Sơn , huyện Hòn Đất , tỉnh Kiên Giang","label":"answer","box":[432,474,905,491],"words":[{"text":"Tổ","box":[432,474,450,491]},{"text":"7","box":[457,474,463,491]},{"text":",","box":[466,474,467,491]},{"text":"Ấp","box":[474,474,492,491]},{"text":"Bình","box":[499,474,530,491]},{"text":"Hòa","box":[538,474,564,491]},{"text":",","box":[567,474,569,491]},{"text":"xã","box":[576,474,591,491]},{"text":"Bình","box":[599,474,630,491]},{"text":"Sơn","box":[637,474,665,491]},{"text":",","box":[668,474,669,491]},{"text":"huyện","box":[677,474,719,491]},{"text":"Hòn","box":[726,474,753,491]},{"text":"Đất","box":[760,474,784,491]},{"text":",","box":[787,474,788,491]},{"text":"tỉnh","box":[795,474,819,491]},{"text":"Kiên","box":[827,474,857,491]},{"text":"Giang","box":[864,474,905,491]}],"linking":[[246,247]]},{"id":248,"text":"Hình thức thanh toán ( Method of payment ) .","label":"question","box":[71,503,361,522],"words":[{"text":"Hình","box":[71,503,103,520]},{"text":"thức","box":[109,503,141,520]},{"text":"thanh","box":[147,503,186,520]},{"text":"toán","box":[192,503,222,521]},{"text":"(","box":[230,504,234,521]},{"text":"Method","box":[234,504,279,521]},{"text":"of","box":[284,504,295,521]},{"text":"payment","box":[299,504,349,522]},{"text":")","box":[351,505,352,522]},{"text":".","box":[360,505,361,522]}],"linking":[[248,249]]},{"id":249,"text":"Chuyển khoản / Tiền mặt","label":"answer","box":[433,503,605,520],"words":[{"text":"Chuyển","box":[433,503,486,520]},{"text":"khoản","box":[494,503,533,520]},{"text":"/","box":[537,503,542,520]},{"text":"Tiền","box":[543,503,572,520]},{"text":"mặt","box":[580,503,605,520]}],"linking":[[248,249]]},{"id":250,"text":"Số tài khoản ( A / C No ) .","label":"question","box":[685,502,840,521],"words":[{"text":"Số","box":[685,502,702,517]},{"text":"tài","box":[709,502,725,518]},{"text":"khoản","box":[731,504,774,518]},{"text":"(","box":[782,504,786,519]},{"text":"A","box":[789,505,792,520]},{"text":"/","box":[793,505,797,520]},{"text":"C","box":[800,505,808,520]},{"text":"No","box":[813,505,827,521]},{"text":")","box":[831,506,834,521]},{"text":".","box":[839,506,840,521]}],"linking":[]},{"id":251,"text":"Ngân hàng ( Bank Name ) :","label":"question","box":[71,535,241,549],"words":[{"text":"Ngân","box":[71,535,107,549]},{"text":"hàng","box":[115,535,148,549]},{"text":"(","box":[156,535,158,549]},{"text":"Bank","box":[161,535,191,549]},{"text":"Name","box":[195,535,230,549]},{"text":")","box":[232,535,235,549]},{"text":":","box":[241,535,241,549]}],"linking":[]},{"id":252,"text":"Số tiền viết bằng chữ ( Total amount in words )","label":"question","box":[77,1253,378,1272],"words":[{"text":"Số","box":[77,1253,94,1270]},{"text":"tiền","box":[99,1253,123,1270]},{"text":"viết","box":[131,1253,155,1270]},{"text":"bằng","box":[162,1253,196,1271]},{"text":"chữ","box":[203,1254,229,1271]},{"text":"(","box":[236,1254,240,1271]},{"text":"Total","box":[243,1254,270,1271]},{"text":"amount","box":[275,1254,319,1272]},{"text":"in","box":[324,1255,333,1272]},{"text":"words","box":[339,1255,372,1272]},{"text":")","box":[375,1255,378,1272]}],"linking":[[252,253]]},{"id":253,"text":"Chín triệu bảy trăm hai mươi nghìn đồng chẵn","label":"answer","box":[462,1252,795,1273],"words":[{"text":"Chín","box":[462,1252,493,1273]},{"text":"triệu","box":[500,1252,530,1273]},{"text":"bảy","box":[537,1252,562,1273]},{"text":"trăm","box":[567,1252,598,1273]},{"text":"hai","box":[604,1252,624,1273]},{"text":"mươi","box":[632,1252,669,1273]},{"text":"nghìn","box":[676,1252,714,1273]},{"text":"đồng","box":[722,1252,755,1273]},{"text":"chẵn","box":[763,1252,795,1273]}],"linking":[[252,253]]},{"id":254,"text":"Mẫu số ( Fom ) :","label":"question","box":[874,91,981,111],"words":[{"text":"Mẫu","box":[874,91,905,108]},{"text":"số","box":[910,92,927,109]},{"text":"(","box":[932,92,937,109]},{"text":"Fom","box":[937,93,959,110]},{"text":")","box":[966,93,974,110]},{"text":":","box":[978,94,981,111]}],"linking":[[254,256]]},{"id":255,"text":"Ki hiệu ( Series ) .","label":"question","box":[875,132,984,149],"words":[{"text":"Ki","box":[875,132,887,146]},{"text":"hiệu","box":[895,133,924,147]},{"text":"(","box":[931,133,936,147]},{"text":"Series","box":[937,134,973,148]},{"text":")","box":[974,135,978,149]},{"text":".","box":[981,135,984,149]}],"linking":[[255,257]]},{"id":256,"text":"01GTKT0 / 002","label":"answer","box":[1039,95,1141,107],"words":[{"text":"01GTKT0","box":[1039,95,1108,107]},{"text":"/","box":[1109,95,1115,107]},{"text":"002","box":[1114,95,1141,107]}],"linking":[[254,256]]},{"id":257,"text":"BM / 21E","label":"answer","box":[1040,133,1094,145],"words":[{"text":"BM","box":[1040,133,1060,145]},{"text":"/","box":[1063,133,1068,145]},{"text":"21E","box":[1068,133,1094,145]}],"linking":[[255,257]]},{"id":258,"text":"Số ( No. ) .","label":"question","box":[875,167,939,188],"words":[{"text":"Số","box":[875,167,894,184]},{"text":"(","box":[901,168,905,185]},{"text":"No.","box":[905,170,927,186]},{"text":")","box":[928,170,932,187]},{"text":".","box":[938,171,939,188]}],"linking":[[258,193]]}]