[{"id":0,"text":":","label":"","box":[227,253,228,270],"words":[{"text":":","box":[227,253,228,270]}],"linking":[]},{"id":1,"text":"STT","label":"","box":[62,621,90,632],"words":[{"text":"STT","box":[62,621,90,632]}],"linking":[]},{"id":2,"text":"No.","label":"","box":[64,645,88,655],"words":[{"text":"No.","box":[64,645,88,655]}],"linking":[]},{"id":3,"text":"Đơn","label":"","box":[173,56,197,71],"words":[{"text":"Đơn","box":[173,56,197,71]}],"linking":[]},{"id":4,"text":"vị","label":"","box":[203,56,211,71],"words":[{"text":"vị","box":[203,56,211,71]}],"linking":[]},{"id":5,"text":"hỗ","label":"","box":[215,56,229,71],"words":[{"text":"hỗ","box":[215,56,229,71]}],"linking":[]},{"id":6,"text":"trợ","label":"","box":[234,56,250,71],"words":[{"text":"trợ","box":[234,56,250,71]}],"linking":[]},{"id":7,"text":"cung","label":"","box":[254,56,282,71],"words":[{"text":"cung","box":[254,56,282,71]}],"linking":[]},{"id":8,"text":"cấp","label":"","box":[287,56,307,71],"words":[{"text":"cấp","box":[287,56,307,71]}],"linking":[]},{"id":9,"text":"công","label":"","box":[312,56,339,71],"words":[{"text":"công","box":[312,56,339,71]}],"linking":[]},{"id":10,"text":"cụ","label":"","box":[344,56,357,71],"words":[{"text":"cụ","box":[344,56,357,71]}],"linking":[]},{"id":11,"text":"phát","label":"","box":[361,56,387,71],"words":[{"text":"phát","box":[361,56,387,71]}],"linking":[]},{"id":12,"text":"hành","label":"","box":[392,56,420,71],"words":[{"text":"hành","box":[392,56,420,71]}],"linking":[]},{"id":13,"text":"hóa","label":"","box":[425,56,446,71],"words":[{"text":"hóa","box":[425,56,446,71]}],"linking":[]},{"id":14,"text":"đơn","label":"","box":[451,56,473,71],"words":[{"text":"đơn","box":[451,56,473,71]}],"linking":[]},{"id":15,"text":"điện","label":"","box":[478,56,502,71],"words":[{"text":"điện","box":[478,56,502,71]}],"linking":[]},{"id":16,"text":"tử","label":"","box":[507,56,514,71],"words":[{"text":"tử","box":[507,56,514,71]}],"linking":[]},{"id":17,"text":":","label":"","box":[518,56,521,71],"words":[{"text":":","box":[518,56,521,71]}],"linking":[]},{"id":18,"text":"Công","label":"","box":[527,56,557,71],"words":[{"text":"Công","box":[527,56,557,71]}],"linking":[]},{"id":19,"text":"ty","label":"","box":[562,56,572,71],"words":[{"text":"ty","box":[562,56,572,71]}],"linking":[]},{"id":20,"text":"Cổ","label":"","box":[576,56,592,71],"words":[{"text":"Cổ","box":[576,56,592,71]}],"linking":[]},{"id":21,"text":"phần","label":"","box":[596,56,625,71],"words":[{"text":"phần","box":[596,56,625,71]}],"linking":[]},{"id":22,"text":"Định","label":"","box":[630,56,656,71],"words":[{"text":"Định","box":[630,56,656,71]}],"linking":[]},{"id":23,"text":"Gia","label":"","box":[661,56,680,71],"words":[{"text":"Gia","box":[661,56,680,71]}],"linking":[]},{"id":24,"text":"Nét","label":"","box":[686,56,706,71],"words":[{"text":"Nét","box":[686,56,706,71]}],"linking":[]},{"id":25,"text":"-","label":"","box":[710,56,713,71],"words":[{"text":"-","box":[710,56,713,71]}],"linking":[]},{"id":26,"text":"DigiNet","label":"","box":[718,56,761,71],"words":[{"text":"DigiNet","box":[718,56,761,71]}],"linking":[]},{"id":27,"text":"Corp","label":"","box":[765,56,789,71],"words":[{"text":"Corp","box":[765,56,789,71]}],"linking":[]},{"id":28,"text":",","label":"","box":[792,56,795,71],"words":[{"text":",","box":[792,56,795,71]}],"linking":[]},{"id":29,"text":"MST","label":"","box":[801,56,825,71],"words":[{"text":"MST","box":[801,56,825,71]}],"linking":[]},{"id":30,"text":":","label":"","box":[828,56,832,71],"words":[{"text":":","box":[828,56,832,71]}],"linking":[]},{"id":31,"text":"0303359278","label":"","box":[837,56,907,71],"words":[{"text":"0303359278","box":[837,56,907,71]}],"linking":[]},{"id":32,"text":",","label":"","box":[910,56,912,71],"words":[{"text":",","box":[910,56,912,71]}],"linking":[]},{"id":33,"text":"Điện","label":"","box":[918,56,944,71],"words":[{"text":"Điện","box":[918,56,944,71]}],"linking":[]},{"id":34,"text":"thoại","label":"","box":[949,56,977,71],"words":[{"text":"thoại","box":[949,56,977,71]}],"linking":[]},{"id":35,"text":":","label":"","box":[979,56,980,71],"words":[{"text":":","box":[979,56,980,71]}],"linking":[]},{"id":36,"text":"028","label":"","box":[985,56,1006,71],"words":[{"text":"028","box":[985,56,1006,71]}],"linking":[]},{"id":37,"text":"35123878","label":"","box":[1011,56,1069,71],"words":[{"text":"35123878","box":[1011,56,1069,71]}],"linking":[]},{"id":38,"text":"HÓA","label":"","box":[389,93,453,127],"words":[{"text":"HÓA","box":[389,93,453,127]}],"linking":[]},{"id":39,"text":"ĐƠN","label":"","box":[462,93,532,127],"words":[{"text":"ĐƠN","box":[462,93,532,127]}],"linking":[]},{"id":40,"text":"GIÁ","label":"","box":[545,93,597,127],"words":[{"text":"GIÁ","box":[545,93,597,127]}],"linking":[]},{"id":41,"text":"TRỊ","label":"","box":[606,93,654,127],"words":[{"text":"TRỊ","box":[606,93,654,127]}],"linking":[]},{"id":42,"text":"GIA","label":"","box":[666,93,718,127],"words":[{"text":"GIA","box":[666,93,718,127]}],"linking":[]},{"id":43,"text":"TĂNG","label":"","box":[728,93,811,127],"words":[{"text":"TĂNG","box":[728,93,811,127]}],"linking":[]},{"id":44,"text":"VAT","label":"","box":[522,143,572,161],"words":[{"text":"VAT","box":[522,143,572,161]}],"linking":[]},{"id":45,"text":"INVOICE","label":"","box":[578,143,681,161],"words":[{"text":"INVOICE","box":[578,143,681,161]}],"linking":[]},{"id":46,"text":"Ngày","label":"","box":[431,177,467,192],"words":[{"text":"Ngày","box":[431,177,467,192]}],"linking":[]},{"id":47,"text":"(","label":"","box":[474,177,477,192],"words":[{"text":"(","box":[474,177,477,192]}],"linking":[]},{"id":48,"text":"Date","label":"","box":[477,177,504,192],"words":[{"text":"Date","box":[477,177,504,192]}],"linking":[]},{"id":49,"text":")","label":"","box":[507,177,510,192],"words":[{"text":")","box":[507,177,510,192]}],"linking":[]},{"id":50,"text":"22","label":"","box":[515,177,532,192],"words":[{"text":"22","box":[515,177,532,192]}],"linking":[]},{"id":51,"text":"tháng","label":"","box":[538,177,577,192],"words":[{"text":"tháng","box":[538,177,577,192]}],"linking":[]},{"id":52,"text":"(","label":"","box":[585,177,588,192],"words":[{"text":"(","box":[585,177,588,192]}],"linking":[]},{"id":53,"text":"month","label":"","box":[587,177,623,192],"words":[{"text":"month","box":[587,177,623,192]}],"linking":[]},{"id":54,"text":")","label":"","box":[626,177,630,192],"words":[{"text":")","box":[626,177,630,192]}],"linking":[]},{"id":55,"text":"03","label":"","box":[635,177,652,192],"words":[{"text":"03","box":[635,177,652,192]}],"linking":[]},{"id":56,"text":"năm","label":"","box":[659,177,687,192],"words":[{"text":"năm","box":[659,177,687,192]}],"linking":[]},{"id":57,"text":"(","label":"","box":[696,177,699,192],"words":[{"text":"(","box":[696,177,699,192]}],"linking":[]},{"id":58,"text":"year","label":"","box":[699,177,724,192],"words":[{"text":"year","box":[699,177,724,192]}],"linking":[]},{"id":59,"text":")","label":"","box":[727,177,730,192],"words":[{"text":")","box":[727,177,730,192]}],"linking":[]},{"id":60,"text":"2022","label":"","box":[735,177,769,192],"words":[{"text":"2022","box":[735,177,769,192]}],"linking":[]},{"id":61,"text":"1","label":"","box":[72,700,79,712],"words":[{"text":"1","box":[72,700,79,712]}],"linking":[]},{"id":62,"text":"BINH","label":"","box":[162,172,193,184],"words":[{"text":"BINH","box":[162,172,193,184]}],"linking":[]},{"id":63,"text":"MINH","label":"","box":[199,172,231,183],"words":[{"text":"MINH","box":[199,172,231,183]}],"linking":[]},{"id":64,"text":"2","label":"","box":[71,740,81,750],"words":[{"text":"2","box":[71,740,81,750]}],"linking":[]},{"id":65,"text":"3","label":"","box":[71,777,80,789],"words":[{"text":"3","box":[71,777,80,789]}],"linking":[]},{"id":66,"text":"TÊN","label":"","box":[174,617,203,635],"words":[{"text":"TÊN","box":[174,617,203,635]}],"linking":[]},{"id":67,"text":"HÀNG","label":"","box":[211,617,254,635],"words":[{"text":"HÀNG","box":[211,617,254,635]}],"linking":[]},{"id":68,"text":"HÓA","label":"","box":[259,617,291,635],"words":[{"text":"HÓA","box":[259,617,291,635]}],"linking":[]},{"id":69,"text":",","label":"","box":[294,617,295,635],"words":[{"text":",","box":[294,617,295,635]}],"linking":[]},{"id":70,"text":"DỊCH","label":"","box":[303,617,338,635],"words":[{"text":"DỊCH","box":[303,617,338,635]}],"linking":[]},{"id":71,"text":"VỤ","label":"","box":[344,617,364,635],"words":[{"text":"VỤ","box":[344,617,364,635]}],"linking":[]},{"id":72,"text":"Description","label":"","box":[232,644,308,658],"words":[{"text":"Description","box":[232,644,308,658]}],"linking":[]},{"id":73,"text":"ABT","label":"","box":[103,700,134,712],"words":[{"text":"ABT","box":[103,700,134,712]}],"linking":[]},{"id":74,"text":"500G","label":"","box":[138,700,178,712],"words":[{"text":"500G","box":[138,700,178,712]}],"linking":[]},{"id":75,"text":"0303880297","label":"answer","box":[330,254,419,265],"words":[{"text":"0303880297","box":[330,254,419,265]}],"linking":[[249,75]]},{"id":76,"text":"112002622316","label":"answer","box":[331,311,439,323],"words":[{"text":"112002622316","box":[331,311,439,323]}],"linking":[[252,76]]},{"id":77,"text":"AQUAMIN","label":"","box":[103,738,177,750],"words":[{"text":"AQUAMIN","box":[103,738,177,750]}],"linking":[]},{"id":78,"text":"5KG","label":"","box":[184,738,215,750],"words":[{"text":"5KG","box":[184,738,215,750]}],"linking":[]},{"id":79,"text":"ABM","label":"","box":[102,777,136,789],"words":[{"text":"ABM","box":[102,777,136,789]}],"linking":[]},{"id":80,"text":"BIOMI","label":"","box":[143,777,188,789],"words":[{"text":"BIOMI","box":[143,777,188,789]}],"linking":[]},{"id":81,"text":"10KG","label":"","box":[195,777,234,789],"words":[{"text":"10KG","box":[195,777,234,789]}],"linking":[]},{"id":82,"text":"TỔNG","label":"","box":[208,1051,254,1067],"words":[{"text":"TỔNG","box":[208,1051,254,1067]}],"linking":[]},{"id":83,"text":"HỢP","label":"","box":[261,1053,295,1068],"words":[{"text":"HỢP","box":[261,1053,295,1068]}],"linking":[]},{"id":84,"text":"Tổng","label":"","box":[76,1091,111,1108],"words":[{"text":"Tổng","box":[76,1091,111,1108]}],"linking":[]},{"id":85,"text":"tiền","label":"","box":[117,1091,142,1108],"words":[{"text":"tiền","box":[117,1091,142,1108]}],"linking":[]},{"id":86,"text":"không","label":"","box":[150,1091,191,1108],"words":[{"text":"không","box":[150,1091,191,1108]}],"linking":[]},{"id":87,"text":"kê","label":"","box":[199,1091,213,1108],"words":[{"text":"kê","box":[199,1091,213,1108]}],"linking":[]},{"id":88,"text":"khai","label":"","box":[221,1091,248,1108],"words":[{"text":"khai","box":[221,1091,248,1108]}],"linking":[]},{"id":89,"text":"và","label":"","box":[254,1091,270,1108],"words":[{"text":"và","box":[254,1091,270,1108]}],"linking":[]},{"id":90,"text":"nộp","label":"","box":[277,1091,302,1108],"words":[{"text":"nộp","box":[277,1091,302,1108]}],"linking":[]},{"id":91,"text":"thuế","label":"","box":[308,1091,338,1108],"words":[{"text":"thuế","box":[308,1091,338,1108]}],"linking":[]},{"id":92,"text":":","label":"","box":[341,1091,341,1108],"words":[{"text":":","box":[341,1091,341,1108]}],"linking":[]},{"id":93,"text":"Tổng","label":"","box":[77,1114,109,1134],"words":[{"text":"Tổng","box":[77,1114,109,1134]}],"linking":[]},{"id":94,"text":"tiền","label":"","box":[117,1114,139,1134],"words":[{"text":"tiền","box":[117,1114,139,1134]}],"linking":[]},{"id":95,"text":"không","label":"","box":[146,1114,190,1134],"words":[{"text":"không","box":[146,1114,190,1134]}],"linking":[]},{"id":96,"text":"chịu","label":"","box":[198,1114,222,1134],"words":[{"text":"chịu","box":[198,1114,222,1134]}],"linking":[]},{"id":97,"text":"thuế","label":"","box":[231,1114,261,1134],"words":[{"text":"thuế","box":[231,1114,261,1134]}],"linking":[]},{"id":98,"text":"GTGT","label":"","box":[269,1114,311,1134],"words":[{"text":"GTGT","box":[269,1114,311,1134]}],"linking":[]},{"id":99,"text":":","label":"","box":[314,1114,317,1134],"words":[{"text":":","box":[314,1114,317,1134]}],"linking":[]},{"id":100,"text":"Tổng","label":"","box":[76,1142,110,1161],"words":[{"text":"Tổng","box":[76,1142,110,1161]}],"linking":[]},{"id":101,"text":"tiền","label":"","box":[116,1142,141,1160],"words":[{"text":"tiền","box":[116,1142,141,1160]}],"linking":[]},{"id":102,"text":"chịu","label":"","box":[148,1142,176,1160],"words":[{"text":"chịu","box":[148,1142,176,1160]}],"linking":[]},{"id":103,"text":"thuế","label":"","box":[182,1142,212,1160],"words":[{"text":"thuế","box":[182,1142,212,1160]}],"linking":[]},{"id":104,"text":"suất","label":"","box":[220,1142,248,1160],"words":[{"text":"suất","box":[220,1142,248,1160]}],"linking":[]},{"id":105,"text":":","label":"","box":[251,1142,251,1160],"words":[{"text":":","box":[251,1142,251,1160]}],"linking":[]},{"id":106,"text":"Tổng","label":"","box":[76,1169,110,1189],"words":[{"text":"Tổng","box":[76,1169,110,1189]}],"linking":[]},{"id":107,"text":"tiền","label":"","box":[116,1169,141,1188],"words":[{"text":"tiền","box":[116,1169,141,1188]}],"linking":[]},{"id":108,"text":"chịu","label":"","box":[148,1169,176,1188],"words":[{"text":"chịu","box":[148,1169,176,1188]}],"linking":[]},{"id":109,"text":"thuế","label":"","box":[182,1168,212,1187],"words":[{"text":"thuế","box":[182,1168,212,1187]}],"linking":[]},{"id":110,"text":"suất","label":"","box":[220,1168,248,1187],"words":[{"text":"suất","box":[220,1168,248,1187]}],"linking":[]},{"id":111,"text":":","label":"","box":[250,1168,250,1187],"words":[{"text":":","box":[250,1168,250,1187]}],"linking":[]},{"id":112,"text":"Tổng","label":"","box":[76,1197,111,1214],"words":[{"text":"Tổng","box":[76,1197,111,1214]}],"linking":[]},{"id":113,"text":"tiền","label":"","box":[117,1197,142,1214],"words":[{"text":"tiền","box":[117,1197,142,1214]}],"linking":[]},{"id":114,"text":"chịu","label":"","box":[149,1197,177,1214],"words":[{"text":"chịu","box":[149,1197,177,1214]}],"linking":[]},{"id":115,"text":"thuế","label":"","box":[183,1197,213,1214],"words":[{"text":"thuế","box":[183,1197,213,1214]}],"linking":[]},{"id":116,"text":"suất","label":"","box":[221,1197,249,1214],"words":[{"text":"suất","box":[221,1197,249,1214]}],"linking":[]},{"id":117,"text":":","label":"","box":[252,1197,252,1214],"words":[{"text":":","box":[252,1197,252,1214]}],"linking":[]},{"id":118,"text":"Tổng","label":"","box":[76,1224,111,1241],"words":[{"text":"Tổng","box":[76,1224,111,1241]}],"linking":[]},{"id":119,"text":"cộng","label":"","box":[118,1224,151,1241],"words":[{"text":"cộng","box":[118,1224,151,1241]}],"linking":[]},{"id":120,"text":"tiền","label":"","box":[158,1224,182,1241],"words":[{"text":"tiền","box":[158,1224,182,1241]}],"linking":[]},{"id":121,"text":"thanh","label":"","box":[189,1224,228,1241],"words":[{"text":"thanh","box":[189,1224,228,1241]}],"linking":[]},{"id":122,"text":"toán","label":"","box":[234,1224,264,1241],"words":[{"text":"toán","box":[234,1224,264,1241]}],"linking":[]},{"id":123,"text":":","label":"","box":[267,1224,267,1241],"words":[{"text":":","box":[267,1224,267,1241]}],"linking":[]},{"id":124,"text":"Người","label":"","box":[255,1305,298,1320],"words":[{"text":"Người","box":[255,1305,298,1320]}],"linking":[]},{"id":125,"text":"mua","label":"","box":[306,1305,335,1320],"words":[{"text":"mua","box":[306,1305,335,1320]}],"linking":[]},{"id":126,"text":"hàng","label":"","box":[342,1305,376,1320],"words":[{"text":"hàng","box":[342,1305,376,1320]}],"linking":[]},{"id":127,"text":"(","label":"","box":[384,1305,387,1320],"words":[{"text":"(","box":[384,1305,387,1320]}],"linking":[]},{"id":128,"text":"Buyer","label":"","box":[388,1305,422,1320],"words":[{"text":"Buyer","box":[388,1305,422,1320]}],"linking":[]},{"id":129,"text":")","label":"","box":[424,1306,427,1321],"words":[{"text":")","box":[424,1306,427,1321]}],"linking":[]},{"id":130,"text":"8029229809","label":"answer","box":[432,442.15,520,456.15],"words":[{"text":"8029229809","box":[432,446,520,460]}],"linking":[[258,130]]},{"id":131,"text":".","label":"","box":[839,507,840,522],"words":[{"text":".","box":[839,507,840,522]}],"linking":[]},{"id":132,"text":"ĐƠN","label":"","box":[457,609,490,622],"words":[{"text":"ĐƠN","box":[457,609,490,622]}],"linking":[]},{"id":133,"text":"VỊ","label":"","box":[497,609,509,622],"words":[{"text":"VỊ","box":[497,609,509,622]}],"linking":[]},{"id":134,"text":"SÓ","label":"","box":[548,607,572,620],"words":[{"text":"SÓ","box":[548,607,572,620]}],"linking":[]},{"id":135,"text":"TÍNH","label":"","box":[469,629,504,643],"words":[{"text":"TÍNH","box":[469,629,504,643]}],"linking":[]},{"id":136,"text":"Unit","label":"","box":[474,657,503,667],"words":[{"text":"Unit","box":[474,657,503,667]}],"linking":[]},{"id":137,"text":"Túi","label":"","box":[476,700,497,711],"words":[{"text":"Túi","box":[476,700,497,711]}],"linking":[]},{"id":138,"text":"Bao","label":"","box":[473,739,500,750],"words":[{"text":"Bao","box":[473,739,500,750]}],"linking":[]},{"id":139,"text":"Bao","label":"","box":[473,778,500,789],"words":[{"text":"Bao","box":[473,778,500,789]}],"linking":[]},{"id":140,"text":"|","label":"","box":[528,629,529,646],"words":[{"text":"|","box":[528,629,529,646]}],"linking":[]},{"id":141,"text":"LƯỢNG","label":"","box":[533,629,586,646],"words":[{"text":"LƯỢNG","box":[533,629,586,646]}],"linking":[]},{"id":142,"text":"Quantity","label":"","box":[533,657,593,670],"words":[{"text":"Quantity","box":[533,657,593,670]}],"linking":[]},{"id":143,"text":"200","label":"","box":[548,701,574,711],"words":[{"text":"200","box":[548,701,574,711]}],"linking":[]},{"id":144,"text":"X","label":"","box":[516,1123,525,1131],"words":[{"text":"X","box":[516,1123,525,1131]}],"linking":[]},{"id":145,"text":"0","label":"","box":[508,1146,517,1158],"words":[{"text":"0","box":[508,1146,517,1158]}],"linking":[]},{"id":146,"text":"%","label":"","box":[519,1145,531,1157],"words":[{"text":"%","box":[519,1145,531,1157]}],"linking":[]},{"id":147,"text":"5","label":"","box":[508,1174,517,1184],"words":[{"text":"5","box":[508,1174,517,1184]}],"linking":[]},{"id":148,"text":"%","label":"","box":[518,1174,531,1184],"words":[{"text":"%","box":[518,1174,531,1184]}],"linking":[]},{"id":149,"text":"10","label":"","box":[505,1200,521,1211],"words":[{"text":"10","box":[505,1200,521,1211]}],"linking":[]},{"id":150,"text":"%","label":"","box":[523,1200,535,1211],"words":[{"text":"%","box":[523,1200,535,1211]}],"linking":[]},{"id":151,"text":"260","label":"","box":[548,739,574,750],"words":[{"text":"260","box":[548,739,574,750]}],"linking":[]},{"id":152,"text":"100","label":"","box":[549,778,574,788],"words":[{"text":"100","box":[549,778,574,788]}],"linking":[]},{"id":153,"text":"THUẾ","label":"","box":[475,1052,518,1066],"words":[{"text":"THUẾ","box":[475,1052,518,1066]}],"linking":[]},{"id":154,"text":"SUẤT","label":"","box":[525,1052,567,1066],"words":[{"text":"SUẤT","box":[525,1052,567,1066]}],"linking":[]},{"id":155,"text":"ĐƠN","label":"","box":[629,618,662,633],"words":[{"text":"ĐƠN","box":[629,618,662,633]}],"linking":[]},{"id":156,"text":"GIẢ","label":"","box":[669,618,694,632],"words":[{"text":"GIẢ","box":[669,618,694,632]}],"linking":[]},{"id":157,"text":"Price","label":"","box":[645,644,682,656],"words":[{"text":"Price","box":[645,644,682,656]}],"linking":[]},{"id":158,"text":"109,090.909","label":"","box":[629,700,718,714],"words":[{"text":"109,090.909","box":[629,700,718,714]}],"linking":[]},{"id":159,"text":"150,000.000","label":"","box":[630,738,718,751],"words":[{"text":"150,000.000","box":[630,738,718,751]}],"linking":[]},{"id":160,"text":"190,909.091","label":"","box":[630,778,717,790],"words":[{"text":"190,909.091","box":[630,778,717,790]}],"linking":[]},{"id":161,"text":"THÀNH","label":"","box":[745,615,795,633],"words":[{"text":"THÀNH","box":[745,615,795,633]}],"linking":[]},{"id":162,"text":"TIỀN","label":"","box":[802,616,835,632],"words":[{"text":"TIỀN","box":[802,616,835,632]}],"linking":[]},{"id":163,"text":"Total","label":"","box":[775,644,810,656],"words":[{"text":"Total","box":[775,644,810,656]}],"linking":[]},{"id":164,"text":"Cộng","label":"","box":[613,1017,649,1031],"words":[{"text":"Cộng","box":[613,1017,649,1031]}],"linking":[]},{"id":165,"text":"(","label":"","box":[657,1017,660,1031],"words":[{"text":"(","box":[657,1017,660,1031]}],"linking":[]},{"id":166,"text":"Sub","label":"","box":[663,1017,684,1031],"words":[{"text":"Sub","box":[663,1017,684,1031]}],"linking":[]},{"id":167,"text":"total","label":"","box":[689,1017,714,1031],"words":[{"text":"total","box":[689,1017,714,1031]}],"linking":[]},{"id":168,"text":")","label":"","box":[716,1017,718,1031],"words":[{"text":")","box":[716,1017,718,1031]}],"linking":[]},{"id":169,"text":"79,909,091","label":"","box":[764,1016,844,1030],"words":[{"text":"79,909,091","box":[764,1016,844,1030]}],"linking":[]},{"id":170,"text":"TRỊ","label":"","box":[620,1052,644,1068],"words":[{"text":"TRỊ","box":[620,1052,644,1068]}],"linking":[]},{"id":171,"text":"GIÁ","label":"","box":[652,1052,678,1068],"words":[{"text":"GIÁ","box":[652,1052,678,1068]}],"linking":[]},{"id":172,"text":"CHƯA","label":"","box":[685,1052,731,1068],"words":[{"text":"CHƯA","box":[685,1052,731,1068]}],"linking":[]},{"id":173,"text":"THUẾ","label":"","box":[737,1052,780,1068],"words":[{"text":"THUẾ","box":[737,1052,780,1068]}],"linking":[]},{"id":174,"text":"GTGT","label":"","box":[787,1052,827,1068],"words":[{"text":"GTGT","box":[787,1052,827,1068]}],"linking":[]},{"id":175,"text":"1/1","label":"","box":[606,1716,635,1731],"words":[{"text":"1/1","box":[606,1716,635,1731]}],"linking":[]},{"id":176,"text":"21,818,182","label":"","box":[763,701,845,714],"words":[{"text":"21,818,182","box":[763,701,845,714]}],"linking":[]},{"id":177,"text":"10","label":"","box":[874,701,891,712],"words":[{"text":"10","box":[874,701,891,712]}],"linking":[]},{"id":178,"text":"%","label":"","box":[892,701,904,712],"words":[{"text":"%","box":[892,701,904,712]}],"linking":[]},{"id":179,"text":"39,000,000","label":"","box":[764,738,845,751],"words":[{"text":"39,000,000","box":[764,738,845,751]}],"linking":[]},{"id":180,"text":"X","label":"","box":[886,742,895,750],"words":[{"text":"X","box":[886,742,895,750]}],"linking":[]},{"id":181,"text":"19,090,909","label":"","box":[764,778,845,790],"words":[{"text":"19,090,909","box":[764,778,845,790]}],"linking":[]},{"id":182,"text":"10","label":"","box":[874,778,891,789],"words":[{"text":"10","box":[874,778,891,789]}],"linking":[]},{"id":183,"text":"%","label":"","box":[892,778,904,789],"words":[{"text":"%","box":[892,778,904,789]}],"linking":[]},{"id":184,"text":"39,000,000","label":"","box":[756,1120,836,1132],"words":[{"text":"39,000,000","box":[756,1120,836,1132]}],"linking":[]},{"id":185,"text":"THUÉ","label":"","box":[867,594,907,608],"words":[{"text":"THUÉ","box":[867,594,907,608]}],"linking":[]},{"id":186,"text":"SUÁT","label":"","box":[868,618,908,632],"words":[{"text":"SUÁT","box":[868,618,908,632]}],"linking":[]},{"id":187,"text":"GTGT","label":"","box":[869,643,912,655],"words":[{"text":"GTGT","box":[869,643,912,655]}],"linking":[]},{"id":188,"text":"VAT","label":"","box":[861,668,890,679],"words":[{"text":"VAT","box":[861,668,890,679]}],"linking":[]},{"id":189,"text":"rate","label":"","box":[895,668,921,679],"words":[{"text":"rate","box":[895,668,921,679]}],"linking":[]},{"id":190,"text":"40,909,091","label":"","box":[755,1198,834,1213],"words":[{"text":"40,909,091","box":[755,1198,834,1213]}],"linking":[]},{"id":191,"text":"79,909,091","label":"","box":[756,1227,835,1240],"words":[{"text":"79,909,091","box":[756,1227,835,1240]}],"linking":[]},{"id":192,"text":"TIÊN","label":"","box":[944,606,976,620],"words":[{"text":"TIÊN","box":[944,606,976,620]}],"linking":[]},{"id":193,"text":"THUÊ","label":"","box":[985,606,1024,620],"words":[{"text":"THUÊ","box":[985,606,1024,620]}],"linking":[]},{"id":194,"text":"GTGT","label":"","box":[965,632,1008,643],"words":[{"text":"GTGT","box":[965,632,1008,643]}],"linking":[]},{"id":195,"text":"VAT","label":"","box":[945,657,974,668],"words":[{"text":"VAT","box":[945,657,974,668]}],"linking":[]},{"id":196,"text":"amount","label":"","box":[979,658,1030,668],"words":[{"text":"amount","box":[979,658,1030,668]}],"linking":[]},{"id":197,"text":"1,909,091","label":"","box":[967,777,1035,790],"words":[{"text":"1,909,091","box":[967,777,1035,790]}],"linking":[]},{"id":198,"text":"4,090,909","label":"","box":[965,1016,1036,1030],"words":[{"text":"4,090,909","box":[965,1016,1036,1030]}],"linking":[]},{"id":199,"text":"2,181,818","label":"","box":[965,700,1038,714],"words":[{"text":"2,181,818","box":[965,700,1038,714]}],"linking":[]},{"id":200,"text":"TIÊN","label":"","box":[883,1051,917,1066],"words":[{"text":"TIÊN","box":[883,1051,917,1066]}],"linking":[]},{"id":201,"text":"THUÊ","label":"","box":[926,1051,968,1066],"words":[{"text":"THUÊ","box":[926,1051,968,1066]}],"linking":[]},{"id":202,"text":"GIGT","label":"","box":[975,1051,1017,1067],"words":[{"text":"GIGT","box":[975,1051,1017,1067]}],"linking":[]},{"id":203,"text":"4,090,909","label":"","box":[957,1200,1029,1212],"words":[{"text":"4,090,909","box":[957,1200,1029,1212]}],"linking":[]},{"id":204,"text":"4,090,909","label":"","box":[957,1227,1030,1239],"words":[{"text":"4,090,909","box":[957,1227,1030,1239]}],"linking":[]},{"id":205,"text":"Người","label":"","box":[817,1305,860,1320],"words":[{"text":"Người","box":[817,1305,860,1320]}],"linking":[]},{"id":206,"text":"bán","label":"","box":[868,1305,893,1320],"words":[{"text":"bán","box":[868,1305,893,1320]}],"linking":[]},{"id":207,"text":"hàng","label":"","box":[900,1305,934,1320],"words":[{"text":"hàng","box":[900,1305,934,1320]}],"linking":[]},{"id":208,"text":"(","label":"","box":[942,1306,945,1321],"words":[{"text":"(","box":[942,1306,945,1321]}],"linking":[]},{"id":209,"text":"Seller","label":"","box":[947,1306,978,1321],"words":[{"text":"Seller","box":[947,1306,978,1321]}],"linking":[]},{"id":210,"text":")","label":"","box":[981,1306,984,1321],"words":[{"text":")","box":[981,1306,984,1321]}],"linking":[]},{"id":211,"text":"0000545","label":"answer","box":[1039,172,1114,185],"words":[{"text":"0000545","box":[1039,172,1114,185]}],"linking":[[269,211]]},{"id":212,"text":"THÀNH","label":"","box":[1064,606,1116,620],"words":[{"text":"THÀNH","box":[1064,606,1116,620]}],"linking":[]},{"id":213,"text":"TIỀN","label":"","box":[1122,606,1156,620],"words":[{"text":"TIỀN","box":[1122,606,1156,620]}],"linking":[]},{"id":214,"text":"SAU","label":"","box":[1075,628,1102,644],"words":[{"text":"SAU","box":[1075,628,1102,644]}],"linking":[]},{"id":215,"text":"THUẾ","label":"","box":[1109,627,1150,643],"words":[{"text":"THUẾ","box":[1109,627,1150,643]}],"linking":[]},{"id":216,"text":"Amount","label":"","box":[1086,657,1142,668],"words":[{"text":"Amount","box":[1086,657,1142,668]}],"linking":[]},{"id":217,"text":"Signature","label":"","box":[777,1353,845,1371],"words":[{"text":"Signature","box":[777,1353,845,1371]}],"linking":[]},{"id":218,"text":"Valid","label":"","box":[850,1352,890,1369],"words":[{"text":"Valid","box":[850,1352,890,1369]}],"linking":[]},{"id":219,"text":"|","label":"","box":[771,1376,772,1399],"words":[{"text":"|","box":[771,1376,772,1399]}],"linking":[]},{"id":220,"text":"Ký","label":"","box":[774,1375,796,1398],"words":[{"text":"Ký","box":[774,1375,796,1398]}],"linking":[]},{"id":221,"text":"bởi","label":"","box":[803,1375,826,1398],"words":[{"text":"bởi","box":[803,1375,826,1398]}],"linking":[]},{"id":222,"text":":","label":"","box":[828,1375,829,1398],"words":[{"text":":","box":[828,1375,829,1398]}],"linking":[]},{"id":223,"text":"CÔNG","label":"","box":[832,1374,887,1398],"words":[{"text":"CÔNG","box":[832,1374,887,1398]}],"linking":[]},{"id":224,"text":"TY","label":"","box":[893,1374,912,1397],"words":[{"text":"TY","box":[893,1374,912,1397]}],"linking":[]},{"id":225,"text":"CỔ","label":"","box":[923,1374,942,1397],"words":[{"text":"CỔ","box":[923,1374,942,1397]}],"linking":[]},{"id":226,"text":"PHẦN","label":"","box":[951,1372,1000,1397],"words":[{"text":"PHẦN","box":[951,1372,1000,1397]}],"linking":[]},{"id":227,"text":"THỦY","label":"","box":[1006,1373,1054,1396],"words":[{"text":"THỦY","box":[1006,1373,1054,1396]}],"linking":[]},{"id":228,"text":"SẢN","label":"","box":[778,1398,812,1415],"words":[{"text":"SẢN","box":[778,1398,812,1415]}],"linking":[]},{"id":229,"text":"BÌNH","label":"","box":[817,1398,860,1414],"words":[{"text":"BÌNH","box":[817,1398,860,1414]}],"linking":[]},{"id":230,"text":"MINH","label":"","box":[866,1398,914,1414],"words":[{"text":"MINH","box":[866,1398,914,1414]}],"linking":[]},{"id":231,"text":"|","label":"","box":[773,1425,774,1443],"words":[{"text":"|","box":[773,1425,774,1443]}],"linking":[]},{"id":232,"text":"Ngày","label":"","box":[775,1424,813,1442],"words":[{"text":"Ngày","box":[775,1424,813,1442]}],"linking":[]},{"id":233,"text":"ký","label":"","box":[820,1424,834,1442],"words":[{"text":"ký","box":[820,1424,834,1442]}],"linking":[]},{"id":234,"text":":","label":"","box":[838,1424,841,1442],"words":[{"text":":","box":[838,1424,841,1442]}],"linking":[]},{"id":235,"text":"22/03/2022","label":"","box":[848,1422,929,1442],"words":[{"text":"22/03/2022","box":[848,1422,929,1442]}],"linking":[]},{"id":236,"text":"24,000,000","label":"","box":[1087,700,1167,715],"words":[{"text":"24,000,000","box":[1087,700,1167,715]}],"linking":[]},{"id":237,"text":"39,000,000","label":"","box":[1088,739,1169,752],"words":[{"text":"39,000,000","box":[1088,739,1169,752]}],"linking":[]},{"id":238,"text":"21,000,000","label":"","box":[1088,778,1167,791],"words":[{"text":"21,000,000","box":[1088,778,1167,791]}],"linking":[]},{"id":239,"text":"84,000,000","label":"","box":[1088,1016,1168,1030],"words":[{"text":"84,000,000","box":[1088,1016,1168,1030]}],"linking":[]},{"id":240,"text":"GIÁ","label":"","box":[1052,1040,1078,1056],"words":[{"text":"GIÁ","box":[1052,1040,1078,1056]}],"linking":[]},{"id":241,"text":"TRỊ","label":"","box":[1083,1040,1107,1056],"words":[{"text":"TRỊ","box":[1083,1040,1107,1056]}],"linking":[]},{"id":242,"text":"THANH","label":"","box":[1114,1040,1168,1056],"words":[{"text":"THANH","box":[1114,1040,1168,1056]}],"linking":[]},{"id":243,"text":"TOÁN","label":"","box":[1090,1065,1133,1079],"words":[{"text":"TOÁN","box":[1090,1065,1133,1079]}],"linking":[]},{"id":244,"text":"39,000,000","label":"","box":[1079,1119,1159,1133],"words":[{"text":"39,000,000","box":[1079,1119,1159,1133]}],"linking":[]},{"id":245,"text":"45,000,000","label":"","box":[1079,1200,1161,1213],"words":[{"text":"45,000,000","box":[1079,1200,1161,1213]}],"linking":[]},{"id":246,"text":"84,000,000","label":"","box":[1080,1227,1161,1239],"words":[{"text":"84,000,000","box":[1080,1227,1161,1239]}],"linking":[]},{"id":247,"text":"Đơn vị bán hàng ( ComName ) :","label":"question","box":[70,222,277,240],"words":[{"text":"Đơn","box":[70,222,100,238]},{"text":"vị","box":[106,222,117,238]},{"text":"bán","box":[124,222,148,238]},{"text":"hàng","box":[156,223,189,239]},{"text":"(","box":[197,223,201,239]},{"text":"ComName","box":[203,224,265,240]},{"text":")","box":[267,224,270,240]},{"text":":","box":[276,224,277,240]}],"linking":[[247,248]]},{"id":248,"text":"CÔNG TY CỔ PHẦN THUỶ SẢN BÌNH MINH","label":"answer","box":[331,221,660,235],"words":[{"text":"CÔNG","box":[331,221,378,235]},{"text":"TY","box":[384,221,404,235]},{"text":"CỔ","box":[411,221,432,235]},{"text":"PHẦN","box":[440,221,483,235]},{"text":"THUỶ","box":[489,221,533,235]},{"text":"SẢN","box":[538,221,570,235]},{"text":"BÌNH","box":[578,221,614,235]},{"text":"MINH","box":[621,221,660,235]}],"linking":[[247,248]]},{"id":249,"text":"Mã số thuế ( Tax code )","label":"question","box":[71,249,221,270],"words":[{"text":"Mã","box":[71,250,92,266]},{"text":"số","box":[98,249,114,266]},{"text":"thuế","box":[119,250,150,267]},{"text":"(","box":[157,251,162,268]},{"text":"Tax","box":[165,251,183,268]},{"text":"code","box":[188,252,216,269]},{"text":")","box":[219,253,221,270]}],"linking":[[249,75]]},{"id":250,"text":"Địa chỉ ( Address ) .","label":"question","box":[70,281,191,298],"words":[{"text":"Địa","box":[70,282,94,296]},{"text":"chỉ","box":[100,281,119,297]},{"text":"(","box":[126,282,130,297]},{"text":"Address","box":[132,283,179,297]},{"text":")","box":[180,283,185,298]},{"text":".","box":[189,283,191,298]}],"linking":[[250,251]]},{"id":251,"text":"Số 86/28/1 , Phổ Quang , Phường 2 , Quận Tân Bình , TP.HCM","label":"answer","box":[331,280,770,297],"words":[{"text":"Số","box":[331,280,348,297]},{"text":"86/28/1","box":[356,280,406,297]},{"text":",","box":[411,280,412,297]},{"text":"Phổ","box":[420,280,446,297]},{"text":"Quang","box":[454,280,500,297]},{"text":",","box":[503,280,504,297]},{"text":"Phường","box":[512,280,569,297]},{"text":"2","box":[576,280,583,297]},{"text":",","box":[586,280,587,297]},{"text":"Quận","box":[595,280,632,297]},{"text":"Tân","box":[639,280,665,297]},{"text":"Bình","box":[672,280,703,297]},{"text":",","box":[706,280,707,297]},{"text":"TP.HCM","box":[710,280,770,297]}],"linking":[[250,251]]},{"id":252,"text":"Số tài khoản ( BankNo ) .","label":"question","box":[71,308,231,327],"words":[{"text":"Số","box":[71,308,88,323]},{"text":"tài","box":[95,308,110,324]},{"text":"khoản","box":[118,310,159,324]},{"text":"(","box":[167,310,171,325]},{"text":"BankNo","box":[172,311,216,326]},{"text":")","box":[219,312,223,327]},{"text":".","box":[229,312,231,327]}],"linking":[[252,76]]},{"id":253,"text":"Ngân hàng ( BankName ) :","label":"question","box":[71,338,238,357],"words":[{"text":"Ngân","box":[71,338,107,356]},{"text":"hàng","box":[115,338,148,356]},{"text":"(","box":[155,338,160,356]},{"text":"BankName","box":[162,339,224,357]},{"text":")","box":[228,339,232,357]},{"text":":","box":[235,339,238,357]}],"linking":[[253,254]]},{"id":254,"text":"NH TMCP Công Thương Việt Nam ( Vietinbank ) - CN Tây Sài Gòn , TP.HCM","label":"answer","box":[331,342,880,356],"words":[{"text":"NH","box":[331,342,351,356]},{"text":"TMCP","box":[358,342,403,356]},{"text":"Công","box":[411,342,447,356]},{"text":"Thương","box":[453,342,510,356]},{"text":"Việt","box":[517,342,544,356]},{"text":"Nam","box":[551,342,582,356]},{"text":"(","box":[590,342,595,356]},{"text":"Vietinbank","box":[596,342,666,356]},{"text":")","box":[671,342,675,356]},{"text":"-","box":[681,342,685,356]},{"text":"CN","box":[692,342,712,356]},{"text":"Tây","box":[720,342,746,356]},{"text":"Sài","box":[753,342,774,356]},{"text":"Gòn","box":[781,342,809,356]},{"text":",","box":[812,342,813,356]},{"text":"TP.HCM","box":[820,342,880,356]}],"linking":[[253,254]]},{"id":255,"text":"Họ tên người mua hàng ( Buyer )","label":"question","box":[69,388,293,409],"words":[{"text":"Họ","box":[69,388,86,407]},{"text":"tên","box":[94,388,111,407]},{"text":"người","box":[124,388,165,408]},{"text":"mua","box":[172,389,201,408]},{"text":"hàng","box":[209,389,242,408]},{"text":"(","box":[250,389,253,408]},{"text":"Buyer","box":[256,390,288,409]},{"text":")","box":[291,390,293,409]}],"linking":[]},{"id":256,"text":"Tên đơn vị ( CusName ) :","label":"question","box":[70,417,229,435],"words":[{"text":"Tên","box":[70,417,96,431]},{"text":"đơn","box":[104,418,130,432]},{"text":"vị","box":[136,418,147,432]},{"text":"(","box":[153,419,157,433]},{"text":"CusName","box":[159,419,218,433]},{"text":")","box":[220,420,222,434]},{"text":":","box":[228,421,229,435]}],"linking":[[256,257]]},{"id":257,"text":"Hồ Quang Nhứt","label":"answer","box":[433,415,545,434],"words":[{"text":"Hồ","box":[433,415,450,434]},{"text":"Quang","box":[456,415,503,433]},{"text":"Nhứt","box":[511,415,545,433]}],"linking":[[256,257]]},{"id":258,"text":"Mã số thuế ( Tax code ) .","label":"question","box":[71,443,228,464],"words":[{"text":"Mã","box":[71,444,92,460]},{"text":"số","box":[97,443,114,461]},{"text":"thuế","box":[119,445,149,461]},{"text":"(","box":[157,445,162,462]},{"text":"Tax","box":[162,446,183,463]},{"text":"code","box":[187,446,215,463]},{"text":")","box":[218,447,221,464]},{"text":".","box":[228,447,228,464]}],"linking":[[258,130]]},{"id":259,"text":"Địa chỉ ( Address ) .","label":"question","box":[70,475,194,495],"words":[{"text":"Địa","box":[70,476,93,493]},{"text":"chỉ","box":[100,475,120,494]},{"text":"(","box":[124,476,129,494]},{"text":"Address","box":[131,476,178,494]},{"text":")","box":[179,477,183,495]},{"text":".","box":[189,477,194,495]}],"linking":[[259,260]]},{"id":260,"text":"Khóm 8 , thị trấn Năm Căn , huyện Năm Căn , Tỉnh Cà Mau","label":"answer","box":[433,475,850,492],"words":[{"text":"Khóm","box":[433,475,472,492]},{"text":"8","box":[480,475,486,492]},{"text":",","box":[489,475,490,492]},{"text":"thị","box":[497,475,513,492]},{"text":"trấn","box":[519,475,546,492]},{"text":"Năm","box":[553,475,584,492]},{"text":"Căn","box":[592,475,619,492]},{"text":",","box":[623,475,624,492]},{"text":"huyện","box":[632,475,673,492]},{"text":"Năm","box":[681,475,712,492]},{"text":"Căn","box":[720,475,747,492]},{"text":",","box":[750,475,751,492]},{"text":"Tỉnh","box":[758,475,788,492]},{"text":"Cà","box":[796,475,814,492]},{"text":"Mau","box":[821,475,850,492]}],"linking":[[259,260]]},{"id":261,"text":"Hình thức thanh toán ( Method of payment ) -","label":"question","box":[71,504,361,523],"words":[{"text":"Hình","box":[71,504,103,521]},{"text":"thức","box":[109,504,141,521]},{"text":"thanh","box":[147,504,186,522]},{"text":"toán","box":[192,505,222,522]},{"text":"(","box":[230,505,234,522]},{"text":"Method","box":[234,505,279,522]},{"text":"of","box":[284,505,294,523]},{"text":"payment","box":[298,506,350,523]},{"text":")","box":[352,506,353,523]},{"text":"-","box":[360,506,361,523]}],"linking":[[261,262]]},{"id":262,"text":"Chuyển khoản / Tiền mặt","label":"answer","box":[433,502,604,521],"words":[{"text":"Chuyển","box":[433,502,485,521]},{"text":"khoản","box":[493,502,532,520]},{"text":"/","box":[535,502,540,520]},{"text":"Tiền","box":[544,502,571,520]},{"text":"mặt","box":[579,502,604,520]}],"linking":[[261,262]]},{"id":263,"text":"Số tài khoản ( A / C No )","label":"question","box":[685,503,833,522],"words":[{"text":"Số","box":[685,504,702,518]},{"text":"tài","box":[709,503,725,519]},{"text":"khoản","box":[732,505,775,519]},{"text":"(","box":[782,505,786,520]},{"text":"A","box":[789,506,792,521]},{"text":"/","box":[793,506,797,521]},{"text":"C","box":[800,506,808,521]},{"text":"No","box":[813,506,827,522]},{"text":")","box":[831,507,833,522]}],"linking":[]},{"id":264,"text":"Ngân hàng ( Bank Name ) .","label":"question","box":[71,535,242,552],"words":[{"text":"Ngân","box":[71,535,107,551]},{"text":"hàng","box":[114,535,148,551]},{"text":"(","box":[156,535,160,551]},{"text":"Bank","box":[162,535,191,551]},{"text":"Name","box":[195,535,229,552]},{"text":")","box":[232,536,235,552]},{"text":".","box":[241,536,242,552]}],"linking":[]},{"id":265,"text":"Mẫu số ( Fom ) -","label":"question","box":[874,91,981,112],"words":[{"text":"Mẫu","box":[874,91,905,109]},{"text":"số","box":[910,93,927,110]},{"text":"(","box":[933,93,938,111]},{"text":"Fom","box":[938,94,959,111]},{"text":")","box":[966,94,974,112]},{"text":"-","box":[978,94,981,112]}],"linking":[[265,266]]},{"id":266,"text":"01GTKT0 / 002","label":"answer","box":[1038,96,1140,107],"words":[{"text":"01GTKT0","box":[1038,96,1108,107]},{"text":"/","box":[1109,96,1114,107]},{"text":"002","box":[1114,96,1140,107]}],"linking":[[265,266]]},{"id":267,"text":"Ki hiệu ( Series ) .","label":"question","box":[875.91,131,985.91,149],"words":[{"text":"Ki","box":[874,131,888,146]},{"text":"hiệu","box":[894,132,924,147]},{"text":"(","box":[930,132,935,147]},{"text":"Series","box":[934,133,970,148]},{"text":")","box":[972,134,978,149]},{"text":".","box":[980,134,984,149]}],"linking":[[267,268]]},{"id":268,"text":"BM / 21E","label":"answer","box":[1039,133,1095,144],"words":[{"text":"BM","box":[1039,133,1060,144]},{"text":"/","box":[1062,133,1067,144]},{"text":"21E","box":[1068,133,1095,144]}],"linking":[[267,268]]},{"id":269,"text":"Số ( No. ) .","label":"question","box":[875,166,942,187],"words":[{"text":"Số","box":[875,166,894,183]},{"text":"(","box":[901,168,905,185]},{"text":"No.","box":[904,170,927,185]},{"text":")","box":[928,170,932,187]},{"text":".","box":[937,170,942,187]}],"linking":[[269,211]]},{"id":270,"text":"Số tiền viết bằng chữ ( Total amount in words )","label":"question","box":[77,1257,378,1278],"words":[{"text":"Số","box":[77,1257,94,1275]},{"text":"tiền","box":[99,1257,124,1275]},{"text":"viết","box":[131,1257,156,1275]},{"text":"bằng","box":[162,1258,196,1276]},{"text":"chữ","box":[202,1258,230,1276]},{"text":"(","box":[236,1259,240,1277]},{"text":"Total","box":[241,1259,270,1277]},{"text":"amount","box":[275,1260,319,1277]},{"text":"in","box":[324,1260,333,1278]},{"text":"words","box":[339,1260,372,1278]},{"text":")","box":[375,1260,378,1278]}],"linking":[[270,271]]},{"id":271,"text":"Tám mươi bốn triệu đồng chẵn","label":"answer","box":[454,1257,676,1276],"words":[{"text":"Tám","box":[454,1257,483,1276]},{"text":"mươi","box":[491,1257,528,1275]},{"text":"bốn","box":[535,1257,559,1275]},{"text":"triệu","box":[566,1257,596,1275]},{"text":"đồng","box":[603,1257,638,1275]},{"text":"chẵn","box":[643,1257,676,1275]}],"linking":[[270,271]]}]