[{"id":0,"text":"Đơn","label":"","box":[173,56,197,71],"words":[{"text":"Đơn","box":[173,56,197,71]}],"linking":[]},{"id":1,"text":"vị","label":"","box":[203,56,211,71],"words":[{"text":"vị","box":[203,56,211,71]}],"linking":[]},{"id":2,"text":"hỗ","label":"","box":[215,56,229,71],"words":[{"text":"hỗ","box":[215,56,229,71]}],"linking":[]},{"id":3,"text":"trợ","label":"","box":[234,56,250,71],"words":[{"text":"trợ","box":[234,56,250,71]}],"linking":[]},{"id":4,"text":"cung","label":"","box":[254,56,282,71],"words":[{"text":"cung","box":[254,56,282,71]}],"linking":[]},{"id":5,"text":"cấp","label":"","box":[287,56,307,71],"words":[{"text":"cấp","box":[287,56,307,71]}],"linking":[]},{"id":6,"text":"công","label":"","box":[312,56,339,71],"words":[{"text":"công","box":[312,56,339,71]}],"linking":[]},{"id":7,"text":"cụ","label":"","box":[344,56,357,71],"words":[{"text":"cụ","box":[344,56,357,71]}],"linking":[]},{"id":8,"text":"phát","label":"","box":[361,56,387,71],"words":[{"text":"phát","box":[361,56,387,71]}],"linking":[]},{"id":9,"text":"hành","label":"","box":[392,56,420,71],"words":[{"text":"hành","box":[392,56,420,71]}],"linking":[]},{"id":10,"text":"hóa","label":"","box":[425,56,446,71],"words":[{"text":"hóa","box":[425,56,446,71]}],"linking":[]},{"id":11,"text":"đơn","label":"","box":[451,56,473,71],"words":[{"text":"đơn","box":[451,56,473,71]}],"linking":[]},{"id":12,"text":"điện","label":"","box":[478,56,502,71],"words":[{"text":"điện","box":[478,56,502,71]}],"linking":[]},{"id":13,"text":"tử","label":"","box":[507,56,514,71],"words":[{"text":"tử","box":[507,56,514,71]}],"linking":[]},{"id":14,"text":":","label":"","box":[518,56,521,71],"words":[{"text":":","box":[518,56,521,71]}],"linking":[]},{"id":15,"text":"Công","label":"","box":[527,56,557,71],"words":[{"text":"Công","box":[527,56,557,71]}],"linking":[]},{"id":16,"text":"ty","label":"","box":[562,56,572,71],"words":[{"text":"ty","box":[562,56,572,71]}],"linking":[]},{"id":17,"text":"Cổ","label":"","box":[576,56,592,71],"words":[{"text":"Cổ","box":[576,56,592,71]}],"linking":[]},{"id":18,"text":"phần","label":"","box":[596,56,625,71],"words":[{"text":"phần","box":[596,56,625,71]}],"linking":[]},{"id":19,"text":"Định","label":"","box":[630,56,656,71],"words":[{"text":"Định","box":[630,56,656,71]}],"linking":[]},{"id":20,"text":"Gia","label":"","box":[661,56,680,71],"words":[{"text":"Gia","box":[661,56,680,71]}],"linking":[]},{"id":21,"text":"Nét","label":"","box":[686,56,706,71],"words":[{"text":"Nét","box":[686,56,706,71]}],"linking":[]},{"id":22,"text":"-","label":"","box":[710,56,713,71],"words":[{"text":"-","box":[710,56,713,71]}],"linking":[]},{"id":23,"text":"DigiNet","label":"","box":[718,56,761,71],"words":[{"text":"DigiNet","box":[718,56,761,71]}],"linking":[]},{"id":24,"text":"Corp","label":"","box":[765,56,791,71],"words":[{"text":"Corp","box":[765,56,791,71]}],"linking":[]},{"id":25,"text":",","label":"","box":[793,56,795,71],"words":[{"text":",","box":[793,56,795,71]}],"linking":[]},{"id":26,"text":"MST","label":"","box":[801,56,825,71],"words":[{"text":"MST","box":[801,56,825,71]}],"linking":[]},{"id":27,"text":":","label":"","box":[828,56,832,71],"words":[{"text":":","box":[828,56,832,71]}],"linking":[]},{"id":28,"text":"0303359278","label":"","box":[837,56,907,71],"words":[{"text":"0303359278","box":[837,56,907,71]}],"linking":[]},{"id":29,"text":",","label":"","box":[910,56,912,71],"words":[{"text":",","box":[910,56,912,71]}],"linking":[]},{"id":30,"text":"Điện","label":"","box":[918,56,944,71],"words":[{"text":"Điện","box":[918,56,944,71]}],"linking":[]},{"id":31,"text":"thoại","label":"","box":[949,56,977,71],"words":[{"text":"thoại","box":[949,56,977,71]}],"linking":[]},{"id":32,"text":":","label":"","box":[979,56,980,71],"words":[{"text":":","box":[979,56,980,71]}],"linking":[]},{"id":33,"text":"028","label":"","box":[985,56,1006,71],"words":[{"text":"028","box":[985,56,1006,71]}],"linking":[]},{"id":34,"text":"35123878","label":"","box":[1011,56,1069,71],"words":[{"text":"35123878","box":[1011,56,1069,71]}],"linking":[]},{"id":35,"text":"HÓA","label":"","box":[389,93,453,127],"words":[{"text":"HÓA","box":[389,93,453,127]}],"linking":[]},{"id":36,"text":"ĐƠN","label":"","box":[462,93,532,127],"words":[{"text":"ĐƠN","box":[462,93,532,127]}],"linking":[]},{"id":37,"text":"GIÁ","label":"","box":[545,93,597,127],"words":[{"text":"GIÁ","box":[545,93,597,127]}],"linking":[]},{"id":38,"text":"TRỊ","label":"","box":[606,93,654,127],"words":[{"text":"TRỊ","box":[606,93,654,127]}],"linking":[]},{"id":39,"text":"GIA","label":"","box":[666,93,718,127],"words":[{"text":"GIA","box":[666,93,718,127]}],"linking":[]},{"id":40,"text":"TĂNG","label":"","box":[728,93,811,127],"words":[{"text":"TĂNG","box":[728,93,811,127]}],"linking":[]},{"id":41,"text":"VAT","label":"","box":[522,143,573,161],"words":[{"text":"VAT","box":[522,143,573,161]}],"linking":[]},{"id":42,"text":"INVOICE","label":"","box":[578,143,680,161],"words":[{"text":"INVOICE","box":[578,143,680,161]}],"linking":[]},{"id":43,"text":"Ngày","label":"","box":[431,177,467,192],"words":[{"text":"Ngày","box":[431,177,467,192]}],"linking":[]},{"id":44,"text":"(","label":"","box":[474,177,477,192],"words":[{"text":"(","box":[474,177,477,192]}],"linking":[]},{"id":45,"text":"Date","label":"","box":[477,177,504,192],"words":[{"text":"Date","box":[477,177,504,192]}],"linking":[]},{"id":46,"text":")","label":"","box":[507,177,510,192],"words":[{"text":")","box":[507,177,510,192]}],"linking":[]},{"id":47,"text":"25","label":"","box":[515,177,532,192],"words":[{"text":"25","box":[515,177,532,192]}],"linking":[]},{"id":48,"text":"tháng","label":"","box":[538,177,577,192],"words":[{"text":"tháng","box":[538,177,577,192]}],"linking":[]},{"id":49,"text":"(","label":"","box":[585,177,588,192],"words":[{"text":"(","box":[585,177,588,192]}],"linking":[]},{"id":50,"text":"month","label":"","box":[587,177,623,192],"words":[{"text":"month","box":[587,177,623,192]}],"linking":[]},{"id":51,"text":")","label":"","box":[626,177,630,192],"words":[{"text":")","box":[626,177,630,192]}],"linking":[]},{"id":52,"text":"03","label":"","box":[635,177,652,192],"words":[{"text":"03","box":[635,177,652,192]}],"linking":[]},{"id":53,"text":"năm","label":"","box":[659,177,687,192],"words":[{"text":"năm","box":[659,177,687,192]}],"linking":[]},{"id":54,"text":"(","label":"","box":[696,177,699,192],"words":[{"text":"(","box":[696,177,699,192]}],"linking":[]},{"id":55,"text":"year","label":"","box":[699,177,724,192],"words":[{"text":"year","box":[699,177,724,192]}],"linking":[]},{"id":56,"text":")","label":"","box":[727,177,730,192],"words":[{"text":")","box":[727,177,730,192]}],"linking":[]},{"id":57,"text":"2022","label":"","box":[735,177,769,192],"words":[{"text":"2022","box":[735,177,769,192]}],"linking":[]},{"id":58,"text":".","label":"","box":[228,447,228,464],"words":[{"text":".","box":[228,447,228,464]}],"linking":[]},{"id":59,"text":"STT","label":"","box":[62,621,90,632],"words":[{"text":"STT","box":[62,621,90,632]}],"linking":[]},{"id":60,"text":"No.","label":"","box":[65,645,88,655],"words":[{"text":"No.","box":[65,645,88,655]}],"linking":[]},{"id":61,"text":"BINH","label":"","box":[162,172,193,184],"words":[{"text":"BINH","box":[162,172,193,184]}],"linking":[]},{"id":62,"text":"MINH","label":"","box":[199,172,231,183],"words":[{"text":"MINH","box":[199,172,231,183]}],"linking":[]},{"id":63,"text":"1","label":"","box":[72,700,79,712],"words":[{"text":"1","box":[72,700,79,712]}],"linking":[]},{"id":64,"text":"2","label":"","box":[70,739,81,750],"words":[{"text":"2","box":[70,739,81,750]}],"linking":[]},{"id":65,"text":"0303880297","label":"answer","box":[330,254,419,265],"words":[{"text":"0303880297","box":[330,254,419,265]}],"linking":[[229,65]]},{"id":66,"text":"112002622316","label":"answer","box":[331,311,439,323],"words":[{"text":"112002622316","box":[331,311,439,323]}],"linking":[[232,66]]},{"id":67,"text":"TÊN","label":"","box":[180,617,210,634],"words":[{"text":"TÊN","box":[180,617,210,634]}],"linking":[]},{"id":68,"text":"HÀNG","label":"","box":[216,617,259,634],"words":[{"text":"HÀNG","box":[216,617,259,634]}],"linking":[]},{"id":69,"text":"HÓA","label":"","box":[266,618,295,635],"words":[{"text":"HÓA","box":[266,618,295,635]}],"linking":[]},{"id":70,"text":",","label":"","box":[297,618,300,636],"words":[{"text":",","box":[297,618,300,636]}],"linking":[]},{"id":71,"text":"DỊCH","label":"","box":[308,619,344,636],"words":[{"text":"DỊCH","box":[308,619,344,636]}],"linking":[]},{"id":72,"text":"VỤ","label":"","box":[350,618,370,637],"words":[{"text":"VỤ","box":[350,618,370,637]}],"linking":[]},{"id":73,"text":"Description","label":"","box":[237,645,314,658],"words":[{"text":"Description","box":[237,645,314,658]}],"linking":[]},{"id":74,"text":"VITA","label":"","box":[101,698,135,714],"words":[{"text":"VITA","box":[101,698,135,714]}],"linking":[]},{"id":75,"text":"ANTLSTRESS","label":"","box":[145,698,247,714],"words":[{"text":"ANTLSTRESS","box":[145,698,247,714]}],"linking":[]},{"id":76,"text":"TÚI","label":"","box":[256,698,280,714],"words":[{"text":"TÚI","box":[256,698,280,714]}],"linking":[]},{"id":77,"text":"500GR","label":"","box":[288,698,338,714],"words":[{"text":"500GR","box":[288,698,338,714]}],"linking":[]},{"id":78,"text":"PROBAC","label":"","box":[103,738,171,751],"words":[{"text":"PROBAC","box":[103,738,171,751]}],"linking":[]},{"id":79,"text":"250GR","label":"","box":[177,738,227,751],"words":[{"text":"250GR","box":[177,738,227,751]}],"linking":[]},{"id":80,"text":"TỔNG","label":"","box":[214,1047,259,1063],"words":[{"text":"TỔNG","box":[214,1047,259,1063]}],"linking":[]},{"id":81,"text":"HỢP","label":"","box":[266,1048,300,1064],"words":[{"text":"HỢP","box":[266,1048,300,1064]}],"linking":[]},{"id":82,"text":"Tổng","label":"","box":[76,1087,111,1104],"words":[{"text":"Tổng","box":[76,1087,111,1104]}],"linking":[]},{"id":83,"text":"tiền","label":"","box":[117,1087,142,1104],"words":[{"text":"tiền","box":[117,1087,142,1104]}],"linking":[]},{"id":84,"text":"không","label":"","box":[150,1087,191,1104],"words":[{"text":"không","box":[150,1087,191,1104]}],"linking":[]},{"id":85,"text":"kê","label":"","box":[199,1087,213,1104],"words":[{"text":"kê","box":[199,1087,213,1104]}],"linking":[]},{"id":86,"text":"khai","label":"","box":[221,1087,248,1104],"words":[{"text":"khai","box":[221,1087,248,1104]}],"linking":[]},{"id":87,"text":"và","label":"","box":[254,1087,270,1104],"words":[{"text":"và","box":[254,1087,270,1104]}],"linking":[]},{"id":88,"text":"nộp","label":"","box":[277,1087,302,1104],"words":[{"text":"nộp","box":[277,1087,302,1104]}],"linking":[]},{"id":89,"text":"thuế","label":"","box":[308,1087,338,1104],"words":[{"text":"thuế","box":[308,1087,338,1104]}],"linking":[]},{"id":90,"text":":","label":"","box":[341,1087,341,1104],"words":[{"text":":","box":[341,1087,341,1104]}],"linking":[]},{"id":91,"text":"Tổng","label":"","box":[76,1112,110,1131],"words":[{"text":"Tổng","box":[76,1112,110,1131]}],"linking":[]},{"id":92,"text":"tiền","label":"","box":[116,1112,141,1130],"words":[{"text":"tiền","box":[116,1112,141,1130]}],"linking":[]},{"id":93,"text":"không","label":"","box":[149,1112,190,1130],"words":[{"text":"không","box":[149,1112,190,1130]}],"linking":[]},{"id":94,"text":"chịu","label":"","box":[197,1112,225,1130],"words":[{"text":"chịu","box":[197,1112,225,1130]}],"linking":[]},{"id":95,"text":"thuế","label":"","box":[231,1112,261,1130],"words":[{"text":"thuế","box":[231,1112,261,1130]}],"linking":[]},{"id":96,"text":"GTGT","label":"","box":[269,1111,311,1130],"words":[{"text":"GTGT","box":[269,1111,311,1130]}],"linking":[]},{"id":97,"text":":","label":"","box":[314,1111,316,1129],"words":[{"text":":","box":[314,1111,316,1129]}],"linking":[]},{"id":98,"text":"Tổng","label":"","box":[76,1138,110,1158],"words":[{"text":"Tổng","box":[76,1138,110,1158]}],"linking":[]},{"id":99,"text":"tiền","label":"","box":[116,1138,141,1157],"words":[{"text":"tiền","box":[116,1138,141,1157]}],"linking":[]},{"id":100,"text":"chịu","label":"","box":[148,1137,176,1157],"words":[{"text":"chịu","box":[148,1137,176,1157]}],"linking":[]},{"id":101,"text":"thuế","label":"","box":[182,1137,212,1156],"words":[{"text":"thuế","box":[182,1137,212,1156]}],"linking":[]},{"id":102,"text":"suất","label":"","box":[220,1137,248,1156],"words":[{"text":"suất","box":[220,1137,248,1156]}],"linking":[]},{"id":103,"text":":","label":"","box":[251,1137,251,1156],"words":[{"text":":","box":[251,1137,251,1156]}],"linking":[]},{"id":104,"text":"Tổng","label":"","box":[76,1164,111,1184],"words":[{"text":"Tổng","box":[76,1164,111,1184]}],"linking":[]},{"id":105,"text":"tiền","label":"","box":[117,1164,142,1184],"words":[{"text":"tiền","box":[117,1164,142,1184]}],"linking":[]},{"id":106,"text":"chịu","label":"","box":[150,1164,177,1184],"words":[{"text":"chịu","box":[150,1164,177,1184]}],"linking":[]},{"id":107,"text":"thuế","label":"","box":[183,1164,213,1184],"words":[{"text":"thuế","box":[183,1164,213,1184]}],"linking":[]},{"id":108,"text":"suất","label":"","box":[221,1164,251,1184],"words":[{"text":"suất","box":[221,1164,251,1184]}],"linking":[]},{"id":109,"text":"Tổng","label":"","box":[76,1193,111,1210],"words":[{"text":"Tổng","box":[76,1193,111,1210]}],"linking":[]},{"id":110,"text":"tiền","label":"","box":[117,1193,142,1210],"words":[{"text":"tiền","box":[117,1193,142,1210]}],"linking":[]},{"id":111,"text":"chịu","label":"","box":[149,1193,177,1210],"words":[{"text":"chịu","box":[149,1193,177,1210]}],"linking":[]},{"id":112,"text":"thuế","label":"","box":[183,1193,213,1210],"words":[{"text":"thuế","box":[183,1193,213,1210]}],"linking":[]},{"id":113,"text":"suất","label":"","box":[221,1193,249,1210],"words":[{"text":"suất","box":[221,1193,249,1210]}],"linking":[]},{"id":114,"text":":","label":"","box":[252,1193,253,1210],"words":[{"text":":","box":[252,1193,253,1210]}],"linking":[]},{"id":115,"text":"Tổng","label":"","box":[76,1218,111,1238],"words":[{"text":"Tổng","box":[76,1218,111,1238]}],"linking":[]},{"id":116,"text":"cộng","label":"","box":[117,1218,151,1238],"words":[{"text":"cộng","box":[117,1218,151,1238]}],"linking":[]},{"id":117,"text":"tiền","label":"","box":[158,1218,182,1238],"words":[{"text":"tiền","box":[158,1218,182,1238]}],"linking":[]},{"id":118,"text":"thanh","label":"","box":[189,1218,228,1238],"words":[{"text":"thanh","box":[189,1218,228,1238]}],"linking":[]},{"id":119,"text":"toán","label":"","box":[232,1218,261,1238],"words":[{"text":"toán","box":[232,1218,261,1238]}],"linking":[]},{"id":120,"text":"Người","label":"","box":[255,1301,298,1316],"words":[{"text":"Người","box":[255,1301,298,1316]}],"linking":[]},{"id":121,"text":"mua","label":"","box":[306,1301,336,1316],"words":[{"text":"mua","box":[306,1301,336,1316]}],"linking":[]},{"id":122,"text":"hàng","label":"","box":[342,1301,376,1317],"words":[{"text":"hàng","box":[342,1301,376,1317]}],"linking":[]},{"id":123,"text":"(","label":"","box":[384,1302,387,1317],"words":[{"text":"(","box":[384,1302,387,1317]}],"linking":[]},{"id":124,"text":"Buyer","label":"","box":[387,1302,423,1317],"words":[{"text":"Buyer","box":[387,1302,423,1317]}],"linking":[]},{"id":125,"text":")","label":"","box":[425,1302,427,1317],"words":[{"text":")","box":[425,1302,427,1317]}],"linking":[]},{"id":126,"text":"8029229809","label":"answer","box":[432,446,520,460],"words":[{"text":"8029229809","box":[432,446,520,460]}],"linking":[[237,126]]},{"id":127,"text":"ĐƠN","label":"","box":[469,609,502,622],"words":[{"text":"ĐƠN","box":[469,609,502,622]}],"linking":[]},{"id":128,"text":"VỊ","label":"","box":[509,609,521,622],"words":[{"text":"VỊ","box":[509,609,521,622]}],"linking":[]},{"id":129,"text":"TÍNH","label":"","box":[480,630,515,642],"words":[{"text":"TÍNH","box":[480,630,515,642]}],"linking":[]},{"id":130,"text":"Unit","label":"","box":[485,657,514,668],"words":[{"text":"Unit","box":[485,657,514,668]}],"linking":[]},{"id":131,"text":"Túi","label":"","box":[487,700,508,711],"words":[{"text":"Túi","box":[487,700,508,711]}],"linking":[]},{"id":132,"text":"Túi","label":"","box":[487,739,509,750],"words":[{"text":"Túi","box":[487,739,509,750]}],"linking":[]},{"id":133,"text":"SÓ","label":"","box":[561,607,581,619],"words":[{"text":"SÓ","box":[561,607,581,619]}],"linking":[]},{"id":134,"text":"LƯỢNG","label":"","box":[546,630,602,646],"words":[{"text":"LƯỢNG","box":[546,630,602,646]}],"linking":[]},{"id":135,"text":"Quantity","label":"","box":[547,657,605,670],"words":[{"text":"Quantity","box":[547,657,605,670]}],"linking":[]},{"id":136,"text":"200","label":"","box":[561,701,586,712],"words":[{"text":"200","box":[561,701,586,712]}],"linking":[]},{"id":137,"text":"X","label":"","box":[527,1119,537,1127],"words":[{"text":"X","box":[527,1119,537,1127]}],"linking":[]},{"id":138,"text":"0","label":"","box":[520,1142,529,1153],"words":[{"text":"0","box":[520,1142,529,1153]}],"linking":[]},{"id":139,"text":"%","label":"","box":[528,1142,540,1153],"words":[{"text":"%","box":[528,1142,540,1153]}],"linking":[]},{"id":140,"text":"5","label":"","box":[520,1169,529,1179],"words":[{"text":"5","box":[520,1169,529,1179]}],"linking":[]},{"id":141,"text":"%","label":"","box":[528,1169,541,1179],"words":[{"text":"%","box":[528,1169,541,1179]}],"linking":[]},{"id":142,"text":"10","label":"","box":[517,1196,534,1207],"words":[{"text":"10","box":[517,1196,534,1207]}],"linking":[]},{"id":143,"text":"%","label":"","box":[535,1196,547,1207],"words":[{"text":"%","box":[535,1196,547,1207]}],"linking":[]},{"id":144,"text":"48","label":"","box":[564,738,582,750],"words":[{"text":"48","box":[564,738,582,750]}],"linking":[]},{"id":145,"text":"THUÊ","label":"","box":[487,1047,528,1063],"words":[{"text":"THUÊ","box":[487,1047,528,1063]}],"linking":[]},{"id":146,"text":"SUẤT","label":"","box":[536,1047,577,1062],"words":[{"text":"SUẤT","box":[536,1047,577,1062]}],"linking":[]},{"id":147,"text":"ĐƠN","label":"","box":[643,617,675,633],"words":[{"text":"ĐƠN","box":[643,617,675,633]}],"linking":[]},{"id":148,"text":"GIÁ","label":"","box":[683,618,709,632],"words":[{"text":"GIÁ","box":[683,618,709,632]}],"linking":[]},{"id":149,"text":"Price","label":"","box":[660,645,694,656],"words":[{"text":"Price","box":[660,645,694,656]}],"linking":[]},{"id":150,"text":"70,000.000","label":"","box":[652,701,734,713],"words":[{"text":"70,000.000","box":[652,701,734,713]}],"linking":[]},{"id":151,"text":"265,000.000","label":"","box":[643,739,734,751],"words":[{"text":"265,000.000","box":[643,739,734,751]}],"linking":[]},{"id":152,"text":"1/1","label":"","box":[606,1716,635,1731],"words":[{"text":"1/1","box":[606,1716,635,1731]}],"linking":[]},{"id":153,"text":"THÀNH","label":"","box":[761,617,812,633],"words":[{"text":"THÀNH","box":[761,617,812,633]}],"linking":[]},{"id":154,"text":"TIỀN","label":"","box":[819,617,852,632],"words":[{"text":"TIỀN","box":[819,617,852,632]}],"linking":[]},{"id":155,"text":"Total","label":"","box":[792,644,827,656],"words":[{"text":"Total","box":[792,644,827,656]}],"linking":[]},{"id":156,"text":"Cộng","label":"","box":[628,1012,664,1027],"words":[{"text":"Cộng","box":[628,1012,664,1027]}],"linking":[]},{"id":157,"text":"(","label":"","box":[672,1011,676,1027],"words":[{"text":"(","box":[672,1011,676,1027]}],"linking":[]},{"id":158,"text":"Sub","label":"","box":[677,1011,699,1027],"words":[{"text":"Sub","box":[677,1011,699,1027]}],"linking":[]},{"id":159,"text":"total","label":"","box":[701,1012,727,1028],"words":[{"text":"total","box":[701,1012,727,1028]}],"linking":[]},{"id":160,"text":")","label":"","box":[730,1012,733,1028],"words":[{"text":")","box":[730,1012,733,1028]}],"linking":[]},{"id":161,"text":".","label":"","box":[736,1012,740,1028],"words":[{"text":".","box":[736,1012,740,1028]}],"linking":[]},{"id":162,"text":"26,720,000","label":"","box":[782,1012,862,1025],"words":[{"text":"26,720,000","box":[782,1012,862,1025]}],"linking":[]},{"id":163,"text":"TRỊ","label":"","box":[635,1048,659,1064],"words":[{"text":"TRỊ","box":[635,1048,659,1064]}],"linking":[]},{"id":164,"text":"GIÁ","label":"","box":[667,1048,693,1064],"words":[{"text":"GIÁ","box":[667,1048,693,1064]}],"linking":[]},{"id":165,"text":"CHƯA","label":"","box":[700,1048,746,1064],"words":[{"text":"CHƯA","box":[700,1048,746,1064]}],"linking":[]},{"id":166,"text":"THUÊ","label":"","box":[752,1048,795,1064],"words":[{"text":"THUÊ","box":[752,1048,795,1064]}],"linking":[]},{"id":167,"text":"GTGT","label":"","box":[802,1048,844,1064],"words":[{"text":"GTGT","box":[802,1048,844,1064]}],"linking":[]},{"id":168,"text":"14,000,000","label":"","box":[783,701,863,714],"words":[{"text":"14,000,000","box":[783,701,863,714]}],"linking":[]},{"id":169,"text":"X","label":"","box":[902,704,912,712],"words":[{"text":"X","box":[902,704,912,712]}],"linking":[]},{"id":170,"text":"12,720,000","label":"","box":[782,739,863,751],"words":[{"text":"12,720,000","box":[782,739,863,751]}],"linking":[]},{"id":171,"text":"X","label":"","box":[903,742,912,750],"words":[{"text":"X","box":[903,742,912,750]}],"linking":[]},{"id":172,"text":"26,720,000","label":"","box":[773,1115,855,1129],"words":[{"text":"26,720,000","box":[773,1115,855,1129]}],"linking":[]},{"id":173,"text":"26,720,000","label":"","box":[774,1222,855,1235],"words":[{"text":"26,720,000","box":[774,1222,855,1235]}],"linking":[]},{"id":174,"text":"THUÉ","label":"","box":[884,594,924,608],"words":[{"text":"THUÉ","box":[884,594,924,608]}],"linking":[]},{"id":175,"text":"SUÁT","label":"","box":[885,619,926,632],"words":[{"text":"SUÁT","box":[885,619,926,632]}],"linking":[]},{"id":176,"text":"GTGT","label":"","box":[887,641,928,656],"words":[{"text":"GTGT","box":[887,641,928,656]}],"linking":[]},{"id":177,"text":"VAT","label":"","box":[878,669,908,678],"words":[{"text":"VAT","box":[878,669,908,678]}],"linking":[]},{"id":178,"text":"rate","label":"","box":[912,669,938,679],"words":[{"text":"rate","box":[912,669,938,679]}],"linking":[]},{"id":179,"text":"TIÊN","label":"","box":[890,1048,925,1062],"words":[{"text":"TIÊN","box":[890,1048,925,1062]}],"linking":[]},{"id":180,"text":"THUẾ","label":"","box":[932,1048,975,1062],"words":[{"text":"THUẾ","box":[932,1048,975,1062]}],"linking":[]},{"id":181,"text":"GTGT","label":"","box":[983,1048,1026,1062],"words":[{"text":"GTGT","box":[983,1048,1026,1062]}],"linking":[]},{"id":182,"text":"Người","label":"","box":[817,1301,861,1317],"words":[{"text":"Người","box":[817,1301,861,1317]}],"linking":[]},{"id":183,"text":"bán","label":"","box":[868,1300,893,1317],"words":[{"text":"bán","box":[868,1300,893,1317]}],"linking":[]},{"id":184,"text":"hàng","label":"","box":[900,1300,934,1318],"words":[{"text":"hàng","box":[900,1300,934,1318]}],"linking":[]},{"id":185,"text":"(","label":"","box":[942,1301,945,1318],"words":[{"text":"(","box":[942,1301,945,1318]}],"linking":[]},{"id":186,"text":"Seller","label":"","box":[946,1301,979,1318],"words":[{"text":"Seller","box":[946,1301,979,1318]}],"linking":[]},{"id":187,"text":")","label":"","box":[982,1301,984,1318],"words":[{"text":")","box":[982,1301,984,1318]}],"linking":[]},{"id":188,"text":"SẢN","label":"","box":[778,1395,813,1411],"words":[{"text":"SẢN","box":[778,1395,813,1411]}],"linking":[]},{"id":189,"text":"BÌNH","label":"","box":[817,1395,861,1411],"words":[{"text":"BÌNH","box":[817,1395,861,1411]}],"linking":[]},{"id":190,"text":"MINH","label":"","box":[867,1395,915,1411],"words":[{"text":"MINH","box":[867,1395,915,1411]}],"linking":[]},{"id":191,"text":"|","label":"","box":[772,1419,773,1440],"words":[{"text":"|","box":[772,1419,773,1440]}],"linking":[]},{"id":192,"text":"Ngày","label":"","box":[774,1417,812,1439],"words":[{"text":"Ngày","box":[774,1417,812,1439]}],"linking":[]},{"id":193,"text":"ký","label":"","box":[820,1418,835,1439],"words":[{"text":"ký","box":[820,1418,835,1439]}],"linking":[]},{"id":194,"text":":","label":"","box":[838,1418,841,1439],"words":[{"text":":","box":[838,1418,841,1439]}],"linking":[]},{"id":195,"text":"25/03/2022","label":"","box":[848,1416,929,1439],"words":[{"text":"25/03/2022","box":[848,1416,929,1439]}],"linking":[]},{"id":196,"text":"TIÊN","label":"","box":[951,605,983,620],"words":[{"text":"TIÊN","box":[951,605,983,620]}],"linking":[]},{"id":197,"text":"THUÊ","label":"","box":[990,605,1031,619],"words":[{"text":"THUÊ","box":[990,605,1031,619]}],"linking":[]},{"id":198,"text":"GTGT","label":"","box":[972,631,1015,643],"words":[{"text":"GTGT","box":[972,631,1015,643]}],"linking":[]},{"id":199,"text":"VAT","label":"","box":[952,657,982,667],"words":[{"text":"VAT","box":[952,657,982,667]}],"linking":[]},{"id":200,"text":"amount","label":"","box":[986,657,1039,667],"words":[{"text":"amount","box":[986,657,1039,667]}],"linking":[]},{"id":201,"text":"0000553","label":"answer","box":[1039,172,1115,185],"words":[{"text":"0000553","box":[1039,172,1115,185]}],"linking":[[251,201]]},{"id":202,"text":"Signature","label":"","box":[777,1349,845,1366],"words":[{"text":"Signature","box":[777,1349,845,1366]}],"linking":[]},{"id":203,"text":"Valid","label":"","box":[850,1348,890,1364],"words":[{"text":"Valid","box":[850,1348,890,1364]}],"linking":[]},{"id":204,"text":"|","label":"","box":[772,1369,773,1391],"words":[{"text":"|","box":[772,1369,773,1391]}],"linking":[]},{"id":205,"text":"Ký","label":"","box":[775,1368,795,1390],"words":[{"text":"Ký","box":[775,1368,795,1390]}],"linking":[]},{"id":206,"text":"bởi","label":"","box":[803,1368,826,1390],"words":[{"text":"bởi","box":[803,1368,826,1390]}],"linking":[]},{"id":207,"text":":","label":"","box":[828,1368,829,1390],"words":[{"text":":","box":[828,1368,829,1390]}],"linking":[]},{"id":208,"text":"CÔNG","label":"","box":[837,1368,887,1390],"words":[{"text":"CÔNG","box":[837,1368,887,1390]}],"linking":[]},{"id":209,"text":"TY","label":"","box":[892,1367,910,1390],"words":[{"text":"TY","box":[892,1367,910,1390]}],"linking":[]},{"id":210,"text":"CỔ","label":"","box":[921,1367,941,1389],"words":[{"text":"CỔ","box":[921,1367,941,1389]}],"linking":[]},{"id":211,"text":"PHẦN","label":"","box":[952,1367,1000,1389],"words":[{"text":"PHẦN","box":[952,1367,1000,1389]}],"linking":[]},{"id":212,"text":"THỦY","label":"","box":[1006,1366,1055,1389],"words":[{"text":"THỦY","box":[1006,1366,1055,1389]}],"linking":[]},{"id":213,"text":"THÀNH","label":"","box":[1063,606,1114,620],"words":[{"text":"THÀNH","box":[1063,606,1114,620]}],"linking":[]},{"id":214,"text":"TIÊN","label":"","box":[1121,606,1154,620],"words":[{"text":"TIÊN","box":[1121,606,1154,620]}],"linking":[]},{"id":215,"text":"SAU","label":"","box":[1073,629,1101,646],"words":[{"text":"SAU","box":[1073,629,1101,646]}],"linking":[]},{"id":216,"text":"THUẾ","label":"","box":[1110,628,1149,645],"words":[{"text":"THUẾ","box":[1110,628,1149,645]}],"linking":[]},{"id":217,"text":"Amount","label":"","box":[1086,657,1140,667],"words":[{"text":"Amount","box":[1086,657,1140,667]}],"linking":[]},{"id":218,"text":"14,000,000","label":"","box":[1088,700,1169,713],"words":[{"text":"14,000,000","box":[1088,700,1169,713]}],"linking":[]},{"id":219,"text":"12,720,000","label":"","box":[1088,739,1167,751],"words":[{"text":"12,720,000","box":[1088,739,1167,751]}],"linking":[]},{"id":220,"text":"26,720,000","label":"","box":[1087,1013,1169,1026],"words":[{"text":"26,720,000","box":[1087,1013,1169,1026]}],"linking":[]},{"id":221,"text":"GIÁ","label":"","box":[1050,1036,1076,1052],"words":[{"text":"GIÁ","box":[1050,1036,1076,1052]}],"linking":[]},{"id":222,"text":"TRỊ","label":"","box":[1082,1036,1106,1052],"words":[{"text":"TRỊ","box":[1082,1036,1106,1052]}],"linking":[]},{"id":223,"text":"THANH","label":"","box":[1113,1036,1167,1052],"words":[{"text":"THANH","box":[1113,1036,1167,1052]}],"linking":[]},{"id":224,"text":"TOÁN","label":"","box":[1089,1060,1133,1073],"words":[{"text":"TOÁN","box":[1089,1060,1133,1073]}],"linking":[]},{"id":225,"text":"26,720,000","label":"","box":[1080,1116,1161,1129],"words":[{"text":"26,720,000","box":[1080,1116,1161,1129]}],"linking":[]},{"id":226,"text":"26,720,000","label":"","box":[1079,1222,1161,1235],"words":[{"text":"26,720,000","box":[1079,1222,1161,1235]}],"linking":[]},{"id":227,"text":"Đơn vị bán hàng ( ComName ) :","label":"question","box":[70,222,277,240],"words":[{"text":"Đơn","box":[70,222,100,238]},{"text":"vị","box":[106,222,117,238]},{"text":"bán","box":[124,222,148,238]},{"text":"hàng","box":[156,223,189,239]},{"text":"(","box":[197,223,201,239]},{"text":"ComName","box":[203,224,265,240]},{"text":")","box":[267,224,270,240]},{"text":":","box":[276,224,277,240]}],"linking":[[227,228]]},{"id":228,"text":"CÔNG TY CỔ PHẦN THUỶ SẢN BÌNH MINH","label":"answer","box":[331,221,660,235],"words":[{"text":"CÔNG","box":[331,221,378,235]},{"text":"TY","box":[384,221,404,235]},{"text":"CỔ","box":[411,221,432,235]},{"text":"PHẦN","box":[440,221,483,235]},{"text":"THUỶ","box":[489,221,533,235]},{"text":"SẢN","box":[538,221,570,235]},{"text":"BÌNH","box":[578,221,614,235]},{"text":"MINH","box":[621,221,660,235]}],"linking":[[227,228]]},{"id":229,"text":"Mã số thuế ( Tax code ) :","label":"question","box":[71,249,228,270],"words":[{"text":"Mã","box":[71,250,92,266]},{"text":"số","box":[98,249,114,266]},{"text":"thuế","box":[119,250,150,267]},{"text":"(","box":[157,251,162,268]},{"text":"Tax","box":[165,251,183,268]},{"text":"code","box":[188,252,216,269]},{"text":")","box":[219,253,221,270]},{"text":":","box":[227,253,228,270]}],"linking":[[229,65]]},{"id":230,"text":"Địa chỉ ( Address ) .","label":"question","box":[70,281,191,298],"words":[{"text":"Địa","box":[70,282,94,296]},{"text":"chỉ","box":[100,281,119,297]},{"text":"(","box":[126,282,130,297]},{"text":"Address","box":[132,283,179,297]},{"text":")","box":[180,283,185,298]},{"text":".","box":[189,283,191,298]}],"linking":[[230,231]]},{"id":231,"text":"Số 86/28/1 , Phổ Quang , Phường 2 , Quận Tân Bình , TP.HCM","label":"answer","box":[331,280,770,297],"words":[{"text":"Số","box":[331,280,348,297]},{"text":"86/28/1","box":[356,280,406,297]},{"text":",","box":[411,280,412,297]},{"text":"Phổ","box":[420,280,446,297]},{"text":"Quang","box":[454,280,500,297]},{"text":",","box":[503,280,504,297]},{"text":"Phường","box":[512,280,569,297]},{"text":"2","box":[576,280,583,297]},{"text":",","box":[586,280,587,297]},{"text":"Quận","box":[595,280,632,297]},{"text":"Tân","box":[639,280,665,297]},{"text":"Bình","box":[672,280,703,297]},{"text":",","box":[706,280,707,297]},{"text":"TP.HCM","box":[710,280,770,297]}],"linking":[[230,231]]},{"id":232,"text":"Số tài khoản ( BankNo ) .","label":"question","box":[71,308,231,327],"words":[{"text":"Số","box":[71,308,88,323]},{"text":"tài","box":[95,308,110,324]},{"text":"khoản","box":[118,310,159,324]},{"text":"(","box":[167,310,171,325]},{"text":"BankNo","box":[172,311,216,326]},{"text":")","box":[219,312,223,327]},{"text":".","box":[229,312,231,327]}],"linking":[[232,66]]},{"id":233,"text":"Ngân hàng ( BankName ) :","label":"question","box":[71,338,238,357],"words":[{"text":"Ngân","box":[71,338,107,356]},{"text":"hàng","box":[115,338,148,356]},{"text":"(","box":[155,338,160,356]},{"text":"BankName","box":[162,339,224,357]},{"text":")","box":[228,339,232,357]},{"text":":","box":[235,339,238,357]}],"linking":[[233,234]]},{"id":234,"text":"NH TMCP Công Thương Việt Nam ( Vietinbank ) - CN Tây Sài Gòn , TP.HCM","label":"answer","box":[331,342,880,356],"words":[{"text":"NH","box":[331,342,351,356]},{"text":"TMCP","box":[358,342,403,356]},{"text":"Công","box":[411,342,447,356]},{"text":"Thương","box":[453,342,510,356]},{"text":"Việt","box":[517,342,544,356]},{"text":"Nam","box":[551,342,582,356]},{"text":"(","box":[590,342,595,356]},{"text":"Vietinbank","box":[596,342,666,356]},{"text":")","box":[671,342,675,356]},{"text":"-","box":[681,342,685,356]},{"text":"CN","box":[692,342,712,356]},{"text":"Tây","box":[720,342,746,356]},{"text":"Sài","box":[753,342,774,356]},{"text":"Gòn","box":[781,342,809,356]},{"text":",","box":[812,342,813,356]},{"text":"TP.HCM","box":[820,342,880,356]}],"linking":[[233,234]]},{"id":235,"text":"Họ tên người mua hàng ( Buyer )","label":"question","box":[69,388,293,409],"words":[{"text":"Họ","box":[69,388,86,407]},{"text":"tên","box":[94,388,111,407]},{"text":"người","box":[124,388,165,408]},{"text":"mua","box":[172,389,201,408]},{"text":"hàng","box":[209,389,242,408]},{"text":"(","box":[250,389,253,408]},{"text":"Buyer","box":[256,390,288,409]},{"text":")","box":[291,390,293,409]}],"linking":[]},{"id":236,"text":"Tên đơn vị ( CusName ) :","label":"question","box":[70,417,229,435],"words":[{"text":"Tên","box":[70,417,96,431]},{"text":"đơn","box":[104,418,130,432]},{"text":"vị","box":[136,418,147,432]},{"text":"(","box":[153,419,157,433]},{"text":"CusName","box":[159,419,218,433]},{"text":")","box":[220,420,222,434]},{"text":":","box":[228,421,229,435]}],"linking":[[236,238]]},{"id":237,"text":"Mã số thuế ( Tax code )","label":"question","box":[71,443,221,464],"words":[{"text":"Mã","box":[71,444,92,460]},{"text":"số","box":[97,443,114,461]},{"text":"thuế","box":[119,445,149,461]},{"text":"(","box":[157,445,162,462]},{"text":"Tax","box":[162,446,183,463]},{"text":"code","box":[187,446,215,463]},{"text":")","box":[218,447,221,464]}],"linking":[[237,126]]},{"id":238,"text":"Hồ Quang Nhứt","label":"answer","box":[433,415,545,434],"words":[{"text":"Hồ","box":[433,415,450,434]},{"text":"Quang","box":[456,415,503,433]},{"text":"Nhứt","box":[511,415,545,433]}],"linking":[[236,238]]},{"id":239,"text":"Địa chỉ ( Address ) .","label":"question","box":[70,475,194,495],"words":[{"text":"Địa","box":[70,476,93,493]},{"text":"chỉ","box":[100,475,120,494]},{"text":"(","box":[124,476,129,494]},{"text":"Address","box":[131,476,178,494]},{"text":")","box":[179,477,183,495]},{"text":".","box":[189,477,194,495]}],"linking":[[239,240]]},{"id":240,"text":"Khóm 8 , thị trấn Năm Căn , huyện Năm Căn , Tỉnh Cà Mau","label":"answer","box":[433,475,850,492],"words":[{"text":"Khóm","box":[433,475,472,492]},{"text":"8","box":[480,475,486,492]},{"text":",","box":[489,475,490,492]},{"text":"thị","box":[497,475,513,492]},{"text":"trấn","box":[519,475,546,492]},{"text":"Năm","box":[553,475,584,492]},{"text":"Căn","box":[592,475,619,492]},{"text":",","box":[623,475,624,492]},{"text":"huyện","box":[632,475,673,492]},{"text":"Năm","box":[681,475,712,492]},{"text":"Căn","box":[720,475,747,492]},{"text":",","box":[750,475,751,492]},{"text":"Tỉnh","box":[758,475,788,492]},{"text":"Cà","box":[796,475,814,492]},{"text":"Mau","box":[821,475,850,492]}],"linking":[[239,240]]},{"id":241,"text":"Hình thức thanh toán ( Method of payment ) -","label":"question","box":[71,504,361,523],"words":[{"text":"Hình","box":[71,504,103,521]},{"text":"thức","box":[109,504,141,521]},{"text":"thanh","box":[147,504,186,522]},{"text":"toán","box":[192,505,222,522]},{"text":"(","box":[230,505,234,522]},{"text":"Method","box":[234,505,279,522]},{"text":"of","box":[284,505,294,523]},{"text":"payment","box":[298,506,350,523]},{"text":")","box":[352,506,353,523]},{"text":"-","box":[360,506,361,523]}],"linking":[[241,242]]},{"id":242,"text":"Chuyển khoản / Tiền mặt","label":"answer","box":[433,502,604,521],"words":[{"text":"Chuyển","box":[433,503,485,521]},{"text":"khoản","box":[493,503,533,520]},{"text":"/","box":[537,503,542,520]},{"text":"Tiền","box":[543,503,571,520]},{"text":"mặt","box":[579,502,604,520]}],"linking":[[241,242]]},{"id":243,"text":"Số tài khoản ( A / C No ) .","label":"question","box":[685,503,840,522],"words":[{"text":"Số","box":[685,504,702,518]},{"text":"tài","box":[709,503,725,519]},{"text":"khoản","box":[732,505,775,519]},{"text":"(","box":[782,505,786,520]},{"text":"A","box":[789,506,792,521]},{"text":"/","box":[793,506,797,521]},{"text":"C","box":[800,506,808,521]},{"text":"No","box":[813,506,827,522]},{"text":")","box":[831,507,833,522]},{"text":".","box":[839,507,840,522]}],"linking":[]},{"id":244,"text":"Ngân hàng ( Bank Name ) :","label":"question","box":[71,536,242,551],"words":[{"text":"Ngân","box":[71,536,107,550]},{"text":"hàng","box":[114,536,148,550]},{"text":"(","box":[156,536,159,550]},{"text":"Bank","box":[160,536,191,550]},{"text":"Name","box":[195,536,230,550]},{"text":")","box":[233,537,235,551]},{"text":":","box":[241,537,242,551]}],"linking":[]},{"id":245,"text":"Số tiền viết bằng chữ ( Total amount in words )","label":"question","box":[77,1253,378,1272],"words":[{"text":"Số","box":[77,1253,94,1270]},{"text":"tiền","box":[99,1253,123,1270]},{"text":"viết","box":[131,1253,155,1270]},{"text":"bằng","box":[162,1253,196,1271]},{"text":"chữ","box":[203,1254,229,1271]},{"text":"(","box":[236,1254,240,1271]},{"text":"Total","box":[243,1254,270,1271]},{"text":"amount","box":[275,1254,319,1272]},{"text":"in","box":[324,1255,333,1272]},{"text":"words","box":[339,1255,372,1272]},{"text":")","box":[375,1255,378,1272]}],"linking":[[245,246]]},{"id":246,"text":"Hai mươi sáu triệu bảy trăm hai mươi nghìn đồng chẵn","label":"answer","box":[466,1254,864,1271],"words":[{"text":"Hai","box":[466,1254,488,1271]},{"text":"mươi","box":[495,1254,531,1271]},{"text":"sáu","box":[539,1254,562,1271]},{"text":"triệu","box":[569,1254,598,1271]},{"text":"bảy","box":[606,1254,630,1271]},{"text":"trăm","box":[636,1254,666,1271]},{"text":"hai","box":[675,1254,694,1271]},{"text":"mươi","box":[701,1254,737,1271]},{"text":"nghìn","box":[745,1254,783,1271]},{"text":"đồng","box":[789,1254,824,1271]},{"text":"chẵn","box":[831,1254,864,1271]}],"linking":[[245,246]]},{"id":247,"text":"Mẫu số ( Fom ) -","label":"question","box":[874,91,981,112],"words":[{"text":"Mẫu","box":[874,91,905,109]},{"text":"số","box":[910,93,927,110]},{"text":"(","box":[933,93,938,111]},{"text":"Fom","box":[938,94,959,111]},{"text":")","box":[966,94,974,112]},{"text":"-","box":[978,94,981,112]}],"linking":[[247,248]]},{"id":248,"text":"01GTKT0 / 002","label":"answer","box":[1038,96,1140,107],"words":[{"text":"01GTKT0","box":[1038,96,1108,107]},{"text":"/","box":[1109,96,1114,107]},{"text":"002","box":[1114,96,1140,107]}],"linking":[[247,248]]},{"id":249,"text":"Kí hiệu ( Series ) .","label":"question","box":[873.09,132.91,982.09,149.91],"words":[{"text":"Kí","box":[875,131,888,145]},{"text":"hiệu","box":[895,132,924,146]},{"text":"(","box":[931,132,935,146]},{"text":"Series","box":[936,133,971,147]},{"text":")","box":[973,134,978,148]},{"text":".","box":[981,134,984,148]}],"linking":[[249,250]]},{"id":250,"text":"BM / 21E","label":"answer","box":[1039,133,1095,144],"words":[{"text":"BM","box":[1039,133,1060,144]},{"text":"/","box":[1062,133,1067,144]},{"text":"21E","box":[1067,133,1095,144]}],"linking":[[249,250]]},{"id":251,"text":"Số ( No. ) .","label":"question","box":[875,166,942,187],"words":[{"text":"Số","box":[875,166,894,183]},{"text":"(","box":[901,168,905,185]},{"text":"No.","box":[904,170,927,185]},{"text":")","box":[928,170,932,187]},{"text":".","box":[937,170,942,187]}],"linking":[[251,201]]}]