[{"id":0,"text":"STT","label":"","box":[62,621,90,632],"words":[{"text":"STT","box":[62,621,90,632]}],"linking":[]},{"id":1,"text":"No.","label":"","box":[64,645,88,655],"words":[{"text":"No.","box":[64,645,88,655]}],"linking":[]},{"id":2,"text":"Đơn","label":"","box":[173,56,197,71],"words":[{"text":"Đơn","box":[173,56,197,71]}],"linking":[]},{"id":3,"text":"vị","label":"","box":[203,56,211,71],"words":[{"text":"vị","box":[203,56,211,71]}],"linking":[]},{"id":4,"text":"hỗ","label":"","box":[215,56,229,71],"words":[{"text":"hỗ","box":[215,56,229,71]}],"linking":[]},{"id":5,"text":"trợ","label":"","box":[234,56,250,71],"words":[{"text":"trợ","box":[234,56,250,71]}],"linking":[]},{"id":6,"text":"cung","label":"","box":[254,56,282,71],"words":[{"text":"cung","box":[254,56,282,71]}],"linking":[]},{"id":7,"text":"cấp","label":"","box":[287,56,307,71],"words":[{"text":"cấp","box":[287,56,307,71]}],"linking":[]},{"id":8,"text":"công","label":"","box":[312,56,339,71],"words":[{"text":"công","box":[312,56,339,71]}],"linking":[]},{"id":9,"text":"cụ","label":"","box":[344,56,357,71],"words":[{"text":"cụ","box":[344,56,357,71]}],"linking":[]},{"id":10,"text":"phát","label":"","box":[361,56,387,71],"words":[{"text":"phát","box":[361,56,387,71]}],"linking":[]},{"id":11,"text":"hành","label":"","box":[392,56,420,71],"words":[{"text":"hành","box":[392,56,420,71]}],"linking":[]},{"id":12,"text":"hóa","label":"","box":[425,56,446,71],"words":[{"text":"hóa","box":[425,56,446,71]}],"linking":[]},{"id":13,"text":"đơn","label":"","box":[451,56,473,71],"words":[{"text":"đơn","box":[451,56,473,71]}],"linking":[]},{"id":14,"text":"điện","label":"","box":[478,56,502,71],"words":[{"text":"điện","box":[478,56,502,71]}],"linking":[]},{"id":15,"text":"tử","label":"","box":[507,56,514,71],"words":[{"text":"tử","box":[507,56,514,71]}],"linking":[]},{"id":16,"text":":","label":"","box":[518,56,521,71],"words":[{"text":":","box":[518,56,521,71]}],"linking":[]},{"id":17,"text":"Công","label":"","box":[527,56,557,71],"words":[{"text":"Công","box":[527,56,557,71]}],"linking":[]},{"id":18,"text":"ty","label":"","box":[562,56,572,71],"words":[{"text":"ty","box":[562,56,572,71]}],"linking":[]},{"id":19,"text":"Cổ","label":"","box":[576,56,592,71],"words":[{"text":"Cổ","box":[576,56,592,71]}],"linking":[]},{"id":20,"text":"phần","label":"","box":[596,56,625,71],"words":[{"text":"phần","box":[596,56,625,71]}],"linking":[]},{"id":21,"text":"Định","label":"","box":[630,56,656,71],"words":[{"text":"Định","box":[630,56,656,71]}],"linking":[]},{"id":22,"text":"Gia","label":"","box":[661,56,680,71],"words":[{"text":"Gia","box":[661,56,680,71]}],"linking":[]},{"id":23,"text":"Nét","label":"","box":[686,56,706,71],"words":[{"text":"Nét","box":[686,56,706,71]}],"linking":[]},{"id":24,"text":"-","label":"","box":[710,56,713,71],"words":[{"text":"-","box":[710,56,713,71]}],"linking":[]},{"id":25,"text":"DigiNet","label":"","box":[718,56,761,71],"words":[{"text":"DigiNet","box":[718,56,761,71]}],"linking":[]},{"id":26,"text":"Corp","label":"","box":[765,56,791,71],"words":[{"text":"Corp","box":[765,56,791,71]}],"linking":[]},{"id":27,"text":",","label":"","box":[793,56,795,71],"words":[{"text":",","box":[793,56,795,71]}],"linking":[]},{"id":28,"text":"MST","label":"","box":[801,56,825,71],"words":[{"text":"MST","box":[801,56,825,71]}],"linking":[]},{"id":29,"text":":","label":"","box":[828,56,832,71],"words":[{"text":":","box":[828,56,832,71]}],"linking":[]},{"id":30,"text":"0303359278","label":"","box":[837,56,907,71],"words":[{"text":"0303359278","box":[837,56,907,71]}],"linking":[]},{"id":31,"text":",","label":"","box":[910,56,912,71],"words":[{"text":",","box":[910,56,912,71]}],"linking":[]},{"id":32,"text":"Điện","label":"","box":[918,56,944,71],"words":[{"text":"Điện","box":[918,56,944,71]}],"linking":[]},{"id":33,"text":"thoại","label":"","box":[949,56,977,71],"words":[{"text":"thoại","box":[949,56,977,71]}],"linking":[]},{"id":34,"text":":","label":"","box":[979,56,980,71],"words":[{"text":":","box":[979,56,980,71]}],"linking":[]},{"id":35,"text":"028","label":"","box":[985,56,1006,71],"words":[{"text":"028","box":[985,56,1006,71]}],"linking":[]},{"id":36,"text":"35123878","label":"","box":[1011,56,1069,71],"words":[{"text":"35123878","box":[1011,56,1069,71]}],"linking":[]},{"id":37,"text":":","label":"","box":[978,94,981,111],"words":[{"text":":","box":[978,94,981,111]}],"linking":[]},{"id":38,"text":"HÓA","label":"","box":[389,94,453,128],"words":[{"text":"HÓA","box":[389,94,453,128]}],"linking":[]},{"id":39,"text":"ĐƠN","label":"","box":[462,94,532,128],"words":[{"text":"ĐƠN","box":[462,94,532,128]}],"linking":[]},{"id":40,"text":"GIÁ","label":"","box":[545,94,597,128],"words":[{"text":"GIÁ","box":[545,94,597,128]}],"linking":[]},{"id":41,"text":"TRỊ","label":"","box":[606,94,654,128],"words":[{"text":"TRỊ","box":[606,94,654,128]}],"linking":[]},{"id":42,"text":"GIA","label":"","box":[666,94,718,128],"words":[{"text":"GIA","box":[666,94,718,128]}],"linking":[]},{"id":43,"text":"TĂNG","label":"","box":[728,94,811,128],"words":[{"text":"TĂNG","box":[728,94,811,128]}],"linking":[]},{"id":44,"text":".","label":"","box":[981,135,984,149],"words":[{"text":".","box":[981,135,984,149]}],"linking":[]},{"id":45,"text":"VAT","label":"","box":[522,144,572,162],"words":[{"text":"VAT","box":[522,144,572,162]}],"linking":[]},{"id":46,"text":"INVOICE","label":"","box":[578,144,681,162],"words":[{"text":"INVOICE","box":[578,144,681,162]}],"linking":[]},{"id":47,"text":"Ngày","label":"","box":[431,177,466,194],"words":[{"text":"Ngày","box":[431,177,466,194]}],"linking":[]},{"id":48,"text":"(","label":"","box":[473,177,476,193],"words":[{"text":"(","box":[473,177,476,193]}],"linking":[]},{"id":49,"text":"Date","label":"","box":[477,177,503,193],"words":[{"text":"Date","box":[477,177,503,193]}],"linking":[]},{"id":50,"text":")","label":"","box":[506,177,509,193],"words":[{"text":")","box":[506,177,509,193]}],"linking":[]},{"id":51,"text":"23","label":"","box":[514,177,531,193],"words":[{"text":"23","box":[514,177,531,193]}],"linking":[]},{"id":52,"text":"tháng","label":"","box":[537,177,576,193],"words":[{"text":"tháng","box":[537,177,576,193]}],"linking":[]},{"id":53,"text":"(","label":"","box":[584,177,587,193],"words":[{"text":"(","box":[584,177,587,193]}],"linking":[]},{"id":54,"text":"month","label":"","box":[586,177,623,193],"words":[{"text":"month","box":[586,177,623,193]}],"linking":[]},{"id":55,"text":")","label":"","box":[626,177,629,193],"words":[{"text":")","box":[626,177,629,193]}],"linking":[]},{"id":56,"text":"03","label":"","box":[634,177,651,193],"words":[{"text":"03","box":[634,177,651,193]}],"linking":[]},{"id":57,"text":"năm","label":"","box":[658,176,686,192],"words":[{"text":"năm","box":[658,176,686,192]}],"linking":[]},{"id":58,"text":"(","label":"","box":[695,176,699,192],"words":[{"text":"(","box":[695,176,699,192]}],"linking":[]},{"id":59,"text":"year","label":"","box":[699,176,723,192],"words":[{"text":"year","box":[699,176,723,192]}],"linking":[]},{"id":60,"text":")","label":"","box":[726,176,729,192],"words":[{"text":")","box":[726,176,729,192]}],"linking":[]},{"id":61,"text":"2022","label":"","box":[734,176,768,192],"words":[{"text":"2022","box":[734,176,768,192]}],"linking":[]},{"id":62,"text":"1","label":"","box":[72,700,79,712],"words":[{"text":"1","box":[72,700,79,712]}],"linking":[]},{"id":63,"text":"BINH","label":"","box":[161,172,189,185],"words":[{"text":"BINH","box":[161,172,189,185]}],"linking":[]},{"id":64,"text":"MINH","label":"","box":[196,172,229,184],"words":[{"text":"MINH","box":[196,172,229,184]}],"linking":[]},{"id":65,"text":"3","label":"","box":[71,777,80,788],"words":[{"text":"3","box":[71,777,80,788]}],"linking":[]},{"id":66,"text":"TÊN","label":"","box":[177,616,207,634],"words":[{"text":"TÊN","box":[177,616,207,634]}],"linking":[]},{"id":67,"text":"HÀNG","label":"","box":[213,617,256,634],"words":[{"text":"HÀNG","box":[213,617,256,634]}],"linking":[]},{"id":68,"text":"HÓA","label":"","box":[262,617,291,635],"words":[{"text":"HÓA","box":[262,617,291,635]}],"linking":[]},{"id":69,"text":",","label":"","box":[295,617,298,635],"words":[{"text":",","box":[295,617,298,635]}],"linking":[]},{"id":70,"text":"DỊCH","label":"","box":[305,617,341,635],"words":[{"text":"DỊCH","box":[305,617,341,635]}],"linking":[]},{"id":71,"text":"VỤ","label":"","box":[347,618,366,636],"words":[{"text":"VỤ","box":[347,618,366,636]}],"linking":[]},{"id":72,"text":"Description","label":"","box":[234,645,311,658],"words":[{"text":"Description","box":[234,645,311,658]}],"linking":[]},{"id":73,"text":"CAP","label":"","box":[103,700,134,712],"words":[{"text":"CAP","box":[103,700,134,712]}],"linking":[]},{"id":74,"text":"POWER","label":"","box":[141,700,200,712],"words":[{"text":"POWER","box":[141,700,200,712]}],"linking":[]},{"id":75,"text":"1LIT","label":"","box":[209,700,240,712],"words":[{"text":"1LIT","box":[209,700,240,712]}],"linking":[]},{"id":76,"text":"2","label":"","box":[70,739,81,750],"words":[{"text":"2","box":[70,739,81,750]}],"linking":[]},{"id":77,"text":"POLYZYMES","label":"","box":[103,739,201,750],"words":[{"text":"POLYZYMES","box":[103,739,201,750]}],"linking":[]},{"id":78,"text":"100ML","label":"","box":[209,739,256,750],"words":[{"text":"100ML","box":[209,739,256,750]}],"linking":[]},{"id":79,"text":"0303880297","label":"answer","box":[330,254,419,265],"words":[{"text":"0303880297","box":[330,254,419,265]}],"linking":[[248,79]]},{"id":80,"text":"112002622316","label":"answer","box":[331,311,439,323],"words":[{"text":"112002622316","box":[331,311,439,323]}],"linking":[[251,80]]},{"id":81,"text":"LACTOCEL","label":"","box":[103,778,189,790],"words":[{"text":"LACTOCEL","box":[103,778,189,790]}],"linking":[]},{"id":82,"text":"500","label":"","box":[194,778,219,790],"words":[{"text":"500","box":[194,778,219,790]}],"linking":[]},{"id":83,"text":"GR","label":"","box":[222,778,244,790],"words":[{"text":"GR","box":[222,778,244,790]}],"linking":[]},{"id":84,"text":"TỔNG","label":"","box":[212,1051,256,1068],"words":[{"text":"TỔNG","box":[212,1051,256,1068]}],"linking":[]},{"id":85,"text":"HỢP","label":"","box":[264,1052,297,1069],"words":[{"text":"HỢP","box":[264,1052,297,1069]}],"linking":[]},{"id":86,"text":"Tổng","label":"","box":[76,1091,111,1108],"words":[{"text":"Tổng","box":[76,1091,111,1108]}],"linking":[]},{"id":87,"text":"tiền","label":"","box":[117,1091,142,1108],"words":[{"text":"tiền","box":[117,1091,142,1108]}],"linking":[]},{"id":88,"text":"không","label":"","box":[150,1091,191,1108],"words":[{"text":"không","box":[150,1091,191,1108]}],"linking":[]},{"id":89,"text":"kê","label":"","box":[199,1091,213,1108],"words":[{"text":"kê","box":[199,1091,213,1108]}],"linking":[]},{"id":90,"text":"khai","label":"","box":[221,1091,248,1108],"words":[{"text":"khai","box":[221,1091,248,1108]}],"linking":[]},{"id":91,"text":"và","label":"","box":[254,1091,270,1108],"words":[{"text":"và","box":[254,1091,270,1108]}],"linking":[]},{"id":92,"text":"nộp","label":"","box":[277,1091,302,1108],"words":[{"text":"nộp","box":[277,1091,302,1108]}],"linking":[]},{"id":93,"text":"thuế","label":"","box":[308,1091,338,1108],"words":[{"text":"thuế","box":[308,1091,338,1108]}],"linking":[]},{"id":94,"text":":","label":"","box":[341,1091,341,1108],"words":[{"text":":","box":[341,1091,341,1108]}],"linking":[]},{"id":95,"text":"Tổng","label":"","box":[76,1117,111,1134],"words":[{"text":"Tổng","box":[76,1117,111,1134]}],"linking":[]},{"id":96,"text":"tiền","label":"","box":[117,1117,142,1134],"words":[{"text":"tiền","box":[117,1117,142,1134]}],"linking":[]},{"id":97,"text":"không","label":"","box":[150,1117,191,1134],"words":[{"text":"không","box":[150,1117,191,1134]}],"linking":[]},{"id":98,"text":"chịu","label":"","box":[199,1117,226,1134],"words":[{"text":"chịu","box":[199,1117,226,1134]}],"linking":[]},{"id":99,"text":"thuế","label":"","box":[232,1117,262,1134],"words":[{"text":"thuế","box":[232,1117,262,1134]}],"linking":[]},{"id":100,"text":"GTGT","label":"","box":[270,1117,314,1134],"words":[{"text":"GTGT","box":[270,1117,314,1134]}],"linking":[]},{"id":101,"text":":","label":"","box":[316,1117,316,1134],"words":[{"text":":","box":[316,1117,316,1134]}],"linking":[]},{"id":102,"text":"Tổng","label":"","box":[76,1142,110,1163],"words":[{"text":"Tổng","box":[76,1142,110,1163]}],"linking":[]},{"id":103,"text":"tiền","label":"","box":[116,1142,141,1162],"words":[{"text":"tiền","box":[116,1142,141,1162]}],"linking":[]},{"id":104,"text":"chịu","label":"","box":[148,1142,176,1162],"words":[{"text":"chịu","box":[148,1142,176,1162]}],"linking":[]},{"id":105,"text":"thuế","label":"","box":[182,1142,212,1162],"words":[{"text":"thuế","box":[182,1142,212,1162]}],"linking":[]},{"id":106,"text":"suất","label":"","box":[220,1142,249,1162],"words":[{"text":"suất","box":[220,1142,249,1162]}],"linking":[]},{"id":107,"text":"Tổng","label":"","box":[76,1169,110,1189],"words":[{"text":"Tổng","box":[76,1169,110,1189]}],"linking":[]},{"id":108,"text":"tiền","label":"","box":[116,1169,141,1188],"words":[{"text":"tiền","box":[116,1169,141,1188]}],"linking":[]},{"id":109,"text":"chịu","label":"","box":[148,1169,176,1188],"words":[{"text":"chịu","box":[148,1169,176,1188]}],"linking":[]},{"id":110,"text":"thuế","label":"","box":[182,1168,212,1187],"words":[{"text":"thuế","box":[182,1168,212,1187]}],"linking":[]},{"id":111,"text":"suất","label":"","box":[220,1168,248,1187],"words":[{"text":"suất","box":[220,1168,248,1187]}],"linking":[]},{"id":112,"text":":","label":"","box":[250,1168,250,1187],"words":[{"text":":","box":[250,1168,250,1187]}],"linking":[]},{"id":113,"text":"Tổng","label":"","box":[76,1197,111,1214],"words":[{"text":"Tổng","box":[76,1197,111,1214]}],"linking":[]},{"id":114,"text":"tiền","label":"","box":[117,1197,142,1214],"words":[{"text":"tiền","box":[117,1197,142,1214]}],"linking":[]},{"id":115,"text":"chịu","label":"","box":[149,1197,177,1214],"words":[{"text":"chịu","box":[149,1197,177,1214]}],"linking":[]},{"id":116,"text":"thuế","label":"","box":[183,1197,213,1214],"words":[{"text":"thuế","box":[183,1197,213,1214]}],"linking":[]},{"id":117,"text":"suất","label":"","box":[221,1197,249,1214],"words":[{"text":"suất","box":[221,1197,249,1214]}],"linking":[]},{"id":118,"text":":","label":"","box":[252,1197,252,1214],"words":[{"text":":","box":[252,1197,252,1214]}],"linking":[]},{"id":119,"text":"Tổng","label":"","box":[76,1224,111,1241],"words":[{"text":"Tổng","box":[76,1224,111,1241]}],"linking":[]},{"id":120,"text":"cộng","label":"","box":[118,1224,151,1241],"words":[{"text":"cộng","box":[118,1224,151,1241]}],"linking":[]},{"id":121,"text":"tiền","label":"","box":[158,1224,182,1241],"words":[{"text":"tiền","box":[158,1224,182,1241]}],"linking":[]},{"id":122,"text":"thanh","label":"","box":[189,1224,228,1241],"words":[{"text":"thanh","box":[189,1224,228,1241]}],"linking":[]},{"id":123,"text":"toán","label":"","box":[234,1224,264,1241],"words":[{"text":"toán","box":[234,1224,264,1241]}],"linking":[]},{"id":124,"text":":","label":"","box":[267,1224,267,1241],"words":[{"text":":","box":[267,1224,267,1241]}],"linking":[]},{"id":125,"text":"Người","label":"","box":[255,1305,299,1320],"words":[{"text":"Người","box":[255,1305,299,1320]}],"linking":[]},{"id":126,"text":"mua","label":"","box":[306,1305,336,1320],"words":[{"text":"mua","box":[306,1305,336,1320]}],"linking":[]},{"id":127,"text":"hàng","label":"","box":[342,1305,376,1320],"words":[{"text":"hàng","box":[342,1305,376,1320]}],"linking":[]},{"id":128,"text":"(","label":"","box":[384,1305,388,1320],"words":[{"text":"(","box":[384,1305,388,1320]}],"linking":[]},{"id":129,"text":"Buyer","label":"","box":[389,1305,421,1320],"words":[{"text":"Buyer","box":[389,1305,421,1320]}],"linking":[]},{"id":130,"text":")","label":"","box":[424,1305,427,1320],"words":[{"text":")","box":[424,1305,427,1320]}],"linking":[]},{"id":131,"text":"ĐƠN","label":"","box":[465,607,499,621],"words":[{"text":"ĐƠN","box":[465,607,499,621]}],"linking":[]},{"id":132,"text":"VỊ","label":"","box":[504,608,516,622],"words":[{"text":"VỊ","box":[504,608,516,622]}],"linking":[]},{"id":133,"text":"SÓ","label":"","box":[559,606,579,619],"words":[{"text":"SÓ","box":[559,606,579,619]}],"linking":[]},{"id":134,"text":"ΤΙΝΗ","label":"","box":[477,626,509,645],"words":[{"text":"ΤΙΝΗ","box":[477,626,509,645]}],"linking":[]},{"id":135,"text":"Unit","label":"","box":[481,657,509,667],"words":[{"text":"Unit","box":[481,657,509,667]}],"linking":[]},{"id":136,"text":"Chai","label":"","box":[477,700,510,712],"words":[{"text":"Chai","box":[477,700,510,712]}],"linking":[]},{"id":137,"text":"Chai","label":"","box":[477,738,511,750],"words":[{"text":"Chai","box":[477,738,511,750]}],"linking":[]},{"id":138,"text":"Hũ","label":"","box":[484,778,501,788],"words":[{"text":"Hũ","box":[484,778,501,788]}],"linking":[]},{"id":139,"text":"|","label":"","box":[538,631,539,646],"words":[{"text":"|","box":[538,631,539,646]}],"linking":[]},{"id":140,"text":"LƯỢNG","label":"","box":[541,629,597,646],"words":[{"text":"LƯỢNG","box":[541,629,597,646]}],"linking":[]},{"id":141,"text":"Quantity","label":"","box":[544,657,602,671],"words":[{"text":"Quantity","box":[544,657,602,671]}],"linking":[]},{"id":142,"text":"40","label":"","box":[562,700,579,712],"words":[{"text":"40","box":[562,700,579,712]}],"linking":[]},{"id":143,"text":"40","label":"","box":[562,738,579,750],"words":[{"text":"40","box":[562,738,579,750]}],"linking":[]},{"id":144,"text":"40","label":"","box":[562,777,579,789],"words":[{"text":"40","box":[562,777,579,789]}],"linking":[]},{"id":145,"text":"THUẾ","label":"","box":[482,1051,524,1067],"words":[{"text":"THUẾ","box":[482,1051,524,1067]}],"linking":[]},{"id":146,"text":"SUẤT","label":"","box":[532,1051,572,1066],"words":[{"text":"SUẤT","box":[532,1051,572,1066]}],"linking":[]},{"id":147,"text":"0","label":"","box":[516,1146,525,1157],"words":[{"text":"0","box":[516,1146,525,1157]}],"linking":[]},{"id":148,"text":"%","label":"","box":[524,1145,537,1156],"words":[{"text":"%","box":[524,1145,537,1156]}],"linking":[]},{"id":149,"text":"5","label":"","box":[516,1174,526,1184],"words":[{"text":"5","box":[516,1174,526,1184]}],"linking":[]},{"id":150,"text":"%","label":"","box":[524,1174,537,1184],"words":[{"text":"%","box":[524,1174,537,1184]}],"linking":[]},{"id":151,"text":"10","label":"","box":[513,1200,529,1211],"words":[{"text":"10","box":[513,1200,529,1211]}],"linking":[]},{"id":152,"text":"%","label":"","box":[529,1200,541,1211],"words":[{"text":"%","box":[529,1200,541,1211]}],"linking":[]},{"id":153,"text":"ĐƠN","label":"","box":[639,617,672,633],"words":[{"text":"ĐƠN","box":[639,617,672,633]}],"linking":[]},{"id":154,"text":"GIÁ","label":"","box":[680,617,704,632],"words":[{"text":"GIÁ","box":[680,617,704,632]}],"linking":[]},{"id":155,"text":"Price","label":"","box":[656,644,691,655],"words":[{"text":"Price","box":[656,644,691,655]}],"linking":[]},{"id":156,"text":"107,500.000","label":"","box":[640,701,730,714],"words":[{"text":"107,500.000","box":[640,701,730,714]}],"linking":[]},{"id":157,"text":"109,523.810","label":"","box":[640,739,729,751],"words":[{"text":"109,523.810","box":[640,739,729,751]}],"linking":[]},{"id":158,"text":"1/1","label":"","box":[606,1716,635,1731],"words":[{"text":"1/1","box":[606,1716,635,1731]}],"linking":[]},{"id":159,"text":"115,000.000","label":"","box":[639,778,729,791],"words":[{"text":"115,000.000","box":[639,778,729,791]}],"linking":[]},{"id":160,"text":"THÀNH","label":"","box":[754,618,806,632],"words":[{"text":"THÀNH","box":[754,618,806,632]}],"linking":[]},{"id":161,"text":"TIỀN","label":"","box":[812,618,846,632],"words":[{"text":"TIỀN","box":[812,618,846,632]}],"linking":[]},{"id":162,"text":"Total","label":"","box":[785,644,819,656],"words":[{"text":"Total","box":[785,644,819,656]}],"linking":[]},{"id":163,"text":"Cộng","label":"","box":[624,1014,660,1033],"words":[{"text":"Cộng","box":[624,1014,660,1033]}],"linking":[]},{"id":164,"text":"(","label":"","box":[668,1014,672,1033],"words":[{"text":"(","box":[668,1014,672,1033]}],"linking":[]},{"id":165,"text":"Sub","label":"","box":[674,1014,695,1033],"words":[{"text":"Sub","box":[674,1014,695,1033]}],"linking":[]},{"id":166,"text":"total","label":"","box":[700,1014,725,1033],"words":[{"text":"total","box":[700,1014,725,1033]}],"linking":[]},{"id":167,"text":")","label":"","box":[727,1014,729,1033],"words":[{"text":")","box":[727,1014,729,1033]}],"linking":[]},{"id":168,"text":":","label":"","box":[733,1014,738,1033],"words":[{"text":":","box":[733,1014,738,1033]}],"linking":[]},{"id":169,"text":"13,280,952","label":"","box":[773,1016,853,1030],"words":[{"text":"13,280,952","box":[773,1016,853,1030]}],"linking":[]},{"id":170,"text":"TRỊ","label":"","box":[630,1052,652,1068],"words":[{"text":"TRỊ","box":[630,1052,652,1068]}],"linking":[]},{"id":171,"text":"GIÁ","label":"","box":[661,1052,687,1068],"words":[{"text":"GIÁ","box":[661,1052,687,1068]}],"linking":[]},{"id":172,"text":"CHƯA","label":"","box":[693,1052,740,1068],"words":[{"text":"CHƯA","box":[693,1052,740,1068]}],"linking":[]},{"id":173,"text":"THUẾ","label":"","box":[746,1052,788,1068],"words":[{"text":"THUẾ","box":[746,1052,788,1068]}],"linking":[]},{"id":174,"text":"GTGT","label":"","box":[796,1052,837,1068],"words":[{"text":"GTGT","box":[796,1052,837,1068]}],"linking":[]},{"id":175,"text":"TROACH","label":"","box":[615,1061,727,1103],"words":[{"text":"TROACH","box":[615,1061,727,1103]}],"linking":[]},{"id":176,"text":"CO","label":"","box":[779,1061,841,1103],"words":[{"text":"CO","box":[779,1061,841,1103]}],"linking":[]},{"id":177,"text":"8,900,000","label":"","box":[773,1120,844,1131],"words":[{"text":"8,900,000","box":[773,1120,844,1131]}],"linking":[]},{"id":178,"text":"4,300,000","label":"","box":[780,701,852,715],"words":[{"text":"4,300,000","box":[780,701,852,715]}],"linking":[]},{"id":179,"text":"X","label":"","box":[892,703,902,710],"words":[{"text":"X","box":[892,703,902,710]}],"linking":[]},{"id":180,"text":"4,380,952","label":"","box":[780,738,852,751],"words":[{"text":"4,380,952","box":[780,738,852,751]}],"linking":[]},{"id":181,"text":"5","label":"","box":[884,739,894,749],"words":[{"text":"5","box":[884,739,894,749]}],"linking":[]},{"id":182,"text":"%","label":"","box":[894,739,907,749],"words":[{"text":"%","box":[894,739,907,749]}],"linking":[]},{"id":183,"text":"4,600,000","label":"","box":[781,778,851,790],"words":[{"text":"4,600,000","box":[781,778,851,790]}],"linking":[]},{"id":184,"text":"X","label":"","box":[891,781,901,789],"words":[{"text":"X","box":[891,781,901,789]}],"linking":[]},{"id":185,"text":"4,380,952","label":"","box":[772,1173,844,1186],"words":[{"text":"4,380,952","box":[772,1173,844,1186]}],"linking":[]},{"id":186,"text":"THUÊ","label":"","box":[874,594,913,608],"words":[{"text":"THUÊ","box":[874,594,913,608]}],"linking":[]},{"id":187,"text":"SUÁT","label":"","box":[874,618,915,631],"words":[{"text":"SUÁT","box":[874,618,915,631]}],"linking":[]},{"id":188,"text":"GTGT","label":"","box":[875,644,917,655],"words":[{"text":"GTGT","box":[875,644,917,655]}],"linking":[]},{"id":189,"text":"VAT","label":"","box":[867,667,898,678],"words":[{"text":"VAT","box":[867,667,898,678]}],"linking":[]},{"id":190,"text":"rate","label":"","box":[901,667,927,678],"words":[{"text":"rate","box":[901,667,927,678]}],"linking":[]},{"id":191,"text":"13,280,952","label":"","box":[764,1225,845,1240],"words":[{"text":"13,280,952","box":[764,1225,845,1240]}],"linking":[]},{"id":192,"text":"TIÊN","label":"","box":[946,605,980,621],"words":[{"text":"TIÊN","box":[946,605,980,621]}],"linking":[]},{"id":193,"text":"THUÊ","label":"","box":[986,605,1027,622],"words":[{"text":"THUÊ","box":[986,605,1027,622]}],"linking":[]},{"id":194,"text":"GTGT","label":"","box":[967,630,1010,643],"words":[{"text":"GTGT","box":[967,630,1010,643]}],"linking":[]},{"id":195,"text":"VAT","label":"","box":[947,655,977,668],"words":[{"text":"VAT","box":[947,655,977,668]}],"linking":[]},{"id":196,"text":"amount","label":"","box":[981,656,1034,668],"words":[{"text":"amount","box":[981,656,1034,668]}],"linking":[]},{"id":197,"text":"219,048","label":"","box":[978,738,1036,750],"words":[{"text":"219,048","box":[978,738,1036,750]}],"linking":[]},{"id":198,"text":"219,048","label":"","box":[978,1017,1037,1030],"words":[{"text":"219,048","box":[978,1017,1037,1030]}],"linking":[]},{"id":199,"text":"TIÊN","label":"","box":[886,1051,921,1067],"words":[{"text":"TIÊN","box":[886,1051,921,1067]}],"linking":[]},{"id":200,"text":"THUẾ","label":"","box":[928,1051,971,1067],"words":[{"text":"THUẾ","box":[928,1051,971,1067]}],"linking":[]},{"id":201,"text":"GTGT","label":"","box":[978,1051,1019,1067],"words":[{"text":"GTGT","box":[978,1051,1019,1067]}],"linking":[]},{"id":202,"text":"219,048","label":"","box":[971,1172,1028,1184],"words":[{"text":"219,048","box":[971,1172,1028,1184]}],"linking":[]},{"id":203,"text":"219,048","label":"","box":[970,1226,1028,1239],"words":[{"text":"219,048","box":[970,1226,1028,1239]}],"linking":[]},{"id":204,"text":"Người","label":"","box":[817,1305,860,1320],"words":[{"text":"Người","box":[817,1305,860,1320]}],"linking":[]},{"id":205,"text":"bán","label":"","box":[868,1305,893,1320],"words":[{"text":"bán","box":[868,1305,893,1320]}],"linking":[]},{"id":206,"text":"hàng","label":"","box":[900,1305,934,1321],"words":[{"text":"hàng","box":[900,1305,934,1321]}],"linking":[]},{"id":207,"text":"(","label":"","box":[942,1306,946,1321],"words":[{"text":"(","box":[942,1306,946,1321]}],"linking":[]},{"id":208,"text":"Seller","label":"","box":[947,1306,979,1321],"words":[{"text":"Seller","box":[947,1306,979,1321]}],"linking":[]},{"id":209,"text":")","label":"","box":[981,1306,984,1321],"words":[{"text":")","box":[981,1306,984,1321]}],"linking":[]},{"id":210,"text":"0000548","label":"answer","box":[1039,173,1116,186],"words":[{"text":"0000548","box":[1039,173,1116,186]}],"linking":[[268,210]]},{"id":211,"text":"THÀNH","label":"","box":[1063,605,1114,620],"words":[{"text":"THÀNH","box":[1063,605,1114,620]}],"linking":[]},{"id":212,"text":"TIÊN","label":"","box":[1121,605,1154,619],"words":[{"text":"TIÊN","box":[1121,605,1154,619]}],"linking":[]},{"id":213,"text":"SAU","label":"","box":[1073,629,1102,645],"words":[{"text":"SAU","box":[1073,629,1102,645]}],"linking":[]},{"id":214,"text":"THUÊ","label":"","box":[1108,628,1151,644],"words":[{"text":"THUÊ","box":[1108,628,1151,644]}],"linking":[]},{"id":215,"text":"Amount","label":"","box":[1086,658,1141,668],"words":[{"text":"Amount","box":[1086,658,1141,668]}],"linking":[]},{"id":216,"text":"Signature","label":"","box":[777,1353,845,1371],"words":[{"text":"Signature","box":[777,1353,845,1371]}],"linking":[]},{"id":217,"text":"Valid","label":"","box":[850,1352,890,1369],"words":[{"text":"Valid","box":[850,1352,890,1369]}],"linking":[]},{"id":218,"text":"|","label":"","box":[771,1376,772,1399],"words":[{"text":"|","box":[771,1376,772,1399]}],"linking":[]},{"id":219,"text":"Ký","label":"","box":[774,1375,796,1398],"words":[{"text":"Ký","box":[774,1375,796,1398]}],"linking":[]},{"id":220,"text":"bởi","label":"","box":[803,1375,826,1398],"words":[{"text":"bởi","box":[803,1375,826,1398]}],"linking":[]},{"id":221,"text":":","label":"","box":[828,1375,829,1398],"words":[{"text":":","box":[828,1375,829,1398]}],"linking":[]},{"id":222,"text":"CÔNG","label":"","box":[832,1374,887,1398],"words":[{"text":"CÔNG","box":[832,1374,887,1398]}],"linking":[]},{"id":223,"text":"TY","label":"","box":[893,1374,912,1397],"words":[{"text":"TY","box":[893,1374,912,1397]}],"linking":[]},{"id":224,"text":"CỔ","label":"","box":[923,1374,942,1397],"words":[{"text":"CỔ","box":[923,1374,942,1397]}],"linking":[]},{"id":225,"text":"PHẦN","label":"","box":[951,1372,1000,1397],"words":[{"text":"PHẦN","box":[951,1372,1000,1397]}],"linking":[]},{"id":226,"text":"THỦY","label":"","box":[1006,1373,1054,1396],"words":[{"text":"THỦY","box":[1006,1373,1054,1396]}],"linking":[]},{"id":227,"text":"SẢN","label":"","box":[778,1398,812,1415],"words":[{"text":"SẢN","box":[778,1398,812,1415]}],"linking":[]},{"id":228,"text":"BÌNH","label":"","box":[817,1398,860,1414],"words":[{"text":"BÌNH","box":[817,1398,860,1414]}],"linking":[]},{"id":229,"text":"MINH","label":"","box":[866,1398,914,1414],"words":[{"text":"MINH","box":[866,1398,914,1414]}],"linking":[]},{"id":230,"text":"|","label":"","box":[773,1425,774,1443],"words":[{"text":"|","box":[773,1425,774,1443]}],"linking":[]},{"id":231,"text":"Ngày","label":"","box":[775,1424,813,1442],"words":[{"text":"Ngày","box":[775,1424,813,1442]}],"linking":[]},{"id":232,"text":"ký","label":"","box":[820,1424,834,1442],"words":[{"text":"ký","box":[820,1424,834,1442]}],"linking":[]},{"id":233,"text":":","label":"","box":[838,1424,841,1442],"words":[{"text":":","box":[838,1424,841,1442]}],"linking":[]},{"id":234,"text":"23/03/2022","label":"","box":[848,1422,929,1442],"words":[{"text":"23/03/2022","box":[848,1422,929,1442]}],"linking":[]},{"id":235,"text":"4,300,000","label":"","box":[1096,701,1168,714],"words":[{"text":"4,300,000","box":[1096,701,1168,714]}],"linking":[]},{"id":236,"text":"4,600,000","label":"","box":[1096,739,1168,751],"words":[{"text":"4,600,000","box":[1096,739,1168,751]}],"linking":[]},{"id":237,"text":"4,600,000","label":"","box":[1096,778,1169,790],"words":[{"text":"4,600,000","box":[1096,778,1169,790]}],"linking":[]},{"id":238,"text":"13,500,000","label":"","box":[1088,1017,1169,1030],"words":[{"text":"13,500,000","box":[1088,1017,1169,1030]}],"linking":[]},{"id":239,"text":"GIÁ","label":"","box":[1051,1040,1077,1056],"words":[{"text":"GIÁ","box":[1051,1040,1077,1056]}],"linking":[]},{"id":240,"text":"TRỊ","label":"","box":[1083,1040,1107,1056],"words":[{"text":"TRỊ","box":[1083,1040,1107,1056]}],"linking":[]},{"id":241,"text":"THANH","label":"","box":[1114,1040,1168,1056],"words":[{"text":"THANH","box":[1114,1040,1168,1056]}],"linking":[]},{"id":242,"text":"TOÁN","label":"","box":[1090,1065,1132,1079],"words":[{"text":"TOÁN","box":[1090,1065,1132,1079]}],"linking":[]},{"id":243,"text":"8,900,000","label":"","box":[1089,1119,1159,1132],"words":[{"text":"8,900,000","box":[1089,1119,1159,1132]}],"linking":[]},{"id":244,"text":"4,600,000","label":"","box":[1088,1173,1159,1185],"words":[{"text":"4,600,000","box":[1088,1173,1159,1185]}],"linking":[]},{"id":245,"text":"13,500,000","label":"","box":[1080,1227,1161,1239],"words":[{"text":"13,500,000","box":[1080,1227,1161,1239]}],"linking":[]},{"id":246,"text":"Đơn vị bán hàng ( ComName ) :","label":"question","box":[68,221,277,240],"words":[{"text":"Đơn","box":[68,221,97,239]},{"text":"vị","box":[104,221,119,239]},{"text":"bán","box":[124,221,148,239]},{"text":"hàng","box":[156,221,189,239]},{"text":"(","box":[196,221,201,239]},{"text":"ComName","box":[203,221,264,240]},{"text":")","box":[267,222,271,240]},{"text":":","box":[274,222,277,240]}],"linking":[[246,247]]},{"id":247,"text":"CÔNG TY CỔ PHẦN THUỶ SẢN BÌNH MINH","label":"answer","box":[330,222,660,236],"words":[{"text":"CÔNG","box":[330,222,378,236]},{"text":"TY","box":[384,222,404,236]},{"text":"CỔ","box":[410,222,432,236]},{"text":"PHẦN","box":[440,222,483,236]},{"text":"THUỶ","box":[489,222,533,236]},{"text":"SẢN","box":[538,222,570,236]},{"text":"BÌNH","box":[578,222,614,236]},{"text":"MINH","box":[621,222,660,236]}],"linking":[[246,247]]},{"id":248,"text":"Mã số thuế ( Tax code )","label":"question","box":[70,249,221,271],"words":[{"text":"Mã","box":[70,250,92,267]},{"text":"số","box":[97,249,114,268]},{"text":"thuế","box":[118,251,149,268]},{"text":"(","box":[156,251,162,269]},{"text":"Tax","box":[162,252,183,270]},{"text":"code","box":[187,253,215,270]},{"text":")","box":[217,253,221,271]}],"linking":[[248,79]]},{"id":249,"text":"Dia chỉ ( Address ) :","label":"question","box":[70,283,193,298],"words":[{"text":"Dia","box":[70,283,94,296]},{"text":"chỉ","box":[99,283,119,297]},{"text":"(","box":[126,283,131,297]},{"text":"Address","box":[129,284,179,297]},{"text":")","box":[180,284,185,298]},{"text":":","box":[189,284,193,298]}],"linking":[[249,250]]},{"id":250,"text":"Số 86/28/1 , Phổ Quang , Phường 2 , Quận Tân Bình , TP.HCM","label":"answer","box":[331,281,770,298],"words":[{"text":"Số","box":[331,281,348,298]},{"text":"86/28/1","box":[356,281,406,298]},{"text":",","box":[411,281,412,298]},{"text":"Phổ","box":[420,281,446,298]},{"text":"Quang","box":[454,281,500,298]},{"text":",","box":[503,281,504,298]},{"text":"Phường","box":[512,281,569,298]},{"text":"2","box":[576,281,583,298]},{"text":",","box":[586,281,587,298]},{"text":"Quận","box":[595,281,632,298]},{"text":"Tân","box":[639,281,665,298]},{"text":"Bình","box":[672,281,703,298]},{"text":",","box":[706,281,707,298]},{"text":"TP.HCM","box":[710,281,770,298]}],"linking":[[249,250]]},{"id":251,"text":"Số tài khoản ( BankNo ) .","label":"question","box":[71,309,230,328],"words":[{"text":"Số","box":[71,309,88,325]},{"text":"tài","box":[95,309,110,325]},{"text":"khoản","box":[118,310,159,326]},{"text":"(","box":[167,311,171,327]},{"text":"BankNo","box":[172,311,216,327]},{"text":")","box":[219,312,223,328]},{"text":".","box":[229,312,230,328]}],"linking":[[251,80]]},{"id":252,"text":"Ngân hàng ( BankName ) :","label":"question","box":[71,338,238,357],"words":[{"text":"Ngân","box":[71,338,107,356]},{"text":"hàng","box":[115,338,148,356]},{"text":"(","box":[155,338,160,356]},{"text":"BankName","box":[162,339,224,357]},{"text":")","box":[228,339,232,357]},{"text":":","box":[235,339,238,357]}],"linking":[[252,253]]},{"id":253,"text":"NH TMCP Công Thương Việt Nam ( Vietinbank ) - CN Tây Sài Gòn , TP.HCM","label":"answer","box":[331,342,880,356],"words":[{"text":"NH","box":[331,342,351,356]},{"text":"TMCP","box":[358,342,403,356]},{"text":"Công","box":[411,342,447,356]},{"text":"Thương","box":[453,342,510,356]},{"text":"Việt","box":[517,342,544,356]},{"text":"Nam","box":[551,342,582,356]},{"text":"(","box":[590,342,594,356]},{"text":"Vietinbank","box":[595,342,668,356]},{"text":")","box":[671,342,675,356]},{"text":"-","box":[681,342,685,356]},{"text":"CN","box":[692,342,712,356]},{"text":"Tây","box":[720,342,746,356]},{"text":"Sài","box":[753,342,774,356]},{"text":"Gòn","box":[781,342,809,356]},{"text":",","box":[812,342,813,356]},{"text":"TP.HCM","box":[820,342,880,356]}],"linking":[[252,253]]},{"id":254,"text":"Họ tên người mua hàng ( Buyer ) :","label":"question","box":[71,391,300,407],"words":[{"text":"Họ","box":[71,391,89,406]},{"text":"tên","box":[96,391,116,406]},{"text":"người","box":[124,391,165,406]},{"text":"mua","box":[172,391,201,406]},{"text":"hàng","box":[209,391,242,407]},{"text":"(","box":[250,392,254,407]},{"text":"Buyer","box":[255,392,289,407]},{"text":")","box":[289,392,293,407]},{"text":":","box":[297,392,300,407]}],"linking":[[254,255]]},{"id":255,"text":"PHÚ THÁM","label":"answer","box":[433,389,515,403],"words":[{"text":"PHÚ","box":[433,389,463,403]},{"text":"THÁM","box":[472,389,515,403]}],"linking":[[254,255]]},{"id":256,"text":"Tên đơn vị ( CusName ) -","label":"question","box":[70,419,229,436],"words":[{"text":"Tên","box":[70,419,96,434]},{"text":"đơn","box":[103,420,130,434]},{"text":"vị","box":[136,420,146,435]},{"text":"(","box":[154,420,158,435]},{"text":"CusName","box":[161,421,218,436]},{"text":")","box":[220,421,222,436]},{"text":"-","box":[228,421,229,436]}],"linking":[]},{"id":257,"text":"Mã số thuế ( Tax code ) .","label":"question","box":[71,444,228,465],"words":[{"text":"Mã","box":[71,444,92,462]},{"text":"số","box":[98,444,114,462]},{"text":"thuế","box":[119,445,150,463]},{"text":"(","box":[157,445,162,463]},{"text":"Tax","box":[163,446,183,464]},{"text":"code","box":[188,447,215,465]},{"text":")","box":[218,447,221,465]},{"text":".","box":[227,447,228,465]}],"linking":[]},{"id":258,"text":"Địa chỉ ( Address )","label":"question","box":[68.87,474.91,180.87,493.91],"words":[{"text":"Địa","box":[70,474,93,491]},{"text":"chỉ","box":[100,474,121,491]},{"text":"(","box":[125,474,130,491]},{"text":"Address","box":[131,475,179,492]},{"text":")","box":[180,476,182,493]}],"linking":[[258,259]]},{"id":259,"text":"Thôn Phú Lạc , Xã Hòa Hiệp Nam , Đông Hòa , Phú Yên","label":"answer","box":[432,477,828,491],"words":[{"text":"Thôn","box":[432,477,467,491]},{"text":"Phú","box":[475,477,501,491]},{"text":"Lạc","box":[509,477,533,491]},{"text":",","box":[535,477,536,491]},{"text":"Xã","box":[543,477,561,491]},{"text":"Hòa","box":[569,477,596,491]},{"text":"Hiệp","box":[603,477,634,491]},{"text":"Nam","box":[642,477,673,491]},{"text":",","box":[676,477,677,491]},{"text":"Đông","box":[685,477,722,491]},{"text":"Hòa","box":[729,477,756,491]},{"text":",","box":[759,477,760,491]},{"text":"Phú","box":[769,477,795,491]},{"text":"Yên","box":[801,477,828,491]}],"linking":[[258,259]]},{"id":260,"text":"Hình thức thanh toán ( Method of payment ) .","label":"question","box":[71,503,361,522],"words":[{"text":"Hình","box":[71,503,103,520]},{"text":"thức","box":[109,503,141,520]},{"text":"thanh","box":[147,503,186,520]},{"text":"toán","box":[192,504,222,521]},{"text":"(","box":[230,504,234,521]},{"text":"Method","box":[234,504,279,521]},{"text":"of","box":[284,504,294,522]},{"text":"payment","box":[298,505,350,522]},{"text":")","box":[352,505,354,522]},{"text":".","box":[361,505,361,522]}],"linking":[[260,261]]},{"id":261,"text":"Chuyển khoản / Tiền mặt","label":"answer","box":[433,503,605,520],"words":[{"text":"Chuyển","box":[433,503,486,520]},{"text":"khoản","box":[494,503,533,520]},{"text":"/","box":[537,503,542,520]},{"text":"Tiền","box":[543,503,572,520]},{"text":"mặt","box":[580,503,605,520]}],"linking":[[260,261]]},{"id":262,"text":"Số tài khoản ( A / C No )","label":"question","box":[684,503,834,521],"words":[{"text":"Số","box":[684,503,703,517]},{"text":"tài","box":[708,503,725,518]},{"text":"khoản","box":[731,504,775,518]},{"text":"(","box":[782,505,786,520]},{"text":"A","box":[787,505,792,520]},{"text":"/","box":[793,505,798,520]},{"text":"C","box":[800,505,808,520]},{"text":"No","box":[813,506,828,521]},{"text":")","box":[830,506,834,521]}],"linking":[]},{"id":263,"text":"Ngân hàng ( Bank Name ) :","label":"question","box":[71,535,242,549],"words":[{"text":"Ngân","box":[71,535,107,549]},{"text":"hàng","box":[115,535,148,549]},{"text":"(","box":[156,535,159,549]},{"text":"Bank","box":[161,535,191,549]},{"text":"Name","box":[195,535,228,549]},{"text":")","box":[231,535,235,549]},{"text":":","box":[241,535,242,549]}],"linking":[]},{"id":264,"text":"Mẫu số ( Fom )","label":"question","box":[874,91,974,110],"words":[{"text":"Mẫu","box":[874,91,905,108]},{"text":"số","box":[910,92,927,109]},{"text":"(","box":[932,92,937,109]},{"text":"Fom","box":[937,93,959,110]},{"text":")","box":[966,93,974,110]}],"linking":[[264,265]]},{"id":265,"text":"01GTKT0 / 002","label":"answer","box":[1039,95,1141,107],"words":[{"text":"01GTKT0","box":[1039,95,1108,107]},{"text":"/","box":[1109,95,1115,107]},{"text":"002","box":[1114,95,1141,107]}],"linking":[[264,265]]},{"id":266,"text":"Ki hiệu ( Series )","label":"question","box":[875,132,978,149],"words":[{"text":"Ki","box":[875,132,887,146]},{"text":"hiệu","box":[895,133,924,147]},{"text":"(","box":[931,133,936,147]},{"text":"Series","box":[937,134,973,148]},{"text":")","box":[974,135,978,149]}],"linking":[[266,267]]},{"id":267,"text":"BM / 21E","label":"answer","box":[1040,133,1094,145],"words":[{"text":"BM","box":[1040,133,1060,145]},{"text":"/","box":[1063,133,1068,145]},{"text":"21E","box":[1068,133,1094,145]}],"linking":[[266,267]]},{"id":268,"text":"Số ( No. ) .","label":"question","box":[875,167,939,188],"words":[{"text":"Số","box":[875,167,894,184]},{"text":"(","box":[901,168,905,185]},{"text":"No.","box":[905,170,927,186]},{"text":")","box":[928,170,932,187]},{"text":".","box":[938,171,939,188]}],"linking":[[268,210]]},{"id":269,"text":"Số tiền viết bằng chữ ( Total amount in words )","label":"question","box":[78.91,1255.09,379.91,1276.09],"words":[{"text":"Số","box":[77,1257,94,1275]},{"text":"tiền","box":[99,1257,124,1275]},{"text":"viết","box":[131,1257,156,1275]},{"text":"bằng","box":[162,1258,196,1276]},{"text":"chữ","box":[202,1258,230,1276]},{"text":"(","box":[236,1259,240,1277]},{"text":"Total","box":[241,1259,270,1277]},{"text":"amount","box":[275,1260,319,1277]},{"text":"in","box":[324,1260,333,1278]},{"text":"words","box":[339,1260,372,1278]},{"text":")","box":[375,1260,378,1278]}],"linking":[[269,270]]},{"id":270,"text":"Mười ba triệu năm trăm nghìn đồng chẵn","label":"answer","box":[460,1258,756,1275],"words":[{"text":"Mười","box":[460,1258,496,1275]},{"text":"ba","box":[503,1258,519,1275]},{"text":"triệu","box":[525,1258,555,1275]},{"text":"năm","box":[563,1258,591,1275]},{"text":"trăm","box":[598,1258,628,1275]},{"text":"nghìn","box":[637,1258,675,1275]},{"text":"đồng","box":[681,1258,716,1275]},{"text":"chẵn","box":[722,1258,756,1275]}],"linking":[[269,270]]}]