[{"id":0,"text":"STT","label":"","box":[62,621,90,632],"words":[{"text":"STT","box":[62,621,90,632]}],"linking":[]},{"id":1,"text":"No.","label":"","box":[64,645,88,655],"words":[{"text":"No.","box":[64,645,88,655]}],"linking":[]},{"id":2,"text":"1","label":"","box":[72,701,79,713],"words":[{"text":"1","box":[72,701,79,713]}],"linking":[]},{"id":3,"text":"Đơn","label":"","box":[173,56,197,71],"words":[{"text":"Đơn","box":[173,56,197,71]}],"linking":[]},{"id":4,"text":"vị","label":"","box":[203,56,211,71],"words":[{"text":"vị","box":[203,56,211,71]}],"linking":[]},{"id":5,"text":"hỗ","label":"","box":[215,56,229,71],"words":[{"text":"hỗ","box":[215,56,229,71]}],"linking":[]},{"id":6,"text":"trợ","label":"","box":[234,56,250,71],"words":[{"text":"trợ","box":[234,56,250,71]}],"linking":[]},{"id":7,"text":"cung","label":"","box":[254,56,282,71],"words":[{"text":"cung","box":[254,56,282,71]}],"linking":[]},{"id":8,"text":"cấp","label":"","box":[287,56,307,71],"words":[{"text":"cấp","box":[287,56,307,71]}],"linking":[]},{"id":9,"text":"công","label":"","box":[312,56,339,71],"words":[{"text":"công","box":[312,56,339,71]}],"linking":[]},{"id":10,"text":"cụ","label":"","box":[344,56,357,71],"words":[{"text":"cụ","box":[344,56,357,71]}],"linking":[]},{"id":11,"text":"phát","label":"","box":[361,56,387,71],"words":[{"text":"phát","box":[361,56,387,71]}],"linking":[]},{"id":12,"text":"hành","label":"","box":[392,56,420,71],"words":[{"text":"hành","box":[392,56,420,71]}],"linking":[]},{"id":13,"text":"hóa","label":"","box":[425,56,446,71],"words":[{"text":"hóa","box":[425,56,446,71]}],"linking":[]},{"id":14,"text":"đơn","label":"","box":[451,56,473,71],"words":[{"text":"đơn","box":[451,56,473,71]}],"linking":[]},{"id":15,"text":"điện","label":"","box":[478,56,502,71],"words":[{"text":"điện","box":[478,56,502,71]}],"linking":[]},{"id":16,"text":"tử","label":"","box":[507,56,514,71],"words":[{"text":"tử","box":[507,56,514,71]}],"linking":[]},{"id":17,"text":":","label":"","box":[518,56,521,71],"words":[{"text":":","box":[518,56,521,71]}],"linking":[]},{"id":18,"text":"Công","label":"","box":[527,56,557,71],"words":[{"text":"Công","box":[527,56,557,71]}],"linking":[]},{"id":19,"text":"ty","label":"","box":[562,56,572,71],"words":[{"text":"ty","box":[562,56,572,71]}],"linking":[]},{"id":20,"text":"Cổ","label":"","box":[576,56,592,71],"words":[{"text":"Cổ","box":[576,56,592,71]}],"linking":[]},{"id":21,"text":"phần","label":"","box":[596,56,625,71],"words":[{"text":"phần","box":[596,56,625,71]}],"linking":[]},{"id":22,"text":"Định","label":"","box":[630,56,656,71],"words":[{"text":"Định","box":[630,56,656,71]}],"linking":[]},{"id":23,"text":"Gia","label":"","box":[661,56,680,71],"words":[{"text":"Gia","box":[661,56,680,71]}],"linking":[]},{"id":24,"text":"Nét","label":"","box":[686,56,706,71],"words":[{"text":"Nét","box":[686,56,706,71]}],"linking":[]},{"id":25,"text":"-","label":"","box":[710,56,713,71],"words":[{"text":"-","box":[710,56,713,71]}],"linking":[]},{"id":26,"text":"DigiNet","label":"","box":[718,56,761,71],"words":[{"text":"DigiNet","box":[718,56,761,71]}],"linking":[]},{"id":27,"text":"Corp","label":"","box":[765,56,791,71],"words":[{"text":"Corp","box":[765,56,791,71]}],"linking":[]},{"id":28,"text":",","label":"","box":[793,56,795,71],"words":[{"text":",","box":[793,56,795,71]}],"linking":[]},{"id":29,"text":"MST","label":"","box":[801,56,825,71],"words":[{"text":"MST","box":[801,56,825,71]}],"linking":[]},{"id":30,"text":":","label":"","box":[828,56,832,71],"words":[{"text":":","box":[828,56,832,71]}],"linking":[]},{"id":31,"text":"0303359278","label":"","box":[837,56,907,71],"words":[{"text":"0303359278","box":[837,56,907,71]}],"linking":[]},{"id":32,"text":",","label":"","box":[910,56,912,71],"words":[{"text":",","box":[910,56,912,71]}],"linking":[]},{"id":33,"text":"Điện","label":"","box":[918,56,944,71],"words":[{"text":"Điện","box":[918,56,944,71]}],"linking":[]},{"id":34,"text":"thoại","label":"","box":[949,56,977,71],"words":[{"text":"thoại","box":[949,56,977,71]}],"linking":[]},{"id":35,"text":":","label":"","box":[979,56,980,71],"words":[{"text":":","box":[979,56,980,71]}],"linking":[]},{"id":36,"text":"028","label":"","box":[985,56,1006,71],"words":[{"text":"028","box":[985,56,1006,71]}],"linking":[]},{"id":37,"text":"35123878","label":"","box":[1011,56,1069,71],"words":[{"text":"35123878","box":[1011,56,1069,71]}],"linking":[]},{"id":38,"text":"HÓA","label":"","box":[389,94,453,128],"words":[{"text":"HÓA","box":[389,94,453,128]}],"linking":[]},{"id":39,"text":"ĐƠN","label":"","box":[462,94,532,128],"words":[{"text":"ĐƠN","box":[462,94,532,128]}],"linking":[]},{"id":40,"text":"GIÁ","label":"","box":[545,94,597,128],"words":[{"text":"GIÁ","box":[545,94,597,128]}],"linking":[]},{"id":41,"text":"TRỊ","label":"","box":[606,94,654,128],"words":[{"text":"TRỊ","box":[606,94,654,128]}],"linking":[]},{"id":42,"text":"GIA","label":"","box":[666,94,718,128],"words":[{"text":"GIA","box":[666,94,718,128]}],"linking":[]},{"id":43,"text":"TĂNG","label":"","box":[728,94,811,128],"words":[{"text":"TĂNG","box":[728,94,811,128]}],"linking":[]},{"id":44,"text":"VAT","label":"","box":[522,144,572,162],"words":[{"text":"VAT","box":[522,144,572,162]}],"linking":[]},{"id":45,"text":"INVOICE","label":"","box":[578,144,681,162],"words":[{"text":"INVOICE","box":[578,144,681,162]}],"linking":[]},{"id":46,"text":"Ngày","label":"","box":[431,177,466,194],"words":[{"text":"Ngày","box":[431,177,466,194]}],"linking":[]},{"id":47,"text":"(","label":"","box":[473,177,476,193],"words":[{"text":"(","box":[473,177,476,193]}],"linking":[]},{"id":48,"text":"Date","label":"","box":[477,177,503,193],"words":[{"text":"Date","box":[477,177,503,193]}],"linking":[]},{"id":49,"text":")","label":"","box":[506,177,509,193],"words":[{"text":")","box":[506,177,509,193]}],"linking":[]},{"id":50,"text":"30","label":"","box":[514,177,531,193],"words":[{"text":"30","box":[514,177,531,193]}],"linking":[]},{"id":51,"text":"tháng","label":"","box":[537,177,576,193],"words":[{"text":"tháng","box":[537,177,576,193]}],"linking":[]},{"id":52,"text":"(","label":"","box":[584,177,587,193],"words":[{"text":"(","box":[584,177,587,193]}],"linking":[]},{"id":53,"text":"month","label":"","box":[586,177,623,193],"words":[{"text":"month","box":[586,177,623,193]}],"linking":[]},{"id":54,"text":")","label":"","box":[626,177,629,193],"words":[{"text":")","box":[626,177,629,193]}],"linking":[]},{"id":55,"text":"03","label":"","box":[634,177,651,193],"words":[{"text":"03","box":[634,177,651,193]}],"linking":[]},{"id":56,"text":"năm","label":"","box":[658,176,686,192],"words":[{"text":"năm","box":[658,176,686,192]}],"linking":[]},{"id":57,"text":"(","label":"","box":[695,176,699,192],"words":[{"text":"(","box":[695,176,699,192]}],"linking":[]},{"id":58,"text":"year","label":"","box":[699,176,723,192],"words":[{"text":"year","box":[699,176,723,192]}],"linking":[]},{"id":59,"text":")","label":"","box":[726,176,729,192],"words":[{"text":")","box":[726,176,729,192]}],"linking":[]},{"id":60,"text":"2022","label":"","box":[734,176,768,192],"words":[{"text":"2022","box":[734,176,768,192]}],"linking":[]},{"id":61,"text":":","label":"","box":[297,392,300,407],"words":[{"text":":","box":[297,392,300,407]}],"linking":[]},{"id":62,"text":"2","label":"","box":[70,739,81,750],"words":[{"text":"2","box":[70,739,81,750]}],"linking":[]},{"id":63,"text":"BINH","label":"","box":[161,172,189,185],"words":[{"text":"BINH","box":[161,172,189,185]}],"linking":[]},{"id":64,"text":"MINH","label":"","box":[196,172,229,184],"words":[{"text":"MINH","box":[196,172,229,184]}],"linking":[]},{"id":65,"text":"3","label":"","box":[71,778,80,789],"words":[{"text":"3","box":[71,778,80,789]}],"linking":[]},{"id":66,"text":"TÊN","label":"","box":[172,617,201,634],"words":[{"text":"TÊN","box":[172,617,201,634]}],"linking":[]},{"id":67,"text":"HÀNG","label":"","box":[209,617,252,634],"words":[{"text":"HÀNG","box":[209,617,252,634]}],"linking":[]},{"id":68,"text":"HÓA","label":"","box":[258,617,287,634],"words":[{"text":"HÓA","box":[258,617,287,634]}],"linking":[]},{"id":69,"text":",","label":"","box":[290,617,293,634],"words":[{"text":",","box":[290,617,293,634]}],"linking":[]},{"id":70,"text":"DỊCH","label":"","box":[301,618,336,635],"words":[{"text":"DỊCH","box":[301,618,336,635]}],"linking":[]},{"id":71,"text":"VỤ","label":"","box":[342,618,362,635],"words":[{"text":"VỤ","box":[342,618,362,635]}],"linking":[]},{"id":72,"text":"Description","label":"","box":[229,645,307,658],"words":[{"text":"Description","box":[229,645,307,658]}],"linking":[]},{"id":73,"text":"ABM","label":"","box":[102,700,133,712],"words":[{"text":"ABM","box":[102,700,133,712]}],"linking":[]},{"id":74,"text":"BIOMI","label":"","box":[142,700,187,711],"words":[{"text":"BIOMI","box":[142,700,187,711]}],"linking":[]},{"id":75,"text":"10KG","label":"","box":[194,700,232,711],"words":[{"text":"10KG","box":[194,700,232,711]}],"linking":[]},{"id":76,"text":"0303880297","label":"answer","box":[330,254,419,265],"words":[{"text":"0303880297","box":[330,254,419,265]}],"linking":[[277,76]]},{"id":77,"text":"112002622316","label":"answer","box":[331,311,439,323],"words":[{"text":"112002622316","box":[331,311,439,323]}],"linking":[[280,77]]},{"id":78,"text":"PROFS","label":"","box":[103,738,157,750],"words":[{"text":"PROFS","box":[103,738,157,750]}],"linking":[]},{"id":79,"text":"POWER","label":"","box":[164,738,224,750],"words":[{"text":"POWER","box":[164,738,224,750]}],"linking":[]},{"id":80,"text":"1KG","label":"","box":[231,738,261,750],"words":[{"text":"1KG","box":[231,738,261,750]}],"linking":[]},{"id":81,"text":"IODO","label":"","box":[103,777,142,788],"words":[{"text":"IODO","box":[103,777,142,788]}],"linking":[]},{"id":82,"text":"1LIT","label":"","box":[150,777,180,788],"words":[{"text":"1LIT","box":[150,777,180,788]}],"linking":[]},{"id":83,"text":"TỔNG","label":"","box":[205,1051,252,1066],"words":[{"text":"TỔNG","box":[205,1051,252,1066]}],"linking":[]},{"id":84,"text":"HỢP","label":"","box":[258,1053,293,1068],"words":[{"text":"HỢP","box":[258,1053,293,1068]}],"linking":[]},{"id":85,"text":"Tổng","label":"","box":[76,1091,111,1108],"words":[{"text":"Tổng","box":[76,1091,111,1108]}],"linking":[]},{"id":86,"text":"tiền","label":"","box":[117,1091,142,1108],"words":[{"text":"tiền","box":[117,1091,142,1108]}],"linking":[]},{"id":87,"text":"không","label":"","box":[150,1091,191,1108],"words":[{"text":"không","box":[150,1091,191,1108]}],"linking":[]},{"id":88,"text":"kê","label":"","box":[199,1091,213,1108],"words":[{"text":"kê","box":[199,1091,213,1108]}],"linking":[]},{"id":89,"text":"khai","label":"","box":[221,1091,248,1108],"words":[{"text":"khai","box":[221,1091,248,1108]}],"linking":[]},{"id":90,"text":"và","label":"","box":[254,1091,270,1108],"words":[{"text":"và","box":[254,1091,270,1108]}],"linking":[]},{"id":91,"text":"nộp","label":"","box":[277,1091,302,1108],"words":[{"text":"nộp","box":[277,1091,302,1108]}],"linking":[]},{"id":92,"text":"thuế","label":"","box":[308,1091,338,1108],"words":[{"text":"thuế","box":[308,1091,338,1108]}],"linking":[]},{"id":93,"text":":","label":"","box":[341,1091,341,1108],"words":[{"text":":","box":[341,1091,341,1108]}],"linking":[]},{"id":94,"text":"Tổng","label":"","box":[77,1114,109,1134],"words":[{"text":"Tổng","box":[77,1114,109,1134]}],"linking":[]},{"id":95,"text":"tiền","label":"","box":[117,1114,139,1134],"words":[{"text":"tiền","box":[117,1114,139,1134]}],"linking":[]},{"id":96,"text":"không","label":"","box":[146,1114,190,1134],"words":[{"text":"không","box":[146,1114,190,1134]}],"linking":[]},{"id":97,"text":"chịu","label":"","box":[198,1114,222,1134],"words":[{"text":"chịu","box":[198,1114,222,1134]}],"linking":[]},{"id":98,"text":"thuế","label":"","box":[231,1114,261,1134],"words":[{"text":"thuế","box":[231,1114,261,1134]}],"linking":[]},{"id":99,"text":"GTGT","label":"","box":[269,1114,311,1134],"words":[{"text":"GTGT","box":[269,1114,311,1134]}],"linking":[]},{"id":100,"text":":","label":"","box":[314,1114,317,1134],"words":[{"text":":","box":[314,1114,317,1134]}],"linking":[]},{"id":101,"text":"Tổng","label":"","box":[76,1142,110,1163],"words":[{"text":"Tổng","box":[76,1142,110,1163]}],"linking":[]},{"id":102,"text":"tiền","label":"","box":[116,1142,141,1162],"words":[{"text":"tiền","box":[116,1142,141,1162]}],"linking":[]},{"id":103,"text":"chịu","label":"","box":[148,1142,176,1162],"words":[{"text":"chịu","box":[148,1142,176,1162]}],"linking":[]},{"id":104,"text":"thuế","label":"","box":[182,1142,212,1162],"words":[{"text":"thuế","box":[182,1142,212,1162]}],"linking":[]},{"id":105,"text":"suất","label":"","box":[220,1142,249,1162],"words":[{"text":"suất","box":[220,1142,249,1162]}],"linking":[]},{"id":106,"text":"Tổng","label":"","box":[76,1169,110,1189],"words":[{"text":"Tổng","box":[76,1169,110,1189]}],"linking":[]},{"id":107,"text":"tiền","label":"","box":[116,1169,141,1188],"words":[{"text":"tiền","box":[116,1169,141,1188]}],"linking":[]},{"id":108,"text":"chịu","label":"","box":[148,1169,176,1188],"words":[{"text":"chịu","box":[148,1169,176,1188]}],"linking":[]},{"id":109,"text":"thuế","label":"","box":[182,1168,212,1187],"words":[{"text":"thuế","box":[182,1168,212,1187]}],"linking":[]},{"id":110,"text":"suất","label":"","box":[220,1168,248,1187],"words":[{"text":"suất","box":[220,1168,248,1187]}],"linking":[]},{"id":111,"text":":","label":"","box":[250,1168,250,1187],"words":[{"text":":","box":[250,1168,250,1187]}],"linking":[]},{"id":112,"text":"Tổng","label":"","box":[76,1197,111,1214],"words":[{"text":"Tổng","box":[76,1197,111,1214]}],"linking":[]},{"id":113,"text":"tiền","label":"","box":[117,1197,142,1214],"words":[{"text":"tiền","box":[117,1197,142,1214]}],"linking":[]},{"id":114,"text":"chịu","label":"","box":[150,1197,177,1214],"words":[{"text":"chịu","box":[150,1197,177,1214]}],"linking":[]},{"id":115,"text":"thuế","label":"","box":[183,1197,213,1214],"words":[{"text":"thuế","box":[183,1197,213,1214]}],"linking":[]},{"id":116,"text":"suất","label":"","box":[221,1197,249,1214],"words":[{"text":"suất","box":[221,1197,249,1214]}],"linking":[]},{"id":117,"text":":","label":"","box":[252,1197,253,1214],"words":[{"text":":","box":[252,1197,253,1214]}],"linking":[]},{"id":118,"text":"Tổng","label":"","box":[76,1224,111,1241],"words":[{"text":"Tổng","box":[76,1224,111,1241]}],"linking":[]},{"id":119,"text":"cộng","label":"","box":[118,1224,151,1241],"words":[{"text":"cộng","box":[118,1224,151,1241]}],"linking":[]},{"id":120,"text":"tiền","label":"","box":[158,1224,182,1241],"words":[{"text":"tiền","box":[158,1224,182,1241]}],"linking":[]},{"id":121,"text":"thanh","label":"","box":[189,1224,228,1241],"words":[{"text":"thanh","box":[189,1224,228,1241]}],"linking":[]},{"id":122,"text":"toán","label":"","box":[234,1224,264,1241],"words":[{"text":"toán","box":[234,1224,264,1241]}],"linking":[]},{"id":123,"text":":","label":"","box":[267,1224,267,1241],"words":[{"text":":","box":[267,1224,267,1241]}],"linking":[]},{"id":124,"text":"Số","label":"","box":[77,1257,94,1275],"words":[{"text":"Số","box":[77,1257,94,1275]}],"linking":[]},{"id":125,"text":"tiền","label":"","box":[99,1257,124,1275],"words":[{"text":"tiền","box":[99,1257,124,1275]}],"linking":[]},{"id":126,"text":"viết","label":"","box":[131,1257,156,1275],"words":[{"text":"viết","box":[131,1257,156,1275]}],"linking":[]},{"id":127,"text":"bằng","label":"","box":[162,1258,196,1276],"words":[{"text":"bằng","box":[162,1258,196,1276]}],"linking":[]},{"id":128,"text":"chữ","label":"","box":[202,1258,230,1276],"words":[{"text":"chữ","box":[202,1258,230,1276]}],"linking":[]},{"id":129,"text":"(","label":"","box":[236,1259,240,1277],"words":[{"text":"(","box":[236,1259,240,1277]}],"linking":[]},{"id":130,"text":"Total","label":"","box":[241,1259,270,1277],"words":[{"text":"Total","box":[241,1259,270,1277]}],"linking":[]},{"id":131,"text":"amount","label":"","box":[275,1260,319,1277],"words":[{"text":"amount","box":[275,1260,319,1277]}],"linking":[]},{"id":132,"text":"in","label":"","box":[324,1260,333,1278],"words":[{"text":"in","box":[324,1260,333,1278]}],"linking":[]},{"id":133,"text":"words","label":"","box":[339,1260,372,1278],"words":[{"text":"words","box":[339,1260,372,1278]}],"linking":[]},{"id":134,"text":")","label":"","box":[375,1260,378,1278],"words":[{"text":")","box":[375,1260,378,1278]}],"linking":[]},{"id":135,"text":"Người","label":"","box":[255,1305,298,1321],"words":[{"text":"Người","box":[255,1305,298,1321]}],"linking":[]},{"id":136,"text":"mua","label":"","box":[306,1305,336,1321],"words":[{"text":"mua","box":[306,1305,336,1321]}],"linking":[]},{"id":137,"text":"hàng","label":"","box":[341,1305,376,1321],"words":[{"text":"hàng","box":[341,1305,376,1321]}],"linking":[]},{"id":138,"text":"(","label":"","box":[384,1305,387,1321],"words":[{"text":"(","box":[384,1305,387,1321]}],"linking":[]},{"id":139,"text":"Buyer","label":"","box":[388,1305,422,1321],"words":[{"text":"Buyer","box":[388,1305,422,1321]}],"linking":[]},{"id":140,"text":")","label":"","box":[424,1305,427,1321],"words":[{"text":")","box":[424,1305,427,1321]}],"linking":[]},{"id":141,"text":"ĐƠN","label":"","box":[455,609,489,622],"words":[{"text":"ĐƠN","box":[455,609,489,622]}],"linking":[]},{"id":142,"text":"VỊ","label":"","box":[495,609,508,622],"words":[{"text":"VỊ","box":[495,609,508,622]}],"linking":[]},{"id":143,"text":"ΤΙΝΗ","label":"","box":[466,629,501,643],"words":[{"text":"ΤΙΝΗ","box":[466,629,501,643]}],"linking":[]},{"id":144,"text":"Unit","label":"","box":[472,657,500,668],"words":[{"text":"Unit","box":[472,657,500,668]}],"linking":[]},{"id":145,"text":"Bao","label":"","box":[470,701,498,711],"words":[{"text":"Bao","box":[470,701,498,711]}],"linking":[]},{"id":146,"text":"Hũ","label":"","box":[474,739,492,750],"words":[{"text":"Hũ","box":[474,739,492,750]}],"linking":[]},{"id":147,"text":"Chai","label":"","box":[468,777,501,788],"words":[{"text":"Chai","box":[468,777,501,788]}],"linking":[]},{"id":148,"text":"SÓ","label":"","box":[546,606,570,619],"words":[{"text":"SÓ","box":[546,606,570,619]}],"linking":[]},{"id":149,"text":"LƯỢNG","label":"","box":[532,630,587,645],"words":[{"text":"LƯỢNG","box":[532,630,587,645]}],"linking":[]},{"id":150,"text":"Quantity","label":"","box":[532,657,591,670],"words":[{"text":"Quantity","box":[532,657,591,670]}],"linking":[]},{"id":151,"text":"480","label":"","box":[546,700,573,712],"words":[{"text":"480","box":[546,700,573,712]}],"linking":[]},{"id":152,"text":"X","label":"","box":[514,1123,524,1131],"words":[{"text":"X","box":[514,1123,524,1131]}],"linking":[]},{"id":153,"text":"0","label":"","box":[506,1146,516,1158],"words":[{"text":"0","box":[506,1146,516,1158]}],"linking":[]},{"id":154,"text":"%","label":"","box":[515,1146,528,1158],"words":[{"text":"%","box":[515,1146,528,1158]}],"linking":[]},{"id":155,"text":"5","label":"","box":[506,1173,516,1183],"words":[{"text":"5","box":[506,1173,516,1183]}],"linking":[]},{"id":156,"text":"%","label":"","box":[514,1173,527,1183],"words":[{"text":"%","box":[514,1173,527,1183]}],"linking":[]},{"id":157,"text":"10","label":"","box":[502,1200,518,1211],"words":[{"text":"10","box":[502,1200,518,1211]}],"linking":[]},{"id":158,"text":"%","label":"","box":[519,1200,532,1211],"words":[{"text":"%","box":[519,1200,532,1211]}],"linking":[]},{"id":159,"text":"96","label":"","box":[550,739,567,750],"words":[{"text":"96","box":[550,739,567,750]}],"linking":[]},{"id":160,"text":"60","label":"","box":[551,778,568,788],"words":[{"text":"60","box":[551,778,568,788]}],"linking":[]},{"id":161,"text":"THUẾ","label":"","box":[473,1052,515,1066],"words":[{"text":"THUẾ","box":[473,1052,515,1066]}],"linking":[]},{"id":162,"text":"SUẤT","label":"","box":[522,1052,561,1066],"words":[{"text":"SUẤT","box":[522,1052,561,1066]}],"linking":[]},{"id":163,"text":"ĐƠN","label":"","box":[627,617,659,634],"words":[{"text":"ĐƠN","box":[627,617,659,634]}],"linking":[]},{"id":164,"text":"GIÁ","label":"","box":[666,616,691,632],"words":[{"text":"GIÁ","box":[666,616,691,632]}],"linking":[]},{"id":165,"text":"Price","label":"","box":[643,644,678,655],"words":[{"text":"Price","box":[643,644,678,655]}],"linking":[]},{"id":166,"text":"190,909.091","label":"","box":[626,699,714,715],"words":[{"text":"190,909.091","box":[626,699,714,715]}],"linking":[]},{"id":167,"text":"150,000.000","label":"","box":[626,738,714,751],"words":[{"text":"150,000.000","box":[626,738,714,751]}],"linking":[]},{"id":168,"text":"180,952.381","label":"","box":[627,777,713,791],"words":[{"text":"180,952.381","box":[627,777,713,791]}],"linking":[]},{"id":169,"text":"THÀNH","label":"","box":[742,618,793,632],"words":[{"text":"THÀNH","box":[742,618,793,632]}],"linking":[]},{"id":170,"text":"TIÊN","label":"","box":[800,618,833,632],"words":[{"text":"TIÊN","box":[800,618,833,632]}],"linking":[]},{"id":171,"text":"Total","label":"","box":[772,644,807,656],"words":[{"text":"Total","box":[772,644,807,656]}],"linking":[]},{"id":172,"text":"Cộng","label":"","box":[608,1015,645,1035],"words":[{"text":"Cộng","box":[608,1015,645,1035]}],"linking":[]},{"id":173,"text":"(","label":"","box":[651,1015,657,1035],"words":[{"text":"(","box":[651,1015,657,1035]}],"linking":[]},{"id":174,"text":"Sub","label":"","box":[661,1015,680,1035],"words":[{"text":"Sub","box":[661,1015,680,1035]}],"linking":[]},{"id":175,"text":"total","label":"","box":[687,1015,710,1035],"words":[{"text":"total","box":[687,1015,710,1035]}],"linking":[]},{"id":176,"text":")","label":"","box":[713,1015,717,1035],"words":[{"text":")","box":[713,1015,717,1035]}],"linking":[]},{"id":177,"text":"116,893,507","label":"","box":[753,1016,842,1031],"words":[{"text":"116,893,507","box":[753,1016,842,1031]}],"linking":[]},{"id":178,"text":"TRỊ","label":"","box":[617,1051,641,1068],"words":[{"text":"TRỊ","box":[617,1051,641,1068]}],"linking":[]},{"id":179,"text":"GIÁ","label":"","box":[649,1051,676,1068],"words":[{"text":"GIÁ","box":[649,1051,676,1068]}],"linking":[]},{"id":180,"text":"CHƯA","label":"","box":[682,1051,729,1068],"words":[{"text":"CHƯA","box":[682,1051,729,1068]}],"linking":[]},{"id":181,"text":"THUẾ","label":"","box":[735,1051,777,1068],"words":[{"text":"THUẾ","box":[735,1051,777,1068]}],"linking":[]},{"id":182,"text":"GTGT","label":"","box":[785,1051,827,1069],"words":[{"text":"GTGT","box":[785,1051,827,1069]}],"linking":[]},{"id":183,"text":"1/1","label":"","box":[606,1716,635,1731],"words":[{"text":"1/1","box":[606,1716,635,1731]}],"linking":[]},{"id":184,"text":"91,636,364","label":"","box":[760,699,840,714],"words":[{"text":"91,636,364","box":[760,699,840,714]}],"linking":[]},{"id":185,"text":"10","label":"","box":[871,701,888,712],"words":[{"text":"10","box":[871,701,888,712]}],"linking":[]},{"id":186,"text":"%","label":"","box":[889,701,901,712],"words":[{"text":"%","box":[889,701,901,712]}],"linking":[]},{"id":187,"text":"14,400,000","label":"","box":[762,738,840,750],"words":[{"text":"14,400,000","box":[762,738,840,750]}],"linking":[]},{"id":188,"text":"10,857,143","label":"","box":[761,776,842,792],"words":[{"text":"10,857,143","box":[761,776,842,792]}],"linking":[]},{"id":189,"text":"5","label":"","box":[875,778,885,789],"words":[{"text":"5","box":[875,778,885,789]}],"linking":[]},{"id":190,"text":"%","label":"","box":[885,778,897,789],"words":[{"text":"%","box":[885,778,897,789]}],"linking":[]},{"id":191,"text":"10,857,143","label":"","box":[753,1171,833,1186],"words":[{"text":"10,857,143","box":[753,1171,833,1186]}],"linking":[]},{"id":192,"text":"91,636,364","label":"","box":[752,1200,833,1212],"words":[{"text":"91,636,364","box":[752,1200,833,1212]}],"linking":[]},{"id":193,"text":"116,893,507","label":"","box":[745,1224,832,1239],"words":[{"text":"116,893,507","box":[745,1224,832,1239]}],"linking":[]},{"id":194,"text":"Một","label":"","box":[451,1258,476,1275],"words":[{"text":"Một","box":[451,1258,476,1275]}],"linking":[]},{"id":195,"text":"trăm","label":"","box":[482,1258,512,1275],"words":[{"text":"trăm","box":[482,1258,512,1275]}],"linking":[]},{"id":196,"text":"hai","label":"","box":[521,1258,540,1275],"words":[{"text":"hai","box":[521,1258,540,1275]}],"linking":[]},{"id":197,"text":"mươi","label":"","box":[547,1258,584,1275],"words":[{"text":"mươi","box":[547,1258,584,1275]}],"linking":[]},{"id":198,"text":"sáu","label":"","box":[591,1258,614,1275],"words":[{"text":"sáu","box":[591,1258,614,1275]}],"linking":[]},{"id":199,"text":"triệu","label":"","box":[621,1258,651,1275],"words":[{"text":"triệu","box":[621,1258,651,1275]}],"linking":[]},{"id":200,"text":"sáu","label":"","box":[658,1258,682,1275],"words":[{"text":"sáu","box":[658,1258,682,1275]}],"linking":[]},{"id":201,"text":"trăm","label":"","box":[688,1258,719,1275],"words":[{"text":"trăm","box":[688,1258,719,1275]}],"linking":[]},{"id":202,"text":"nghìn","label":"","box":[727,1258,765,1275],"words":[{"text":"nghìn","box":[727,1258,765,1275]}],"linking":[]},{"id":203,"text":"đồng","label":"","box":[771,1258,806,1275],"words":[{"text":"đồng","box":[771,1258,806,1275]}],"linking":[]},{"id":204,"text":"chẵn","label":"","box":[813,1258,846,1275],"words":[{"text":"chẵn","box":[813,1258,846,1275]}],"linking":[]},{"id":205,"text":"THUÊ","label":"","box":[864,594,903,608],"words":[{"text":"THUÊ","box":[864,594,903,608]}],"linking":[]},{"id":206,"text":"SUÁT","label":"","box":[864,618,905,632],"words":[{"text":"SUÁT","box":[864,618,905,632]}],"linking":[]},{"id":207,"text":"GTGT","label":"","box":[866,643,910,655],"words":[{"text":"GTGT","box":[866,643,910,655]}],"linking":[]},{"id":208,"text":"VAT","label":"","box":[859,668,887,678],"words":[{"text":"VAT","box":[859,668,887,678]}],"linking":[]},{"id":209,"text":"rate","label":"","box":[892,668,918,679],"words":[{"text":"rate","box":[892,668,918,679]}],"linking":[]},{"id":210,"text":"X","label":"","box":[882,742,892,750],"words":[{"text":"X","box":[882,742,892,750]}],"linking":[]},{"id":211,"text":"TIỀN","label":"","box":[939,604,974,620],"words":[{"text":"TIỀN","box":[939,604,974,620]}],"linking":[]},{"id":212,"text":"THUÊ","label":"","box":[979,605,1020,621],"words":[{"text":"THUÊ","box":[979,605,1020,621]}],"linking":[]},{"id":213,"text":"GTGT","label":"","box":[961,632,1004,643],"words":[{"text":"GTGT","box":[961,632,1004,643]}],"linking":[]},{"id":214,"text":"VAT","label":"","box":[940,657,971,668],"words":[{"text":"VAT","box":[940,657,971,668]}],"linking":[]},{"id":215,"text":"amount","label":"","box":[974,657,1027,668],"words":[{"text":"amount","box":[974,657,1027,668]}],"linking":[]},{"id":216,"text":"9,163,636","label":"","box":[961,700,1031,714],"words":[{"text":"9,163,636","box":[961,700,1031,714]}],"linking":[]},{"id":217,"text":"542,857","label":"","box":[974,777,1033,790],"words":[{"text":"542,857","box":[974,777,1033,790]}],"linking":[]},{"id":218,"text":"9,706,493","label":"","box":[961,1017,1033,1030],"words":[{"text":"9,706,493","box":[961,1017,1033,1030]}],"linking":[]},{"id":219,"text":"TIÊN","label":"","box":[879,1051,914,1066],"words":[{"text":"TIÊN","box":[879,1051,914,1066]}],"linking":[]},{"id":220,"text":"THUẾ","label":"","box":[922,1051,964,1066],"words":[{"text":"THUẾ","box":[922,1051,964,1066]}],"linking":[]},{"id":221,"text":"GTGT","label":"","box":[971,1052,1014,1067],"words":[{"text":"GTGT","box":[971,1052,1014,1067]}],"linking":[]},{"id":222,"text":"542,857","label":"","box":[966,1172,1025,1185],"words":[{"text":"542,857","box":[966,1172,1025,1185]}],"linking":[]},{"id":223,"text":"9,163,636","label":"","box":[952,1198,1023,1213],"words":[{"text":"9,163,636","box":[952,1198,1023,1213]}],"linking":[]},{"id":224,"text":"9,706,493","label":"","box":[953,1225,1024,1239],"words":[{"text":"9,706,493","box":[953,1225,1024,1239]}],"linking":[]},{"id":225,"text":"Người","label":"","box":[817,1305,860,1320],"words":[{"text":"Người","box":[817,1305,860,1320]}],"linking":[]},{"id":226,"text":"bán","label":"","box":[868,1305,893,1320],"words":[{"text":"bán","box":[868,1305,893,1320]}],"linking":[]},{"id":227,"text":"hàng","label":"","box":[900,1305,934,1321],"words":[{"text":"hàng","box":[900,1305,934,1321]}],"linking":[]},{"id":228,"text":"(","label":"","box":[942,1306,946,1321],"words":[{"text":"(","box":[942,1306,946,1321]}],"linking":[]},{"id":229,"text":"Seller","label":"","box":[947,1306,979,1321],"words":[{"text":"Seller","box":[947,1306,979,1321]}],"linking":[]},{"id":230,"text":")","label":"","box":[981,1306,984,1321],"words":[{"text":")","box":[981,1306,984,1321]}],"linking":[]},{"id":231,"text":"0000572","label":"answer","box":[1039,172,1116,187],"words":[{"text":"0000572","box":[1039,172,1116,187]}],"linking":[[274,231]]},{"id":232,"text":"THÀNH","label":"","box":[1062,604,1113,621],"words":[{"text":"THÀNH","box":[1062,604,1113,621]}],"linking":[]},{"id":233,"text":"TIỀN","label":"","box":[1119,604,1152,620],"words":[{"text":"TIỀN","box":[1119,604,1152,620]}],"linking":[]},{"id":234,"text":"SAU","label":"","box":[1071,629,1100,645],"words":[{"text":"SAU","box":[1071,629,1100,645]}],"linking":[]},{"id":235,"text":"THUẾ","label":"","box":[1108,628,1149,644],"words":[{"text":"THUẾ","box":[1108,628,1149,644]}],"linking":[]},{"id":236,"text":"Amount","label":"","box":[1084,658,1138,669],"words":[{"text":"Amount","box":[1084,658,1138,669]}],"linking":[]},{"id":237,"text":"Signature","label":"","box":[777,1353,846,1370],"words":[{"text":"Signature","box":[777,1353,846,1370]}],"linking":[]},{"id":238,"text":"Valid","label":"","box":[850,1352,890,1368],"words":[{"text":"Valid","box":[850,1352,890,1368]}],"linking":[]},{"id":239,"text":"|","label":"","box":[771,1376,772,1399],"words":[{"text":"|","box":[771,1376,772,1399]}],"linking":[]},{"id":240,"text":"Ký","label":"","box":[774,1375,796,1398],"words":[{"text":"Ký","box":[774,1375,796,1398]}],"linking":[]},{"id":241,"text":"bởi","label":"","box":[803,1375,826,1398],"words":[{"text":"bởi","box":[803,1375,826,1398]}],"linking":[]},{"id":242,"text":":","label":"","box":[828,1375,829,1398],"words":[{"text":":","box":[828,1375,829,1398]}],"linking":[]},{"id":243,"text":"CÔNG","label":"","box":[832,1374,887,1398],"words":[{"text":"CÔNG","box":[832,1374,887,1398]}],"linking":[]},{"id":244,"text":"TY","label":"","box":[893,1374,912,1397],"words":[{"text":"TY","box":[893,1374,912,1397]}],"linking":[]},{"id":245,"text":"CỔ","label":"","box":[923,1374,942,1397],"words":[{"text":"CỔ","box":[923,1374,942,1397]}],"linking":[]},{"id":246,"text":"PHẦN","label":"","box":[951,1372,1000,1397],"words":[{"text":"PHẦN","box":[951,1372,1000,1397]}],"linking":[]},{"id":247,"text":"THỦY","label":"","box":[1006,1373,1054,1396],"words":[{"text":"THỦY","box":[1006,1373,1054,1396]}],"linking":[]},{"id":248,"text":"|","label":"","box":[773,1399,774,1417],"words":[{"text":"|","box":[773,1399,774,1417]}],"linking":[]},{"id":249,"text":"SẢN","label":"","box":[776,1398,805,1416],"words":[{"text":"SẢN","box":[776,1398,805,1416]}],"linking":[]},{"id":250,"text":"BÌNH","label":"","box":[817,1398,861,1416],"words":[{"text":"BÌNH","box":[817,1398,861,1416]}],"linking":[]},{"id":251,"text":"MINH","label":"","box":[866,1397,913,1416],"words":[{"text":"MINH","box":[866,1397,913,1416]}],"linking":[]},{"id":252,"text":"|","label":"","box":[773,1425,774,1443],"words":[{"text":"|","box":[773,1425,774,1443]}],"linking":[]},{"id":253,"text":"Ngày","label":"","box":[775,1424,813,1442],"words":[{"text":"Ngày","box":[775,1424,813,1442]}],"linking":[]},{"id":254,"text":"ký","label":"","box":[820,1424,834,1442],"words":[{"text":"ký","box":[820,1424,834,1442]}],"linking":[]},{"id":255,"text":":","label":"","box":[838,1424,841,1442],"words":[{"text":":","box":[838,1424,841,1442]}],"linking":[]},{"id":256,"text":"30/03/2022","label":"","box":[849,1422,929,1442],"words":[{"text":"30/03/2022","box":[849,1422,929,1442]}],"linking":[]},{"id":257,"text":"100,800,000","label":"","box":[1080,701,1169,714],"words":[{"text":"100,800,000","box":[1080,701,1169,714]}],"linking":[]},{"id":258,"text":"14,400,000","label":"","box":[1088,739,1167,751],"words":[{"text":"14,400,000","box":[1088,739,1167,751]}],"linking":[]},{"id":259,"text":"11,400,000","label":"","box":[1089,778,1168,790],"words":[{"text":"11,400,000","box":[1089,778,1168,790]}],"linking":[]},{"id":260,"text":"126,600,000","label":"","box":[1079,1015,1169,1030],"words":[{"text":"126,600,000","box":[1079,1015,1169,1030]}],"linking":[]},{"id":261,"text":"|","label":"","box":[1043,1039,1044,1056],"words":[{"text":"|","box":[1043,1039,1044,1056]}],"linking":[]},{"id":262,"text":"GIÁ","label":"","box":[1049,1039,1076,1056],"words":[{"text":"GIÁ","box":[1049,1039,1076,1056]}],"linking":[]},{"id":263,"text":"TRỊ","label":"","box":[1081,1039,1105,1056],"words":[{"text":"TRỊ","box":[1081,1039,1105,1056]}],"linking":[]},{"id":264,"text":"THANH","label":"","box":[1112,1039,1165,1056],"words":[{"text":"THANH","box":[1112,1039,1165,1056]}],"linking":[]},{"id":265,"text":"TOÁN","label":"","box":[1087,1065,1130,1079],"words":[{"text":"TOÁN","box":[1087,1065,1130,1079]}],"linking":[]},{"id":266,"text":"14,400,000","label":"","box":[1080,1120,1161,1133],"words":[{"text":"14,400,000","box":[1080,1120,1161,1133]}],"linking":[]},{"id":267,"text":"11,400,000","label":"","box":[1080,1173,1160,1185],"words":[{"text":"11,400,000","box":[1080,1173,1160,1185]}],"linking":[]},{"id":268,"text":"100,800,000","label":"","box":[1071,1200,1161,1212],"words":[{"text":"100,800,000","box":[1071,1200,1161,1212]}],"linking":[]},{"id":269,"text":"126,600,000","label":"","box":[1072,1227,1161,1239],"words":[{"text":"126,600,000","box":[1072,1227,1161,1239]}],"linking":[]},{"id":270,"text":"Mẫu số ( Fom ) :","label":"question","box":[874,91,981,111],"words":[{"text":"Mẫu","box":[874,91,905,108]},{"text":"số","box":[910,92,927,109]},{"text":"(","box":[932,92,937,109]},{"text":"Fom","box":[937,93,959,110]},{"text":")","box":[966,93,974,110]},{"text":":","box":[978,94,981,111]}],"linking":[[270,271]]},{"id":271,"text":"01GTKT0 / 002","label":"answer","box":[1039,95,1141,107],"words":[{"text":"01GTKT0","box":[1039,95,1108,107]},{"text":"/","box":[1109,95,1115,107]},{"text":"002","box":[1114,95,1141,107]}],"linking":[[270,271]]},{"id":272,"text":"Ki hiệu ( Series ) .","label":"question","box":[875,132,984,149],"words":[{"text":"Ki","box":[875,132,887,146]},{"text":"hiệu","box":[895,133,924,147]},{"text":"(","box":[931,133,936,147]},{"text":"Series","box":[937,134,973,148]},{"text":")","box":[974,135,978,149]},{"text":".","box":[981,135,984,149]}],"linking":[[272,273]]},{"id":273,"text":"BM / 21E","label":"answer","box":[1040,133,1094,145],"words":[{"text":"BM","box":[1040,133,1060,145]},{"text":"/","box":[1063,133,1068,145]},{"text":"21E","box":[1068,133,1094,145]}],"linking":[[272,273]]},{"id":274,"text":"Số ( No. ) .","label":"question","box":[875,167,939,188],"words":[{"text":"Số","box":[875,167,894,184]},{"text":"(","box":[901,168,905,185]},{"text":"No.","box":[905,170,927,186]},{"text":")","box":[928,170,932,187]},{"text":".","box":[938,171,939,188]}],"linking":[[274,231]]},{"id":275,"text":"Đơn vị bán hàng ( ComName ) :","label":"question","box":[68,221,277,240],"words":[{"text":"Đơn","box":[68,221,97,239]},{"text":"vị","box":[104,221,119,239]},{"text":"bán","box":[124,221,148,239]},{"text":"hàng","box":[156,221,189,239]},{"text":"(","box":[196,221,201,239]},{"text":"ComName","box":[203,221,264,240]},{"text":")","box":[267,222,271,240]},{"text":":","box":[274,222,277,240]}],"linking":[[275,276]]},{"id":276,"text":"CÔNG TY CỔ PHẦN THUỶ SẢN BÌNH MINH","label":"answer","box":[330,222,660,236],"words":[{"text":"CÔNG","box":[330,222,378,236]},{"text":"TY","box":[384,222,404,236]},{"text":"CỔ","box":[410,222,432,236]},{"text":"PHẦN","box":[440,222,483,236]},{"text":"THUỶ","box":[489,222,533,236]},{"text":"SẢN","box":[538,222,570,236]},{"text":"BÌNH","box":[578,222,614,236]},{"text":"MINH","box":[621,222,660,236]}],"linking":[[275,276]]},{"id":277,"text":"Mã số thuế ( Tax code )","label":"question","box":[70,249,221,271],"words":[{"text":"Mã","box":[70,250,92,267]},{"text":"số","box":[97,249,114,268]},{"text":"thuế","box":[118,251,149,268]},{"text":"(","box":[156,251,162,269]},{"text":"Tax","box":[162,252,183,270]},{"text":"code","box":[187,253,215,270]},{"text":")","box":[217,253,221,271]}],"linking":[[277,76]]},{"id":278,"text":"Dia chỉ ( Address ) :","label":"question","box":[70,283,193,298],"words":[{"text":"Dia","box":[70,283,94,296]},{"text":"chỉ","box":[99,283,119,297]},{"text":"(","box":[126,283,131,297]},{"text":"Address","box":[129,284,179,297]},{"text":")","box":[180,284,185,298]},{"text":":","box":[189,284,193,298]}],"linking":[[278,279]]},{"id":279,"text":"Số 86/28/1 , Phổ Quang , Phường 2 , Quận Tân Bình , TP.HCM","label":"answer","box":[331,281,770,298],"words":[{"text":"Số","box":[331,281,348,298]},{"text":"86/28/1","box":[356,281,406,298]},{"text":",","box":[411,281,412,298]},{"text":"Phổ","box":[420,281,446,298]},{"text":"Quang","box":[454,281,500,298]},{"text":",","box":[503,281,504,298]},{"text":"Phường","box":[512,281,569,298]},{"text":"2","box":[576,281,583,298]},{"text":",","box":[586,281,587,298]},{"text":"Quận","box":[595,281,632,298]},{"text":"Tân","box":[639,281,665,298]},{"text":"Bình","box":[672,281,703,298]},{"text":",","box":[706,281,707,298]},{"text":"TP.HCM","box":[710,281,770,298]}],"linking":[[278,279]]},{"id":280,"text":"Số tài khoản ( BankNo ) .","label":"question","box":[71,309,230,328],"words":[{"text":"Số","box":[71,309,88,325]},{"text":"tài","box":[95,309,110,325]},{"text":"khoản","box":[118,310,159,326]},{"text":"(","box":[167,311,171,327]},{"text":"BankNo","box":[172,311,216,327]},{"text":")","box":[219,312,223,328]},{"text":".","box":[229,312,230,328]}],"linking":[[280,77]]},{"id":281,"text":"Ngân hàng ( BankName ) :","label":"question","box":[71,338,238,357],"words":[{"text":"Ngân","box":[71,338,107,356]},{"text":"hàng","box":[115,338,148,356]},{"text":"(","box":[155,338,160,356]},{"text":"BankName","box":[162,339,224,357]},{"text":")","box":[228,339,232,357]},{"text":":","box":[235,339,238,357]}],"linking":[[281,282]]},{"id":282,"text":"NH TMCP Công Thương Việt Nam ( Vietinbank ) - CN Tây Sài Gòn , TP.HCM","label":"answer","box":[331,342,880,356],"words":[{"text":"NH","box":[331,342,351,356]},{"text":"TMCP","box":[358,342,403,356]},{"text":"Công","box":[411,342,447,356]},{"text":"Thương","box":[453,342,510,356]},{"text":"Việt","box":[517,342,544,356]},{"text":"Nam","box":[551,342,582,356]},{"text":"(","box":[590,342,593,356]},{"text":"Vietinbank","box":[596,342,667,356]},{"text":")","box":[670,342,675,356]},{"text":"-","box":[681,342,685,356]},{"text":"CN","box":[692,342,712,356]},{"text":"Tây","box":[720,342,746,356]},{"text":"Sài","box":[753,342,774,356]},{"text":"Gòn","box":[781,342,809,356]},{"text":",","box":[812,342,813,356]},{"text":"TP.HCM","box":[820,342,880,356]}],"linking":[[281,282]]},{"id":283,"text":"Họ tên người mua hàng ( Buyer )","label":"question","box":[71,391,293,407],"words":[{"text":"Họ","box":[71,391,89,406]},{"text":"tên","box":[96,391,116,406]},{"text":"người","box":[124,391,165,406]},{"text":"mua","box":[172,391,201,406]},{"text":"hàng","box":[209,391,242,407]},{"text":"(","box":[250,392,254,407]},{"text":"Buyer","box":[255,392,289,407]},{"text":")","box":[289,392,293,407]}],"linking":[]},{"id":284,"text":"HOÀNG ĐỆ","label":"answer","box":[433,389,516,406],"words":[{"text":"HOÀNG","box":[433,389,489,406]},{"text":"ĐỆ","box":[497,389,516,406]}],"linking":[]},{"id":285,"text":"Tên đơn vị ( CusName ) -","label":"question","box":[70,419,229,436],"words":[{"text":"Tên","box":[70,419,96,434]},{"text":"đơn","box":[103,420,130,434]},{"text":"vị","box":[136,420,146,435]},{"text":"(","box":[154,420,158,435]},{"text":"CusName","box":[161,421,218,436]},{"text":")","box":[220,421,222,436]},{"text":"-","box":[228,421,229,436]}],"linking":[]},{"id":286,"text":"Mã số thuế ( Tax code ) .","label":"question","box":[71,444,228,465],"words":[{"text":"Mã","box":[71,444,92,462]},{"text":"số","box":[98,444,114,462]},{"text":"thuế","box":[119,445,150,463]},{"text":"(","box":[157,445,162,463]},{"text":"Tax","box":[163,446,183,464]},{"text":"code","box":[188,447,215,465]},{"text":")","box":[218,447,221,465]},{"text":".","box":[227,447,228,465]}],"linking":[]},{"id":287,"text":"Địa chỉ ( Address )","label":"question","box":[70,474,182,493],"words":[{"text":"Địa","box":[70,474,93,491]},{"text":"chỉ","box":[100,474,121,491]},{"text":"(","box":[125,474,130,491]},{"text":"Address","box":[131,475,179,492]},{"text":")","box":[180,476,182,493]}],"linking":[[287,288]]},{"id":288,"text":"37 Lý Tự Trọng , Khóm 3 , Phường 1 , Thị Xã Duyên Hải , Trà Vinh","label":"answer","box":[433,473,896,492],"words":[{"text":"37","box":[433,473,448,492]},{"text":"Lý","box":[453,473,469,492]},{"text":"Tự","box":[478,473,490,492]},{"text":"Trọng","box":[502,473,543,492]},{"text":",","box":[546,473,547,492]},{"text":"Khóm","box":[555,473,594,492]},{"text":"3","box":[603,473,609,492]},{"text":",","box":[612,473,613,492]},{"text":"Phường","box":[621,473,678,492]},{"text":"1","box":[686,473,689,492]},{"text":",","box":[695,473,696,492]},{"text":"Thị","box":[698,473,719,492]},{"text":"Xã","box":[726,473,743,492]},{"text":"Duyên","box":[751,473,795,492]},{"text":"Hải","box":[803,473,825,492]},{"text":",","box":[828,473,829,492]},{"text":"Trà","box":[836,473,858,492]},{"text":"Vinh","box":[865,473,896,492]}],"linking":[[287,288]]},{"id":289,"text":"Hình thức thanh toán ( Method of payment ) -","label":"question","box":[71,503,361,522],"words":[{"text":"Hình","box":[71,503,103,520]},{"text":"thức","box":[109,503,141,520]},{"text":"thanh","box":[147,503,186,521]},{"text":"toán","box":[192,504,222,521]},{"text":"(","box":[230,504,234,521]},{"text":"Method","box":[235,504,279,521]},{"text":"of","box":[285,505,292,522]},{"text":"payment","box":[296,506,350,522]},{"text":")","box":[352,505,354,522]},{"text":"-","box":[360,505,361,522]}],"linking":[[289,290]]},{"id":290,"text":"Chuyển khoản / Tiền mặt","label":"answer","box":[433,503,605,520],"words":[{"text":"Chuyển","box":[433,503,486,520]},{"text":"khoản","box":[494,503,534,520]},{"text":"/","box":[538,503,543,520]},{"text":"Tiền","box":[544,503,572,520]},{"text":"mặt","box":[580,503,605,520]}],"linking":[[289,290]]},{"id":291,"text":"Số tài khoản ( A / C No )","label":"question","box":[685,500,833,521],"words":[{"text":"Số","box":[685,501,703,517]},{"text":"tài","box":[708,500,725,518]},{"text":"khoản","box":[732,502,775,518]},{"text":"(","box":[780,502,785,519]},{"text":"A","box":[787,502,791,519]},{"text":"/","box":[794,503,798,520]},{"text":"C","box":[801,503,805,520]},{"text":"No","box":[812,503,827,520]},{"text":")","box":[830,504,833,521]}],"linking":[]},{"id":292,"text":"Ngân hàng ( Bank Name ) :","label":"question","box":[71,535,241,549],"words":[{"text":"Ngân","box":[71,535,107,549]},{"text":"hàng","box":[115,535,148,549]},{"text":"(","box":[156,535,158,549]},{"text":"Bank","box":[161,535,191,549]},{"text":"Name","box":[195,535,230,549]},{"text":")","box":[232,535,235,549]},{"text":":","box":[241,535,241,549]}],"linking":[]}]