[{"id":0,"text":"Đơn","label":"","box":[173,56,197,71],"words":[{"text":"Đơn","box":[173,56,197,71]}],"linking":[]},{"id":1,"text":"vị","label":"","box":[203,56,211,71],"words":[{"text":"vị","box":[203,56,211,71]}],"linking":[]},{"id":2,"text":"hỗ","label":"","box":[215,56,229,71],"words":[{"text":"hỗ","box":[215,56,229,71]}],"linking":[]},{"id":3,"text":"trợ","label":"","box":[234,56,250,71],"words":[{"text":"trợ","box":[234,56,250,71]}],"linking":[]},{"id":4,"text":"cung","label":"","box":[254,56,282,71],"words":[{"text":"cung","box":[254,56,282,71]}],"linking":[]},{"id":5,"text":"cấp","label":"","box":[287,56,307,71],"words":[{"text":"cấp","box":[287,56,307,71]}],"linking":[]},{"id":6,"text":"công","label":"","box":[312,56,339,71],"words":[{"text":"công","box":[312,56,339,71]}],"linking":[]},{"id":7,"text":"cụ","label":"","box":[344,56,357,71],"words":[{"text":"cụ","box":[344,56,357,71]}],"linking":[]},{"id":8,"text":"phát","label":"","box":[361,56,387,71],"words":[{"text":"phát","box":[361,56,387,71]}],"linking":[]},{"id":9,"text":"hành","label":"","box":[392,56,420,71],"words":[{"text":"hành","box":[392,56,420,71]}],"linking":[]},{"id":10,"text":"hóa","label":"","box":[425,56,446,71],"words":[{"text":"hóa","box":[425,56,446,71]}],"linking":[]},{"id":11,"text":"đơn","label":"","box":[451,56,473,71],"words":[{"text":"đơn","box":[451,56,473,71]}],"linking":[]},{"id":12,"text":"điện","label":"","box":[478,56,502,71],"words":[{"text":"điện","box":[478,56,502,71]}],"linking":[]},{"id":13,"text":"tử","label":"","box":[507,56,514,71],"words":[{"text":"tử","box":[507,56,514,71]}],"linking":[]},{"id":14,"text":":","label":"","box":[518,56,521,71],"words":[{"text":":","box":[518,56,521,71]}],"linking":[]},{"id":15,"text":"Công","label":"","box":[527,56,557,71],"words":[{"text":"Công","box":[527,56,557,71]}],"linking":[]},{"id":16,"text":"ty","label":"","box":[562,56,572,71],"words":[{"text":"ty","box":[562,56,572,71]}],"linking":[]},{"id":17,"text":"Cổ","label":"","box":[576,56,592,71],"words":[{"text":"Cổ","box":[576,56,592,71]}],"linking":[]},{"id":18,"text":"phần","label":"","box":[596,56,625,71],"words":[{"text":"phần","box":[596,56,625,71]}],"linking":[]},{"id":19,"text":"Định","label":"","box":[630,56,656,71],"words":[{"text":"Định","box":[630,56,656,71]}],"linking":[]},{"id":20,"text":"Gia","label":"","box":[661,56,680,71],"words":[{"text":"Gia","box":[661,56,680,71]}],"linking":[]},{"id":21,"text":"Nét","label":"","box":[686,56,706,71],"words":[{"text":"Nét","box":[686,56,706,71]}],"linking":[]},{"id":22,"text":"-","label":"","box":[710,56,713,71],"words":[{"text":"-","box":[710,56,713,71]}],"linking":[]},{"id":23,"text":"DigiNet","label":"","box":[718,56,761,71],"words":[{"text":"DigiNet","box":[718,56,761,71]}],"linking":[]},{"id":24,"text":"Corp","label":"","box":[765,56,791,71],"words":[{"text":"Corp","box":[765,56,791,71]}],"linking":[]},{"id":25,"text":",","label":"","box":[793,56,795,71],"words":[{"text":",","box":[793,56,795,71]}],"linking":[]},{"id":26,"text":"MST","label":"","box":[801,56,825,71],"words":[{"text":"MST","box":[801,56,825,71]}],"linking":[]},{"id":27,"text":":","label":"","box":[828,56,832,71],"words":[{"text":":","box":[828,56,832,71]}],"linking":[]},{"id":28,"text":"0303359278","label":"","box":[837,56,907,71],"words":[{"text":"0303359278","box":[837,56,907,71]}],"linking":[]},{"id":29,"text":",","label":"","box":[910,56,912,71],"words":[{"text":",","box":[910,56,912,71]}],"linking":[]},{"id":30,"text":"Điện","label":"","box":[918,56,944,71],"words":[{"text":"Điện","box":[918,56,944,71]}],"linking":[]},{"id":31,"text":"thoại","label":"","box":[949,56,977,71],"words":[{"text":"thoại","box":[949,56,977,71]}],"linking":[]},{"id":32,"text":":","label":"","box":[979,56,980,71],"words":[{"text":":","box":[979,56,980,71]}],"linking":[]},{"id":33,"text":"028","label":"","box":[985,56,1006,71],"words":[{"text":"028","box":[985,56,1006,71]}],"linking":[]},{"id":34,"text":"35123878","label":"","box":[1011,56,1069,71],"words":[{"text":"35123878","box":[1011,56,1069,71]}],"linking":[]},{"id":35,"text":"HÓA","label":"","box":[389,94,453,128],"words":[{"text":"HÓA","box":[389,94,453,128]}],"linking":[]},{"id":36,"text":"ĐƠN","label":"","box":[462,94,532,128],"words":[{"text":"ĐƠN","box":[462,94,532,128]}],"linking":[]},{"id":37,"text":"GIÁ","label":"","box":[545,94,597,128],"words":[{"text":"GIÁ","box":[545,94,597,128]}],"linking":[]},{"id":38,"text":"TRỊ","label":"","box":[606,94,654,128],"words":[{"text":"TRỊ","box":[606,94,654,128]}],"linking":[]},{"id":39,"text":"GIA","label":"","box":[666,94,718,128],"words":[{"text":"GIA","box":[666,94,718,128]}],"linking":[]},{"id":40,"text":"TĂNG","label":"","box":[728,94,811,128],"words":[{"text":"TĂNG","box":[728,94,811,128]}],"linking":[]},{"id":41,"text":"VAT","label":"","box":[522,144,572,162],"words":[{"text":"VAT","box":[522,144,572,162]}],"linking":[]},{"id":42,"text":"INVOICE","label":"","box":[578,144,681,162],"words":[{"text":"INVOICE","box":[578,144,681,162]}],"linking":[]},{"id":43,"text":"Ngày","label":"","box":[431,177,466,194],"words":[{"text":"Ngày","box":[431,177,466,194]}],"linking":[]},{"id":44,"text":"(","label":"","box":[473,177,476,193],"words":[{"text":"(","box":[473,177,476,193]}],"linking":[]},{"id":45,"text":"Date","label":"","box":[477,177,503,193],"words":[{"text":"Date","box":[477,177,503,193]}],"linking":[]},{"id":46,"text":")","label":"","box":[506,177,509,193],"words":[{"text":")","box":[506,177,509,193]}],"linking":[]},{"id":47,"text":"25","label":"","box":[514,177,531,193],"words":[{"text":"25","box":[514,177,531,193]}],"linking":[]},{"id":48,"text":"tháng","label":"","box":[537,177,576,193],"words":[{"text":"tháng","box":[537,177,576,193]}],"linking":[]},{"id":49,"text":"(","label":"","box":[584,177,587,193],"words":[{"text":"(","box":[584,177,587,193]}],"linking":[]},{"id":50,"text":"month","label":"","box":[586,177,623,193],"words":[{"text":"month","box":[586,177,623,193]}],"linking":[]},{"id":51,"text":")","label":"","box":[626,177,629,193],"words":[{"text":")","box":[626,177,629,193]}],"linking":[]},{"id":52,"text":"03","label":"","box":[634,176,651,193],"words":[{"text":"03","box":[634,176,651,193]}],"linking":[]},{"id":53,"text":"năm","label":"","box":[658,176,686,192],"words":[{"text":"năm","box":[658,176,686,192]}],"linking":[]},{"id":54,"text":"(","label":"","box":[695,176,699,192],"words":[{"text":"(","box":[695,176,699,192]}],"linking":[]},{"id":55,"text":"year","label":"","box":[699,176,723,192],"words":[{"text":"year","box":[699,176,723,192]}],"linking":[]},{"id":56,"text":")","label":"","box":[726,176,729,192],"words":[{"text":")","box":[726,176,729,192]}],"linking":[]},{"id":57,"text":"2022","label":"","box":[734,176,768,192],"words":[{"text":"2022","box":[734,176,768,192]}],"linking":[]},{"id":58,"text":"STT","label":"","box":[62,621,90,632],"words":[{"text":"STT","box":[62,621,90,632]}],"linking":[]},{"id":59,"text":"No.","label":"","box":[64,645,88,655],"words":[{"text":"No.","box":[64,645,88,655]}],"linking":[]},{"id":60,"text":"BINH","label":"","box":[161,172,189,185],"words":[{"text":"BINH","box":[161,172,189,185]}],"linking":[]},{"id":61,"text":"MINH","label":"","box":[196,172,229,184],"words":[{"text":"MINH","box":[196,172,229,184]}],"linking":[]},{"id":62,"text":"1","label":"","box":[72,700,79,711],"words":[{"text":"1","box":[72,700,79,711]}],"linking":[]},{"id":63,"text":"0303880297","label":"answer","box":[330,254,419,265],"words":[{"text":"0303880297","box":[330,254,419,265]}],"linking":[[221,63]]},{"id":64,"text":"112002622316","label":"answer","box":[331,311,439,323],"words":[{"text":"112002622316","box":[331,311,439,323]}],"linking":[[224,64]]},{"id":65,"text":"TÊN","label":"","box":[177,617,207,634],"words":[{"text":"TÊN","box":[177,617,207,634]}],"linking":[]},{"id":66,"text":"HÀNG","label":"","box":[213,617,257,634],"words":[{"text":"HÀNG","box":[213,617,257,634]}],"linking":[]},{"id":67,"text":"HÓA","label":"","box":[263,617,291,635],"words":[{"text":"HÓA","box":[263,617,291,635]}],"linking":[]},{"id":68,"text":",","label":"","box":[294,618,297,635],"words":[{"text":",","box":[294,618,297,635]}],"linking":[]},{"id":69,"text":"DỊCH","label":"","box":[306,618,342,635],"words":[{"text":"DỊCH","box":[306,618,342,635]}],"linking":[]},{"id":70,"text":"VỤ","label":"","box":[347,618,367,635],"words":[{"text":"VỤ","box":[347,618,367,635]}],"linking":[]},{"id":71,"text":"Description","label":"","box":[234,645,313,659],"words":[{"text":"Description","box":[234,645,313,659]}],"linking":[]},{"id":72,"text":"SATIS","label":"","box":[103,701,148,712],"words":[{"text":"SATIS","box":[103,701,148,712]}],"linking":[]},{"id":73,"text":"5LIT","label":"","box":[154,701,187,712],"words":[{"text":"5LIT","box":[154,701,187,712]}],"linking":[]},{"id":74,"text":"TỔNG","label":"","box":[211,1043,257,1058],"words":[{"text":"TỔNG","box":[211,1043,257,1058]}],"linking":[]},{"id":75,"text":"HỢP","label":"","box":[264,1045,298,1059],"words":[{"text":"HỢP","box":[264,1045,298,1059]}],"linking":[]},{"id":76,"text":"Tổng","label":"","box":[76,1082,111,1099],"words":[{"text":"Tổng","box":[76,1082,111,1099]}],"linking":[]},{"id":77,"text":"tiền","label":"","box":[117,1082,142,1099],"words":[{"text":"tiền","box":[117,1082,142,1099]}],"linking":[]},{"id":78,"text":"không","label":"","box":[150,1082,191,1099],"words":[{"text":"không","box":[150,1082,191,1099]}],"linking":[]},{"id":79,"text":"kê","label":"","box":[199,1082,213,1099],"words":[{"text":"kê","box":[199,1082,213,1099]}],"linking":[]},{"id":80,"text":"khai","label":"","box":[221,1082,248,1099],"words":[{"text":"khai","box":[221,1082,248,1099]}],"linking":[]},{"id":81,"text":"và","label":"","box":[254,1082,270,1099],"words":[{"text":"và","box":[254,1082,270,1099]}],"linking":[]},{"id":82,"text":"nộp","label":"","box":[277,1082,302,1099],"words":[{"text":"nộp","box":[277,1082,302,1099]}],"linking":[]},{"id":83,"text":"thuế","label":"","box":[308,1082,338,1099],"words":[{"text":"thuế","box":[308,1082,338,1099]}],"linking":[]},{"id":84,"text":":","label":"","box":[341,1082,342,1099],"words":[{"text":":","box":[341,1082,342,1099]}],"linking":[]},{"id":85,"text":"Tổng","label":"","box":[76,1109,111,1126],"words":[{"text":"Tổng","box":[76,1109,111,1126]}],"linking":[]},{"id":86,"text":"tiền","label":"","box":[117,1109,142,1126],"words":[{"text":"tiền","box":[117,1109,142,1126]}],"linking":[]},{"id":87,"text":"không","label":"","box":[150,1109,191,1126],"words":[{"text":"không","box":[150,1109,191,1126]}],"linking":[]},{"id":88,"text":"chịu","label":"","box":[199,1109,226,1126],"words":[{"text":"chịu","box":[199,1109,226,1126]}],"linking":[]},{"id":89,"text":"thuế","label":"","box":[232,1109,262,1126],"words":[{"text":"thuế","box":[232,1109,262,1126]}],"linking":[]},{"id":90,"text":"GTGT","label":"","box":[270,1109,314,1126],"words":[{"text":"GTGT","box":[270,1109,314,1126]}],"linking":[]},{"id":91,"text":":","label":"","box":[316,1109,317,1126],"words":[{"text":":","box":[316,1109,317,1126]}],"linking":[]},{"id":92,"text":"Tổng","label":"","box":[76,1132,110,1154],"words":[{"text":"Tổng","box":[76,1132,110,1154]}],"linking":[]},{"id":93,"text":"tiền","label":"","box":[116,1132,141,1153],"words":[{"text":"tiền","box":[116,1132,141,1153]}],"linking":[]},{"id":94,"text":"chịu","label":"","box":[148,1132,176,1153],"words":[{"text":"chịu","box":[148,1132,176,1153]}],"linking":[]},{"id":95,"text":"thuế","label":"","box":[180,1131,210,1152],"words":[{"text":"thuế","box":[180,1131,210,1152]}],"linking":[]},{"id":96,"text":"suất","label":"","box":[220,1131,249,1152],"words":[{"text":"suất","box":[220,1131,249,1152]}],"linking":[]},{"id":97,"text":":","label":"","box":[251,1131,252,1152],"words":[{"text":":","box":[251,1131,252,1152]}],"linking":[]},{"id":98,"text":"Tổng","label":"","box":[76,1160,110,1179],"words":[{"text":"Tổng","box":[76,1160,110,1179]}],"linking":[]},{"id":99,"text":"tiền","label":"","box":[116,1160,141,1178],"words":[{"text":"tiền","box":[116,1160,141,1178]}],"linking":[]},{"id":100,"text":"chịu","label":"","box":[148,1160,176,1178],"words":[{"text":"chịu","box":[148,1160,176,1178]}],"linking":[]},{"id":101,"text":"thuế","label":"","box":[182,1160,212,1178],"words":[{"text":"thuế","box":[182,1160,212,1178]}],"linking":[]},{"id":102,"text":"suất","label":"","box":[220,1160,248,1178],"words":[{"text":"suất","box":[220,1160,248,1178]}],"linking":[]},{"id":103,"text":":","label":"","box":[251,1160,252,1178],"words":[{"text":":","box":[251,1160,252,1178]}],"linking":[]},{"id":104,"text":"Tổng","label":"","box":[76,1187,110,1207],"words":[{"text":"Tổng","box":[76,1187,110,1207]}],"linking":[]},{"id":105,"text":"tiền","label":"","box":[116,1187,141,1206],"words":[{"text":"tiền","box":[116,1187,141,1206]}],"linking":[]},{"id":106,"text":"chịu","label":"","box":[148,1187,176,1206],"words":[{"text":"chịu","box":[148,1187,176,1206]}],"linking":[]},{"id":107,"text":"thuế","label":"","box":[182,1186,212,1205],"words":[{"text":"thuế","box":[182,1186,212,1205]}],"linking":[]},{"id":108,"text":"suất","label":"","box":[220,1186,248,1205],"words":[{"text":"suất","box":[220,1186,248,1205]}],"linking":[]},{"id":109,"text":":","label":"","box":[251,1186,251,1205],"words":[{"text":":","box":[251,1186,251,1205]}],"linking":[]},{"id":110,"text":"Tổng","label":"","box":[76,1213,110,1233],"words":[{"text":"Tổng","box":[76,1213,110,1233]}],"linking":[]},{"id":111,"text":"cộng","label":"","box":[116,1213,150,1232],"words":[{"text":"cộng","box":[116,1213,150,1232]}],"linking":[]},{"id":112,"text":"tiền","label":"","box":[157,1213,181,1232],"words":[{"text":"tiền","box":[157,1213,181,1232]}],"linking":[]},{"id":113,"text":"thanh","label":"","box":[188,1213,227,1232],"words":[{"text":"thanh","box":[188,1213,227,1232]}],"linking":[]},{"id":114,"text":"toán","label":"","box":[233,1213,263,1232],"words":[{"text":"toán","box":[233,1213,263,1232]}],"linking":[]},{"id":115,"text":"Người","label":"","box":[255,1297,299,1312],"words":[{"text":"Người","box":[255,1297,299,1312]}],"linking":[]},{"id":116,"text":"mua","label":"","box":[306,1297,336,1312],"words":[{"text":"mua","box":[306,1297,336,1312]}],"linking":[]},{"id":117,"text":"hàng","label":"","box":[342,1297,376,1312],"words":[{"text":"hàng","box":[342,1297,376,1312]}],"linking":[]},{"id":118,"text":"(","label":"","box":[384,1297,387,1312],"words":[{"text":"(","box":[384,1297,387,1312]}],"linking":[]},{"id":119,"text":"Buyer","label":"","box":[387,1297,421,1312],"words":[{"text":"Buyer","box":[387,1297,421,1312]}],"linking":[]},{"id":120,"text":")","label":"","box":[424,1297,427,1312],"words":[{"text":")","box":[424,1297,427,1312]}],"linking":[]},{"id":121,"text":"ĐƠN","label":"","box":[465,607,499,621],"words":[{"text":"ĐƠN","box":[465,607,499,621]}],"linking":[]},{"id":122,"text":"VỊ","label":"","box":[505,607,517,622],"words":[{"text":"VỊ","box":[505,607,517,622]}],"linking":[]},{"id":123,"text":"ΤΙΝΗ","label":"","box":[476,629,510,643],"words":[{"text":"ΤΙΝΗ","box":[476,629,510,643]}],"linking":[]},{"id":124,"text":"Unit","label":"","box":[482,657,509,667],"words":[{"text":"Unit","box":[482,657,509,667]}],"linking":[]},{"id":125,"text":"Can","label":"","box":[479,700,507,712],"words":[{"text":"Can","box":[479,700,507,712]}],"linking":[]},{"id":126,"text":"SÓ","label":"","box":[557,606,578,619],"words":[{"text":"SÓ","box":[557,606,578,619]}],"linking":[]},{"id":127,"text":"LƯỢNG","label":"","box":[543,632,600,645],"words":[{"text":"LƯỢNG","box":[543,632,600,645]}],"linking":[]},{"id":128,"text":"Quantity","label":"","box":[543,657,602,668],"words":[{"text":"Quantity","box":[543,657,602,668]}],"linking":[]},{"id":129,"text":"80","label":"","box":[562,700,579,712],"words":[{"text":"80","box":[562,700,579,712]}],"linking":[]},{"id":130,"text":"THUÊ","label":"","box":[483,1044,524,1058],"words":[{"text":"THUÊ","box":[483,1044,524,1058]}],"linking":[]},{"id":131,"text":"SUẤT","label":"","box":[533,1044,573,1058],"words":[{"text":"SUẤT","box":[533,1044,573,1058]}],"linking":[]},{"id":132,"text":"X","label":"","box":[524,1087,534,1095],"words":[{"text":"X","box":[524,1087,534,1095]}],"linking":[]},{"id":133,"text":"X","label":"","box":[523,1114,534,1123],"words":[{"text":"X","box":[523,1114,534,1123]}],"linking":[]},{"id":134,"text":"0","label":"","box":[516,1137,526,1148],"words":[{"text":"0","box":[516,1137,526,1148]}],"linking":[]},{"id":135,"text":"%","label":"","box":[524,1137,537,1148],"words":[{"text":"%","box":[524,1137,537,1148]}],"linking":[]},{"id":136,"text":"5","label":"","box":[516,1165,525,1176],"words":[{"text":"5","box":[516,1165,525,1176]}],"linking":[]},{"id":137,"text":"%","label":"","box":[525,1165,538,1176],"words":[{"text":"%","box":[525,1165,538,1176]}],"linking":[]},{"id":138,"text":"10","label":"","box":[514,1192,530,1203],"words":[{"text":"10","box":[514,1192,530,1203]}],"linking":[]},{"id":139,"text":"%","label":"","box":[530,1192,542,1203],"words":[{"text":"%","box":[530,1192,542,1203]}],"linking":[]},{"id":140,"text":"ĐƠN","label":"","box":[639,618,672,633],"words":[{"text":"ĐƠN","box":[639,618,672,633]}],"linking":[]},{"id":141,"text":"GIÁ","label":"","box":[679,618,705,632],"words":[{"text":"GIÁ","box":[679,618,705,632]}],"linking":[]},{"id":142,"text":"Price","label":"","box":[656,645,691,655],"words":[{"text":"Price","box":[656,645,691,655]}],"linking":[]},{"id":143,"text":"1/1","label":"","box":[606,1716,635,1731],"words":[{"text":"1/1","box":[606,1716,635,1731]}],"linking":[]},{"id":144,"text":"121,428.571","label":"","box":[640,699,726,714],"words":[{"text":"121,428.571","box":[640,699,726,714]}],"linking":[]},{"id":145,"text":"THÀNH","label":"","box":[753,616,804,634],"words":[{"text":"THÀNH","box":[753,616,804,634]}],"linking":[]},{"id":146,"text":"TIÊN","label":"","box":[811,615,843,633],"words":[{"text":"TIÊN","box":[811,615,843,633]}],"linking":[]},{"id":147,"text":"Total","label":"","box":[784,644,817,656],"words":[{"text":"Total","box":[784,644,817,656]}],"linking":[]},{"id":148,"text":"Cộng","label":"","box":[623,1008,660,1023],"words":[{"text":"Cộng","box":[623,1008,660,1023]}],"linking":[]},{"id":149,"text":"(","label":"","box":[667,1008,671,1023],"words":[{"text":"(","box":[667,1008,671,1023]}],"linking":[]},{"id":150,"text":"Sub","label":"","box":[673,1008,694,1023],"words":[{"text":"Sub","box":[673,1008,694,1023]}],"linking":[]},{"id":151,"text":"total","label":"","box":[700,1008,726,1023],"words":[{"text":"total","box":[700,1008,726,1023]}],"linking":[]},{"id":152,"text":")","label":"","box":[727,1008,729,1023],"words":[{"text":")","box":[727,1008,729,1023]}],"linking":[]},{"id":153,"text":"9,714,286","label":"","box":[779,1008,851,1021],"words":[{"text":"9,714,286","box":[779,1008,851,1021]}],"linking":[]},{"id":154,"text":"TRỊ","label":"","box":[628,1044,652,1060],"words":[{"text":"TRỊ","box":[628,1044,652,1060]}],"linking":[]},{"id":155,"text":"GIÁ","label":"","box":[660,1044,686,1060],"words":[{"text":"GIÁ","box":[660,1044,686,1060]}],"linking":[]},{"id":156,"text":"CHƯA","label":"","box":[693,1044,739,1060],"words":[{"text":"CHƯA","box":[693,1044,739,1060]}],"linking":[]},{"id":157,"text":"THUẾ","label":"","box":[745,1044,788,1060],"words":[{"text":"THUẾ","box":[745,1044,788,1060]}],"linking":[]},{"id":158,"text":"GTGT","label":"","box":[795,1044,838,1060],"words":[{"text":"GTGT","box":[795,1044,838,1060]}],"linking":[]},{"id":159,"text":"9,714,286","label":"","box":[779,701,850,713],"words":[{"text":"9,714,286","box":[779,701,850,713]}],"linking":[]},{"id":160,"text":"5","label":"","box":[884,701,893,711],"words":[{"text":"5","box":[884,701,893,711]}],"linking":[]},{"id":161,"text":"%","label":"","box":[892,701,904,711],"words":[{"text":"%","box":[892,701,904,711]}],"linking":[]},{"id":162,"text":"9,714,286","label":"","box":[772,1165,843,1178],"words":[{"text":"9,714,286","box":[772,1165,843,1178]}],"linking":[]},{"id":163,"text":"THUÊ","label":"","box":[873,594,912,608],"words":[{"text":"THUÊ","box":[873,594,912,608]}],"linking":[]},{"id":164,"text":"SUÁT","label":"","box":[873,618,916,631],"words":[{"text":"SUÁT","box":[873,618,916,631]}],"linking":[]},{"id":165,"text":"GTGT","label":"","box":[875,644,917,655],"words":[{"text":"GTGT","box":[875,644,917,655]}],"linking":[]},{"id":166,"text":"VAT","label":"","box":[867,668,896,678],"words":[{"text":"VAT","box":[867,668,896,678]}],"linking":[]},{"id":167,"text":"rate","label":"","box":[900,668,927,678],"words":[{"text":"rate","box":[900,668,927,678]}],"linking":[]},{"id":168,"text":"9,714,286","label":"","box":[772,1217,843,1230],"words":[{"text":"9,714,286","box":[772,1217,843,1230]}],"linking":[]},{"id":169,"text":"TIÊN","label":"","box":[945,606,980,621],"words":[{"text":"TIÊN","box":[945,606,980,621]}],"linking":[]},{"id":170,"text":"THUÊ","label":"","box":[985,606,1025,621],"words":[{"text":"THUÊ","box":[985,606,1025,621]}],"linking":[]},{"id":171,"text":"GTGT","label":"","box":[967,630,1010,643],"words":[{"text":"GTGT","box":[967,630,1010,643]}],"linking":[]},{"id":172,"text":"VAT","label":"","box":[946,656,977,668],"words":[{"text":"VAT","box":[946,656,977,668]}],"linking":[]},{"id":173,"text":"amount","label":"","box":[981,656,1033,668],"words":[{"text":"amount","box":[981,656,1033,668]}],"linking":[]},{"id":174,"text":"485,714","label":"","box":[977,701,1037,713],"words":[{"text":"485,714","box":[977,701,1037,713]}],"linking":[]},{"id":175,"text":"485,714","label":"","box":[976,1006,1035,1020],"words":[{"text":"485,714","box":[976,1006,1035,1020]}],"linking":[]},{"id":176,"text":"TIÊN","label":"","box":[886,1044,920,1058],"words":[{"text":"TIÊN","box":[886,1044,920,1058]}],"linking":[]},{"id":177,"text":"THUẾ","label":"","box":[928,1044,970,1058],"words":[{"text":"THUẾ","box":[928,1044,970,1058]}],"linking":[]},{"id":178,"text":"GTGT","label":"","box":[978,1044,1021,1058],"words":[{"text":"GTGT","box":[978,1044,1021,1058]}],"linking":[]},{"id":179,"text":"485,714","label":"","box":[970,1165,1028,1177],"words":[{"text":"485,714","box":[970,1165,1028,1177]}],"linking":[]},{"id":180,"text":"485,714","label":"","box":[970,1217,1029,1230],"words":[{"text":"485,714","box":[970,1217,1029,1230]}],"linking":[]},{"id":181,"text":"Người","label":"","box":[817,1297,860,1312],"words":[{"text":"Người","box":[817,1297,860,1312]}],"linking":[]},{"id":182,"text":"bán","label":"","box":[867,1297,892,1312],"words":[{"text":"bán","box":[867,1297,892,1312]}],"linking":[]},{"id":183,"text":"hàng","label":"","box":[900,1297,934,1312],"words":[{"text":"hàng","box":[900,1297,934,1312]}],"linking":[]},{"id":184,"text":"(","label":"","box":[942,1297,945,1312],"words":[{"text":"(","box":[942,1297,945,1312]}],"linking":[]},{"id":185,"text":"Seller","label":"","box":[948,1297,979,1312],"words":[{"text":"Seller","box":[948,1297,979,1312]}],"linking":[]},{"id":186,"text":")","label":"","box":[981,1298,984,1313],"words":[{"text":")","box":[981,1298,984,1313]}],"linking":[]},{"id":187,"text":"0000552","label":"answer","box":[1039,173,1116,186],"words":[{"text":"0000552","box":[1039,173,1116,186]}],"linking":[[231,187]]},{"id":188,"text":"THÀNH","label":"","box":[1063,606,1115,620],"words":[{"text":"THÀNH","box":[1063,606,1115,620]}],"linking":[]},{"id":189,"text":"TIÊN","label":"","box":[1122,606,1155,620],"words":[{"text":"TIÊN","box":[1122,606,1155,620]}],"linking":[]},{"id":190,"text":"SAU","label":"","box":[1073,629,1102,646],"words":[{"text":"SAU","box":[1073,629,1102,646]}],"linking":[]},{"id":191,"text":"THUẾ","label":"","box":[1108,628,1151,645],"words":[{"text":"THUẾ","box":[1108,628,1151,645]}],"linking":[]},{"id":192,"text":"Amount","label":"","box":[1086,657,1140,668],"words":[{"text":"Amount","box":[1086,657,1140,668]}],"linking":[]},{"id":193,"text":"Signature","label":"","box":[777,1344,845,1362],"words":[{"text":"Signature","box":[777,1344,845,1362]}],"linking":[]},{"id":194,"text":"Valid","label":"","box":[850,1343,890,1360],"words":[{"text":"Valid","box":[850,1343,890,1360]}],"linking":[]},{"id":195,"text":"|","label":"","box":[773,1366,774,1386],"words":[{"text":"|","box":[773,1366,774,1386]}],"linking":[]},{"id":196,"text":"Ký","label":"","box":[775,1365,796,1385],"words":[{"text":"Ký","box":[775,1365,796,1385]}],"linking":[]},{"id":197,"text":"bởi","label":"","box":[803,1365,826,1385],"words":[{"text":"bởi","box":[803,1365,826,1385]}],"linking":[]},{"id":198,"text":":","label":"","box":[828,1365,829,1385],"words":[{"text":":","box":[828,1365,829,1385]}],"linking":[]},{"id":199,"text":"CÔNG","label":"","box":[837,1365,887,1385],"words":[{"text":"CÔNG","box":[837,1365,887,1385]}],"linking":[]},{"id":200,"text":"TY","label":"","box":[895,1365,911,1385],"words":[{"text":"TY","box":[895,1365,911,1385]}],"linking":[]},{"id":201,"text":"CỔ","label":"","box":[922,1364,941,1384],"words":[{"text":"CỔ","box":[922,1364,941,1384]}],"linking":[]},{"id":202,"text":"PHẦN","label":"","box":[952,1364,1000,1384],"words":[{"text":"PHẦN","box":[952,1364,1000,1384]}],"linking":[]},{"id":203,"text":"THỦY","label":"","box":[1006,1364,1055,1384],"words":[{"text":"THỦY","box":[1006,1364,1055,1384]}],"linking":[]},{"id":204,"text":"SẢN","label":"","box":[778,1391,813,1406],"words":[{"text":"SẢN","box":[778,1391,813,1406]}],"linking":[]},{"id":205,"text":"BÌNH","label":"","box":[818,1391,862,1406],"words":[{"text":"BÌNH","box":[818,1391,862,1406]}],"linking":[]},{"id":206,"text":"MINH","label":"","box":[867,1391,915,1406],"words":[{"text":"MINH","box":[867,1391,915,1406]}],"linking":[]},{"id":207,"text":"Ngày","label":"","box":[777,1415,815,1434],"words":[{"text":"Ngày","box":[777,1415,815,1434]}],"linking":[]},{"id":208,"text":"ký","label":"","box":[820,1415,835,1433],"words":[{"text":"ký","box":[820,1415,835,1433]}],"linking":[]},{"id":209,"text":":","label":"","box":[838,1415,841,1433],"words":[{"text":":","box":[838,1415,841,1433]}],"linking":[]},{"id":210,"text":"25/03/2022","label":"","box":[848,1413,929,1433],"words":[{"text":"25/03/2022","box":[848,1413,929,1433]}],"linking":[]},{"id":211,"text":"10,200,000","label":"","box":[1088,701,1168,714],"words":[{"text":"10,200,000","box":[1088,701,1168,714]}],"linking":[]},{"id":212,"text":"10,200,000","label":"","box":[1088,1008,1168,1020],"words":[{"text":"10,200,000","box":[1088,1008,1168,1020]}],"linking":[]},{"id":213,"text":"GIÁ","label":"","box":[1051,1031,1076,1047],"words":[{"text":"GIÁ","box":[1051,1031,1076,1047]}],"linking":[]},{"id":214,"text":"TRỊ","label":"","box":[1084,1031,1107,1047],"words":[{"text":"TRỊ","box":[1084,1031,1107,1047]}],"linking":[]},{"id":215,"text":"THANH","label":"","box":[1114,1032,1168,1048],"words":[{"text":"THANH","box":[1114,1032,1168,1048]}],"linking":[]},{"id":216,"text":"TOÁN","label":"","box":[1090,1057,1132,1070],"words":[{"text":"TOÁN","box":[1090,1057,1132,1070]}],"linking":[]},{"id":217,"text":"10,200,000","label":"","box":[1081,1165,1159,1177],"words":[{"text":"10,200,000","box":[1081,1165,1159,1177]}],"linking":[]},{"id":218,"text":"10,200,000","label":"","box":[1080,1218,1160,1230],"words":[{"text":"10,200,000","box":[1080,1218,1160,1230]}],"linking":[]},{"id":219,"text":"Đơn vị bán hàng ( ComName ) :","label":"question","box":[68,221,277,240],"words":[{"text":"Đơn","box":[68,221,97,239]},{"text":"vị","box":[104,221,119,239]},{"text":"bán","box":[124,221,148,239]},{"text":"hàng","box":[156,221,189,239]},{"text":"(","box":[196,221,201,239]},{"text":"ComName","box":[203,221,264,240]},{"text":")","box":[267,222,271,240]},{"text":":","box":[274,222,277,240]}],"linking":[[219,220]]},{"id":220,"text":"CÔNG TY CỔ PHẦN THUỶ SẢN BÌNH MINH","label":"answer","box":[330,222,660,236],"words":[{"text":"CÔNG","box":[330,222,378,236]},{"text":"TY","box":[384,222,404,236]},{"text":"CỔ","box":[410,222,432,236]},{"text":"PHẦN","box":[440,222,483,236]},{"text":"THUỶ","box":[489,222,533,236]},{"text":"SẢN","box":[538,222,570,236]},{"text":"BÌNH","box":[578,222,614,236]},{"text":"MINH","box":[621,222,660,236]}],"linking":[[219,220]]},{"id":221,"text":"Mã số thuế ( Tax code )","label":"question","box":[70,249,221,271],"words":[{"text":"Mã","box":[70,250,92,267]},{"text":"số","box":[97,249,114,268]},{"text":"thuế","box":[118,251,149,268]},{"text":"(","box":[156,251,162,269]},{"text":"Tax","box":[162,252,183,270]},{"text":"code","box":[187,253,215,270]},{"text":")","box":[217,253,221,271]}],"linking":[[221,63]]},{"id":222,"text":"Dia chỉ ( Address ) :","label":"question","box":[70,283,193,298],"words":[{"text":"Dia","box":[70,283,94,296]},{"text":"chỉ","box":[99,283,119,297]},{"text":"(","box":[126,283,131,297]},{"text":"Address","box":[129,284,179,297]},{"text":")","box":[180,284,185,298]},{"text":":","box":[189,284,193,298]}],"linking":[[222,223]]},{"id":223,"text":"Số 86/28/1 , Phổ Quang , Phường 2 , Quận Tân Bình , TP.HCM","label":"answer","box":[331,281,770,298],"words":[{"text":"Số","box":[331,281,348,298]},{"text":"86/28/1","box":[356,281,406,298]},{"text":",","box":[411,281,412,298]},{"text":"Phổ","box":[420,281,446,298]},{"text":"Quang","box":[454,281,500,298]},{"text":",","box":[503,281,504,298]},{"text":"Phường","box":[512,281,569,298]},{"text":"2","box":[576,281,583,298]},{"text":",","box":[586,281,587,298]},{"text":"Quận","box":[595,281,632,298]},{"text":"Tân","box":[639,281,665,298]},{"text":"Bình","box":[672,281,703,298]},{"text":",","box":[706,281,707,298]},{"text":"TP.HCM","box":[710,281,770,298]}],"linking":[[222,223]]},{"id":224,"text":"Số tài khoản ( BankNo ) .","label":"question","box":[71,309,230,328],"words":[{"text":"Số","box":[71,309,88,325]},{"text":"tài","box":[95,309,110,325]},{"text":"khoản","box":[118,310,159,326]},{"text":"(","box":[167,311,171,327]},{"text":"BankNo","box":[172,311,216,327]},{"text":")","box":[219,312,223,328]},{"text":".","box":[229,312,230,328]}],"linking":[[224,64]]},{"id":225,"text":"Ngân hàng ( BankName ) :","label":"question","box":[71,338,238,357],"words":[{"text":"Ngân","box":[71,338,107,356]},{"text":"hàng","box":[115,338,148,356]},{"text":"(","box":[155,338,160,356]},{"text":"BankName","box":[162,339,224,357]},{"text":")","box":[228,339,232,357]},{"text":":","box":[235,339,238,357]}],"linking":[[225,226]]},{"id":226,"text":"NH TMCP Công Thương Việt Nam ( Vietinbank ) - CN Tây Sài Gòn , TP.HCM","label":"answer","box":[331,342,880,356],"words":[{"text":"NH","box":[331,342,351,356]},{"text":"TMCP","box":[358,342,403,356]},{"text":"Công","box":[411,342,447,356]},{"text":"Thương","box":[453,342,510,356]},{"text":"Việt","box":[517,342,544,356]},{"text":"Nam","box":[551,342,582,356]},{"text":"(","box":[590,342,593,356]},{"text":"Vietinbank","box":[596,342,667,356]},{"text":")","box":[670,342,675,356]},{"text":"-","box":[681,342,685,356]},{"text":"CN","box":[692,342,712,356]},{"text":"Tây","box":[720,342,746,356]},{"text":"Sài","box":[753,342,774,356]},{"text":"Gòn","box":[781,342,809,356]},{"text":",","box":[812,342,813,356]},{"text":"TP.HCM","box":[820,342,880,356]}],"linking":[[225,226]]},{"id":227,"text":"Mẫu số ( Fom ) :","label":"question","box":[874,91,981,111],"words":[{"text":"Mẫu","box":[874,91,905,108]},{"text":"số","box":[910,92,927,109]},{"text":"(","box":[932,92,937,109]},{"text":"Fom","box":[937,93,959,110]},{"text":")","box":[966,93,974,110]},{"text":":","box":[978,94,981,111]}],"linking":[[227,228]]},{"id":228,"text":"01GTKT0 / 002","label":"answer","box":[1039,95,1141,107],"words":[{"text":"01GTKT0","box":[1039,95,1108,107]},{"text":"/","box":[1109,95,1115,107]},{"text":"002","box":[1114,95,1141,107]}],"linking":[[227,228]]},{"id":229,"text":"Ki hiệu ( Series ) .","label":"question","box":[875,132,984,149],"words":[{"text":"Ki","box":[875,132,887,146]},{"text":"hiệu","box":[895,133,924,147]},{"text":"(","box":[931,133,936,147]},{"text":"Series","box":[937,134,973,148]},{"text":")","box":[974,135,978,149]},{"text":".","box":[981,135,984,149]}],"linking":[[229,230]]},{"id":230,"text":"BM / 21E","label":"answer","box":[1040,133,1094,145],"words":[{"text":"BM","box":[1040,133,1060,145]},{"text":"/","box":[1063,133,1068,145]},{"text":"21E","box":[1068,133,1094,145]}],"linking":[[229,230]]},{"id":231,"text":"Số ( No. ) .","label":"question","box":[875,167,939,188],"words":[{"text":"Số","box":[875,167,894,184]},{"text":"(","box":[901,168,905,185]},{"text":"No.","box":[905,170,927,186]},{"text":")","box":[928,170,932,187]},{"text":".","box":[938,171,939,188]}],"linking":[[231,187]]},{"id":232,"text":"Họ tên người mua hàng ( Buyer ) :","label":"question","box":[71,391,300,407],"words":[{"text":"Họ","box":[71,391,89,406]},{"text":"tên","box":[96,391,116,406]},{"text":"người","box":[124,391,165,406]},{"text":"mua","box":[172,391,201,406]},{"text":"hàng","box":[209,391,242,407]},{"text":"(","box":[250,392,254,407]},{"text":"Buyer","box":[255,392,289,407]},{"text":")","box":[289,392,293,407]},{"text":":","box":[297,392,300,407]}],"linking":[[232,233]]},{"id":233,"text":"ANH SÍN","label":"answer","box":[432,386,495,405],"words":[{"text":"ANH","box":[432,387,463,405]},{"text":"SÍN","box":[470,386,495,403]}],"linking":[[232,233]]},{"id":234,"text":"Tên đơn vị ( CusName ) -","label":"question","box":[70,419,229,436],"words":[{"text":"Tên","box":[70,419,96,434]},{"text":"đơn","box":[103,420,130,434]},{"text":"vị","box":[136,420,146,435]},{"text":"(","box":[154,420,158,435]},{"text":"CusName","box":[161,421,218,436]},{"text":")","box":[220,421,222,436]},{"text":"-","box":[228,421,229,436]}],"linking":[]},{"id":235,"text":"Mã số thuế ( Tax code ) .","label":"question","box":[71,444,228,465],"words":[{"text":"Mã","box":[71,444,92,462]},{"text":"số","box":[98,444,114,462]},{"text":"thuế","box":[119,445,150,463]},{"text":"(","box":[157,445,162,463]},{"text":"Tax","box":[163,446,183,464]},{"text":"code","box":[188,447,215,465]},{"text":")","box":[218,447,221,465]},{"text":".","box":[227,447,228,465]}],"linking":[]},{"id":236,"text":"Địa chỉ ( Address )","label":"question","box":[70,474,183,492],"words":[{"text":"Địa","box":[70,474,93,491]},{"text":"chỉ","box":[100,474,121,491]},{"text":"(","box":[125,474,130,491]},{"text":"Address","box":[131,475,179,492]},{"text":")","box":[181,475,183,492]}],"linking":[[236,237]]},{"id":237,"text":"thị trấn Gia Rai , Giá Rai , Bạc Liêu","label":"answer","box":[432,474,676,491],"words":[{"text":"thị","box":[432,474,447,490]},{"text":"trấn","box":[454,474,480,490]},{"text":"Gia","box":[488,474,510,490]},{"text":"Rai","box":[518,474,540,490]},{"text":",","box":[543,474,543,490]},{"text":"Giá","box":[551,474,574,490]},{"text":"Rai","box":[582,474,603,490]},{"text":",","box":[606,474,607,490]},{"text":"Bạc","box":[615,474,641,490]},{"text":"Liêu","box":[648,474,676,491]}],"linking":[[236,237]]},{"id":238,"text":"Hình thức thanh toán ( Method of payment ) :","label":"question","box":[71,503,361,521],"words":[{"text":"Hình","box":[71,503,103,519]},{"text":"thức","box":[109,503,141,519]},{"text":"thanh","box":[147,503,186,519]},{"text":"toán","box":[192,504,222,520]},{"text":"(","box":[230,504,234,520]},{"text":"Method","box":[235,504,279,520]},{"text":"of","box":[286,504,293,520]},{"text":"payment","box":[297,504,349,521]},{"text":")","box":[351,505,353,521]},{"text":":","box":[360,505,361,521]}],"linking":[[238,239]]},{"id":239,"text":"Chuyển khoản / Tiền mặt","label":"answer","box":[433,503,605,520],"words":[{"text":"Chuyển","box":[433,503,486,520]},{"text":"khoản","box":[494,503,534,520]},{"text":"/","box":[536,503,541,520]},{"text":"Tiền","box":[545,503,572,520]},{"text":"mặt","box":[580,503,605,520]}],"linking":[[238,239]]},{"id":240,"text":"Số tài khoản ( A / C No )","label":"question","box":[684,503,834,522],"words":[{"text":"Số","box":[684,503,702,518]},{"text":"tài","box":[708,503,725,519]},{"text":"khoản","box":[731,504,775,520]},{"text":"(","box":[781,505,785,521]},{"text":"A","box":[786,505,791,521]},{"text":"/","box":[793,505,799,521]},{"text":"C","box":[801,505,808,521]},{"text":"No","box":[812,506,828,522]},{"text":")","box":[829,506,834,522]}],"linking":[]},{"id":241,"text":"Ngân hàng ( Bank Name ) :","label":"question","box":[71,535,242,549],"words":[{"text":"Ngân","box":[71,535,107,549]},{"text":"hàng","box":[115,535,148,549]},{"text":"(","box":[156,535,159,549]},{"text":"Bank","box":[161,535,191,549]},{"text":"Name","box":[195,535,228,549]},{"text":")","box":[231,535,235,549]},{"text":":","box":[241,535,242,549]}],"linking":[]},{"id":242,"text":"Số tiền viết bằng chữ ( Total amount in words )","label":"question","box":[77,1248,378,1269],"words":[{"text":"Số","box":[77,1248,94,1265]},{"text":"tiền","box":[99,1248,124,1265]},{"text":"viết","box":[131,1248,155,1266]},{"text":"bằng","box":[162,1249,196,1266]},{"text":"chữ","box":[203,1249,229,1266]},{"text":"(","box":[236,1250,240,1267]},{"text":"Total","box":[243,1250,270,1267]},{"text":"amount","box":[275,1251,319,1268]},{"text":"in","box":[324,1251,333,1268]},{"text":"words","box":[339,1251,372,1269]},{"text":")","box":[375,1252,378,1269]}],"linking":[[242,243]]},{"id":243,"text":"Mười triệu hai trăm nghìn đồng chẵn","label":"answer","box":[461,1248,723,1267],"words":[{"text":"Mười","box":[461,1249,496,1267]},{"text":"triệu","box":[502,1249,532,1266]},{"text":"hai","box":[540,1249,559,1266]},{"text":"trăm","box":[565,1249,596,1266]},{"text":"nghìn","box":[604,1249,642,1266]},{"text":"đồng","box":[648,1248,683,1266]},{"text":"chẵn","box":[689,1248,723,1265]}],"linking":[[242,243]]}]