[{"id":0,"text":"Đơn","label":"","box":[173,56,197,71],"words":[{"text":"Đơn","box":[173,56,197,71]}],"linking":[]},{"id":1,"text":"vị","label":"","box":[203,56,211,71],"words":[{"text":"vị","box":[203,56,211,71]}],"linking":[]},{"id":2,"text":"hỗ","label":"","box":[215,56,229,71],"words":[{"text":"hỗ","box":[215,56,229,71]}],"linking":[]},{"id":3,"text":"trợ","label":"","box":[234,56,250,71],"words":[{"text":"trợ","box":[234,56,250,71]}],"linking":[]},{"id":4,"text":"cung","label":"","box":[254,56,282,71],"words":[{"text":"cung","box":[254,56,282,71]}],"linking":[]},{"id":5,"text":"cấp","label":"","box":[287,56,307,71],"words":[{"text":"cấp","box":[287,56,307,71]}],"linking":[]},{"id":6,"text":"công","label":"","box":[312,56,339,71],"words":[{"text":"công","box":[312,56,339,71]}],"linking":[]},{"id":7,"text":"cụ","label":"","box":[344,56,357,71],"words":[{"text":"cụ","box":[344,56,357,71]}],"linking":[]},{"id":8,"text":"phát","label":"","box":[361,56,387,71],"words":[{"text":"phát","box":[361,56,387,71]}],"linking":[]},{"id":9,"text":"hành","label":"","box":[392,56,420,71],"words":[{"text":"hành","box":[392,56,420,71]}],"linking":[]},{"id":10,"text":"hóa","label":"","box":[425,56,446,71],"words":[{"text":"hóa","box":[425,56,446,71]}],"linking":[]},{"id":11,"text":"đơn","label":"","box":[451,56,473,71],"words":[{"text":"đơn","box":[451,56,473,71]}],"linking":[]},{"id":12,"text":"điện","label":"","box":[478,56,502,71],"words":[{"text":"điện","box":[478,56,502,71]}],"linking":[]},{"id":13,"text":"tử","label":"","box":[507,56,514,71],"words":[{"text":"tử","box":[507,56,514,71]}],"linking":[]},{"id":14,"text":":","label":"","box":[518,56,521,71],"words":[{"text":":","box":[518,56,521,71]}],"linking":[]},{"id":15,"text":"Công","label":"","box":[527,56,557,71],"words":[{"text":"Công","box":[527,56,557,71]}],"linking":[]},{"id":16,"text":"ty","label":"","box":[562,56,572,71],"words":[{"text":"ty","box":[562,56,572,71]}],"linking":[]},{"id":17,"text":"Cổ","label":"","box":[576,56,592,71],"words":[{"text":"Cổ","box":[576,56,592,71]}],"linking":[]},{"id":18,"text":"phần","label":"","box":[596,56,625,71],"words":[{"text":"phần","box":[596,56,625,71]}],"linking":[]},{"id":19,"text":"Định","label":"","box":[630,56,656,71],"words":[{"text":"Định","box":[630,56,656,71]}],"linking":[]},{"id":20,"text":"Gia","label":"","box":[661,56,680,71],"words":[{"text":"Gia","box":[661,56,680,71]}],"linking":[]},{"id":21,"text":"Nét","label":"","box":[686,56,706,71],"words":[{"text":"Nét","box":[686,56,706,71]}],"linking":[]},{"id":22,"text":"-","label":"","box":[710,56,713,71],"words":[{"text":"-","box":[710,56,713,71]}],"linking":[]},{"id":23,"text":"DigiNet","label":"","box":[718,56,761,71],"words":[{"text":"DigiNet","box":[718,56,761,71]}],"linking":[]},{"id":24,"text":"Corp","label":"","box":[765,56,791,71],"words":[{"text":"Corp","box":[765,56,791,71]}],"linking":[]},{"id":25,"text":",","label":"","box":[793,56,795,71],"words":[{"text":",","box":[793,56,795,71]}],"linking":[]},{"id":26,"text":"MST","label":"","box":[801,56,825,71],"words":[{"text":"MST","box":[801,56,825,71]}],"linking":[]},{"id":27,"text":":","label":"","box":[828,56,832,71],"words":[{"text":":","box":[828,56,832,71]}],"linking":[]},{"id":28,"text":"0303359278","label":"","box":[837,56,907,71],"words":[{"text":"0303359278","box":[837,56,907,71]}],"linking":[]},{"id":29,"text":",","label":"","box":[910,56,912,71],"words":[{"text":",","box":[910,56,912,71]}],"linking":[]},{"id":30,"text":"Điện","label":"","box":[918,56,944,71],"words":[{"text":"Điện","box":[918,56,944,71]}],"linking":[]},{"id":31,"text":"thoại","label":"","box":[949,56,977,71],"words":[{"text":"thoại","box":[949,56,977,71]}],"linking":[]},{"id":32,"text":":","label":"","box":[979,56,980,71],"words":[{"text":":","box":[979,56,980,71]}],"linking":[]},{"id":33,"text":"028","label":"","box":[985,56,1006,71],"words":[{"text":"028","box":[985,56,1006,71]}],"linking":[]},{"id":34,"text":"35123878","label":"","box":[1011,56,1069,71],"words":[{"text":"35123878","box":[1011,56,1069,71]}],"linking":[]},{"id":35,"text":"HÓA","label":"","box":[389,94,453,128],"words":[{"text":"HÓA","box":[389,94,453,128]}],"linking":[]},{"id":36,"text":"ĐƠN","label":"","box":[462,94,532,128],"words":[{"text":"ĐƠN","box":[462,94,532,128]}],"linking":[]},{"id":37,"text":"GIÁ","label":"","box":[545,94,597,128],"words":[{"text":"GIÁ","box":[545,94,597,128]}],"linking":[]},{"id":38,"text":"TRỊ","label":"","box":[606,94,654,128],"words":[{"text":"TRỊ","box":[606,94,654,128]}],"linking":[]},{"id":39,"text":"GIA","label":"","box":[666,94,718,128],"words":[{"text":"GIA","box":[666,94,718,128]}],"linking":[]},{"id":40,"text":"TĂNG","label":"","box":[728,94,811,128],"words":[{"text":"TĂNG","box":[728,94,811,128]}],"linking":[]},{"id":41,"text":"VAT","label":"","box":[522,144,572,162],"words":[{"text":"VAT","box":[522,144,572,162]}],"linking":[]},{"id":42,"text":"INVOICE","label":"","box":[578,144,681,162],"words":[{"text":"INVOICE","box":[578,144,681,162]}],"linking":[]},{"id":43,"text":"Ngày","label":"","box":[431,177,466,194],"words":[{"text":"Ngày","box":[431,177,466,194]}],"linking":[]},{"id":44,"text":"(","label":"","box":[473,177,476,193],"words":[{"text":"(","box":[473,177,476,193]}],"linking":[]},{"id":45,"text":"Date","label":"","box":[477,177,503,193],"words":[{"text":"Date","box":[477,177,503,193]}],"linking":[]},{"id":46,"text":")","label":"","box":[506,177,509,193],"words":[{"text":")","box":[506,177,509,193]}],"linking":[]},{"id":47,"text":"16","label":"","box":[515,177,531,193],"words":[{"text":"16","box":[515,177,531,193]}],"linking":[]},{"id":48,"text":"tháng","label":"","box":[537,177,576,193],"words":[{"text":"tháng","box":[537,177,576,193]}],"linking":[]},{"id":49,"text":"(","label":"","box":[584,177,587,193],"words":[{"text":"(","box":[584,177,587,193]}],"linking":[]},{"id":50,"text":"month","label":"","box":[586,177,623,193],"words":[{"text":"month","box":[586,177,623,193]}],"linking":[]},{"id":51,"text":")","label":"","box":[626,177,629,193],"words":[{"text":")","box":[626,177,629,193]}],"linking":[]},{"id":52,"text":"03","label":"","box":[634,177,651,193],"words":[{"text":"03","box":[634,177,651,193]}],"linking":[]},{"id":53,"text":"năm","label":"","box":[658,177,687,193],"words":[{"text":"năm","box":[658,177,687,193]}],"linking":[]},{"id":54,"text":"(","label":"","box":[695,176,699,192],"words":[{"text":"(","box":[695,176,699,192]}],"linking":[]},{"id":55,"text":"year","label":"","box":[699,176,723,192],"words":[{"text":"year","box":[699,176,723,192]}],"linking":[]},{"id":56,"text":")","label":"","box":[726,176,729,192],"words":[{"text":")","box":[726,176,729,192]}],"linking":[]},{"id":57,"text":"2022","label":"","box":[734,176,768,192],"words":[{"text":"2022","box":[734,176,768,192]}],"linking":[]},{"id":58,"text":"STT","label":"","box":[62,621,90,632],"words":[{"text":"STT","box":[62,621,90,632]}],"linking":[]},{"id":59,"text":"No.","label":"","box":[66,645,89,655],"words":[{"text":"No.","box":[66,645,89,655]}],"linking":[]},{"id":60,"text":"BINH","label":"","box":[161,172,189,185],"words":[{"text":"BINH","box":[161,172,189,185]}],"linking":[]},{"id":61,"text":"MINH","label":"","box":[196,172,229,184],"words":[{"text":"MINH","box":[196,172,229,184]}],"linking":[]},{"id":62,"text":"1","label":"","box":[72,700,80,711],"words":[{"text":"1","box":[72,700,80,711]}],"linking":[]},{"id":63,"text":"0303880297","label":"answer","box":[330,252.09,419,263.09],"words":[{"text":"0303880297","box":[330,254,419,265]}],"linking":[[245,63]]},{"id":64,"text":"112002622316","label":"answer","box":[331,311,439,323],"words":[{"text":"112002622316","box":[331,311,439,323]}],"linking":[[248,64]]},{"id":65,"text":"TÊN","label":"","box":[178,616,208,634],"words":[{"text":"TÊN","box":[178,616,208,634]}],"linking":[]},{"id":66,"text":"HÀNG","label":"","box":[215,617,258,635],"words":[{"text":"HÀNG","box":[215,617,258,635]}],"linking":[]},{"id":67,"text":"HÓA","label":"","box":[263,617,293,635],"words":[{"text":"HÓA","box":[263,617,293,635]}],"linking":[]},{"id":68,"text":",","label":"","box":[296,617,299,635],"words":[{"text":",","box":[296,617,299,635]}],"linking":[]},{"id":69,"text":"DỊCH","label":"","box":[307,618,343,636],"words":[{"text":"DỊCH","box":[307,618,343,636]}],"linking":[]},{"id":70,"text":"VỤ","label":"","box":[348,618,369,636],"words":[{"text":"VỤ","box":[348,618,369,636]}],"linking":[]},{"id":71,"text":"Description","label":"","box":[235,645,313,658],"words":[{"text":"Description","box":[235,645,313,658]}],"linking":[]},{"id":72,"text":"AQUA","label":"","box":[102,700,148,712],"words":[{"text":"AQUA","box":[102,700,148,712]}],"linking":[]},{"id":73,"text":"OMNICIDE","label":"","box":[154,700,233,712],"words":[{"text":"OMNICIDE","box":[154,700,233,712]}],"linking":[]},{"id":74,"text":"1LIT","label":"","box":[242,700,272,712],"words":[{"text":"1LIT","box":[242,700,272,712]}],"linking":[]},{"id":75,"text":"TỔNG","label":"","box":[212,1044,258,1060],"words":[{"text":"TỔNG","box":[212,1044,258,1060]}],"linking":[]},{"id":76,"text":"HỢP","label":"","box":[265,1044,299,1060],"words":[{"text":"HỢP","box":[265,1044,299,1060]}],"linking":[]},{"id":77,"text":"Tổng","label":"","box":[76,1082,111,1099],"words":[{"text":"Tổng","box":[76,1082,111,1099]}],"linking":[]},{"id":78,"text":"tiền","label":"","box":[117,1082,142,1099],"words":[{"text":"tiền","box":[117,1082,142,1099]}],"linking":[]},{"id":79,"text":"không","label":"","box":[150,1082,191,1099],"words":[{"text":"không","box":[150,1082,191,1099]}],"linking":[]},{"id":80,"text":"kê","label":"","box":[199,1082,213,1099],"words":[{"text":"kê","box":[199,1082,213,1099]}],"linking":[]},{"id":81,"text":"khai","label":"","box":[221,1082,248,1099],"words":[{"text":"khai","box":[221,1082,248,1099]}],"linking":[]},{"id":82,"text":"và","label":"","box":[254,1082,270,1099],"words":[{"text":"và","box":[254,1082,270,1099]}],"linking":[]},{"id":83,"text":"nộp","label":"","box":[277,1082,302,1099],"words":[{"text":"nộp","box":[277,1082,302,1099]}],"linking":[]},{"id":84,"text":"thuế","label":"","box":[308,1082,338,1099],"words":[{"text":"thuế","box":[308,1082,338,1099]}],"linking":[]},{"id":85,"text":":","label":"","box":[341,1082,342,1099],"words":[{"text":":","box":[341,1082,342,1099]}],"linking":[]},{"id":86,"text":"Tổng","label":"","box":[76,1109,111,1126],"words":[{"text":"Tổng","box":[76,1109,111,1126]}],"linking":[]},{"id":87,"text":"tiền","label":"","box":[117,1109,142,1126],"words":[{"text":"tiền","box":[117,1109,142,1126]}],"linking":[]},{"id":88,"text":"không","label":"","box":[150,1109,191,1126],"words":[{"text":"không","box":[150,1109,191,1126]}],"linking":[]},{"id":89,"text":"chịu","label":"","box":[199,1109,226,1126],"words":[{"text":"chịu","box":[199,1109,226,1126]}],"linking":[]},{"id":90,"text":"thuế","label":"","box":[232,1109,262,1126],"words":[{"text":"thuế","box":[232,1109,262,1126]}],"linking":[]},{"id":91,"text":"GTGT","label":"","box":[270,1109,313,1126],"words":[{"text":"GTGT","box":[270,1109,313,1126]}],"linking":[]},{"id":92,"text":":","label":"","box":[316,1109,317,1126],"words":[{"text":":","box":[316,1109,317,1126]}],"linking":[]},{"id":93,"text":"Tổng","label":"","box":[76,1132,110,1154],"words":[{"text":"Tổng","box":[76,1132,110,1154]}],"linking":[]},{"id":94,"text":"tiền","label":"","box":[116,1132,141,1153],"words":[{"text":"tiền","box":[116,1132,141,1153]}],"linking":[]},{"id":95,"text":"chịu","label":"","box":[148,1132,176,1153],"words":[{"text":"chịu","box":[148,1132,176,1153]}],"linking":[]},{"id":96,"text":"thuế","label":"","box":[180,1131,210,1152],"words":[{"text":"thuế","box":[180,1131,210,1152]}],"linking":[]},{"id":97,"text":"suất","label":"","box":[220,1131,249,1152],"words":[{"text":"suất","box":[220,1131,249,1152]}],"linking":[]},{"id":98,"text":":","label":"","box":[251,1131,252,1152],"words":[{"text":":","box":[251,1131,252,1152]}],"linking":[]},{"id":99,"text":"Tổng","label":"","box":[76,1160,110,1179],"words":[{"text":"Tổng","box":[76,1160,110,1179]}],"linking":[]},{"id":100,"text":"tiền","label":"","box":[116,1160,141,1178],"words":[{"text":"tiền","box":[116,1160,141,1178]}],"linking":[]},{"id":101,"text":"chịu","label":"","box":[148,1160,176,1178],"words":[{"text":"chịu","box":[148,1160,176,1178]}],"linking":[]},{"id":102,"text":"thuế","label":"","box":[182,1160,212,1178],"words":[{"text":"thuế","box":[182,1160,212,1178]}],"linking":[]},{"id":103,"text":"suất","label":"","box":[220,1160,248,1178],"words":[{"text":"suất","box":[220,1160,248,1178]}],"linking":[]},{"id":104,"text":":","label":"","box":[251,1160,252,1178],"words":[{"text":":","box":[251,1160,252,1178]}],"linking":[]},{"id":105,"text":"Tổng","label":"","box":[76,1187,110,1207],"words":[{"text":"Tổng","box":[76,1187,110,1207]}],"linking":[]},{"id":106,"text":"tiền","label":"","box":[116,1187,141,1206],"words":[{"text":"tiền","box":[116,1187,141,1206]}],"linking":[]},{"id":107,"text":"chịu","label":"","box":[148,1187,176,1206],"words":[{"text":"chịu","box":[148,1187,176,1206]}],"linking":[]},{"id":108,"text":"thuế","label":"","box":[182,1186,212,1205],"words":[{"text":"thuế","box":[182,1186,212,1205]}],"linking":[]},{"id":109,"text":"suất","label":"","box":[220,1186,248,1205],"words":[{"text":"suất","box":[220,1186,248,1205]}],"linking":[]},{"id":110,"text":":","label":"","box":[251,1186,251,1205],"words":[{"text":":","box":[251,1186,251,1205]}],"linking":[]},{"id":111,"text":"Tổng","label":"","box":[76,1213,110,1233],"words":[{"text":"Tổng","box":[76,1213,110,1233]}],"linking":[]},{"id":112,"text":"cộng","label":"","box":[116,1213,150,1232],"words":[{"text":"cộng","box":[116,1213,150,1232]}],"linking":[]},{"id":113,"text":"tiền","label":"","box":[157,1213,181,1232],"words":[{"text":"tiền","box":[157,1213,181,1232]}],"linking":[]},{"id":114,"text":"thanh","label":"","box":[188,1213,227,1232],"words":[{"text":"thanh","box":[188,1213,227,1232]}],"linking":[]},{"id":115,"text":"toán","label":"","box":[233,1213,263,1232],"words":[{"text":"toán","box":[233,1213,263,1232]}],"linking":[]},{"id":116,"text":"Số","label":"","box":[77,1248,94,1265],"words":[{"text":"Số","box":[77,1248,94,1265]}],"linking":[]},{"id":117,"text":"tiền","label":"","box":[99,1248,124,1265],"words":[{"text":"tiền","box":[99,1248,124,1265]}],"linking":[]},{"id":118,"text":"viết","label":"","box":[131,1248,155,1266],"words":[{"text":"viết","box":[131,1248,155,1266]}],"linking":[]},{"id":119,"text":"bằng","label":"","box":[162,1249,196,1266],"words":[{"text":"bằng","box":[162,1249,196,1266]}],"linking":[]},{"id":120,"text":"chữ","label":"","box":[203,1249,229,1266],"words":[{"text":"chữ","box":[203,1249,229,1266]}],"linking":[]},{"id":121,"text":"(","label":"","box":[236,1250,240,1267],"words":[{"text":"(","box":[236,1250,240,1267]}],"linking":[]},{"id":122,"text":"Total","label":"","box":[243,1250,270,1267],"words":[{"text":"Total","box":[243,1250,270,1267]}],"linking":[]},{"id":123,"text":"amount","label":"","box":[275,1251,319,1268],"words":[{"text":"amount","box":[275,1251,319,1268]}],"linking":[]},{"id":124,"text":"in","label":"","box":[324,1251,333,1268],"words":[{"text":"in","box":[324,1251,333,1268]}],"linking":[]},{"id":125,"text":"words","label":"","box":[339,1251,372,1269],"words":[{"text":"words","box":[339,1251,372,1269]}],"linking":[]},{"id":126,"text":")","label":"","box":[375,1252,378,1269],"words":[{"text":")","box":[375,1252,378,1269]}],"linking":[]},{"id":127,"text":"Người","label":"","box":[255,1297,299,1312],"words":[{"text":"Người","box":[255,1297,299,1312]}],"linking":[]},{"id":128,"text":"mua","label":"","box":[306,1297,336,1312],"words":[{"text":"mua","box":[306,1297,336,1312]}],"linking":[]},{"id":129,"text":"hàng","label":"","box":[342,1297,376,1312],"words":[{"text":"hàng","box":[342,1297,376,1312]}],"linking":[]},{"id":130,"text":"(","label":"","box":[384,1297,387,1312],"words":[{"text":"(","box":[384,1297,387,1312]}],"linking":[]},{"id":131,"text":"Buyer","label":"","box":[387,1297,421,1312],"words":[{"text":"Buyer","box":[387,1297,421,1312]}],"linking":[]},{"id":132,"text":")","label":"","box":[424,1297,427,1312],"words":[{"text":")","box":[424,1297,427,1312]}],"linking":[]},{"id":133,"text":"ĐƠN","label":"","box":[467,609,500,622],"words":[{"text":"ĐƠN","box":[467,609,500,622]}],"linking":[]},{"id":134,"text":"VỊ","label":"","box":[506,609,519,622],"words":[{"text":"VỊ","box":[506,609,519,622]}],"linking":[]},{"id":135,"text":"ΤΙΝΗ","label":"","box":[477,629,514,643],"words":[{"text":"ΤΙΝΗ","box":[477,629,514,643]}],"linking":[]},{"id":136,"text":"Unit","label":"","box":[484,657,511,667],"words":[{"text":"Unit","box":[484,657,511,667]}],"linking":[]},{"id":137,"text":"Can","label":"","box":[481,700,509,712],"words":[{"text":"Can","box":[481,700,509,712]}],"linking":[]},{"id":138,"text":"SÓ","label":"","box":[561,607,581,619],"words":[{"text":"SÓ","box":[561,607,581,619]}],"linking":[]},{"id":139,"text":"LƯỢNG","label":"","box":[546,631,601,644],"words":[{"text":"LƯỢNG","box":[546,631,601,644]}],"linking":[]},{"id":140,"text":"Quantity","label":"","box":[546,657,604,670],"words":[{"text":"Quantity","box":[546,657,604,670]}],"linking":[]},{"id":141,"text":"20","label":"","box":[564,701,581,712],"words":[{"text":"20","box":[564,701,581,712]}],"linking":[]},{"id":142,"text":"THUÊ","label":"","box":[485,1043,526,1059],"words":[{"text":"THUÊ","box":[485,1043,526,1059]}],"linking":[]},{"id":143,"text":"SUẤT","label":"","box":[534,1043,577,1059],"words":[{"text":"SUẤT","box":[534,1043,577,1059]}],"linking":[]},{"id":144,"text":"X","label":"","box":[526,1087,535,1095],"words":[{"text":"X","box":[526,1087,535,1095]}],"linking":[]},{"id":145,"text":"X","label":"","box":[525,1114,535,1122],"words":[{"text":"X","box":[525,1114,535,1122]}],"linking":[]},{"id":146,"text":"0","label":"","box":[518,1137,527,1149],"words":[{"text":"0","box":[518,1137,527,1149]}],"linking":[]},{"id":147,"text":"%","label":"","box":[527,1137,540,1149],"words":[{"text":"%","box":[527,1137,540,1149]}],"linking":[]},{"id":148,"text":"5","label":"","box":[518,1165,527,1175],"words":[{"text":"5","box":[518,1165,527,1175]}],"linking":[]},{"id":149,"text":"%","label":"","box":[526,1165,539,1175],"words":[{"text":"%","box":[526,1165,539,1175]}],"linking":[]},{"id":150,"text":"10","label":"","box":[515,1192,532,1203],"words":[{"text":"10","box":[515,1192,532,1203]}],"linking":[]},{"id":151,"text":"%","label":"","box":[533,1192,545,1203],"words":[{"text":"%","box":[533,1192,545,1203]}],"linking":[]},{"id":152,"text":"ĐƠN","label":"","box":[642,618,675,632],"words":[{"text":"ĐƠN","box":[642,618,675,632]}],"linking":[]},{"id":153,"text":"GIÁ","label":"","box":[683,618,708,632],"words":[{"text":"GIÁ","box":[683,618,708,632]}],"linking":[]},{"id":154,"text":"Price","label":"","box":[657,644,693,655],"words":[{"text":"Price","box":[657,644,693,655]}],"linking":[]},{"id":155,"text":"1/1","label":"","box":[606,1716,635,1731],"words":[{"text":"1/1","box":[606,1716,635,1731]}],"linking":[]},{"id":156,"text":"304,761.905","label":"","box":[642,699,731,714],"words":[{"text":"304,761.905","box":[642,699,731,714]}],"linking":[]},{"id":157,"text":"Sáu","label":"","box":[463,1248,488,1267],"words":[{"text":"Sáu","box":[463,1248,488,1267]}],"linking":[]},{"id":158,"text":"triệu","label":"","box":[494,1248,524,1266],"words":[{"text":"triệu","box":[494,1248,524,1266]}],"linking":[]},{"id":159,"text":"bốn","label":"","box":[532,1248,556,1266],"words":[{"text":"bốn","box":[532,1248,556,1266]}],"linking":[]},{"id":160,"text":"trăm","label":"","box":[563,1248,593,1266],"words":[{"text":"trăm","box":[563,1248,593,1266]}],"linking":[]},{"id":161,"text":"nghìn","label":"","box":[601,1248,639,1266],"words":[{"text":"nghìn","box":[601,1248,639,1266]}],"linking":[]},{"id":162,"text":"đồng","label":"","box":[646,1248,680,1266],"words":[{"text":"đồng","box":[646,1248,680,1266]}],"linking":[]},{"id":163,"text":"chẵn","label":"","box":[687,1247,719,1265],"words":[{"text":"chẵn","box":[687,1247,719,1265]}],"linking":[]},{"id":164,"text":"THUÊ","label":"","box":[877,595,918,608],"words":[{"text":"THUÊ","box":[877,595,918,608]}],"linking":[]},{"id":165,"text":"SUÁT","label":"","box":[877,618,918,631],"words":[{"text":"SUÁT","box":[877,618,918,631]}],"linking":[]},{"id":166,"text":"GTGT","label":"","box":[878,643,921,654],"words":[{"text":"GTGT","box":[878,643,921,654]}],"linking":[]},{"id":167,"text":"VAT","label":"","box":[870,667,900,679],"words":[{"text":"VAT","box":[870,667,900,679]}],"linking":[]},{"id":168,"text":"rate","label":"","box":[904,667,930,679],"words":[{"text":"rate","box":[904,667,930,679]}],"linking":[]},{"id":169,"text":"6,095,238","label":"","box":[783,700,856,712],"words":[{"text":"6,095,238","box":[783,700,856,712]}],"linking":[]},{"id":170,"text":"5","label":"","box":[887,701,897,712],"words":[{"text":"5","box":[887,701,897,712]}],"linking":[]},{"id":171,"text":"%","label":"","box":[897,701,909,712],"words":[{"text":"%","box":[897,701,909,712]}],"linking":[]},{"id":172,"text":"Cộng","label":"","box":[626,1008,663,1022],"words":[{"text":"Cộng","box":[626,1008,663,1022]}],"linking":[]},{"id":173,"text":"(","label":"","box":[670,1008,674,1022],"words":[{"text":"(","box":[670,1008,674,1022]}],"linking":[]},{"id":174,"text":"Sub","label":"","box":[677,1008,697,1022],"words":[{"text":"Sub","box":[677,1008,697,1022]}],"linking":[]},{"id":175,"text":"total","label":"","box":[703,1008,727,1022],"words":[{"text":"total","box":[703,1008,727,1022]}],"linking":[]},{"id":176,"text":")","label":"","box":[730,1008,732,1022],"words":[{"text":")","box":[730,1008,732,1022]}],"linking":[]},{"id":177,"text":"6,095,238","label":"","box":[783,1007,855,1020],"words":[{"text":"6,095,238","box":[783,1007,855,1020]}],"linking":[]},{"id":178,"text":"TRỊ","label":"","box":[631,1044,655,1058],"words":[{"text":"TRỊ","box":[631,1044,655,1058]}],"linking":[]},{"id":179,"text":"GIÁ","label":"","box":[663,1044,689,1058],"words":[{"text":"GIÁ","box":[663,1044,689,1058]}],"linking":[]},{"id":180,"text":"CHƯA","label":"","box":[696,1044,742,1058],"words":[{"text":"CHƯA","box":[696,1044,742,1058]}],"linking":[]},{"id":181,"text":"THUẾ","label":"","box":[748,1044,791,1058],"words":[{"text":"THUẾ","box":[748,1044,791,1058]}],"linking":[]},{"id":182,"text":"GTGT","label":"","box":[798,1044,841,1058],"words":[{"text":"GTGT","box":[798,1044,841,1058]}],"linking":[]},{"id":183,"text":"THÀNH","label":"","box":[757,615,807,634],"words":[{"text":"THÀNH","box":[757,615,807,634]}],"linking":[]},{"id":184,"text":"TIÊN","label":"","box":[814,614,847,632],"words":[{"text":"TIÊN","box":[814,614,847,632]}],"linking":[]},{"id":185,"text":"Total","label":"","box":[787,644,822,655],"words":[{"text":"Total","box":[787,644,822,655]}],"linking":[]},{"id":186,"text":"6,095,238","label":"","box":[775,1162,847,1177],"words":[{"text":"6,095,238","box":[775,1162,847,1177]}],"linking":[]},{"id":187,"text":"6,095,238","label":"","box":[776,1217,848,1231],"words":[{"text":"6,095,238","box":[776,1217,848,1231]}],"linking":[]},{"id":188,"text":"TIÊN","label":"","box":[950,605,982,620],"words":[{"text":"TIÊN","box":[950,605,982,620]}],"linking":[]},{"id":189,"text":"THUÊ","label":"","box":[989,605,1029,619],"words":[{"text":"THUÊ","box":[989,605,1029,619]}],"linking":[]},{"id":190,"text":"GTGT","label":"","box":[971,632,1013,643],"words":[{"text":"GTGT","box":[971,632,1013,643]}],"linking":[]},{"id":191,"text":"VAT","label":"","box":[951,656,980,668],"words":[{"text":"VAT","box":[951,656,980,668]}],"linking":[]},{"id":192,"text":"amount","label":"","box":[984,656,1036,668],"words":[{"text":"amount","box":[984,656,1036,668]}],"linking":[]},{"id":193,"text":"TIÊN","label":"","box":[890,1044,924,1059],"words":[{"text":"TIÊN","box":[890,1044,924,1059]}],"linking":[]},{"id":194,"text":"THUÊ","label":"","box":[932,1044,973,1059],"words":[{"text":"THUÊ","box":[932,1044,973,1059]}],"linking":[]},{"id":195,"text":"GTGT","label":"","box":[982,1044,1025,1059],"words":[{"text":"GTGT","box":[982,1044,1025,1059]}],"linking":[]},{"id":196,"text":"304,762","label":"","box":[982,701,1040,714],"words":[{"text":"304,762","box":[982,701,1040,714]}],"linking":[]},{"id":197,"text":"304,762","label":"","box":[974,1165,1032,1177],"words":[{"text":"304,762","box":[974,1165,1032,1177]}],"linking":[]},{"id":198,"text":"304,762","label":"","box":[983,1008,1041,1020],"words":[{"text":"304,762","box":[983,1008,1041,1020]}],"linking":[]},{"id":199,"text":"304,762","label":"","box":[975,1216,1032,1231],"words":[{"text":"304,762","box":[975,1216,1032,1231]}],"linking":[]},{"id":200,"text":"Người","label":"","box":[817,1297,860,1312],"words":[{"text":"Người","box":[817,1297,860,1312]}],"linking":[]},{"id":201,"text":"bán","label":"","box":[867,1297,892,1312],"words":[{"text":"bán","box":[867,1297,892,1312]}],"linking":[]},{"id":202,"text":"hàng","label":"","box":[900,1297,934,1312],"words":[{"text":"hàng","box":[900,1297,934,1312]}],"linking":[]},{"id":203,"text":"(","label":"","box":[942,1297,945,1312],"words":[{"text":"(","box":[942,1297,945,1312]}],"linking":[]},{"id":204,"text":"Seller","label":"","box":[948,1297,979,1312],"words":[{"text":"Seller","box":[948,1297,979,1312]}],"linking":[]},{"id":205,"text":")","label":"","box":[981,1298,984,1313],"words":[{"text":")","box":[981,1298,984,1313]}],"linking":[]},{"id":206,"text":"0000498","label":"answer","box":[1039,173,1115,185],"words":[{"text":"0000498","box":[1039,173,1115,185]}],"linking":[[242,206]]},{"id":207,"text":"THÀNH","label":"","box":[1066,606,1117,620],"words":[{"text":"THÀNH","box":[1066,606,1117,620]}],"linking":[]},{"id":208,"text":"TIỀN","label":"","box":[1124,606,1157,620],"words":[{"text":"TIỀN","box":[1124,606,1157,620]}],"linking":[]},{"id":209,"text":"SAU","label":"","box":[1075,629,1104,646],"words":[{"text":"SAU","box":[1075,629,1104,646]}],"linking":[]},{"id":210,"text":"THUÊ","label":"","box":[1111,628,1151,645],"words":[{"text":"THUÊ","box":[1111,628,1151,645]}],"linking":[]},{"id":211,"text":"Amount","label":"","box":[1088,657,1141,669],"words":[{"text":"Amount","box":[1088,657,1141,669]}],"linking":[]},{"id":212,"text":"Signature","label":"","box":[777,1344,845,1362],"words":[{"text":"Signature","box":[777,1344,845,1362]}],"linking":[]},{"id":213,"text":"Valid","label":"","box":[850,1343,890,1360],"words":[{"text":"Valid","box":[850,1343,890,1360]}],"linking":[]},{"id":214,"text":"|","label":"","box":[773,1366,774,1386],"words":[{"text":"|","box":[773,1366,774,1386]}],"linking":[]},{"id":215,"text":"Ký","label":"","box":[775,1365,796,1385],"words":[{"text":"Ký","box":[775,1365,796,1385]}],"linking":[]},{"id":216,"text":"bởi","label":"","box":[803,1365,826,1385],"words":[{"text":"bởi","box":[803,1365,826,1385]}],"linking":[]},{"id":217,"text":":","label":"","box":[828,1365,829,1385],"words":[{"text":":","box":[828,1365,829,1385]}],"linking":[]},{"id":218,"text":"CÔNG","label":"","box":[837,1365,887,1385],"words":[{"text":"CÔNG","box":[837,1365,887,1385]}],"linking":[]},{"id":219,"text":"TY","label":"","box":[895,1365,911,1385],"words":[{"text":"TY","box":[895,1365,911,1385]}],"linking":[]},{"id":220,"text":"CỔ","label":"","box":[922,1364,941,1385],"words":[{"text":"CỔ","box":[922,1364,941,1385]}],"linking":[]},{"id":221,"text":"PHẦN","label":"","box":[952,1364,1000,1384],"words":[{"text":"PHẦN","box":[952,1364,1000,1384]}],"linking":[]},{"id":222,"text":"THỦY","label":"","box":[1006,1364,1055,1384],"words":[{"text":"THỦY","box":[1006,1364,1055,1384]}],"linking":[]},{"id":223,"text":"SẢN","label":"","box":[778,1391,813,1406],"words":[{"text":"SẢN","box":[778,1391,813,1406]}],"linking":[]},{"id":224,"text":"BÌNH","label":"","box":[818,1391,862,1406],"words":[{"text":"BÌNH","box":[818,1391,862,1406]}],"linking":[]},{"id":225,"text":"MINH","label":"","box":[867,1391,915,1406],"words":[{"text":"MINH","box":[867,1391,915,1406]}],"linking":[]},{"id":226,"text":"Ngày","label":"","box":[777,1415,815,1434],"words":[{"text":"Ngày","box":[777,1415,815,1434]}],"linking":[]},{"id":227,"text":"ký","label":"","box":[820,1415,835,1433],"words":[{"text":"ký","box":[820,1415,835,1433]}],"linking":[]},{"id":228,"text":":","label":"","box":[838,1415,841,1433],"words":[{"text":":","box":[838,1415,841,1433]}],"linking":[]},{"id":229,"text":"16/03/2022","label":"","box":[850,1413,929,1433],"words":[{"text":"16/03/2022","box":[850,1413,929,1433]}],"linking":[]},{"id":230,"text":"6,400,000","label":"","box":[1097,701,1169,714],"words":[{"text":"6,400,000","box":[1097,701,1169,714]}],"linking":[]},{"id":231,"text":"6,400,000","label":"","box":[1097,1006,1167,1021],"words":[{"text":"6,400,000","box":[1097,1006,1167,1021]}],"linking":[]},{"id":232,"text":"GIÁ","label":"","box":[1053,1030,1079,1046],"words":[{"text":"GIÁ","box":[1053,1030,1079,1046]}],"linking":[]},{"id":233,"text":"TRỊ","label":"","box":[1085,1030,1109,1047],"words":[{"text":"TRỊ","box":[1085,1030,1109,1047]}],"linking":[]},{"id":234,"text":"THANH","label":"","box":[1116,1031,1171,1047],"words":[{"text":"THANH","box":[1116,1031,1171,1047]}],"linking":[]},{"id":235,"text":"TOÁN","label":"","box":[1092,1057,1135,1070],"words":[{"text":"TOÁN","box":[1092,1057,1135,1070]}],"linking":[]},{"id":236,"text":"6,400,000","label":"","box":[1089,1163,1159,1178],"words":[{"text":"6,400,000","box":[1089,1163,1159,1178]}],"linking":[]},{"id":237,"text":"6,400,000","label":"","box":[1088,1218,1160,1230],"words":[{"text":"6,400,000","box":[1088,1218,1160,1230]}],"linking":[]},{"id":238,"text":"Mẫu số ( Fom ) :","label":"question","box":[874,91,981,111],"words":[{"text":"Mẫu","box":[874,91,905,108]},{"text":"số","box":[910,92,927,109]},{"text":"(","box":[932,92,937,109]},{"text":"Fom","box":[937,93,959,110]},{"text":")","box":[966,93,974,110]},{"text":":","box":[978,94,981,111]}],"linking":[[238,239]]},{"id":239,"text":"01GTKT0 / 002","label":"answer","box":[1039,95,1141,107],"words":[{"text":"01GTKT0","box":[1039,95,1108,107]},{"text":"/","box":[1109,95,1115,107]},{"text":"002","box":[1114,95,1141,107]}],"linking":[[238,239]]},{"id":240,"text":"Ki hiệu ( Series ) .","label":"question","box":[875,132,984,149],"words":[{"text":"Ki","box":[875,132,887,146]},{"text":"hiệu","box":[895,133,924,147]},{"text":"(","box":[931,133,936,147]},{"text":"Series","box":[937,134,973,148]},{"text":")","box":[974,135,978,149]},{"text":".","box":[981,135,984,149]}],"linking":[[240,241]]},{"id":241,"text":"BM / 21E","label":"answer","box":[1040,133,1094,145],"words":[{"text":"BM","box":[1040,133,1060,145]},{"text":"/","box":[1063,133,1068,145]},{"text":"21E","box":[1068,133,1094,145]}],"linking":[[240,241]]},{"id":242,"text":"Số ( No. ) .","label":"answer","box":[875,167,939,188],"words":[{"text":"Số","box":[875,167,894,184]},{"text":"(","box":[901,168,905,185]},{"text":"No.","box":[905,170,927,186]},{"text":")","box":[928,170,932,187]},{"text":".","box":[938,171,939,188]}],"linking":[[242,206]]},{"id":243,"text":"Đơn vị bán hàng ( ComName ) :","label":"question","box":[68,221,277,240],"words":[{"text":"Đơn","box":[68,221,97,239]},{"text":"vị","box":[104,221,119,239]},{"text":"bán","box":[124,221,148,239]},{"text":"hàng","box":[156,221,189,239]},{"text":"(","box":[196,221,201,239]},{"text":"ComName","box":[203,221,264,240]},{"text":")","box":[267,222,271,240]},{"text":":","box":[274,222,277,240]}],"linking":[[243,244]]},{"id":244,"text":"CÔNG TY CỔ PHẦN THUỶ SẢN BÌNH MINH","label":"answer","box":[330,222,660,236],"words":[{"text":"CÔNG","box":[330,222,378,236]},{"text":"TY","box":[384,222,404,236]},{"text":"CỔ","box":[410,222,432,236]},{"text":"PHẦN","box":[440,222,483,236]},{"text":"THUỶ","box":[489,222,533,236]},{"text":"SẢN","box":[538,222,570,236]},{"text":"BÌNH","box":[578,222,614,236]},{"text":"MINH","box":[621,222,660,236]}],"linking":[[243,244]]},{"id":245,"text":"Mã số thuế ( Tax code )","label":"question","box":[70,249,221,271],"words":[{"text":"Mã","box":[70,250,92,267]},{"text":"số","box":[97,249,114,268]},{"text":"thuế","box":[118,251,149,268]},{"text":"(","box":[156,251,162,269]},{"text":"Tax","box":[162,252,183,270]},{"text":"code","box":[187,253,215,270]},{"text":")","box":[217,253,221,271]}],"linking":[[245,63]]},{"id":246,"text":"Dia chỉ ( Address ) :","label":"question","box":[70,283,193,298],"words":[{"text":"Dia","box":[70,283,94,296]},{"text":"chỉ","box":[99,283,119,297]},{"text":"(","box":[126,283,131,297]},{"text":"Address","box":[129,284,179,297]},{"text":")","box":[180,284,185,298]},{"text":":","box":[189,284,193,298]}],"linking":[[246,247]]},{"id":247,"text":"Số 86/28/1 , Phổ Quang , Phường 2 , Quận Tân Bình , TP.HCM","label":"answer","box":[331,281,770,298],"words":[{"text":"Số","box":[331,281,348,298]},{"text":"86/28/1","box":[356,281,406,298]},{"text":",","box":[411,281,412,298]},{"text":"Phổ","box":[420,281,446,298]},{"text":"Quang","box":[454,281,500,298]},{"text":",","box":[503,281,504,298]},{"text":"Phường","box":[512,281,569,298]},{"text":"2","box":[576,281,583,298]},{"text":",","box":[586,281,587,298]},{"text":"Quận","box":[595,281,632,298]},{"text":"Tân","box":[639,281,665,298]},{"text":"Bình","box":[672,281,703,298]},{"text":",","box":[706,281,707,298]},{"text":"TP.HCM","box":[710,281,770,298]}],"linking":[[246,247]]},{"id":248,"text":"Số tài khoản ( BankNo ) .","label":"question","box":[71,309,230,328],"words":[{"text":"Số","box":[71,309,88,325]},{"text":"tài","box":[95,309,110,325]},{"text":"khoản","box":[118,310,159,326]},{"text":"(","box":[167,311,171,327]},{"text":"BankNo","box":[172,311,216,327]},{"text":")","box":[219,312,223,328]},{"text":".","box":[229,312,230,328]}],"linking":[[248,64]]},{"id":249,"text":"Ngân hàng ( BankName ) :","label":"question","box":[71,338,238,357],"words":[{"text":"Ngân","box":[71,338,107,356]},{"text":"hàng","box":[115,338,148,356]},{"text":"(","box":[155,338,160,356]},{"text":"BankName","box":[162,339,224,357]},{"text":")","box":[228,339,232,357]},{"text":":","box":[235,339,238,357]}],"linking":[[249,250]]},{"id":250,"text":"NH TMCP Công Thương Việt Nam ( Vietinbank ) - CN Tây Sài Gòn , TP.HCM","label":"answer","box":[331,342,880,356],"words":[{"text":"NH","box":[331,342,351,356]},{"text":"TMCP","box":[358,342,403,356]},{"text":"Công","box":[411,342,447,356]},{"text":"Thương","box":[453,342,510,356]},{"text":"Việt","box":[517,342,544,356]},{"text":"Nam","box":[551,342,582,356]},{"text":"(","box":[590,342,594,356]},{"text":"Vietinbank","box":[595,342,668,356]},{"text":")","box":[671,342,675,356]},{"text":"-","box":[681,342,685,356]},{"text":"CN","box":[692,342,712,356]},{"text":"Tây","box":[720,342,746,356]},{"text":"Sài","box":[753,342,774,356]},{"text":"Gòn","box":[781,342,809,356]},{"text":",","box":[812,342,813,356]},{"text":"TP.HCM","box":[820,342,880,356]}],"linking":[[249,250]]},{"id":251,"text":"Họ tên người mua hàng ( Buyer ) :","label":"question","box":[71,391,300,407],"words":[{"text":"Họ","box":[71,391,89,406]},{"text":"tên","box":[96,391,116,406]},{"text":"người","box":[124,391,165,406]},{"text":"mua","box":[172,391,201,406]},{"text":"hàng","box":[209,391,242,407]},{"text":"(","box":[250,392,254,407]},{"text":"Buyer","box":[255,392,289,407]},{"text":")","box":[289,392,293,407]},{"text":":","box":[297,392,300,407]}],"linking":[[251,252]]},{"id":252,"text":"CAO MINH HUỆ","label":"answer","box":[433,388,549,404],"words":[{"text":"CAO","box":[433,389,465,404]},{"text":"MINH","box":[472,389,510,403]},{"text":"HUỆ","box":[518,388,549,403]}],"linking":[[251,252]]},{"id":253,"text":"Tên đơn vị ( CusName ) -","label":"question","box":[70,419,229,436],"words":[{"text":"Tên","box":[70,419,96,434]},{"text":"đơn","box":[103,420,130,434]},{"text":"vị","box":[136,420,146,435]},{"text":"(","box":[154,420,158,435]},{"text":"CusName","box":[161,421,218,436]},{"text":")","box":[220,421,222,436]},{"text":"-","box":[228,421,229,436]}],"linking":[]},{"id":254,"text":"Mã số thuế ( Tax code ) .","label":"question","box":[71,444,228,465],"words":[{"text":"Mã","box":[71,444,92,462]},{"text":"số","box":[98,444,114,462]},{"text":"thuế","box":[119,445,150,463]},{"text":"(","box":[157,445,162,463]},{"text":"Tax","box":[163,446,183,464]},{"text":"code","box":[188,447,215,465]},{"text":")","box":[218,447,221,465]},{"text":".","box":[227,447,228,465]}],"linking":[]},{"id":255,"text":"Địa chỉ ( Address )","label":"question","box":[70,474,182,493],"words":[{"text":"Địa","box":[70,474,93,491]},{"text":"chỉ","box":[100,474,121,491]},{"text":"(","box":[125,474,130,491]},{"text":"Address","box":[131,475,179,492]},{"text":")","box":[180,476,182,493]}],"linking":[[255,256]]},{"id":256,"text":"Thôn 7B , Xã Đồng Trạch , Bố Trạch , Quảng Bình","label":"answer","box":[432,474,784,491],"words":[{"text":"Thôn","box":[432,474,467,491]},{"text":"7B","box":[475,474,492,491]},{"text":",","box":[495,474,496,491]},{"text":"Xã","box":[503,474,521,491]},{"text":"Đồng","box":[528,474,565,491]},{"text":"Trạch","box":[571,474,611,491]},{"text":",","box":[614,474,615,491]},{"text":"Bố","box":[623,474,640,491]},{"text":"Trạch","box":[647,474,687,491]},{"text":",","box":[690,474,691,491]},{"text":"Quảng","box":[699,474,745,491]},{"text":"Bình","box":[753,474,784,491]}],"linking":[[255,256]]},{"id":257,"text":"Hình thức thanh toán ( Method of payment ) .","label":"question","box":[71,503,361,522],"words":[{"text":"Hình","box":[71,503,103,520]},{"text":"thức","box":[109,503,141,520]},{"text":"thanh","box":[147,503,186,520]},{"text":"toán","box":[192,503,222,521]},{"text":"(","box":[230,504,234,521]},{"text":"Method","box":[234,504,279,521]},{"text":"of","box":[284,504,295,521]},{"text":"payment","box":[299,504,349,522]},{"text":")","box":[351,505,352,522]},{"text":".","box":[360,505,361,522]}],"linking":[[257,258]]},{"id":258,"text":"Chuyển khoản / Tiền mặt","label":"answer","box":[410.1,503,605,520],"words":[{"text":"Chuyển","box":[410.1,505.44,463.1,522.44]},{"text":"khoản","box":[494,503,534,520]},{"text":"/","box":[538,503,543,520]},{"text":"Tiền","box":[544,503,572,520]},{"text":"mặt","box":[580,503,605,520]}],"linking":[[257,258]]},{"id":259,"text":"Số tài khoản ( A / C No )","label":"question","box":[684,502,834,522],"words":[{"text":"Số","box":[684,502,703,518]},{"text":"tài","box":[708,502,725,519]},{"text":"khoản","box":[731,503,775,519]},{"text":"(","box":[781,504,785,521]},{"text":"A","box":[786,504,791,521]},{"text":"/","box":[793,504,799,521]},{"text":"C","box":[801,504,808,521]},{"text":"No","box":[812,505,828,522]},{"text":")","box":[829,505,834,522]}],"linking":[]},{"id":260,"text":"Ngân hàng ( Bank Name )","label":"question","box":[71,533,236,551],"words":[{"text":"Ngân","box":[71,533,107,551]},{"text":"hàng","box":[115,533,148,551]},{"text":"(","box":[154,533,159,551]},{"text":"Bank","box":[162,533,190,551]},{"text":"Name","box":[192,533,230,551]},{"text":")","box":[233,533,236,551]}],"linking":[]}]